decree_file,model_slug,thinking,numero_decreto,data_decreto,ministero_1,ministero_2,natura_atto,cup,cup_valido,cup_tipo,cup_master,n_cup,attribuzione_importo,capitolo,piano_gestionale,annualita,importo_eur,importo_quota_eur,importo_originale,livello_importo,tipo_azione,stato_importo,colonna_fonte,riferimento_fonte,passaggio_testuale,atto_riferito,confidenza,ambiguita,note
2022 DD MIT 454-2022.pdf,deepseek/deepseek-v4-flash,off,,,Ministero delle infrastrutture e dei trasporti,,impegno,E51I04000010007,True,definitivo,,1,singolo,7426,1,2021,14000000.0,14000000.0,"€ 14.000.000,00",quota,assegnazione,impegnato,,Articolo 1,"è autorizzato, sul capitolo 7426, piano di gestione 1, ... l’impegno di € 14.000.000,00 in conto residui di lettera F, esercizio di provenienza 2021",,alta,,"Impegno in conto residui dell'esercizio 2021, autorizzato in attuazione del DM 498/2014."
2022 DD MIT 454-2022.pdf,deepseek/deepseek-v4-flash,off,,,Ministero delle infrastrutture e dei trasporti,,impegno,E51I04000010007,True,definitivo,,1,singolo,7426,1,2022-2025,131000000.0,131000000.0,"€ 131.000.000,00",totale,assegnazione,impegnato,,Articolo 2; [TABELLA pag.3 n.1],"è autorizzato l’impegno, sul capitolo 7426, piano di gestione 1, ... per l’importo complessivo di € 131.000.000,00 ... come di seguito riportato: Anno Importo 2022 35.000.000,00 € 2023 40.000.000,00 € 2024 33.500.000,00 € 2025 22.500.000,00 € Totale 131.000.000,00 €",,alta,,Importo complessivo autorizzato per le annualità 2022-2025. Le singole quote annuali non generano record separati perché l'atto dispone l'importo totale.
2022 DDG 128 del 02-05-22.pdf,deepseek/deepseek-v4-flash,off,,,Ministero delle infrastrutture e della mobilità sostenibili,,impegno,H94I19000130004,True,definitivo,,1,singolo,7400,7,2020-2034,97154124.1,97154124.1,"97.154.124,10",totale,assegnazione,impegnato,Totale,"art. 1 e art. 2; Allegato / [TABELLA pag.4 n.1], riga 2","Comune di Padova | H94I19000130004 | 7400/PG 7 | ... | 97.154.124,10",,alta,,"Importo complessivo per il Comune di Padova, autorizzato con impegno in conto residui (art.1) e in conto competenza (art.2)."
2022 DDG 128 del 02-05-22.pdf,deepseek/deepseek-v4-flash,off,,,Ministero delle infrastrutture e della mobilità sostenibili,,impegno,J80J18000000001,True,definitivo,,1,singolo,7400,7,2020-2034,159466174.12,159466174.12,"159.466.174,12",totale,assegnazione,impegnato,Totale,"art. 1 e art. 2; Allegato / [TABELLA pag.4 n.1], riga 3","Roma Capitale | J80J18000000001 | 7400/PG 7 | ... | 159.466.174,12",,alta,,"Importo complessivo per Roma Capitale, autorizzato con impegno in conto residui (art.1) e in conto competenza (art.2)."
2022 DDG 128 del 02-05-22.pdf,deepseek/deepseek-v4-flash,off,,,Ministero delle infrastrutture e della mobilità sostenibili,,impegno,C11B21008720001,True,definitivo,,2,aggregato,7400,7,2020-2034,44494493.04,22247246.52,"44.494.493,04",totale,assegnazione,impegnato,Totale,"art. 1 e art. 2; Allegato / [TABELLA pag.4 n.1], riga 4","Comune di Torino | C11B21008720001 D81E20000410007 | 7400/PG 7 | ... | 44.494.493,04",,alta,,"Importo complessivo per il Comune di Torino, associato a due CUP; l'atto non ripartisce l'importo tra i CUP."
2022 DDG 128 del 02-05-22.pdf,deepseek/deepseek-v4-flash,off,,,Ministero delle infrastrutture e della mobilità sostenibili,,impegno,D81E20000410007,True,definitivo,,2,aggregato,7400,7,2020-2034,44494493.04,22247246.52,"44.494.493,04",totale,assegnazione,impegnato,Totale,"art. 1 e art. 2; Allegato / [TABELLA pag.4 n.1], riga 4","Comune di Torino | C11B21008720001 D81E20000410007 | 7400/PG 7 | ... | 44.494.493,04",,alta,,"Importo complessivo per il Comune di Torino, associato a due CUP; l'atto non ripartisce l'importo tra i CUP."
2022 DDG 128 del 02-05-22.pdf,deepseek/deepseek-v4-flash,off,,,Ministero delle infrastrutture e della mobilità sostenibili,,impegno,C81B21013200005,True,definitivo,,1,singolo,7400,7,2020-2034,333059208.74,333059208.74,"333.059.208,74",totale,assegnazione,impegnato,Totale,"art. 1 e art. 2; Allegato / [TABELLA pag.4 n.1], riga 5","Comune di Brescia | C81B21013200005 | 7400/PG 7 | ... | 333.059.208,74",,alta,,"Importo complessivo per il Comune di Brescia sul PG 7, autorizzato con impegno in conto residui (art.1) e in conto competenza (art.2)."
2022 DDG 128 del 02-05-22.pdf,deepseek/deepseek-v4-flash,off,,,Ministero delle infrastrutture e della mobilità sostenibili,,impegno,C81B21013200005,True,definitivo,,1,singolo,7400,1,2029-2034,26486678.33,26486678.33,"26.486.678,33",totale,assegnazione,impegnato,Totale,"art. 3; Allegato / [TABELLA pag.4 n.1], riga 6","Comune di Brescia | C81B21013200005 | 7400/PG 1 | ... | 26.486.678,33",,alta,,"Importo complessivo per il Comune di Brescia sul PG 1, autorizzato con impegno in conto competenza (art.3)."
2022 DI Mims Mef 97 20.04.2022.pdf,deepseek/deepseek-v4-flash,off,,,Ministero delle Infrastrutture e della Mobilità Sostenibili,Ministero dell'Economia e delle Finanze,assegnazione,B39J22001360001,True,definitivo,,1,singolo,7400,8,,398000000.0,398000000.0,"398.000.000,00",totale,assegnazione,assegnato,FINANZIAMENTO AMMESSO,"art. 1, comma 1, lettera a); Allegato 1 / [TABELLA pag.10 n.1], riga 1","SKYMETRO VAL BISAGNO GENOVA | COMUNE DI GENOVA | B39J22001360001 | ... | 398.000.000,00",,alta,,"Risorsa iscritta sul cap. 7400 pg 8 (art. 1, comma 393, L. 234/2021)."
2022 DI Mims Mef 97 20.04.2022.pdf,deepseek/deepseek-v4-flash,off,,,Ministero delle Infrastrutture e della Mobilità Sostenibili,Ministero dell'Economia e delle Finanze,assegnazione,B31F20000030005,True,definitivo,,1,singolo,7400,8,,20860000.0,20860000.0,"20.860.000,00",totale,assegnazione,assegnato,FINANZIAMENTO AMMESSO,"art. 1, comma 1, lettera a); Allegato 1 / [TABELLA pag.10 n.1], riga 2","PROLUNGAMENTO METROPOLITANA DI GENOVA DA BRIN A CANEPARI. ... | COMUNE DI GENOVA | B31F20000030005 | ... | 20.860.000,00",,alta,,"Risorsa iscritta sul cap. 7400 pg 8 (art. 1, comma 393, L. 234/2021)."
2022 DI Mims Mef 97 20.04.2022.pdf,deepseek/deepseek-v4-flash,off,,,Ministero delle Infrastrutture e della Mobilità Sostenibili,Ministero dell'Economia e delle Finanze,assegnazione,B44D20000040001,True,definitivo,,1,singolo,7400,8,,180000000.0,180000000.0,"180.000.000,00",totale,assegnazione,assegnato,FINANZIAMENTO AMMESSO,"art. 1, comma 1, lettera a); Allegato 1 / [TABELLA pag.10 n.1], riga 3","LINEA METROPOLITANA M1 PROLUNGAMENTO QUARTIERE BAGGIO – OLMI - VALSESIA | COMUNE DI MILANO | B44D20000040001 | ... | 180.000.000,00",,alta,,"Risorsa iscritta sul cap. 7400 pg 8 (art. 1, comma 393, L. 234/2021)."
2022 DI Mims Mef 97 20.04.2022.pdf,deepseek/deepseek-v4-flash,off,,,Ministero delle Infrastrutture e della Mobilità Sostenibili,Ministero dell'Economia e delle Finanze,assegnazione,B91J21000040001,True,definitivo,,1,singolo,7400,8,,420000000.0,420000000.0,"420.000.000,00",totale,assegnazione,assegnato,FINANZIAMENTO AMMESSO,"art. 1, comma 1, lettera a); Allegato 1 / [TABELLA pag.10 n.1], riga 4","PROLUNGAMENTO LINEA METROPOLITANA M4 DA AEROPORTO LINATE A SEGRATE | COMUNE DI MILANO | B91J21000040001 | ... | 420.000.000,00",,alta,,"Risorsa iscritta sul cap. 7400 pg 8 (art. 1, comma 393, L. 234/2021)."
2022 DI Mims Mef 97 20.04.2022.pdf,deepseek/deepseek-v4-flash,off,,,Ministero delle Infrastrutture e della Mobilità Sostenibili,Ministero dell'Economia e delle Finanze,assegnazione,B41J21000050006,True,definitivo,,1,singolo,7400,8,,4500000.0,4500000.0,"4.500.000,00",totale,assegnazione,assegnato,FINANZIAMENTO AMMESSO,"art. 1, comma 1, lettera a); Allegato 1 / [TABELLA pag.10 n.1], riga 5","NUOVA LINEA METROPOLITANA M6 RAMO SUD (PFTE) | COMUNE DI MILANO | B41J21000050006 | ... | 4.500.000,00",,alta,,"Risorsa iscritta sul cap. 7400 pg 8 (art. 1, comma 393, L. 234/2021)."
2022 DI Mims Mef 97 20.04.2022.pdf,deepseek/deepseek-v4-flash,off,,,Ministero delle Infrastrutture e della Mobilità Sostenibili,Ministero dell'Economia e delle Finanze,assegnazione,B41C21000010001,True,definitivo,,1,singolo,7400,8,,5500000.0,5500000.0,"5.500.000,00",totale,assegnazione,assegnato,FINANZIAMENTO AMMESSO,"art. 1, comma 1, lettera a); Allegato 1 / [TABELLA pag.10 n.1], riga 6","PROLUNGAMENTO M3 SAN DONATO M. – ASTA PAULLESE (PFTE) | COMUNE DI MILANO | B41C21000010001 | ... | 5.500.000,00",,alta,,"Risorsa iscritta sul cap. 7400 pg 8 (art. 1, comma 393, L. 234/2021)."
2022 DI Mims Mef 97 20.04.2022.pdf,deepseek/deepseek-v4-flash,off,,,Ministero delle Infrastrutture e della Mobilità Sostenibili,Ministero dell'Economia e delle Finanze,assegnazione,F41B22000740009,True,definitivo,,1,singolo,7400,8,,631373163.0,631373163.0,"631.373.163,00",totale,assegnazione,assegnato,FINANZIAMENTO AMMESSO,"art. 1, comma 1, lettera a); Allegato 1 / [TABELLA pag.10 n.1], riga 7","NUOVO COLLEGAMENTO IN SEDE PROPRIA TRA LA STAZIONE AV DI AFRAGOLA E LA RETE METROPOLITANA DI NAPOLI. LOTTO 1°_STRALCIO I | COMUNE DI NAPOLI / EAV Srl | F41B22000740009 (CUP MASTER) | ... | 631.373.163,00",,alta,,"Risorsa iscritta sul cap. 7400 pg 8 (art. 1, comma 393, L. 234/2021). Il CUP è indicato come 'CUP MASTER' ma è l'unico CUP della riga, quindi è il CUP dell'intervento."
2022 DI Mims Mef 97 20.04.2022.pdf,deepseek/deepseek-v4-flash,off,,,Ministero delle Infrastrutture e della Mobilità Sostenibili,Ministero dell'Economia e delle Finanze,assegnazione,F41B22000830009,True,definitivo,,1,singolo,7400,8,,163500824.0,163500824.0,"163.500.824,00",totale,assegnazione,assegnato,FINANZIAMENTO AMMESSO,"art. 1, comma 1, lettera a); Allegato 1 / [TABELLA pag.10 n.1], riga 8","NUOVO COLLEGAMENTO IN SEDE PROPRIA TRA LA STAZIONE AV DI AFRAGOLA E LA RETE METROPOLITANA DI NAPOLI. LOTTO 1°_STRALCIO II | COMUNE DI NAPOLI / EAV Srl | F41B22000830009 | ... | 163.500.824,00",,alta,,"Risorsa iscritta sul cap. 7400 pg 8 (art. 1, comma 393, L. 234/2021)."
2022 DI Mims Mef 97 20.04.2022.pdf,deepseek/deepseek-v4-flash,off,,,Ministero delle Infrastrutture e della Mobilità Sostenibili,Ministero dell'Economia e delle Finanze,assegnazione,E51I04000010007,True,definitivo,,1,singolo,7400,8,,610000000.0,610000000.0,"610.000.000,00",totale,assegnazione,assegnato,FINANZIAMENTO AMMESSO,"art. 1, comma 1, lettera a); Allegato 1 / [TABELLA pag.10 n.1], riga 9","LINEA C DELLA METROPOLITANA DI ROMA - SUB-TRATTA FUNZIONALE DA STAZIONE VENEZIA A STAZIONE FORI IMPERIALI | ROMA CAPITALE / ROMA METROPOLITANE Srl | E51I04000010007 | ... | 610.000.000,00",,alta,,"Risorsa iscritta sul cap. 7400 pg 8 (art. 1, comma 393, L. 234/2021)."
2022 DI Mims Mef 97 20.04.2022.pdf,deepseek/deepseek-v4-flash,off,,,Ministero delle Infrastrutture e della Mobilità Sostenibili,Ministero dell'Economia e delle Finanze,assegnazione,E51I04000010007,True,definitivo,,1,singolo,7400,8,,990000000.0,990000000.0,"990.000.000,00",totale,assegnazione,assegnato,FINANZIAMENTO AMMESSO,"art. 1, comma 1, lettera a); Allegato 1 / [TABELLA pag.10 n.1], riga 10","LINEA C DELLA METROPOLITANA DI ROMA - TRATTA T2 - LOTTO COSTRUTTIVO | ROMA CAPITALE / ROMA METROPOLITANE Srl | E51I04000010007 | ... | 990.000.000,00",,alta,,"Risorsa iscritta sul cap. 7400 pg 8 (art. 1, comma 393, L. 234/2021)."
2022 DI Mims Mef 97 20.04.2022.pdf,deepseek/deepseek-v4-flash,off,,,Ministero delle Infrastrutture e della Mobilità Sostenibili,Ministero dell'Economia e delle Finanze,assegnazione,C71F20000020005,True,definitivo,,1,singolo,7400,8,,1000000000.0,1000000000.0,"1.000.000.000,00",totale,assegnazione,assegnato,FINANZIAMENTO AMMESSO,"art. 1, comma 1, lettera a); Allegato 1 / [TABELLA pag.10 n.1], riga 11","METROPOLITANA AUTOMATICA DI TORINO – LINEA 2 – TRATTA “POLITECNICO – REBAUDENGO” | COMUNE DI TORINO | C71F20000020005 | ... | 1.000.000.000,00",,alta,,"Risorsa iscritta sul cap. 7400 pg 8 (art. 1, comma 393, L. 234/2021)."
2022 DI Mims Mef 97 20.04.2022.pdf,deepseek/deepseek-v4-flash,off,,,Ministero delle Infrastrutture e della Mobilità Sostenibili,Ministero dell'Economia e delle Finanze,assegnazione,J81B21014060001,True,definitivo,,1,singolo,7400,1,,173183831.97,173183831.97,"173.183.831,97",totale,assegnazione,assegnato,FINANZIAMENTO AMMESSO,"art. 1, comma 1, lettera b); Allegato 2 / [TABELLA pag.12 n.1], riga 1","LINEA TRANVIARIA TERMINI - VATICANO - AURELIO | ROMA CAPITALE | J81B21014060001 | TRANVIA | 293.183.831,97 | 120.000.000,00 | 173.183.831,97",,alta,,Risorsa iscritta sul cap. 7400 pg 1 (sez. II L. 234/2021).
2022 DI Mims Mef 97 20.04.2022.pdf,deepseek/deepseek-v4-flash,off,,,Ministero delle Infrastrutture e della Mobilità Sostenibili,Ministero dell'Economia e delle Finanze,assegnazione,J84E21005150001,True,definitivo,,1,singolo,7400,1,,11284217.84,11284217.84,"11.284.217,84",totale,assegnazione,assegnato,FINANZIAMENTO AMMESSO,"art. 1, comma 1, lettera b); Allegato 2 / [TABELLA pag.12 n.1], riga 2","DEPOSITO DI CENTOCELLE EST | ROMA CAPITALE | J84E21005150001 | TRANVIA | 11.284.217,84 | --- | 11.284.217,84",,alta,,Risorsa iscritta sul cap. 7400 pg 1 (sez. II L. 234/2021).
2022 DI Mims Mef 97 20.04.2022.pdf,deepseek/deepseek-v4-flash,off,,,Ministero delle Infrastrutture e della Mobilità Sostenibili,Ministero dell'Economia e delle Finanze,assegnazione,E31J19000030001,True,definitivo,,1,singolo,7400,1,,26500000.0,26500000.0,"26.500.000,00",totale,assegnazione,assegnato,FINANZIAMENTO AMMESSO,"art. 1, comma 1, lettera b); Allegato 2 / [TABELLA pag.12 n.1], riga 3","SISTEMA DI TRASPORTO RAPIDO DI MASSA PER IL COLLEGAMENTO TRA LA STAZIONE FERROVIARIA DI PIACENZA ED IL NUOVO POLO OSPEDALIERO | COMUNE DI PIACENZA | E31J19000030001 | BUSVIA | 26.500.000,00 | --- | 26.500.000,00",,alta,,Risorsa iscritta sul cap. 7400 pg 1 (sez. II L. 234/2021).
2022 DI Mims Mef 97 20.04.2022.pdf,deepseek/deepseek-v4-flash,off,,,Ministero delle Infrastrutture e della Mobilità Sostenibili,Ministero dell'Economia e delle Finanze,assegnazione,F44I19000530001,True,definitivo,,1,singolo,7400,1,,122200000.0,122200000.0,"122.200.000,00",totale,assegnazione,assegnato,FINANZIAMENTO AMMESSO,"art. 1, comma 1, lettera b); Allegato 2 / [TABELLA pag.12 n.1], riga 4","AMPLIAMENTO DEL DEPOSITO GALLARATESE DEI TRENI DELLA LINEA METROPOLITANA 1 | COMUNE DI MILANO | F44I19000530001 | METRO | 122.200.000,00 | --- | 122.200.000,00",,alta,,Risorsa iscritta sul cap. 7400 pg 1 (sez. II L. 234/2021).
2022 DI Mims Mef 97 20.04.2022.pdf,deepseek/deepseek-v4-flash,off,,,Ministero delle Infrastrutture e della Mobilità Sostenibili,Ministero dell'Economia e delle Finanze,assegnazione,C11J22000000001,True,definitivo,,1,singolo,,,,221721410.41,221721410.41,"221.721.410,41",totale,assegnazione,ammesso,FINANZIAMENTO AMMESSO,"art. 2, comma 1; Allegato 3 / [TABELLA pag.13 n.1], riga 1","PROLUNGAMENTO LINEA TRANVIARIA 12 ALL'ALLIANZ STADIUM E RECUPERO TRINCEA FERROVIA TORINO-CERES | COMUNE DI TORINO | C11J22000000001 | TRANVIA | 221.721.410,41 | --- | 221.721.410,41",,alta,,Intervento ammesso a finanziamento ma non rientrante nel piano di riparto (Allegato 3).
2022 DI Mims Mef 97 20.04.2022.pdf,deepseek/deepseek-v4-flash,off,,,Ministero delle Infrastrutture e della Mobilità Sostenibili,Ministero dell'Economia e delle Finanze,assegnazione,F47C19000370001,True,definitivo,,4,aggregato,,,,20900000.02,5225000.005,"20.900.000,02",totale,assegnazione,ammesso,FINANZIAMENTO AMMESSO,"art. 2, comma 1; Allegato 3 / [TABELLA pag.13 n.1], riga 2","METROPOLITANA LINEA M3: INTERVENTI DI ADEGUAMENTO ANTINCENDIO AI SENSI DEL DM 21.10.2015 | COMUNE DI MILANO | F47C19000370001 F47D17000140005 F47C19000380001 F47C19000390001 | METRO | 25.000.000,02 | 4.100.000,00 | 20.900.000,02",,alta,,Intervento ammesso a finanziamento ma non rientrante nel piano di riparto (Allegato 3). Importo aggregato per 4 CUP.
2022 DI Mims Mef 97 20.04.2022.pdf,deepseek/deepseek-v4-flash,off,,,Ministero delle Infrastrutture e della Mobilità Sostenibili,Ministero dell'Economia e delle Finanze,assegnazione,F47D17000140005,True,definitivo,,4,aggregato,,,,20900000.02,5225000.005,"20.900.000,02",totale,assegnazione,ammesso,FINANZIAMENTO AMMESSO,"art. 2, comma 1; Allegato 3 / [TABELLA pag.13 n.1], riga 2","METROPOLITANA LINEA M3: INTERVENTI DI ADEGUAMENTO ANTINCENDIO AI SENSI DEL DM 21.10.2015 | COMUNE DI MILANO | F47C19000370001 F47D17000140005 F47C19000380001 F47C19000390001 | METRO | 25.000.000,02 | 4.100.000,00 | 20.900.000,02",,alta,,Intervento ammesso a finanziamento ma non rientrante nel piano di riparto (Allegato 3). Importo aggregato per 4 CUP.
2022 DI Mims Mef 97 20.04.2022.pdf,deepseek/deepseek-v4-flash,off,,,Ministero delle Infrastrutture e della Mobilità Sostenibili,Ministero dell'Economia e delle Finanze,assegnazione,F47C19000380001,True,definitivo,,4,aggregato,,,,20900000.02,5225000.005,"20.900.000,02",totale,assegnazione,ammesso,FINANZIAMENTO AMMESSO,"art. 2, comma 1; Allegato 3 / [TABELLA pag.13 n.1], riga 2","METROPOLITANA LINEA M3: INTERVENTI DI ADEGUAMENTO ANTINCENDIO AI SENSI DEL DM 21.10.2015 | COMUNE DI MILANO | F47C19000370001 F47D17000140005 F47C19000380001 F47C19000390001 | METRO | 25.000.000,02 | 4.100.000,00 | 20.900.000,02",,alta,,Intervento ammesso a finanziamento ma non rientrante nel piano di riparto (Allegato 3). Importo aggregato per 4 CUP.
2022 DI Mims Mef 97 20.04.2022.pdf,deepseek/deepseek-v4-flash,off,,,Ministero delle Infrastrutture e della Mobilità Sostenibili,Ministero dell'Economia e delle Finanze,assegnazione,F47C19000390001,True,definitivo,,4,aggregato,,,,20900000.02,5225000.005,"20.900.000,02",totale,assegnazione,ammesso,FINANZIAMENTO AMMESSO,"art. 2, comma 1; Allegato 3 / [TABELLA pag.13 n.1], riga 2","METROPOLITANA LINEA M3: INTERVENTI DI ADEGUAMENTO ANTINCENDIO AI SENSI DEL DM 21.10.2015 | COMUNE DI MILANO | F47C19000370001 F47D17000140005 F47C19000380001 F47C19000390001 | METRO | 25.000.000,02 | 4.100.000,00 | 20.900.000,02",,alta,,Intervento ammesso a finanziamento ma non rientrante nel piano di riparto (Allegato 3). Importo aggregato per 4 CUP.
2022 DI Mims Mef 97 20.04.2022.pdf,deepseek/deepseek-v4-flash,off,,,Ministero delle Infrastrutture e della Mobilità Sostenibili,Ministero dell'Economia e delle Finanze,assegnazione,F47C19000350001,True,definitivo,,2,aggregato,,,,45000000.07,22500000.035,"45.000.000,07",totale,assegnazione,ammesso,FINANZIAMENTO AMMESSO,"art. 2, comma 1; Allegato 3 / [TABELLA pag.13 n.1], riga 3","METROPOLITANA LINEE M1 + M2 - INTERVENTI DI ADEGUAMENTO ANTINCENDI AI SENSI DEL DM 21.10.2015 FASE 2 | COMUNE DI MILANO | F47C19000350001 O F47C19000360001 | METRO | 45.000.000,07 | --- | 45.000.000,07",,alta,,Intervento ammesso a finanziamento ma non rientrante nel piano di riparto (Allegato 3). Importo aggregato per 2 CUP.
2022 DI Mims Mef 97 20.04.2022.pdf,deepseek/deepseek-v4-flash,off,,,Ministero delle Infrastrutture e della Mobilità Sostenibili,Ministero dell'Economia e delle Finanze,assegnazione,F47C19000360001,True,definitivo,,2,aggregato,,,,45000000.07,22500000.035,"45.000.000,07",totale,assegnazione,ammesso,FINANZIAMENTO AMMESSO,"art. 2, comma 1; Allegato 3 / [TABELLA pag.13 n.1], riga 3","METROPOLITANA LINEE M1 + M2 - INTERVENTI DI ADEGUAMENTO ANTINCENDI AI SENSI DEL DM 21.10.2015 FASE 2 | COMUNE DI MILANO | F47C19000350001 O F47C19000360001 | METRO | 45.000.000,07 | --- | 45.000.000,07",,alta,,Intervento ammesso a finanziamento ma non rientrante nel piano di riparto (Allegato 3). Importo aggregato per 2 CUP.
2022 DI Mims Mef 97 20.04.2022.pdf,deepseek/deepseek-v4-flash,off,,,Ministero delle Infrastrutture e della Mobilità Sostenibili,Ministero dell'Economia e delle Finanze,assegnazione,B34J18000220001,True,definitivo,,2,aggregato,,,,74516124.63,37258062.315,"74.516.124,63",totale,assegnazione,ammesso,FINANZIAMENTO AMMESSO,"art. 2, comma 1; Allegato 3 / [TABELLA pag.13 n.1], riga 4","LINEA METROPOLITANA: PROLUNGAMENTO A RIVAROLO E COMPLETAMENTO DELLA STAZIONE DI MARTINEZ / TERRALBA | COMUNE DI GENOVA | B34J18000220001 B34J18000230001 | METRO | 74.516.124,63 | --- | 74.516.124,63",,alta,,Intervento ammesso a finanziamento ma non rientrante nel piano di riparto (Allegato 3). Importo aggregato per 2 CUP.
2022 DI Mims Mef 97 20.04.2022.pdf,deepseek/deepseek-v4-flash,off,,,Ministero delle Infrastrutture e della Mobilità Sostenibili,Ministero dell'Economia e delle Finanze,assegnazione,B34J18000230001,True,definitivo,,2,aggregato,,,,74516124.63,37258062.315,"74.516.124,63",totale,assegnazione,ammesso,FINANZIAMENTO AMMESSO,"art. 2, comma 1; Allegato 3 / [TABELLA pag.13 n.1], riga 4","LINEA METROPOLITANA: PROLUNGAMENTO A RIVAROLO E COMPLETAMENTO DELLA STAZIONE DI MARTINEZ / TERRALBA | COMUNE DI GENOVA | B34J18000220001 B34J18000230001 | METRO | 74.516.124,63 | --- | 74.516.124,63",,alta,,Intervento ammesso a finanziamento ma non rientrante nel piano di riparto (Allegato 3). Importo aggregato per 2 CUP.
2023 DM MIT 342-2023.pdf,deepseek/deepseek-v4-flash,off,,,Ministero delle infrastrutture e dei trasporti,,rettifica,,False,,,0,singolo,7150,3,2033,217585.0,217585.0,217.585 euro,quota,assegnazione,assegnato,,"art. 1, comma 1","assegna, per l’annualità 2033, alla Regione Veneto risorse pari a 217.585 euro, in luogo dei precedenti 117.585 euro",,alta,,"Rettifica dell'importo per l'annualità 2033 per la Regione Veneto. L'importo è una quota annuale, non il totale dell'intervento. Il CUP non è indicato nell'articolo, ma è presente nell'Allegato 3 per la riga Veneto 2033. Tuttavia, l'Allegato 3 non riporta CUP per singola annualità, ma solo totali regionali. Si omette il CUP."
2023 DM MIT 342-2023.pdf,deepseek/deepseek-v4-flash,off,,,Ministero delle infrastrutture e dei trasporti,,rettifica,,False,,,0,singolo,7150,3,2033,690994.0,690994.0,690.994 euro,quota,assegnazione,assegnato,,"art. 1, comma 1","alla Regione Emilia Romagna risorse pari a 690.994 euro, in luogo dei precedenti 790.994 euro",,alta,,Rettifica dell'importo per l'annualità 2033 per la Regione Emilia Romagna. CUP non presente.
2023 DM MIT 342-2023.pdf,deepseek/deepseek-v4-flash,off,,,Ministero delle infrastrutture e dei trasporti,,rettifica,,False,,,0,singolo,7150,3,2032,125266.0,125266.0,125.266 euro,quota,assegnazione,assegnato,,"art. 1, comma 1","per l’annualità 2032, assegna alla Regione Veneto risorse pari a 125.266 euro, in luogo dei precedenti 125.268 euro",,alta,,Rettifica dell'importo per l'annualità 2032 per la Regione Veneto. CUP non presente.
2023 DM MIT 342-2023.pdf,deepseek/deepseek-v4-flash,off,,,Ministero delle infrastrutture e dei trasporti,,rettifica,,False,,,0,singolo,7150,3,2032,842682.0,842682.0,842.682 euro,quota,assegnazione,assegnato,,"art. 1, comma 1","alla Regione Emilia Romagna risorse pari a 842.682 euro, in luogo dei precedenti 842.680 euro",,alta,,Rettifica dell'importo per l'annualità 2032 per la Regione Emilia Romagna. CUP non presente.
2023 DM MIT 342-2023.pdf,deepseek/deepseek-v4-flash,off,,,Ministero delle infrastrutture e dei trasporti,,rettifica,H49J21005480003,True,definitivo,,1,singolo,7150,3,,44275.0,44275.0,"44.275,00",totale,assegnazione,ammesso,IMPORTO AMMASSO A FINANZIAMENTO CENTRO - NORD - POTENZIAMENTO,"Allegato 1 / [TABELLA pag.4 n.1], riga 1","44.275,00 | 44.275,00 | H49J21005480003",,alta,,"Intervento: INTERSCAMBIO CASELLA. L'importo nella colonna 'IMPORTO AMMASSO A FINANZIAMENTO' è 44.275,00. L'atto corrente aggiorna e sostituisce l'Allegato 1 del DM 364/2021, quindi l'importo è quello risultante dalla rettifica."
2023 DM MIT 342-2023.pdf,deepseek/deepseek-v4-flash,off,,,Ministero delle infrastrutture e dei trasporti,,rettifica,H49J21005480003,True,definitivo,,1,singolo,7150,3,,6325.0,6325.0,"6.325,00",totale,assegnazione,ammesso,IMPORTO AMMASSO A FINANZIAMENTO CENTRO - NORD - POTENZIAMENTO,"Allegato 1 / [TABELLA pag.4 n.1], riga 2","6.325,00 | 6.325,00 | H49J21005480003",,alta,,Intervento: INTERSCAMBIO GENOVA MANIN.
2023 DM MIT 342-2023.pdf,deepseek/deepseek-v4-flash,off,,,Ministero delle infrastrutture e dei trasporti,,rettifica,H49J21005480003,True,definitivo,,1,singolo,7150,3,,86250.0,86250.0,"86.250,00",totale,assegnazione,ammesso,IMPORTO AMMASSO A FINANZIAMENTO CENTRO - NORD - POTENZIAMENTO,"Allegato 1 / [TABELLA pag.4 n.1], riga 3","86.250,00 | 86.250,00 | H49J21005480003",,alta,,Intervento: INTERSCAMBIO CAMPI.
2023 DM MIT 342-2023.pdf,deepseek/deepseek-v4-flash,off,,,Ministero delle infrastrutture e dei trasporti,,rettifica,H49J21005480003,True,definitivo,,1,singolo,7150,3,,25875.0,25875.0,"25.875,00",totale,assegnazione,ammesso,IMPORTO AMMASSO A FINANZIAMENTO CENTRO - NORD - POTENZIAMENTO,"Allegato 1 / [TABELLA pag.4 n.1], riga 4","25.875,00 | 25.875,00 | H49J21005480003",,alta,,Intervento: INTERSCAMBIO BUSALLETTA.
2023 DM MIT 342-2023.pdf,deepseek/deepseek-v4-flash,off,,,Ministero delle infrastrutture e dei trasporti,,rettifica,H49J21005480003,True,definitivo,,1,singolo,7150,3,,47725.0,47725.0,"47.725,00",totale,assegnazione,ammesso,IMPORTO AMMASSO A FINANZIAMENTO CENTRO - NORD - POTENZIAMENTO,"Allegato 1 / [TABELLA pag.4 n.1], riga 5","47.725,00 | 47.725,00 | H49J21005480003",,alta,,Intervento: INTERSCAMBIO SANT'OLCESE TULLO.
2023 DM MIT 342-2023.pdf,deepseek/deepseek-v4-flash,off,,,Ministero delle infrastrutture e dei trasporti,,rettifica,H49J21005480003,True,definitivo,,1,singolo,7150,3,,7475.0,7475.0,"7.475,00",totale,assegnazione,ammesso,IMPORTO AMMASSO A FINANZIAMENTO CENTRO - NORD - POTENZIAMENTO,"Allegato 1 / [TABELLA pag.4 n.1], riga 6","7.475,00 | 7.475,00 | H49J21005480003",,alta,,Intervento: INTERSCAMBIO VICOMORASSO.
2023 DM MIT 342-2023.pdf,deepseek/deepseek-v4-flash,off,,,Ministero delle infrastrutture e dei trasporti,,rettifica,H49J21005480003,True,definitivo,,1,singolo,7150,3,,25300.0,25300.0,"25.300,00",totale,assegnazione,ammesso,IMPORTO AMMASSO A FINANZIAMENTO CENTRO - NORD - POTENZIAMENTO,"Allegato 1 / [TABELLA pag.4 n.1], riga 7","25.300,00 | 25.300,00 | H49J21005480003",,alta,,Intervento: INTERSCAMBIO TORRAZZA.
2023 DM MIT 342-2023.pdf,deepseek/deepseek-v4-flash,off,,,Ministero delle infrastrutture e dei trasporti,,rettifica,H49J21005480003,True,definitivo,,1,singolo,7150,3,,9200.0,9200.0,"9.200,00",totale,assegnazione,ammesso,IMPORTO AMMASSO A FINANZIAMENTO CENTRO - NORD - POTENZIAMENTO,"Allegato 1 / [TABELLA pag.4 n.1], riga 8","9.200,00 | 9.200,00 | H49J21005480003",,alta,,Intervento: INTERSCAMBIO SANT'OLCESE CHIESA.
2023 DM MIT 342-2023.pdf,deepseek/deepseek-v4-flash,off,,,Ministero delle infrastrutture e dei trasporti,,rettifica,H49J21005480003,True,definitivo,,1,singolo,7150,3,,4025.0,4025.0,"4.025,00",totale,assegnazione,ammesso,IMPORTO AMMASSO A FINANZIAMENTO CENTRO - NORD - POTENZIAMENTO,"Allegato 1 / [TABELLA pag.4 n.1], riga 9","4.025,00 | 4.025,00 | H49J21005480003",,alta,,Intervento: INTERSCAMBIO CANOVA.
2023 DM MIT 342-2023.pdf,deepseek/deepseek-v4-flash,off,,,Ministero delle infrastrutture e dei trasporti,,rettifica,C75B23000000001,True,definitivo,,1,singolo,7150,3,,10543255.0,10543255.0,"10.543.255,00",totale,assegnazione,ammesso,IMPORTO AMMASSO A FINANZIAMENTO CENTRO - NORD - POTENZIAMENTO,"Allegato 1 / [TABELLA pag.4 n.1], riga 10","10.543.255,00 | 10.543.255,00 | C75B23000000001",,alta,,"Intervento: RINNOVO, POTENZIAMENTO E MESSA IN SICUREZZA DELLE TRATTE PIÙ AMMALORATE DELLA LINEA DI CONTATTO DELLA FERROVIA ROMA – VITERBO NELLA TRATTA CATALANO – VITERBO."
2023 DM MIT 342-2023.pdf,deepseek/deepseek-v4-flash,off,,,Ministero delle infrastrutture e dei trasporti,,rettifica,C71G22000090001,True,definitivo,,1,singolo,7150,3,,7000000.0,7000000.0,"7.000.000,00",totale,assegnazione,ammesso,IMPORTO AMMASSO A FINANZIAMENTO CENTRO - NORD - POTENZIAMENTO,"Allegato 1 / [TABELLA pag.4 n.1], riga 11","7.000.000,00 | 7.000.000,00 | C71G22000090001",,alta,,Intervento: POTENZIAMENTO DEL SISTEMA DI ALIMENTAZIONE ELETTRICA DELLA LINEA ROMA-VITERBO (SSE E DOTE).
2023 DM MIT 342-2023.pdf,deepseek/deepseek-v4-flash,off,,,Ministero delle infrastrutture e dei trasporti,,rettifica,E51B21002250001,True,definitivo,,1,singolo,7150,3,,20000000.0,20000000.0,"20.000.000,00",totale,assegnazione,ammesso,IMPORTO AMMASSO A FINANZIAMENTO CENTRO - NORD - POTENZIAMENTO,"Allegato 1 / [TABELLA pag.4 n.1], riga 12","20.000.000,00 | 20.000.000,00 | E51B21002250001",,alta,,Intervento: INTERVENTI SULLA RETE PER STABILIZZAZIONE ORARIO: RADDOPPIO SELETTIVO VARESE - LAVENO E SISTEMAZIONI INCROCI (GEMONIO E CITTIGLIO).
2023 DM MIT 342-2023.pdf,deepseek/deepseek-v4-flash,off,,,Ministero delle infrastrutture e dei trasporti,,rettifica,B41E04000210001,True,definitivo,,1,singolo,7150,3,,50000000.0,50000000.0,"50.000.000,00",totale,assegnazione,ammesso,IMPORTO AMMASSO A FINANZIAMENTO SUD,"Allegato 1 / [TABELLA pag.5 n.1], riga 1","50.000.000,00 | 50.000.000,00 | B41E04000210001",,alta,,Intervento: LINEA 1 DELLA METROPOLITANA DI NAPOLI – TRATTA CDN –CAPODICHINO. OPERE COMPLEMENTARI PER L’IMPERMEABILIZZAZIONE DELLA ADIACENTE GALLERIA CIRCUMVESUVIANA COMPLETAMENTO.
2023 DM MIT 342-2023.pdf,deepseek/deepseek-v4-flash,off,,,Ministero delle infrastrutture e dei trasporti,,rettifica,F61B21003640009,True,definitivo,,1,singolo,7150,3,,30000000.0,30000000.0,"30.000.000,00",totale,assegnazione,ammesso,IMPORTO AMMASSO A FINANZIAMENTO SUD,"Allegato 1 / [TABELLA pag.5 n.1], riga 2","30.000.000,00 | 30.000.000,00 | F61B21003640009",,alta,,Intervento: NUOVO TELECOMANDO LINEE FLEGREE CON FORNITURA IN OPERA DI TRE SOTTOSTAZIONI ELETTRICHE ED ADEGUAMENTO TE GALLERIE.
2023 DM MIT 342-2023.pdf,deepseek/deepseek-v4-flash,off,,,Ministero delle infrastrutture e dei trasporti,,rettifica,G31G22000250001,True,definitivo,,1,singolo,7150,3,,2800000.0,2800000.0,"2.800.000,00",totale,assegnazione,ammesso,IMPORTO AMMASSO A FINANZIAMENTO SUD,"Allegato 1 / [TABELLA pag.5 n.1], riga 3","2.800.000,00 | 2.800.000,00 | G31G22000250001",,alta,,Intervento: RIFACIMENTO PENSILINA BARI CENTRALE.
2023 DM MIT 342-2023.pdf,deepseek/deepseek-v4-flash,off,,,Ministero delle infrastrutture e dei trasporti,,rettifica,D69D15002090001,True,definitivo,,2,aggregato,7150,3,,50000000.0,25000000.0,"50.000.000,00",totale,assegnazione,ammesso,IMPORTO AMMASSO A FINANZIAMENTO SUD,"Allegato 1 / [TABELLA pag.5 n.1], riga 4","50.000.000,00 | 50.000.000,00 | Lotto 4 - D69D15002090001 Lotto 3 - D49D15001920001",,alta,,Intervento: COMPLETAMENTO ELETTRIFICAZIONE DORSALE SALENTO (TRATTA MAGLIE- OTRANTO E ZOLLINO- GAGLIANO). Importo unico per due lotti/CUP.
2023 DM MIT 342-2023.pdf,deepseek/deepseek-v4-flash,off,,,Ministero delle infrastrutture e dei trasporti,,rettifica,D49D15001920001,True,definitivo,,2,aggregato,7150,3,,50000000.0,25000000.0,"50.000.000,00",totale,assegnazione,ammesso,IMPORTO AMMASSO A FINANZIAMENTO SUD,"Allegato 1 / [TABELLA pag.5 n.1], riga 4","50.000.000,00 | 50.000.000,00 | Lotto 4 - D69D15002090001 Lotto 3 - D49D15001920001",,alta,,Intervento: COMPLETAMENTO ELETTRIFICAZIONE DORSALE SALENTO (TRATTA MAGLIE- OTRANTO E ZOLLINO- GAGLIANO). Importo unico per due lotti/CUP.
2023 DM MIT 342-2023.pdf,deepseek/deepseek-v4-flash,off,,,Ministero delle infrastrutture e dei trasporti,,rettifica,G71B18000620005,True,definitivo,,1,singolo,7150,3,,2500000.0,2500000.0,"2.500.000,00",totale,assegnazione,ammesso,IMPORTO AMMASSO A FINANZIAMENTO SUD,"Allegato 1 / [TABELLA pag.5 n.1], riga 5","2.500.000,00 | 2.500.000,00 | G71B18000620005",,alta,,Intervento: REALIZZAZIONE PARCHEGGIO DI INTERSCAMBIO NELLA STAZIONE DI ALTAMURA.
2023 DM MIT 342-2023.pdf,deepseek/deepseek-v4-flash,off,,,Ministero delle infrastrutture e dei trasporti,,rettifica,F81B21005610001,True,definitivo,,1,singolo,7150,3,,18000000.0,18000000.0,"18.000.000,00",totale,assegnazione,ammesso,IMPORTO AMMASSO A FINANZIAMENTO SUD,"Allegato 1 / [TABELLA pag.6 n.1], riga 1","18.000.000,00 | F81B21005610001",,alta,,"Intervento: VARIANTE DI TRACCCIATO, REALIZZAZIONE PUNTI DI INCROCIO E RADDOPPIO TRATTA MONSERRATO SETTIMO/SAN PIETRO."
2023 DM MIT 342-2023.pdf,deepseek/deepseek-v4-flash,off,,,Ministero delle infrastrutture e dei trasporti,,rettifica,I61B21003020001,True,definitivo,,1,singolo,7150,3,,9900000.0,9900000.0,"9.900.000,00",totale,assegnazione,ammesso,IMPORTO AMMASSO A FINANZIAMENTO SUD,"Allegato 1 / [TABELLA pag.6 n.1], riga 2","9.900.000,00 | 9.900.000,00 | I61B21003020001",,alta,,Intervento: LAVORI DI REALIZZAZIONE DELLA NUOVA STAZIONE FERROVIARIA DI CATANZARO CITTÀ.
2023 DM MIT 342-2023.pdf,deepseek/deepseek-v4-flash,off,,,Ministero delle infrastrutture e dei trasporti,,rettifica,I67H21003160001,True,definitivo,,1,singolo,7150,3,,2900000.0,2900000.0,"2.900.000,00",totale,assegnazione,ammesso,IMPORTO AMMASSO A FINANZIAMENTO SUD,"Allegato 1 / [TABELLA pag.6 n.1], riga 3","2.900.000,00 | 2.900.000,00 | I67H21003160001",,alta,,Intervento: LAVORI DI MIGLIORAMENTO DELLA FRUIBILITÀ DELLA LINEA FERROVIARIA SULLA TRATTA CATANZARO CITTÀ - CATANZARO - CATANZARO LIDO -GERMANETO.
2023 DM MIT 342-2023.pdf,deepseek/deepseek-v4-flash,off,,,Ministero delle infrastrutture e dei trasporti,,rettifica,B89J21020930005,True,definitivo,,1,singolo,7150,3,,1200000.0,1200000.0,"1.200.000,00",totale,assegnazione,ammesso,IMPORTO AMMASSO A FINANZIAMENTO SUD,"Allegato 1 / [TABELLA pag.6 n.1], riga 4","1.200.000,00 | 1.200.000,00 | B89J21020930005",,alta,,Intervento: CREAZIONE POSTO INTERMEDIO LOCALITÀ GUASTACCONCIA NELLA TRATTA FOSSACESIA- SALETTI.
2023 DM MIT 342-2023.pdf,deepseek/deepseek-v4-flash,off,,,Ministero delle infrastrutture e dei trasporti,,rettifica,I57H21005640001,True,definitivo,,1,singolo,7150,4,,1512215.0,1512215.0,"1.512.215,00",totale,assegnazione,ammesso,SICUREZZA (€),"Allegato 2 / [TABELLA pag.7 n.1], riga 1","1.512.215,00 | 1.512.215,00 | I57H21005640001",,alta,,Intervento: INTERVENTI STRUTTURALI DI RISANAMENTO PONTE IN C.A. AL KM. 14+355.
2023 DM MIT 342-2023.pdf,deepseek/deepseek-v4-flash,off,,,Ministero delle infrastrutture e dei trasporti,,rettifica,B19F22013250002,True,definitivo,,1,singolo,7150,4,,2400000.0,2400000.0,"2.400.000,00",totale,assegnazione,ammesso,SICUREZZA (€),"Allegato 2 / [TABELLA pag.7 n.1], riga 2","2.400.000,00 | 2.400.000,00 | B19F22013250002",,alta,,Intervento: ELIMINAZIONE DI DUE PASSAGGI A LIVELLO DI TIPO AUTOMATICO UBICATI NELLA STAZIONE DI GIOVI DELLA FERROVIA AREZZO - SINALUNGA.
2023 DM MIT 342-2023.pdf,deepseek/deepseek-v4-flash,off,,,Ministero delle infrastrutture e dei trasporti,,rettifica,C89F23000050001,True,definitivo,,1,singolo,7150,4,,600000.0,600000.0,"600.000,00",totale,assegnazione,ammesso,SICUREZZA (€),"Allegato 2 / [TABELLA pag.7 n.1], riga 3","600.000,00 | 600.000,00 | C89F23000050001",,alta,,Intervento: SOPPRESSIONE DI QUATTRO PASSAGGI A LIVELLO PRIVATI (PLP 39 – PLP 40 – PLP 41 – PLP 42) SULLA TRATTA DELLA LINEA FERROVIARIA PARMA – SUZZARA IN COMUNE DI BRESCELLO (RE).
2023 DM MIT 342-2023.pdf,deepseek/deepseek-v4-flash,off,,,Ministero delle infrastrutture e dei trasporti,,rettifica,C99F23000050001,True,definitivo,,1,singolo,7150,4,,5400000.0,5400000.0,"5.400.000,00",totale,assegnazione,ammesso,SICUREZZA (€),"Allegato 2 / [TABELLA pag.8 n.1], riga 1","5.400.000,00 | 5.400.000,00 | C99F23000050001",,alta,,"Intervento: LINEA BOLOGNA- PORTOMAGGIORE , SOPPRESSIONE PL IN LOC. CA’ DELL'ORBO A SEGUITO RIALZO LINEA."
2023 DM MIT 342-2023.pdf,deepseek/deepseek-v4-flash,off,,,Ministero delle infrastrutture e dei trasporti,,rettifica,C56G21008730001,True,definitivo,,1,singolo,7150,4,,3400000.0,3400000.0,"3.400.000,00",totale,assegnazione,ammesso,SICUREZZA (€),"Allegato 2 / [TABELLA pag.8 n.1], riga 2","3.400.000,00 | 3.400.000,00 | C56G21008730001",,alta,,Intervento: UPGRADE CON IMPIANTI MULTI‐ ACC.
2023 DM MIT 342-2023.pdf,deepseek/deepseek-v4-flash,off,,,Ministero delle infrastrutture e dei trasporti,,rettifica,F41B21005790009,True,definitivo,,1,singolo,7150,4,,30000000.0,30000000.0,30.000.000,totale,assegnazione,ammesso,SICUREZZA (€),"Allegato 2 / [TABELLA pag.9 n.1], riga 1",30.000.000 | 30.000.000 | F41B21005790009,,alta,,Intervento: SOPPRESSIONE PP.LL. RETE FERROVIARIA EAV.
2023 DM MIT 342-2023.pdf,deepseek/deepseek-v4-flash,off,,,Ministero delle infrastrutture e dei trasporti,,rettifica,G31G22000260001,True,definitivo,,1,singolo,7150,4,,7200000.0,7200000.0,7.200.000,totale,assegnazione,ammesso,SICUREZZA (€),"Allegato 2 / [TABELLA pag.9 n.1], riga 2",7.200.000 | 7.200.000 | G31G22000260001,,alta,,Intervento: RADDOPPIO TRA BARI SANT’ANDREA E MODUGNO.
2023 DM MIT 342-2023.pdf,deepseek/deepseek-v4-flash,off,,,Ministero delle infrastrutture e dei trasporti,,rettifica,G11B18000550005,True,definitivo,,1,singolo,7150,4,,3500000.0,3500000.0,3.500.000,totale,assegnazione,ammesso,SICUREZZA (€),"Allegato 2 / [TABELLA pag.10 n.1], riga 1",3.500.000 | 3.500.000 | G11B18000550005,,alta,,Intervento: Interventi sui piazzali di Matera Serra Rifusa e di Matera Villa Longo - Lotto “RIPRISTINO DELLA FUNZIONALITÀ DELL'OFFICINA FERROVIARIA A SERRA RIFUSA”.
2023 DM MIT 342-2023.pdf,deepseek/deepseek-v4-flash,off,,,Ministero delle infrastrutture e dei trasporti,,rettifica,B81B21003770005,True,definitivo,,1,singolo,7150,4,,1750000.0,1750000.0,1.750.000,totale,assegnazione,ammesso,SICUREZZA (€),"Allegato 2 / [TABELLA pag.10 n.1], riga 2",1.750.000 | 1.750.000 | B81B21003770005,,alta,,Intervento: TESATURA DEI CONDUTTORI IN RAME DELL’IMPIANTO TE DELLA TRATTA FOSSACESIA ‐ ARCHI E REALIZZAZIONE DELLA PALIFICATA DI SOSTEGNO SUL PONTE FIUME SANGRO.
2025 DD MIT 141-2025.pdf,deepseek/deepseek-v4-flash,off,141,2025-04-18,Ministero delle Infrastrutture e dei Trasporti,,assegnazione,,False,,,0,singolo,,,2024,50000000.0,50000000.0,"€ 50.000.000,00",quota,assegnazione,assegnato,,"[TABELLA pag.5 n.1], riga 1","2024 | € 50.000.000,00",,media,"Il testo non specifica il capitolo/PG né il CUP; si tratta di una tabella di sole annualità, senza dettaglio progettuale.",Importo annuale riportato come quota; nessun CUP o capitolo indicato.
2025 DD MIT 141-2025.pdf,deepseek/deepseek-v4-flash,off,141,2025-04-18,Ministero delle Infrastrutture e dei Trasporti,,assegnazione,,False,,,0,singolo,,,2025,25000000.0,25000000.0,"€ 25.000.000,00",quota,assegnazione,assegnato,,"[TABELLA pag.5 n.1], riga 2","2025 | € 25.000.000,00",,media,"Il testo non specifica il capitolo/PG né il CUP; si tratta di una tabella di sole annualità, senza dettaglio progettuale.",Importo annuale riportato come quota; nessun CUP o capitolo indicato.
2025 DD MIT 141-2025.pdf,deepseek/deepseek-v4-flash,off,141,2025-04-18,Ministero delle Infrastrutture e dei Trasporti,,assegnazione,,False,,,0,singolo,,,2026,50000000.0,50000000.0,"€ 50.000.000,00",quota,assegnazione,assegnato,,"[TABELLA pag.5 n.1], riga 3","2026 | € 50.000.000,00",,media,"Il testo non specifica il capitolo/PG né il CUP; si tratta di una tabella di sole annualità, senza dettaglio progettuale.",Importo annuale riportato come quota; nessun CUP o capitolo indicato.
2025 DD MIT 141-2025.pdf,deepseek/deepseek-v4-flash,off,141,2025-04-18,Ministero delle Infrastrutture e dei Trasporti,,assegnazione,,False,,,0,singolo,,,2027,350000000.0,350000000.0,"€ 350.000.000,00",quota,assegnazione,assegnato,,"[TABELLA pag.5 n.1], riga 4","2027 | € 350.000.000,00",,media,"Il testo non specifica il capitolo/PG né il CUP; si tratta di una tabella di sole annualità, senza dettaglio progettuale.",Importo annuale riportato come quota; nessun CUP o capitolo indicato.
2025 DD MIT 141-2025.pdf,deepseek/deepseek-v4-flash,off,141,2025-04-18,Ministero delle Infrastrutture e dei Trasporti,,assegnazione,,False,,,0,singolo,,,2028,200000000.0,200000000.0,"€ 200.000.000,00",quota,assegnazione,assegnato,,"[TABELLA pag.5 n.1], riga 5","2028 | € 200.000.000,00",,media,"Il testo non specifica il capitolo/PG né il CUP; si tratta di una tabella di sole annualità, senza dettaglio progettuale.",Importo annuale riportato come quota; nessun CUP o capitolo indicato.
2025 DD MIT 141-2025.pdf,deepseek/deepseek-v4-flash,off,141,2025-04-18,Ministero delle Infrastrutture e dei Trasporti,,assegnazione,,False,,,0,singolo,,,2029,150000000.0,150000000.0,"€ 150.000.000,00",quota,assegnazione,assegnato,,"[TABELLA pag.5 n.1], riga 6","2029 | € 150.000.000,00",,media,"Il testo non specifica il capitolo/PG né il CUP; si tratta di una tabella di sole annualità, senza dettaglio progettuale.",Importo annuale riportato come quota; nessun CUP o capitolo indicato.
2025 DD MIT 141-2025.pdf,deepseek/deepseek-v4-flash,off,141,2025-04-18,Ministero delle Infrastrutture e dei Trasporti,,assegnazione,,False,,,0,singolo,,,2030,450000000.0,450000000.0,"€ 450.000.000,00",quota,assegnazione,assegnato,,"[TABELLA pag.5 n.1], riga 7","2030 | € 450.000.000,00",,media,"Il testo non specifica il capitolo/PG né il CUP; si tratta di una tabella di sole annualità, senza dettaglio progettuale.",Importo annuale riportato come quota; nessun CUP o capitolo indicato.
2025 DD MIT 141-2025.pdf,deepseek/deepseek-v4-flash,off,141,2025-04-18,Ministero delle Infrastrutture e dei Trasporti,,assegnazione,,False,,,0,singolo,,,2031,450000000.0,450000000.0,"€ 450.000.000,00",quota,assegnazione,assegnato,,"[TABELLA pag.5 n.1], riga 8","2031 | € 450.000.000,00",,media,"Il testo non specifica il capitolo/PG né il CUP; si tratta di una tabella di sole annualità, senza dettaglio progettuale.",Importo annuale riportato come quota; nessun CUP o capitolo indicato.
2025 DD MIT 141-2025.pdf,deepseek/deepseek-v4-flash,off,141,2025-04-18,Ministero delle Infrastrutture e dei Trasporti,,assegnazione,,False,,,0,singolo,,,2032,400000000.0,400000000.0,"€ 400.000.000,00",quota,assegnazione,assegnato,,"[TABELLA pag.5 n.1], riga 9","2032 | € 400.000.000,00",,media,"Il testo non specifica il capitolo/PG né il CUP; si tratta di una tabella di sole annualità, senza dettaglio progettuale.",Importo annuale riportato come quota; nessun CUP o capitolo indicato.
2022 DD MIT 454-2022.pdf,deepseek/deepseek-v4-pro-0813,off,,,Ministero delle infrastrutture e dei trasporti,,impegno,E51I04000010007,True,definitivo,,1,singolo,7426,1,2021,14000000.0,14000000.0,"€ 14.000.000,00",quota,assegnazione,impegnato,,art. 1,"è autorizzato, per il corrente esercizio finanziario, a favore di Roma Capitale per l'intervento ""Tratta Colosseo - Piazza Venezia della Linea C della metropolitana di Roma"" CUP E51I04000010007, l'impegno di € 14.000.000,00 in conto residui di lettera F, esercizio di provenienza 2021","decreto del Ministro delle infrastrutture e dei trasporti di concerto con il Ministro dell'economia e delle finanze, n. 498 del 14 novembre 2014",alta,,"Impegno in conto residui di lettera F, esercizio di provenienza 2021."
2022 DD MIT 454-2022.pdf,deepseek/deepseek-v4-pro-0813,off,,,Ministero delle infrastrutture e dei trasporti,,impegno,E51I04000010007,True,definitivo,,1,singolo,7426,1,2022-2025,131000000.0,131000000.0,"€ 131.000.000,00",totale,assegnazione,impegnato,,art. 2; [TABELLA pag.3 n.1],"è autorizzato l'impegno, sul capitolo 7426, piano di gestione 1, ... per l'importo complessivo di € 131.000.000,00 a favore di Roma Capitale, per l'intervento ""Tratta Colosseo - Piazza Venezia della Linea C della metropolitana di Roma"" CUP E51I04000010007","decreto del Ministro delle infrastrutture e dei trasporti di concerto con il Ministro dell'economia e delle finanze, n. 498 del 14 novembre 2014",alta,,Importo complessivo autorizzato; ripartizione annuale 2022-2025 indicata nella tabella.
2022 DDG 128 del 02-05-22.pdf,deepseek/deepseek-v4-pro-0813,off,,,Ministero delle infrastrutture e della mobilità sostenibili,,impegno,H94I19000130004,True,definitivo,,1,singolo,7400,7,2020-2034,97154124.1,97154124.1,"97.154.124,10",totale,assegnazione,impegnato,Totale,"Articolo 2; Allegato 1 / [TABELLA pag.4 n.1], riga 1","Comune di Padova | H94I19000130004 | 7400/PG 7 | ... | 97.154.124,10",Decreto del Ministro delle infrastrutture e della mobilità sostenibili n. 464 del 22 novembre 2021,alta,,"L'importo totale è la somma delle quote annuali 2022-2034. L'articolo 2 autorizza l'impegno in conto competenza per complessivi € 631.174.000,00 per gli esercizi finanziari dal 2022 al 2034."
2022 DDG 128 del 02-05-22.pdf,deepseek/deepseek-v4-pro-0813,off,,,Ministero delle infrastrutture e della mobilità sostenibili,,impegno,J80J18000000001,True,definitivo,,1,singolo,7400,7,2022-2034,159466174.12,159466174.12,"159.466.174,12",totale,assegnazione,impegnato,Totale,"Articolo 2; Allegato 1 / [TABELLA pag.4 n.1], riga 2","Roma Capitale | J80J18000000001 | 7400/PG 7 | ... | 159.466.174,12",Decreto del Ministro delle infrastrutture e della mobilità sostenibili n. 464 del 22 novembre 2021,alta,,L'importo totale è la somma delle parti annuali 2022-2034.
2022 DDG 128 del 02-05-22.pdf,deepseek/deepseek-v4-pro-0813,off,,,Ministero delle infrastrutture e della mobilità sostenibili,,impegno,C11B21008720001,True,definitivo,,2,aggregato,7400,7,2022-2034,44494493.04,22247246.52,"44.494.493,04",totale,assegnazione,impegnato,Totale,"Articolo 2; Allegato 1 / [TABELLA pag.4 n.1], riga 3","Comune di Torino | C11B21008720001 D81E20000410007 | 7400/PG 7 | ... | 44.494.493,04",Decreto del Ministro delle infrastrutture e della mobilità sostenibili n. 464 del 22 novembre 2021,alta,,Importo unico per due CUP del Comune di Torino; l'atto non ripartisce l'importo tra i due CUP.
2022 DDG 128 del 02-05-22.pdf,deepseek/deepseek-v4-pro-0813,off,,,Ministero delle infrastrutture e della mobilità sostenibili,,impegno,D81E20000410007,True,definitivo,,2,aggregato,7400,7,2022-2034,44494493.04,22247246.52,"44.494.493,04",totale,assegnazione,impegnato,Totale,"Articolo 2; Allegato 1 / [TABELLA pag.4 n.1], riga 3","Comune di Torino | C11B21008720001 D81E20000410007 | 7400/PG 7 | ... | 44.494.493,04",Decreto del Ministro delle infrastrutture e della mobilità sostenibili n. 464 del 22 novembre 2021,alta,,Importo unico per due CUP del Comune di Torino; l'atto non ripartisce l'importo tra i due CUP.
2022 DDG 128 del 02-05-22.pdf,deepseek/deepseek-v4-pro-0813,off,,,Ministero delle infrastrutture e della mobilità sostenibili,,impegno,C81B21013200005,True,definitivo,,1,singolo,7400,7,2022-2034,333059208.74,333059208.74,"333.059.208,74",totale,assegnazione,impegnato,Totale,"Articolo 2; Allegato 1 / [TABELLA pag.4 n.1], riga 4","Comune di Brescia | C81B21013200005 | 7400/PG 7 | ... | 333.059.208,74",Decreto del Ministro delle infrastrutture e della mobilità sostenibili n. 464 del 22 novembre 2021,alta,,L'importo totale è la somma delle parti annuali 2022-2034.
2022 DDG 128 del 02-05-22.pdf,deepseek/deepseek-v4-pro-0813,off,,,Ministero delle infrastrutture e della mobilità sostenibili,,impegno,C81B21013200005,True,definitivo,,1,singolo,7400,1,2029-2034,26486678.33,26486678.33,"26.486.678,33",totale,assegnazione,impegnato,Totale,"Articolo 3; Allegato 1 / [TABELLA pag.4 n.1], riga 5","Comune di Brescia | C81B21013200005 | 7400/PG 1 | ... | 26.486.678,33",Decreto del Ministro delle infrastrutture e della mobilità sostenibili n. 464 del 22 novembre 2021,alta,,L'importo totale è la somma delle parti annuali 2029-2034.
2022 DI Mims Mef 97 20.04.2022.pdf,deepseek/deepseek-v4-pro-0813,off,,,Ministero delle Infrastrutture e della Mobilità Sostenibili,Ministero dell'Economia e delle Finanze,assegnazione,B39J22001360001,True,definitivo,,1,singolo,7400,8,,398000000.0,398000000.0,"398.000.000,00",totale,assegnazione,assegnato,FINANZIAMENTO AMMESSO,"art. 1, comma 1, lettera a); Allegato 1 / [TABELLA pag.10 n.1], riga 1","CITTÀ METROPOLITANA DI GENOVA | SKYMETRO VAL BISAGNO GENOVA | COMUNE DI GENOVA | B39J22001360001 | PFTE | 31.03.2023 | 30.06.2025 | 31.12.2027 | 398.000.000,00 | --- | 398.000.000,00",,alta,,
2022 DI Mims Mef 97 20.04.2022.pdf,deepseek/deepseek-v4-pro-0813,off,,,Ministero delle Infrastrutture e della Mobilità Sostenibili,Ministero dell'Economia e delle Finanze,assegnazione,B31F20000030005,True,definitivo,,1,singolo,7400,8,,20860000.0,20860000.0,"20.860.000,00",totale,assegnazione,assegnato,FINANZIAMENTO AMMESSO,"art. 1, comma 1, lettera a); Allegato 1 / [TABELLA pag.10 n.1], riga 2","PROLUNGAMENTO METROPOLITANA DI GENOVA DA BRIN A CANEPARI. OPERE DI ADEGUAMENTO IDRAULICO DEL TRATTO TOMBINATO DI VALLE DEL RIO MALTEMPO, AFFLUENTE DEL TORRENTE POLCEVERA | COMUNE DI GENOVA | B31F20000030005 | PFTE | 31.03.2023 | 31.12.2023 | 30.09.2024 | 20.860.000,00 | --- | 20.860.000,00",,alta,,
2022 DI Mims Mef 97 20.04.2022.pdf,deepseek/deepseek-v4-pro-0813,off,,,Ministero delle Infrastrutture e della Mobilità Sostenibili,Ministero dell'Economia e delle Finanze,assegnazione,B44D20000040001,True,definitivo,,1,singolo,7400,8,,180000000.0,180000000.0,"180.000.000,00",totale,assegnazione,assegnato,FINANZIAMENTO AMMESSO,"art. 1, comma 1, lettera a); Allegato 1 / [TABELLA pag.10 n.1], riga 3","LINEA METROPOLITANA M1 PROLUNGAMENTO QUARTIERE BAGGIO – OLMI - VALSESIA | COMUNE DI MILANO | B44D20000040001 | PROGETTO DEFINITIVO | 31.12.2022 | 31.12.2025 | 31.12.2027 | 398.000.000,00 | 218.000.000,00 | 180.000.000,00",,alta,,"Il costo totale dell'intervento è 398.000.000,00; il cofinanziamento disponibile è 218.000.000,00; il finanziamento ammesso (assegnato) è 180.000.000,00."
2022 DI Mims Mef 97 20.04.2022.pdf,deepseek/deepseek-v4-pro-0813,off,,,Ministero delle Infrastrutture e della Mobilità Sostenibili,Ministero dell'Economia e delle Finanze,assegnazione,B91J21000040001,True,definitivo,,1,singolo,7400,8,,420000000.0,420000000.0,"420.000.000,00",totale,assegnazione,assegnato,FINANZIAMENTO AMMESSO,"art. 1, comma 1, lettera a); Allegato 1 / [TABELLA pag.10 n.1], riga 4","PROLUNGAMENTO LINEA METROPOLITANA M4 DA AEROPORTO LINATE A SEGRATE | COMUNE DI MILANO | B91J21000040001 | PFTE | 31.12.2025 | 31.12.2028 | 31.12.2030 | 420.000.000,00 | --- | 420.000.000,00",,alta,,
2022 DI Mims Mef 97 20.04.2022.pdf,deepseek/deepseek-v4-pro-0813,off,,,Ministero delle Infrastrutture e della Mobilità Sostenibili,Ministero dell'Economia e delle Finanze,assegnazione,B41J21000050006,True,definitivo,,1,singolo,7400,8,,4500000.0,4500000.0,"4.500.000,00",totale,assegnazione,assegnato,FINANZIAMENTO AMMESSO,"art. 1, comma 1, lettera a); Allegato 1 / [TABELLA pag.10 n.1], riga 5","NUOVA LINEA METROPOLITANA M6 RAMO SUD (PFTE) | COMUNE DI MILANO | B41J21000050006 | --- | 31.03.2023 | 30.06.2024 | 31.12.2025 | 4.500.000,00 | --- | 4.500.000,00",,alta,,
2022 DI Mims Mef 97 20.04.2022.pdf,deepseek/deepseek-v4-pro-0813,off,,,Ministero delle Infrastrutture e della Mobilità Sostenibili,Ministero dell'Economia e delle Finanze,assegnazione,B41C21000010001,True,definitivo,,1,singolo,7400,8,,5500000.0,5500000.0,"5.500.000,00",totale,assegnazione,assegnato,FINANZIAMENTO AMMESSO,"art. 1, comma 1, lettera a); Allegato 1 / [TABELLA pag.10 n.1], riga 6","PROLUNGAMENTO M3 SAN DONATO M. – ASTA PAULLESE (PFTE) | COMUNE DI MILANO | B41C21000010001 | PFTE – 1° FASE | 31.03.2023 | 30.06.2024 | 31.12.2025 | 5.500.000,00 | --- | 5.500.000,00",,alta,,
2022 DI Mims Mef 97 20.04.2022.pdf,deepseek/deepseek-v4-pro-0813,off,,,Ministero delle Infrastrutture e della Mobilità Sostenibili,Ministero dell'Economia e delle Finanze,assegnazione,F41B22000740009,True,definitivo,,1,singolo,7400,8,,631373163.0,631373163.0,"631.373.163,00",totale,assegnazione,assegnato,FINANZIAMENTO AMMESSO,"art. 1, comma 1, lettera a); Allegato 1 / [TABELLA pag.10 n.1], riga 7","NUOVO COLLEGAMENTO IN SEDE PROPRIA TRA LA STAZIONE AV DI AFRAGOLA E LA RETE METROPOLITANA DI NAPOLI. LOTTO 1°_STRALCIO I | COMUNE DI NAPOLI / EAV Srl | F41B22000740009 (CUP MASTER) | PFTE | 31.03.2023 | 30.06.2025 | 31.12.2027 | 631.373.163,00 | --- | 631.373.163,00",,alta,,"Il CUP F41B22000740009 è indicato come CUP MASTER nella tabella. Poiché non è presente un CUP di intervento distinto, il CUP MASTER è trattato come CUP della riga."
2022 DI Mims Mef 97 20.04.2022.pdf,deepseek/deepseek-v4-pro-0813,off,,,Ministero delle Infrastrutture e della Mobilità Sostenibili,Ministero dell'Economia e delle Finanze,assegnazione,F41B22000830009,True,definitivo,,1,singolo,7400,8,,163500824.0,163500824.0,"163.500.824,00",totale,assegnazione,assegnato,FINANZIAMENTO AMMESSO,"art. 1, comma 1, lettera a); Allegato 1 / [TABELLA pag.10 n.1], riga 8","NUOVO COLLEGAMENTO IN SEDE PROPRIA TRA LA STAZIONE AV DI AFRAGOLA E LA RETE METROPOLITANA DI NAPOLI. LOTTO 1°_STRALCIO II | COMUNE DI NAPOLI / EAV Srl | F41B22000830009 | PFTE | 31.03.2026 | 31.12.2026 | 31.12.2027 | 163.500.824,00 | --- | 163.500.824,00",,alta,,
2022 DI Mims Mef 97 20.04.2022.pdf,deepseek/deepseek-v4-pro-0813,off,,,Ministero delle Infrastrutture e della Mobilità Sostenibili,Ministero dell'Economia e delle Finanze,assegnazione,E51I04000010007,True,definitivo,,1,singolo,7400,8,,610000000.0,610000000.0,"610.000.000,00",totale,assegnazione,assegnato,FINANZIAMENTO AMMESSO,"art. 1, comma 1, lettera a); Allegato 1 / [TABELLA pag.10 n.1], riga 9","LINEA C DELLA METROPOLITANA DI ROMA - SUB-TRATTA FUNZIONALE DA STAZIONE VENEZIA A STAZIONE FORI IMPERIALI | ROMA CAPITALE / ROMA METROPOLITANE Srl | E51I04000010007 | PROGETTO DEFINITIVO | 31.12.2022 | 31.12.2027 | 31.12.2032 | 755.000.000,00 | 145.000.000,00 | 610.000.000,00",,alta,,"Il costo totale dell'intervento è 755.000.000,00; il cofinanziamento disponibile è 145.000.000,00; il finanziamento ammesso (assegnato) è 610.000.000,00."
2022 DI Mims Mef 97 20.04.2022.pdf,deepseek/deepseek-v4-pro-0813,off,,,Ministero delle Infrastrutture e della Mobilità Sostenibili,Ministero dell'Economia e delle Finanze,assegnazione,E51I04000010007,True,definitivo,,1,singolo,7400,8,,990000000.0,990000000.0,"990.000.000,00",totale,assegnazione,assegnato,FINANZIAMENTO AMMESSO,"art. 1, comma 1, lettera a); Allegato 1 / [TABELLA pag.10 n.1], riga 10","LINEA C DELLA METROPOLITANA DI ROMA - TRATTA T2 - LOTTO COSTRUTTIVO PRELIMINARE | ROMA CAPITALE / ROMA METROPOLITANE Srl | E51I04000010007 | PROGETTO PRELIMINARE | 30.06.2023 | 30.09.2024 | 31.12.2026 | 990.000.000,00 | --- | 990.000.000,00",,alta,,"Lo stesso CUP E51I04000010007 compare in due righe distinte dell'Allegato 1 (SUB-TRATTA FUNZIONALE e TRATTA T2). Si producono due record separati, uno per riga, come previsto dalla regola R4."
2022 DI Mims Mef 97 20.04.2022.pdf,deepseek/deepseek-v4-pro-0813,off,,,Ministero delle Infrastrutture e della Mobilità Sostenibili,Ministero dell'Economia e delle Finanze,assegnazione,C71F20000020005,True,definitivo,,1,singolo,7400,8,,1000000000.0,1000000000.0,"1.000.000.000,00",totale,assegnazione,assegnato,FINANZIAMENTO AMMESSO,"art. 1, comma 1, lettera a); Allegato 1 / [TABELLA pag.10 n.1], riga 11","METROPOLITANA AUTOMATICA DI TORINO – LINEA 2 – TRATTA “POLITECNICO – REBAUDENGO” | COMUNE DI TORINO | C71F20000020005 | PROGETTO DEFINITIVO | 31.12.2023 | 30.06.2028 | 31.12.2031 | 1.800.000.000,00 | 800.000.000,00 | 1.000.000.000,00",,alta,,"Il costo totale dell'intervento è 1.800.000.000,00; il cofinanziamento disponibile è 800.000.000,00; il finanziamento assegnato è 1.000.000.000,00."
2022 DI Mims Mef 97 20.04.2022.pdf,deepseek/deepseek-v4-pro-0813,off,,,Ministero delle Infrastrutture e della Mobilità Sostenibili,Ministero dell'Economia e delle Finanze,assegnazione,J81B21014060001,True,definitivo,,1,singolo,7400,1,,173183831.97,173183831.97,"173.183.831,97",totale,assegnazione,assegnato,FINANZIAMENTO AMMESSO,"art. 1, comma 1, lettera b); Allegato 2 / [TABELLA pag.12 n.1], riga 1","ROMA CAPITALE | LINEA TRANVIARIA TERMINI - VATICANO - AURELIO | J81B21014060001 | TRANVIA | 293.183.831,97 | 120.000.000,00 | 173.183.831,97",,alta,,"Il costo totale dell'intervento è 293.183.831,97; il cofinanziamento disponibile è 120.000.000,00; il finanziamento assegnato è 173.183.831,97."
2022 DI Mims Mef 97 20.04.2022.pdf,deepseek/deepseek-v4-pro-0813,off,,,Ministero delle Infrastrutture e della Mobilità Sostenibili,Ministero dell'Economia e delle Finanze,assegnazione,J84E21005150001,True,definitivo,,1,singolo,7400,1,,11284217.84,11284217.84,"11.284.217,84",totale,assegnazione,assegnato,FINANZIAMENTO AMMESSO,"art. 1, comma 1, lettera b); Allegato 2 / [TABELLA pag.12 n.1], riga 2","ROMA CAPITALE | DEPOSITO DI CENTOCELLE EST | J84E21005150001 | TRANVIA | 11.284.217,84 | --- | 11.284.217,84",,alta,,
2022 DI Mims Mef 97 20.04.2022.pdf,deepseek/deepseek-v4-pro-0813,off,,,Ministero delle Infrastrutture e della Mobilità Sostenibili,Ministero dell'Economia e delle Finanze,assegnazione,E31J19000030001,True,definitivo,,1,singolo,7400,1,,26500000.0,26500000.0,"26.500.000,00",totale,assegnazione,assegnato,FINANZIAMENTO AMMESSO,"art. 1, comma 1, lettera b); Allegato 2 / [TABELLA pag.12 n.1], riga 3","COMUNE DI PIACENZA | SISTEMA DI TRASPORTO RAPIDO DI MASSA PER IL COLLEGAMENTO TRA LA STAZIONE FERROVIARIA DI PIACENZA ED IL NUOVO POLO OSPEDALIERO | E31J19000030001 | BUSVIA | 26.500.000,00 | --- | 26.500.000,00",,alta,,
2022 DI Mims Mef 97 20.04.2022.pdf,deepseek/deepseek-v4-pro-0813,off,,,Ministero delle Infrastrutture e della Mobilità Sostenibili,Ministero dell'Economia e delle Finanze,assegnazione,F44I19000530001,True,definitivo,,1,singolo,7400,1,,122200000.0,122200000.0,"122.200.000,00",totale,assegnazione,assegnato,FINANZIAMENTO AMMESSO,"art. 1, comma 1, lettera b); Allegato 2 / [TABELLA pag.12 n.1], riga 4","COMUNE DI MILANO | AMPLIAMENTO DEL DEPOSITO GALLARATESE DEI TRENI DELLA LINEA METROPOLITANA 1 | F44I19000530001 | METRO | 122.200.000,00 | --- | 122.200.000,00",,alta,,
2022 DI Mims Mef 97 20.04.2022.pdf,deepseek/deepseek-v4-pro-0813,off,,,Ministero delle Infrastrutture e della Mobilità Sostenibili,Ministero dell'Economia e delle Finanze,assegnazione,C11J22000000001,True,definitivo,,1,singolo,,,,221721410.41,221721410.41,"221.721.410,41",totale,altro,ammissibile,FINANZIAMENTO AMMESSO,"art. 2, comma 1; Allegato 3 / [TABELLA pag.13 n.1], riga 1","COMUNE DI TORINO | PROLUNGAMENTO LINEA TRANVIARIA 12 ALL'ALLIANZ STADIUM E RECUPERO TRINCEA FERROVIA TORINO-CERES | C11J22000000001 | TRANVIA | 221.721.410,41 | --- | 221.721.410,41",,alta,,"L'Allegato 3 elenca interventi ammissibili a finanziamento ma non rientranti nel piano di riparto. L'importo è il finanziamento ammissibile, non ancora assegnato."
2022 DI Mims Mef 97 20.04.2022.pdf,deepseek/deepseek-v4-pro-0813,off,,,Ministero delle Infrastrutture e della Mobilità Sostenibili,Ministero dell'Economia e delle Finanze,assegnazione,F47C19000370001,True,definitivo,,4,aggregato,,,,20900000.02,5225000.005,"20.900.000,02",totale,altro,ammissibile,FINANZIAMENTO AMMESSO,"art. 2, comma 1; Allegato 3 / [TABELLA pag.13 n.1], riga 2","COMUNE DI MILANO | METROPOLITANA LINEA M3: INTERVENTI DI ADEGUAMENTO ANTINCENDIO AI SENSI DEL DM 21.10.2015 | F47C19000370001 F47D17000140005 F47C19000380001 F47C19000390001 | METRO | 25.000.000,02 | 4.100.000,00 | 20.900.000,02",,alta,,Importo unico per quattro CUP; l'atto non ripartisce l'importo tra i CUP.
2022 DI Mims Mef 97 20.04.2022.pdf,deepseek/deepseek-v4-pro-0813,off,,,Ministero delle Infrastrutture e della Mobilità Sostenibili,Ministero dell'Economia e delle Finanze,assegnazione,F47D17000140005,True,definitivo,,4,aggregato,,,,20900000.02,5225000.005,"20.900.000,02",totale,altro,ammissibile,FINANZIAMENTO AMMESSO,"art. 2, comma 1; Allegato 3 / [TABELLA pag.13 n.1], riga 2","COMUNE DI MILANO | METROPOLITANA LINEA M3: INTERVENTI DI ADEGUAMENTO ANTINCENDIO AI SENSI DEL DM 21.10.2015 | F47C19000370001 F47D17000140005 F47C19000380001 F47C19000390001 | METRO | 25.000.000,02 | 4.100.000,00 | 20.900.000,02",,alta,,Importo unico per quattro CUP; l'atto non ripartisce l'importo tra i CUP.
2022 DI Mims Mef 97 20.04.2022.pdf,deepseek/deepseek-v4-pro-0813,off,,,Ministero delle Infrastrutture e della Mobilità Sostenibili,Ministero dell'Economia e delle Finanze,assegnazione,F47C19000380001,True,definitivo,,4,aggregato,,,,20900000.02,5225000.005,"20.900.000,02",totale,altro,ammissibile,FINANZIAMENTO AMMESSO,"art. 2, comma 1; Allegato 3 / [TABELLA pag.13 n.1], riga 2","COMUNE DI MILANO | METROPOLITANA LINEA M3: INTERVENTI DI ADEGUAMENTO ANTINCENDIO AI SENSI DEL DM 21.10.2015 | F47C19000370001 F47D17000140005 F47C19000380001 F47C19000390001 | METRO | 25.000.000,02 | 4.100.000,00 | 20.900.000,02",,alta,,Importo unico per quattro CUP; l'atto non ripartisce l'importo tra i CUP.
2022 DI Mims Mef 97 20.04.2022.pdf,deepseek/deepseek-v4-pro-0813,off,,,Ministero delle Infrastrutture e della Mobilità Sostenibili,Ministero dell'Economia e delle Finanze,assegnazione,F47C19000390001,True,definitivo,,4,aggregato,,,,20900000.02,5225000.005,"20.900.000,02",totale,altro,ammissibile,FINANZIAMENTO AMMESSO,"art. 2, comma 1; Allegato 3 / [TABELLA pag.13 n.1], riga 2","COMUNE DI MILANO | METROPOLITANA LINEA M3: INTERVENTI DI ADEGUAMENTO ANTINCENDIO AI SENSI DEL DM 21.10.2015 | F47C19000370001 F47D17000140005 F47C19000380001 F47C19000390001 | METRO | 25.000.000,02 | 4.100.000,00 | 20.900.000,02",,alta,,Importo unico per quattro CUP; l'atto non ripartisce l'importo tra i CUP.
2022 DI Mims Mef 97 20.04.2022.pdf,deepseek/deepseek-v4-pro-0813,off,,,Ministero delle Infrastrutture e della Mobilità Sostenibili,Ministero dell'Economia e delle Finanze,assegnazione,F47C19000350001,True,definitivo,,2,aggregato,,,,45000000.07,22500000.035,"45.000.000,07",totale,altro,ammissibile,FINANZIAMENTO AMMESSO,"art. 2, comma 1; Allegato 3 / [TABELLA pag.13 n.1], riga 3","COMUNE DI MILANO | METROPOLITANA LINEE M1 + M2 - INTERVENTI DI ADEGUAMENTO ANTINCENDIO AI SENSI DEL DM 21.10.2015 FASE 2 | F47C19000350001 F47C19000360001 | METRO | 45.000.000,07 | --- | 45.000.000,07",,alta,,Importo unico per due CUP. L'atto non ripartisce l'importo tra i CUP.
2022 DI Mims Mef 97 20.04.2022.pdf,deepseek/deepseek-v4-pro-0813,off,,,Ministero delle Infrastrutture e della Mobilità Sostenibili,Ministero dell'Economia e delle Finanze,assegnazione,F47C19000360001,True,definitivo,,2,aggregato,,,,45000000.07,22500000.035,"45.000.000,07",totale,altro,ammissibile,FINANZIAMENTO AMMESSO,"art. 2, comma 1; Allegato 3 / [TABELLA pag.13 n.1], riga 3","COMUNE DI MILANO | METROPOLITANA LINEE M1 + M2 - INTERVENTI DI ADEGUAMENTO ANTINCENDIO AI SENSI DEL DM 21.10.2015 FASE 2 | F47C19000350001 F47C19000360001 | METRO | 45.000.000,07 | --- | 45.000.000,07",,alta,,Importo unico per due CUP. L'atto non ripartisce l'importo tra i CUP.
2022 DI Mims Mef 97 20.04.2022.pdf,deepseek/deepseek-v4-pro-0813,off,,,Ministero delle Infrastrutture e della Mobilità Sostenibili,Ministero dell'Economia e delle Finanze,assegnazione,B34J18000220001,True,definitivo,,2,aggregato,,,,74516124.63,37258062.315,"74.516.124,63",totale,altro,ammissibile,FINANZIAMENTO AMMESSO,"art. 2, comma 1; Allegato 3 / [TABELLA pag.13 n.1], riga 4","COMUNE DI GENOVA | LINEA METROPOLITANA: PROLUNGAMENTO A RIVAROLO E COMPLETAMENTO DELLA STAZIONE DI MARTINEZ / TERRALBA | B34J18000220001 B34J18000230001 | METRO | 74.516.124,63 | --- | 74.516.124,63",,alta,,Importo unico per due CUP. L'atto non ripartisce l'importo tra i CUP.
2022 DI Mims Mef 97 20.04.2022.pdf,deepseek/deepseek-v4-pro-0813,off,,,Ministero delle Infrastrutture e della Mobilità Sostenibili,Ministero dell'Economia e delle Finanze,assegnazione,B34J18000230001,True,definitivo,,2,aggregato,,,,74516124.63,37258062.315,"74.516.124,63",totale,altro,ammissibile,FINANZIAMENTO AMMESSO,"art. 2, comma 1; Allegato 3 / [TABELLA pag.13 n.1], riga 4","COMUNE DI GENOVA | LINEA METROPOLITANA: PROLUNGAMENTO A RIVAROLO E COMPLETAMENTO DELLA STAZIONE DI MARTINEZ / TERRALBA | B34J18000220001 B34J18000230001 | METRO | 74.516.124,63 | --- | 74.516.124,63",,alta,,Importo unico per due CUP. L'atto non ripartisce l'importo tra i CUP.
2023 DM MIT 342-2023.pdf,deepseek/deepseek-v4-pro-0813,off,,,Ministero delle Infrastrutture e dei Trasporti,,rettifica,,False,,,0,singolo,7150,4,2033,217585.0,217585.0,217.585,quota,rimodulazione,rimodulato,,"art. 1, comma 1; Allegato 3 / [TABELLA pag.11 n.1], riga 2033","assegna, per l’annualità 2033, alla Regione Veneto risorse pari a 217.585 euro, in luogo dei precedenti 117.585 euro","decreto del Ministro delle infrastrutture e della mobilità sostenibili del 23 settembre 2021, n. 364",alta,,Rettifica importo annualità 2033 per Regione Veneto. Valore originario 117.585 euro.
2023 DM MIT 342-2023.pdf,deepseek/deepseek-v4-pro-0813,off,,,Ministero delle Infrastrutture e dei Trasporti,,rettifica,,False,,,0,singolo,7150,4,2033,690994.0,690994.0,690.994,quota,assegnazione,rimodulato,,"art. 1, comma 1; Allegato 3 / [TABELLA pag.11 n.1], riga 2033","alla Regione Emilia Romagna risorse pari a 690.994 euro, in luogo dei precedenti 790.994 euro","decreto del Ministro delle infrastrutture e della mobilità sostenibili del 23 settembre 2021, n. 364",alta,,Rettifica importo annualità 2033 per Regione Emilia Romagna. Valore originario 790.994 euro.
2023 DM MIT 342-2023.pdf,deepseek/deepseek-v4-pro-0813,off,,,Ministero delle Infrastrutture e dei Trasporti,,rettifica,,False,,,0,singolo,7150,4,2032,125266.0,125266.0,125.266,quota,assegnazione,rimodulato,,"art. 1, comma 1; Allegato 3 / [TABELLA pag.11 n.1], riga 2032","per l’annualità 2032, assegna alla Regione Veneto risorse pari a 125.266 euro, in luogo dei precedenti 125.268 euro","decreto del Ministro delle infrastrutture e della mobilità sostenibili del 23 settembre 2021, n. 364",alta,,Rettifica importo annualità 2032 per Regione Veneto. Valore originario 125.268 euro.
2023 DM MIT 342-2023.pdf,deepseek/deepseek-v4-pro-0813,off,,,Ministero delle Infrastrutture e dei Trasporti,,rettifica,,False,,,0,singolo,7150,4,2032,842682.0,842682.0,842.682,quota,assegnazione,rimodulato,,"art. 1, comma 1; Allegato 3 / [TABELLA pag.11 n.1], riga 2032","alla Regione Emilia Romagna risorse pari a 842.682 euro, in luogo dei precedenti 842.680 euro","decreto del Ministro delle infrastrutture e della mobilità sostenibili del 23 settembre 2021, n. 364",alta,,Rettifica importo annualità 2032 per Regione Emilia Romagna. Valore originario 842.680 euro.
2023 DM MIT 342-2023.pdf,deepseek/deepseek-v4-pro-0813,off,,,Ministero delle Infrastrutture e dei Trasporti,,rettifica,H49J21005480003,True,definitivo,,1,singolo,7150,3,,256450.0,256450.0,"256.450,00",totale,assegnazione,assegnato,IMPORTO AMMASSO A FINANZIAMENTO CENTRO - NORD - POTENZIAMENTO,"Allegato 1 / [TABELLA pag.4 n.1], riga 1","FERROVIA GENOVA CASELLA | ... | 256.450,00 | 0,00 | 256.450,00 | 256.450,00 | H49J21005480003",,alta,,Importo aggregato per più interventi (CUP unico per la tratta).
2023 DM MIT 342-2023.pdf,deepseek/deepseek-v4-pro-0813,off,,,Ministero delle Infrastrutture e dei Trasporti,,rettifica,C75B23000000001,True,definitivo,,1,singolo,7150,3,,10543255.0,10543255.0,"10.543.255,00",totale,assegnazione,assegnato,IMPORTO AMMASSO A FINANZIAMENTO CENTRO - NORD - POTENZIAMENTO,"Allegato 1 / [TABELLA pag.4 n.1], riga 2","RINNOVO, POTENZIAMENTO E MESSA IN SICUREZZA ... | 10.543.255,00 | 0,00 | 10.543.255,00 | 10.543.255,00 | C75B23000000001",,alta,,
2023 DM MIT 342-2023.pdf,deepseek/deepseek-v4-pro-0813,off,,,Ministero delle Infrastrutture e dei Trasporti,,rettifica,C71G22000090001,True,definitivo,,1,singolo,7150,3,,7000000.0,7000000.0,"7.000.000,00",totale,assegnazione,assegnato,IMPORTO AMMASSO A FINANZIAMENTO CENTRO - NORD - POTENZIAMENTO,"Allegato 1 / [TABELLA pag.4 n.1], riga 3","POTENZIAMENTO DEL SISTEMA DI ALIMENTAZIONE ELETTRICA ... | 7.000.000,00 | 0,00 | 7.000.000,00 | 7.000.000,00 | C71G22000090001",,alta,,
2023 DM MIT 342-2023.pdf,deepseek/deepseek-v4-pro-0813,off,,,Ministero delle Infrastrutture e dei Trasporti,,rettifica,E51B21002250001,True,definitivo,,1,singolo,7150,3,,20000000.0,20000000.0,"20.000.000,00",totale,assegnazione,assegnato,IMPORTO AMMASSO A FINANZIAMENTO CENTRO - NORD - POTENZIAMENTO,"Allegato 1 / [TABELLA pag.4 n.1], riga 4","INTERVENTI SULLA RETE PER STABILIZZAZIONE ORARIO ... | 20.000.000,00 | 0,00 | 20.000.000,00 | 20.000.000,00 | E51B21002250001",,alta,,
2023 DM MIT 342-2023.pdf,deepseek/deepseek-v4-pro-0813,off,,,Ministero delle Infrastrutture e dei Trasporti,,rettifica,B41E04000210001,True,definitivo,,1,singolo,7150,3,,50000000.0,50000000.0,"50.000.000,00",totale,assegnazione,assegnato,IMPORTO AMMASSO A FINANZIAMENTO SUD POTENZIAMENTO,"Allegato 1 / [TABELLA pag.5 n.1], riga 1","LINEA 1 DELLA METROPOLITANA DI NAPOLI ... | 50.000.000,00 | 50.000.000,00 | 100.000.000,00 | 50.000.000,00 | B41E04000210001",,alta,,
2023 DM MIT 342-2023.pdf,deepseek/deepseek-v4-pro-0813,off,,,Ministero delle Infrastrutture e dei Trasporti,,rettifica,F61B21003640009,True,definitivo,,1,singolo,7150,3,,30000000.0,30000000.0,"30.000.000,00",totale,assegnazione,assegnato,IMPORTO AMMASSO A FINANZIAMENTO SUD POTENZIAMENTO,"Allegato 1 / [TABELLA pag.5 n.1], riga 2","NUOVO TELECOMANDO LINEE FLEGREE ... | 30.000.000,00 | 0,00 | 30.000.000,00 | 30.000.000,00 | F61B21003640009",,alta,,
2023 DM MIT 342-2023.pdf,deepseek/deepseek-v4-pro-0813,off,,,Ministero delle Infrastrutture e dei Trasporti,,rettifica,G31G22000250001,True,definitivo,,1,singolo,7150,3,,2800000.0,2800000.0,"2.800.000,00",totale,assegnazione,assegnato,IMPORTO AMMASSO A FINANZIAMENTO SUD POTENZIAMENTO,"Allegato 1 / [TABELLA pag.5 n.1], riga 3","RIFACIMENTO PENSILINA BARI CENTRALE ... | 2.800.000,00 | 0,00 | 2.800.000,00 | 2.800.000,00 | G31G22000250001",,alta,,
2023 DM MIT 342-2023.pdf,deepseek/deepseek-v4-pro-0813,off,,,Ministero delle Infrastrutture e dei Trasporti,,rettifica,D69D15002090001,True,definitivo,,2,aggregato,7150,3,,50000000.0,25000000.0,"50.000.000,00",totale,assegnazione,assegnato,IMPORTO AMMASSO A FINANZIAMENTO SUD POTENZIAMENTO,"Allegato 1 / [TABELLA pag.5 n.1], riga 4","COMPLETAMENTO ELETTRIFICAZIONE DORSALE SALENTO ... | 50.000.000,00 | 130.000.000,00 | 180.000.000,00 | 50.000.000,00 | Lotto 4 - D69D15002090001 Lotto 3 - D49D15001920001",,alta,,Importo unico per due lotti/CUP; l'atto non ripartisce.
2023 DM MIT 342-2023.pdf,deepseek/deepseek-v4-pro-0813,off,,,Ministero delle Infrastrutture e dei Trasporti,,rettifica,D49D15001920001,True,definitivo,,2,aggregato,7150,3,,50000000.0,25000000.0,"50.000.000,00",totale,assegnazione,assegnato,IMPORTO AMMASSO A FINANZIAMENTO SUD POTENZIAMENTO,"Allegato 1 / [TABELLA pag.5 n.1], riga 4","COMPLETAMENTO ELETTRIFICAZIONE DORSALE SALENTO ... | 50.000.000,00 | 130.000.000,00 | 180.000.000,00 | 50.000.000,00 | Lotto 4 - D69D15002090001 Lotto 3 - D49D15001920001",,alta,,Importo unico per due lotti/CUP; l'atto non ripartisce.
2023 DM MIT 342-2023.pdf,deepseek/deepseek-v4-pro-0813,off,,,Ministero delle Infrastrutture e dei Trasporti,,rettifica,G71B18000620005,True,definitivo,,1,singolo,7150,3,,2500000.0,2500000.0,"2.500.000,00",totale,assegnazione,assegnato,IMPORTO AMMASSO A FINANZIAMENTO SUD POTENZIAMENTO,"Allegato 1 / [TABELLA pag.5 n.1], riga 5","REALIZZAZIONE PARCHEGGIO DI INTERSCAMBIO NELLA STAZIONE DI ALTAMURA ... | 2.500.000,00 | 0,00 | 2.500.000,00 | 2.500.000,00 | G71B18000620005",,alta,,
2023 DM MIT 342-2023.pdf,deepseek/deepseek-v4-pro-0813,off,,,Ministero delle Infrastrutture e dei Trasporti,,rettifica,F81B21005610001,True,definitivo,,1,singolo,7150,3,,18000000.0,18000000.0,"18.000.000,00",totale,assegnazione,assegnato,IMPORTO AMMASSO A FINANZIAMENTO SUD POTENZIAMENTO,"Allegato 1 / [TABELLA pag.6 n.1], riga 1","VARIANTE DI TRACCIATO, REALIZZAZIONE PUNTI DI INCROCIO ... | 26.400.000,00 | 0,00 | 26.400.000,00 | 18.000.000,00 | F81B21005610001",,alta,,"L'importo assegnato è 18.000.000,00 (colonna 'IMPORTO AMMASSO A FINANZIAMENTO SUD POTENZIAMENTO'), non il totale intervento."
2023 DM MIT 342-2023.pdf,deepseek/deepseek-v4-pro-0813,off,,,Ministero delle Infrastrutture e dei Trasporti,,rettifica,I61B21003020001,True,definitivo,,1,singolo,7150,3,,9900000.0,9900000.0,"9.900.000,00",totale,assegnazione,assegnato,IMPORTO AMMASSO A FINANZIAMENTO SUD POTENZIAMENTO,"Allegato 1 / [TABELLA pag.6 n.1], riga 2","LAVORI DI REALIZZAZIONE DELLA NUOVA STAZIONE FERROVIARIA DI CATANZARO CITTÀ ... | 9.900.000,00 | 0,00 | 9.900.000,00 | 9.900.000,00 | I61B21003020001",,alta,,
2023 DM MIT 342-2023.pdf,deepseek/deepseek-v4-pro-0813,off,,,Ministero delle Infrastrutture e dei Trasporti,,rettifica,I67H21003160001,True,definitivo,,1,singolo,7150,3,,2900000.0,2900000.0,"2.900.000,00",totale,assegnazione,assegnato,IMPORTO AMMASSO A FINANZIAMENTO SUD POTENZIAMENTO,"Allegato 1 / [TABELLA pag.6 n.1], riga 3","LAVORI DI MIGLIORAMENTO DELLA FRUIBILITÀ DELLA LINEA FERROVIARIA ... | 2.900.000,00 | 0,00 | 2.900.000,00 | 2.900.000,00 | I67H21003160001",,alta,,
2023 DM MIT 342-2023.pdf,deepseek/deepseek-v4-pro-0813,off,,,Ministero delle Infrastrutture e dei Trasporti,,rettifica,B89J21020930005,True,definitivo,,1,singolo,7150,3,,1200000.0,1200000.0,"1.200.000,00",totale,assegnazione,assegnato,IMPORTO AMMASSO A FINANZIAMENTO SUD POTENZIAMENTO,"Allegato 1 / [TABELLA pag.6 n.1], riga 4","CREAZIONE POSTO INTERMEDIO LOCALITÀ GUASTACCONCIA ... | 1.200.000,00 | 0,00 | 1.200.000,00 | 1.200.000,00 | B89J21020930005",,alta,,
2023 DM MIT 342-2023.pdf,deepseek/deepseek-v4-pro-0813,off,,,Ministero delle Infrastrutture e dei Trasporti,,rettifica,I57H21005640001,True,definitivo,,1,singolo,7150,4,,1512215.0,1512215.0,"1.512.215,00",totale,assegnazione,assegnato,SICUREZZA,"Allegato 2 / [TABELLA pag.7 n.1], riga 1","INTERVENTI STRUTTURALI DI RISANAMENTO PONTE IN C.A. AL KM. 14+355 ... | 1.512.215,00 | 0,00 | 1.512.215,00 | 1.512.215,00 | I57H21005640001",,alta,,Importo corretto rispetto all'errore materiale citato nel preambolo.
2023 DM MIT 342-2023.pdf,deepseek/deepseek-v4-pro-0813,off,,,Ministero delle Infrastrutture e dei Trasporti,,rettifica,B19F22013250002,True,definitivo,,1,singolo,7150,4,,2400000.0,2400000.0,"2.400.000,00",totale,assegnazione,assegnato,SICUREZZA,"Allegato 2 / [TABELLA pag.7 n.1], riga 2","ELIMINAZIONE DI DUE PASSAGGI A LIVELLO DI TIPO AUTOMATICO ... | 2.400.000,00 | 0,00 | 2.400.000,00 | 2.400.000,00 | B19F22013250002",,alta,,
2023 DM MIT 342-2023.pdf,deepseek/deepseek-v4-pro-0813,off,,,Ministero delle Infrastrutture e dei Trasporti,,rettifica,C89F23000050001,True,definitivo,,1,singolo,7150,4,,600000.0,600000.0,"600.000,00",totale,assegnazione,assegnato,SICUREZZA,"Allegato 2 / [TABELLA pag.7 n.1], riga 3","SOPPRESSIONE DI QUATTRO PASSAGGI A LIVELLO PRIVATI ... | 600.000,00 | 0,00 | 600.000,00 | 600.000,00 | C89F23000050001",,alta,,
2023 DM MIT 342-2023.pdf,deepseek/deepseek-v4-pro-0813,off,,,Ministero delle Infrastrutture e dei Trasporti,,rettifica,C99F23000050001,True,definitivo,,1,singolo,7150,4,,5400000.0,5400000.0,"5.400.000,00",totale,assegnazione,assegnato,SICUREZZA,"Allegato 2 / [TABELLA pag.8 n.1], riga 1","LINEA BOLOGNA- PORTOMAGGIORE , SOPPRESSIONE PL IN LOC. CA’ DELL'ORBO ... | 5.400.000,00 | 1.600.000,00 | 7.000.000,00 | 5.400.000,00 | C99F23000050001",,alta,,"L'importo assegnato è 5.400.000,00 (colonna SICUREZZA), non il totale intervento."
2023 DM MIT 342-2023.pdf,deepseek/deepseek-v4-pro-0813,off,,,Ministero delle Infrastrutture e dei Trasporti,,rettifica,C56G21008730001,True,definitivo,,1,singolo,7150,4,,3400000.0,3400000.0,"3.400.000,00",totale,assegnazione,assegnato,SICUREZZA,"Allegato 2 / [TABELLA pag.8 n.1], riga 2","UPGRADE CON IMPIANTI MULTI‐ ACC ... | 3.400.000,00 | 0,00 | 3.400.000,00 | 3.400.000,00 | C56G21008730001",,alta,,
2023 DM MIT 342-2023.pdf,deepseek/deepseek-v4-pro-0813,off,,,Ministero delle Infrastrutture e dei Trasporti,,rettifica,F41B21005790009,True,definitivo,,1,singolo,7150,4,,30000000.0,30000000.0,30.000.000,totale,assegnazione,assegnato,SICUREZZA,"Allegato 2 / [TABELLA pag.9 n.1], riga 1","SOPPRESSIONE PP.LL. RETE FERROVIARIA EAV ... | 30.000.000 | 0,00 | 30.000.000 | 30.000.000 | F41B21005790009",,alta,,
2023 DM MIT 342-2023.pdf,deepseek/deepseek-v4-pro-0813,off,,,Ministero delle Infrastrutture e dei Trasporti,,rettifica,G31G22000260001,True,definitivo,,1,singolo,7150,4,,7200000.0,7200000.0,7.200.000,totale,assegnazione,assegnato,SICUREZZA,"Allegato 2 / [TABELLA pag.9 n.1], riga 2",RADDOPPIO TRA BARI SANT’ANDREA E MODUGNO ... | 7.200.000 | 0 | 7.200.000 | 7.200.000 | G31G22000260001,,alta,,
2023 DM MIT 342-2023.pdf,deepseek/deepseek-v4-pro-0813,off,,,Ministero delle Infrastrutture e dei Trasporti,,rettifica,G11B18000550005,True,definitivo,,1,singolo,7150,4,,3500000.0,3500000.0,3.500.000,totale,assegnazione,assegnato,SICUREZZA,"Allegato 2 / [TABELLA pag.10 n.1], riga 1","Interventi sui piazzali di Matera Serra Rifusa ... | 3.500.000,00 | 0 | 3.500.000 | 3.500.000 | G11B18000550005",,alta,,
2023 DM MIT 342-2023.pdf,deepseek/deepseek-v4-pro-0813,off,,,Ministero delle Infrastrutture e dei Trasporti,,rettifica,B81B21003770005,True,definitivo,,1,singolo,7150,4,,1750000.0,1750000.0,1.750.000,totale,assegnazione,assegnato,SICUREZZA,"Allegato 2 / [TABELLA pag.10 n.1], riga 2","TESATURA DEI CONDUTTORI IN RAME ... | 1.750.000,00 | 0 | 1.750.000 | 1.750.000 | B81B21003770005",,alta,,
2025 DD MIT 141-2025.pdf,deepseek/deepseek-v4-pro-0813,off,141,2025-04-18,Ministero delle Infrastrutture e dei Trasporti,,impegno,E51I04000010007,True,definitivo,,1,singolo,7419,2,2024-2032,2125000000.0,2125000000.0,"€ 2.125.000.000,00",totale,assegnazione,impegnato,,Art. 3; [TABELLA pag.5 n.1],"È autorizzato l'impegno delle risorse di cui al citato articolo 1, comma 478, della legge 29 dicembre 2022, n. 197, sul capitolo 7419, piano gestionale 2 ... per la somma complessiva di € 2.125.000.000,00","Legge 29 dicembre 2022, n. 197, art. 1, comma 478",alta,,L'importo complessivo è ripartito in quote annuali dal 2024 al 2032 come da tabella. Le quote annuali non generano record separati in quanto l'importo complessivo è già registrato.
2025 DD MIT 141-2025.pdf,deepseek/deepseek-v4-pro-0813,off,141,2025-04-18,Ministero delle Infrastrutture e dei Trasporti,,impegno,E51I04000010007,True,definitivo,,1,singolo,7416,1,2027-2028,75000000.0,75000000.0,"€ 75.000.000,00",totale,assegnazione,impegnato,,Art. 4,"È autorizzato l’impegno delle risorse di cui al citato art.1, comma 478, della legge 29 dicembre 2022, n.197, sul capitolo 7416 piano gestonale 1 ... per la somma complessiva di € 75.000.000,00","Legge 29 dicembre 2022, n. 197, art. 1, comma 478",alta,,"L'importo complessivo è ripartito in € 50.000.000,00 per il 2027 e € 25.000.000,00 per il 2028. Le quote annuali non generano record separati."
2022 DD MIT 454-2022.pdf,google/gemma-4-26b-a4b-it,off,,,Ministero delle infrastrutture e dei trasporti,,impegno,E51I04000010007,True,definitivo,,1,singolo,7426,1,,14000000.0,14000000.0,"€ 14.000.000,00",totale,impegno,impegnato,,art. 1,"è autorizzato, per il corrente esercizio finanziario, a favore di Roma Capitale per l’intervento ""Tratta Colosseo - Piazza Venezia della Linea C della metropolitana di Roma” CUP E51I04000010007, l’impegno di € 14.000.000,00",,alta,,"esercizio di provenienza 2021, in conto residui di lettera F"
2022 DD MIT 454-2022.pdf,google/gemma-4-26b-a4b-it,off,,,Ministero delle infrastrutture e dei trasporti,,impegno,E51I04000010007,True,definitivo,,1,singolo,7426,1,2022-2025,131000000.0,131000000.0,"€ 131.000.000,00",totale,impegno,impegnato,,art. 2; [TABELLA pag.3 n.1],"è autorizzato l’impegno, sul capitolo 7426, piano di gestione 1 [...] per l’importo complessivo di € 131.000.000,00 a favore di Roma Capitale, per l’intervento ""Tratta Colosseo - Piazza Venezia della Linea C della metropolitana di Roma” CUP E51I04000010007",,alta,,"L'importo è ripartito nelle annualità 2022, 2023, 2024 e 2025 come indicato in tabella."
2022 DDG 128 del 02-05-22.pdf,google/gemma-4-26b-a4b-it,off,,,Ministero delle infrastrutture e della mobilità sostenibili,,impegno,H94I19000130004,True,definitivo,,1,singolo,7400,7,2020-2034,97154124.1,97154124.1,"97.154.124,10",totale,impegno,impegnato,Totale,"Art. 1; Art. 2; [TABELLA pag.4 n.1], riga 2","Comune di Padova | H94I19000130004 | 7400/PG 7 | ... | 97.154.124,10",,alta,,
2022 DDG 128 del 02-05-22.pdf,google/gemma-4-26b-a4b-it,off,,,Ministero delle infrastrutture e della mobilità sostenibili,,impegno,J80J18000000001,True,definitivo,,1,singolo,7400,7,2020-2034,159466174.12,159466174.12,"159.466.174,12",totale,impegno,impegnato,Totale,"Art. 1; Art. 2; [TABELLA pag.4 n.1], riga 3","Roma Capitale | J80J18000000001 | 7400/PG 7 | ... | 159.466.174,12",,alta,,
2022 DDG 128 del 02-05-22.pdf,google/gemma-4-26b-a4b-it,off,,,Ministero delle infrastrutture e della mobilità sostenibili,,impegno,C11B21008720001,True,definitivo,,2,aggregato,7400,7,2020-2034,44494493.04,22247246.52,"44.494.493,04",totale,impegno,impegnato,Totale,"[TABELLA pag.4 n.1], riga 4","Comune di Torino | C11B21008720001 D81E20000410007 | 7400/PG 7 | ... | 44.494.493,04",,alta,,importo unico per due CUP associati al Comune di Torino
2022 DDG 128 del 02-05-22.pdf,google/gemma-4-26b-a4b-it,off,,,Ministero delle infrastrutture e della mobilità sostenibili,,impegno,D81E20000410007,True,definitivo,,2,aggregato,7400,7,2020-2034,44494493.04,22247246.52,"44.494.493,04",totale,impegno,impegnato,Totale,"[TABELLA pag.4 n.1], riga 4","Comune di Torino | C11B21008720001 D81E20000410007 | 7400/PG 7 | ... | 44.494.493,04",,alta,,importo unico per due CUP associati al Comune di Torino
2022 DDG 128 del 02-05-22.pdf,google/gemma-4-26b-a4b-it,off,,,Ministero delle infrastrutture e della mobilità sostenibili,,impegno,C81B21013200005,True,definitivo,,1,singolo,7400,7,2020-2034,333059208.74,333059208.74,"333.059.208,74",totale,impegno,impegnato,Totale,"Art. 2; [TABELLA pag.4 n.1], riga 5","Comune di Brescia | C81B21013200005 | 7400/PG 7 | ... | 333.059.208,74",,alta,,
2022 DDG 128 del 02-05-22.pdf,google/gemma-4-26b-a4b-it,off,,,Ministero delle infrastrutture e della mobilità sostenibili,,impegno,C81B21013200005,True,definitivo,,1,singolo,7400,1,2029-2034,26486678.33,26486678.33,"26.486.678,33",totale,impegno,impegnato,Totale,"Art. 3; [TABELLA pag.4 n.1], riga 6","Comune di Brescia | C81B21013200005 | 7400/PG 1 | ... | 26.486.678,33",,alta,,impegno in conto competenza per gli esercizi 2029-2034
2022 DDG 128 del 02-05-22.pdf,google/gemma-4-26b-a4b-it,off,,,Ministero delle infrastrutture e della mobilità sostenibili,,impegno,,False,,,0,singolo,7400,7,,3000000.0,3000000.0,"3.000.000,00",totale,impegno,impegnato,,art. 1,"è autorizzato l’impegno di euro 3.000.000,00 in conto residui",,alta,,"impegno in conto residui (1 mln da 2020, 2 mln da 2021)"
2022 DI Mims Mef 97 20.04.2022.pdf,google/gemma-4-26b-a4b-it,off,,,Ministero delle Infrastrutture e della Mobilità Sostenibili,Ministero dell'Economia e delle Finanze,assegnazione,B39J22001360001,True,definitivo,,1,singolo,7400,8,,398000000.0,398000000.0,"398.000.000,00",totale,assegnazione,assegnato,FINANZIAMENTO AMMESSO,"Allegato 1 / [TABELLA pag.10 n.1], riga 1","SKYMETRO VAL BISAGNO GENOVA | B39J22001360001 | 398.000.000,00",,alta,,
2022 DI Mims Mef 97 20.04.2022.pdf,google/gemma-4-26b-a4b-it,off,,,Ministero delle Infrastrutture e della Mobilità Sostenibili,Ministero dell'Economia e delle Finanze,assegnazione,B31F20000030005,True,definitivo,,1,singolo,7400,8,,20860000.0,20860000.0,"20.860.000,00",totale,assegnazione,assegnato,FINANZIAMENTO AMMESSO,"Allegato 1 / [TABELLA pag.10 n.1], riga 2","PROLUNGAMENTO METROPOLITANA DI GENOVA... | B31F20000030005 | 20.860.000,00",,alta,,
2022 DI Mims Mef 97 20.04.2022.pdf,google/gemma-4-26b-a4b-it,off,,,Ministero delle Infrastrutture e della Mobilità Sostenibili,Ministero dell'Economia e delle Finanze,assegnazione,B44D20000040001,True,definitivo,,1,singolo,7400,8,,180000000.0,180000000.0,"180.000.000,00",totale,assegnazione,assegnato,FINANZIAMENTO AMMESSO,"Allegato 1 / [TABELLA pag.10 n.1], riga 3","LINEA METROPOLITANA M1 PROLUNGAMENTO... | B44D20000040001 | 180.000.000,00",,alta,,
2022 DI Mims Mef 97 20.04.2022.pdf,google/gemma-4-26b-a4b-it,off,,,Ministero delle Infrastrutture e della Mobilità Sostenibili,Ministero dell'Economia e delle Finanze,assegnazione,B91J21000040001,True,definitivo,,1,singolo,7400,8,,420000000.0,420000000.0,"420.000.000,00",totale,assegnazione,assegnato,FINANZIAMENTO AMMESSO,"Allegato 1 / [TABELLA pag.10 n.1], riga 4","PROLUNGAMENTO LINEA METROPOLITANA M4... | B91J21000040001 | 420.000.000,00",,alta,,
2022 DI Mims Mef 97 20.04.2022.pdf,google/gemma-4-26b-a4b-it,off,,,Ministero delle Infrastrutture e della Mobilità Sostenibili,Ministero dell'Economia e delle Finanze,assegnazione,B41J21000050006,True,definitivo,,1,singolo,7400,8,,4500000.0,4500000.0,"4.500.000,00",totale,assegnazione,assegnato,FINANZIAMENTO AMMESSO,"Allegato 1 / [TABELLA pag.10 n.1], riga 5","NUOVA LINEA METROPOLITANA M6 RAMO SUD... | B41J21000050006 | 4.500.000,00",,alta,,
2022 DI Mims Mef 97 20.04.2022.pdf,google/gemma-4-26b-a4b-it,off,,,Ministero delle Infrastrutture e della Mobilità Sostenibili,Ministero dell'Economia e delle Finanze,assegnazione,B41C21000010001,True,definitivo,,1,singolo,7400,8,,5500000.0,5500000.0,"5.500.000,00",totale,assegnazione,assegnato,FINANZIAMENTO AMMESSO,"Allegato 1 / [TABELLA pag.10 n.1], riga 6","PROLUNGAMENTO M3 SAN DONATO... | B41C21000010001 | 5.500.000,00",,alta,,
2022 DI Mims Mef 97 20.04.2022.pdf,google/gemma-4-26b-a4b-it,off,,,Ministero delle Infrastrutture e della Mobilità Sostenibili,Ministero dell'Economia e delle Finanze,assegnazione,F41B22000740009,True,definitivo,F41B22000740009,2,aggregato,7400,8,,631373163.0,315686581.5,"631.373.163,00",totale,assegnazione,assegnato,FINANZIAMENTO AMMESSO,"Allegato 1 / [TABELLA pag.10 n.1], righe 7-8","NUOVO COLLEGAMENTO... LOTTO 1°_STRALCIO I | F41B22000740009 | 631.373.163,00",,media,,L'importo è associato al CUP Master F41B22000740009 per il lotto 1
2022 DI Mims Mef 97 20.04.2022.pdf,google/gemma-4-26b-a4b-it,off,,,Ministero delle Infrastrutture e della Mobilità Sostenibili,Ministero dell'Economia e delle Finanze,assegnazione,F41B22000830009,True,definitivo,F41B22000740009,2,aggregato,7400,8,,631373163.0,315686581.5,"631.373.163,00",totale,assegnazione,assegnato,FINANZIAMENTO AMMESSO,"Allegato 1 / [TABELLA pag.10 n.1], righe 7-8","NUOVO COLLEGAMENTO... LOTTO 1°_STRALCIO I | F41B22000740009 | 631.373.163,00",,media,,L'importo è associato al CUP Master F41B22000740009 per il lotto 1
2022 DI Mims Mef 97 20.04.2022.pdf,google/gemma-4-26b-a4b-it,off,,,Ministero delle Infrastrutture e della Mobilità Sostenibili,Ministero dell'Economia e delle Finanze,assegnazione,E51I04000010007,True,definitivo,,1,singolo,7400,8,,610000000.0,610000000.0,"610.000.000,00",totale,assegnazione,assegnato,FINANZIAMENTO AMMESSO,"Allegato 1 / [TABELLA pag.10 n.1], riga 9","LINEA C DELLA METROPOLITANA DI ROMA... | E51I04000010007 | 610.000.000,00",,alta,,Riferito alla sub-tratta funzionale
2022 DI Mims Mef 97 20.04.2022.pdf,google/gemma-4-26b-a4b-it,off,,,Ministero delle Infrastrutture e della Mobilità Sostenibili,Ministero dell'Economia e delle Finanze,assegnazione,E51I04000010007,True,definitivo,,1,singolo,7400,8,,990000000.0,990000000.0,"990.000.000,00",totale,assegnazione,assegnato,FINANZIAMENTO AMMESSO,"Allegato 1 / [TABELLA pag.10 n.1], riga 10","LINEA C DELLA METROPOLITANA DI ROMA - TRATTA T2... | E51I04000010007 | 990.000.000,00",,alta,,
2022 DI Mims Mef 97 20.04.2022.pdf,google/gemma-4-26b-a4b-it,off,,,Ministero delle Infrastrutture e della Mobilità Sostenibili,Ministero dell'Economia e delle Finanze,assegnazione,C71F20000020005,True,definitivo,,1,singolo,7400,8,,1000000000.0,1000000000.0,"1.000.000.000,00",totale,assegnazione,assegnato,FINANZIAMENTO AMMESSO,"Allegato 1 / [TABELLA pag.10 n.1], riga 11","METROPOLITANA AUTOMATICA DI TORINO... | C71F20000020005 | 1.000.000.000,00",,alta,,
2022 DI Mims Mef 97 20.04.2022.pdf,google/gemma-4-26b-a4b-it,off,,,Ministero delle Infrastrutture e della Mobilità Sostenibili,Ministero dell'Economia e delle Finanze,assegnazione,J81B21014060001,True,definitivo,,1,singolo,7400,1,,173183831.97,173183831.97,"173.183.831,97",totale,assegnazione,assegnato,FINANZIAMENTO AMMESSO,"Allegato 2 / [TABELLA pag.12 n.1], riga 1","LINEA TRANVIARIA TERMINI - VATICANO - AURELIO | J81B21014060001 | 173.183.831,97",,alta,,
2022 DI Mims Mef 97 20.04.2022.pdf,google/gemma-4-26b-a4b-it,off,,,Ministero delle Infrastrutture e della Mobilità Sostenibili,Ministero dell'Economia e delle Finanze,assegnazione,J84E21005150001,True,definitivo,,1,singolo,7400,1,,11284217.84,11284217.84,"11.284.217,84",totale,assegnazione,assegnato,FINANZIAMENTO AMMESSO,"Allegato 2 / [TABELLA pag.12 n.1], riga 2","DEPOSITO DI CENTOCELLE EST | J84E21005150001 | 11.284.217,84",,alta,,
2022 DI Mims Mef 97 20.04.2022.pdf,google/gemma-4-26b-a4b-it,off,,,Ministero delle Infrastrutture e della Mobilità Sostenibili,Ministero dell'Economia e delle Finanze,assegnazione,E31J19000030001,True,definitivo,,1,singolo,7400,1,,26500000.0,26500000.0,"26.500.000,00",totale,assegnazione,assegnato,FINANZIAMENTO AMMESSO,"Allegato 2 / [TABELLA pag.12 n.1], riga 3","SISTEMA DI TRASPORTO RAPIDO DI MASSA... | E31J19000030001 | 26.500.000,00",,alta,,
2022 DI Mims Mef 97 20.04.2022.pdf,google/gemma-4-26b-a4b-it,off,,,Ministero delle Infrastrutture e della Mobilità Sostenibili,Ministero dell'Economia e delle Finanze,assegnazione,F44I19000530001,True,definitivo,,1,singolo,7400,1,,122200000.0,122200000.0,"122.200.000,00",totale,assegnazione,assegnato,FINANZIAMENTO AMMESSO,"Allegato 2 / [TABELLA pag.12 n.1], riga 4","AMPLIAMENTO DEL DEPOSITO GALLARATESE... | F44I19000530001 | 122.200.000,00",,alta,,
2022 DI Mims Mef 97 20.04.2022.pdf,google/gemma-4-26b-a4b-it,off,,,Ministero delle Infrastrutture e della Mobilità Sostenibili,Ministero dell'Economia e delle Finanze,assegnazione,C11J22000000001,True,definitivo,,1,singolo,7400,1,,221721410.41,221721410.41,"221.721.410,41",totale,assegnazione,ammesso,FINANZIAMENTO AMMESSO,"Allegato 3 / [TABELLA pag.13 n.1], riga 1","PROLUNGAMENTO LINEA TRANVIARIA 12... | C11J22000000001 | 221.721.410,41",,alta,,
2022 DI Mims Mef 97 20.04.2022.pdf,google/gemma-4-26b-a4b-it,off,,,Ministero delle Infrastrutture e della Mobilità Sostenibili,Ministero dell'Economia e delle Finanze,assegnazione,F47C19000370001,True,definitivo,,4,aggregato,7400,1,,20900000.02,5225000.005,"20.900.000,02",totale,assegnazione,ammesso,FINANZIAMENTO AMMESSO,"Allegato 3 / [TABELLA pag.13 n.1], riga 2","METROPOLITANA LINEA M3... | F47C19000370001 F47D17000140005 F47C19000380001 F47C19000390001 | 20.900.000,02",,media,,Importo aggregato per più CUP relativi all'intervento M3
2022 DI Mims Mef 97 20.04.2022.pdf,google/gemma-4-26b-a4b-it,off,,,Ministero delle Infrastrutture e della Mobilità Sostenibili,Ministero dell'Economia e delle Finanze,assegnazione,F47D17000140005,True,definitivo,,4,aggregato,7400,1,,20900000.02,5225000.005,"20.900.000,02",totale,assegnazione,ammesso,FINANZIAMENTO AMMESSO,"Allegato 3 / [TABELLA pag.13 n.1], riga 2","METROPOLITANA LINEA M3... | F47C19000370001 F47D17000140005 F47C19000380001 F47C19000390001 | 20.900.000,02",,media,,Importo aggregato per più CUP relativi all'intervento M3
2022 DI Mims Mef 97 20.04.2022.pdf,google/gemma-4-26b-a4b-it,off,,,Ministero delle Infrastrutture e della Mobilità Sostenibili,Ministero dell'Economia e delle Finanze,assegnazione,F47C19000380001,True,definitivo,,4,aggregato,7400,1,,20900000.02,5225000.005,"20.900.000,02",totale,assegnazione,ammesso,FINANZIAMENTO AMMESSO,"Allegato 3 / [TABELLA pag.13 n.1], riga 2","METROPOLITANA LINEA M3... | F47C19000370001 F47D17000140005 F47C19000380001 F47C19000390001 | 20.900.000,02",,media,,Importo aggregato per più CUP relativi all'intervento M3
2022 DI Mims Mef 97 20.04.2022.pdf,google/gemma-4-26b-a4b-it,off,,,Ministero delle Infrastrutture e della Mobilità Sostenibili,Ministero dell'Economia e delle Finanze,assegnazione,F47C19000390001,True,definitivo,,4,aggregato,7400,1,,20900000.02,5225000.005,"20.900.000,02",totale,assegnazione,ammesso,FINANZIAMENTO AMMESSO,"Allegato 3 / [TABELLA pag.13 n.1], riga 2","METROPOLITANA LINEA M3... | F47C19000370001 F47D17000140005 F47C19000380001 F47C19000390001 | 20.900.000,02",,media,,Importo aggregato per più CUP relativi all'intervento M3
2022 DI Mims Mef 97 20.04.2022.pdf,google/gemma-4-26b-a4b-it,off,,,Ministero delle Infrastrutture e della Mobilità Sostenibili,Ministero dell'Economia e delle Finanze,assegnazione,F47C19000350001,True,definitivo,,2,aggregato,7400,1,,45000000.07,22500000.035,"45.000.000,07",totale,assegnazione,ammesso,FINANZIAMENTO AMMESSO,"Allegato 3 / [TABELLA pag.13 n.1], riga 3","METROPOLITANA LINEE M1 + M2... | F47C19000350001 O F47C19000360001 | 45.000.000,07",,media,,Importo aggregato per più CUP
2022 DI Mims Mef 97 20.04.2022.pdf,google/gemma-4-26b-a4b-it,off,,,Ministero delle Infrastrutture e della Mobilità Sostenibili,Ministero dell'Economia e delle Finanze,assegnazione,F47C19000360001,True,definitivo,,2,aggregato,7400,1,,45000000.07,22500000.035,"45.000.000,07",totale,assegnazione,ammesso,FINANZIAMENTO AMMESSO,"Allegato 3 / [TABELLA pag.13 n.1], riga 3","METROPOLITANA LINEE M1 + M2... | F47C19000350001 O F47C19000360001 | 45.000.000,07",,media,,Importo aggregato per più CUP
2022 DI Mims Mef 97 20.04.2022.pdf,google/gemma-4-26b-a4b-it,off,,,Ministero delle Infrastrutture e della Mobilità Sostenibili,Ministero dell'Economia e delle Finanze,assegnazione,B34J18000220001,True,definitivo,,2,aggregato,7400,1,,74516124.63,37258062.315,"74.516.124,63",totale,assegnazione,ammesso,FINANZIAMENTO AMMESSO,"Allegato 3 / [TABELLA pag.13 n.1], riga 4","LINEA METROPOLITANA: PROLUNGAMENTO A RIVAROLO... | B34J18000220001 B34J18000230001 | 74.516.124,63",,media,,Importo aggregato per due CUP
2022 DI Mims Mef 97 20.04.2022.pdf,google/gemma-4-26b-a4b-it,off,,,Ministero delle Infrastrutture e della Mobilità Sostenibili,Ministero dell'Economia e delle Finanze,assegnazione,B34J18000230001,True,definitivo,,2,aggregato,7400,1,,74516124.63,37258062.315,"74.516.124,63",totale,assegnazione,ammesso,FINANZIAMENTO AMMESSO,"Allegato 3 / [TABELLA pag.13 n.1], riga 4","LINEA METROPOLITANA: PROLUNGAMENTO A RIVAROLO... | B34J18000220001 B34J18000230001 | 74.516.124,63",,media,,Importo aggregato per due CUP
2023 DM MIT 342-2023.pdf,google/gemma-4-26b-a4b-it,off,,,Ministero delle infrastrutture e dei trasporti,,rettifica,H49J21005480003,True,definitivo,,1,singolo,,,2033,217585.0,217585.0,"217.585,00",quota,assegnazione,assegnato,,"art. 1; Allegato 1 / [TABELLA pag.4 n.1], riga 1","assegna, per l’annualità 2033, alla Regione Veneto risorse pari a 217.585 euro, in luogo dei precedenti 117.585 euro",,alta,,Rettifica importo per l'annualità 2033
2023 DM MIT 342-2023.pdf,google/gemma-4-26b-a4b-it,off,,,Ministero delle infrastrutture e dei trasporti,,rettifica,H49J21005480003,True,definitivo,,1,singolo,,,2032,125266.0,125266.0,"125.266,00",quota,assegnazione,assegnato,,"art. 1; Allegato 1 / [TABELLA pag.4 n.1], riga 1","alla Regione Veneto risorse pari a 125.266 euro, in luogo dei precedenti 125.268 euro",,alta,,Rettifica importo per l'annualità 2032
2023 DM MIT 342-2023.pdf,google/gemma-4-26b-a4b-it,off,,,Ministero delle infrastrutture e dei trasporti,,rettifica,C75B23000000001,True,definitivo,,1,singolo,,,,10543255.0,10543255.0,"10.543.255,00",totale,assegnazione,assegnato,Finanziamento totale,"Allegato 1 / [TABELLA pag.4 n.1], riga 2","10.543.255,00 | 0,00 | 10.543.255,00 | | C75B23000000001",,alta,,
2023 DM MIT 342-2023.pdf,google/gemma-4-26b-a4b-it,off,,,Ministero delle infrastrutture e dei trasporti,,rettifica,C71G22000090001,True,definitivo,,1,singolo,,,,7000000.0,7000000.0,"7.000.000,00",totale,assegnazione,assegnato,Finanziamento totale,"Allegato 1 / [TABELLA pag.4 n.1], riga 3","7.000.000,00 | 0,00 | 7.000.000,00 | | C71G22000090001",,alta,,
2023 DM MIT 342-2023.pdf,google/gemma-4-26b-a4b-it,off,,,Ministero delle infrastrutture e dei trasporti,,rettifica,E51B21002250001,True,definitivo,,1,singolo,,,,20000000.0,20000000.0,"20.000.000,00",totale,assegnazione,assegnato,Finanziamento totale,"Allegato 1 / [TABELLA pag.4 n.1], riga 4","20.000.000,00 | 0,00 | 20.000.000,00 | | E51B21002250001",,alta,,
2023 DM MIT 342-2023.pdf,google/gemma-4-26b-a4b-it,off,,,Ministero delle infrastrutture e dei trasporti,,rettifica,B41E04000210001,True,definitivo,,1,singolo,,,,50000000.0,50000000.0,"50.000.000,00",totale,assegnazione,assegnato,Finanziamento totale,"Allegato 1 / [TABELLA pag.5 n.1], riga 1","50.000.000,00 | 50.000.000,00 | 100.000.000,00 | | B41E04000210001",,alta,,
2023 DM MIT 342-2023.pdf,google/gemma-4-26b-a4b-it,off,,,Ministero delle infrastrutture e dei trasporti,,rettifica,F61B21003640009,True,definitivo,,1,singolo,,,,30000000.0,30000000.0,"30.000.000,00",totale,assegnazione,assegnato,Finanziamento totale,"Allegato 1 / [TABELLA pag.5 n.1], riga 2","30.000.000,00 | 0,0 | 30.000.000,00 | | F61B21003640009",,alta,,
2023 DM MIT 342-2023.pdf,google/gemma-4-26b-a4b-it,off,,,Ministero delle infrastrutture e dei trasporti,,rettifica,G31G22000250001,True,definitivo,,1,singolo,,,,2800000.0,2800000.0,"2.800.000,00",totale,assegnazione,assegnato,Finanziamento totale,"Allegato 1 / [TABELLA pag.5 n.1], riga 3","2.800.000,00 | 0,00 | 2.800.000,00 | | G31G22000250001",,alta,,
2023 DM MIT 342-2023.pdf,google/gemma-4-26b-a4b-it,off,,,Ministero delle infrastrutture e dei trasporti,,rettifica,G71B18000620005,True,definitivo,,1,singolo,,,,2500000.0,2500000.0,"2.500.000,00",totale,assegnazione,assegnato,Finanziamento totale,"Allegato 1 / [TABELLA pag.5 n.1], riga 4","2.500.000,00 | 0,00 | 2.500.000,00 | | G71B18000620005",,alta,,
2023 DM MIT 342-2023.pdf,google/gemma-4-26b-a4b-it,off,,,Ministero delle infrastrutture e dei trasporti,,rettifica,F81B21005610001,True,definitivo,,1,singolo,,,,26400000.0,26400000.0,"26.400.000,00",totale,assegnazione,assegnato,Finanziamento totale,"Allegato 1 / [TABELLA pag.10 n.1], riga 1","26.400.000,00 | 0,00 | 26.400.000,00 | | F81B21005610001",,alta,,
2023 DM MIT 342-2023.pdf,google/gemma-4-26b-a4b-it,off,,,Ministero delle infrastrutture e dei trasporti,,rettifica,I61B21003020001,True,definitivo,,1,singolo,,,,9900000.0,9900000.0,"9.900.000,00",totale,assegnazione,assegnato,Finanziamento totale,"Allegato 1 / [TABELLA pag.10 n.1], riga 2","9.900.000,00 | 0,00 | 9.900.000,00 | | I61B21003020001",,alta,,
2023 DM MIT 342-2023.pdf,google/gemma-4-26b-a4b-it,off,,,Ministero delle infrastrutture e dei trasporti,,rettifica,I67H21003160001,True,definitivo,,1,singolo,,,,2900000.0,2900000.0,"2.900.000,00",totale,assegnazione,assegnato,Finanziamento totale,"Allegato 1 / [TABELLA pag.10 n.1], riga 3","2.900.000,00 | 0,0 | 2.900.000,00 | | I67H21003160001",,alta,,
2023 DM MIT 342-2023.pdf,google/gemma-4-26b-a4b-it,off,,,Ministero delle infrastrutture e dei trasporti,,rettifica,B89J21020930005,True,definitivo,,1,singolo,,,,1200000.0,1200000.0,"1.200.000,00",totale,assegnazione,assegnato,Finanziamento totale,"Allegato 1 / [TABELLA pag.10 n.1], riga 4","1.200.000,00 | 0,00 | 1.200.000,00 | | B89J21020930005",,alta,,
2023 DM MIT 342-2023.pdf,google/gemma-4-26b-a4b-it,off,,,Ministero delle infrastrutture e dei trasporti,,rettifica,B81B21003770005,True,definitivo,,1,singolo,,,,1750000.0,1750000.0,"1.750.000,00",totale,assegnazione,assegnato,Finanziamento totale,"Allegato 1 / [TABELLA pag.10 n.1], riga 5","1.750.000,00 | 0 | 1.750.000 | | B81B21003770005",,alta,,
2025 DD MIT 141-2025.pdf,google/gemma-4-26b-a4b-it,off,,2025-03-10,Ministero delle infrastrutture e dei trasporti,,attuazione,E51I04000010007,True,definitivo,,1,singolo,7426,1,,145000000.0,145000000.0,"€ 145.000.000,00",totale,assegnazione,assegnato,,art. 2,"per € 145.000.000,00 nelle risorse stanziate dall’articolo 3, comma 1, del decreto-legge 12 settembre 2014... impegnate con decreto dirigenziale n. 454 del 22 dicembre 2022 sul pertinente capitolo di bilancio n. 7426-piano di gestione 1",decreto dirigenziale n. 454 del 22 dicembre 2022,alta,,L'atto approva la convenzione che disciplina l'erogazione di tali risorse.
2025 DD MIT 141-2025.pdf,google/gemma-4-26b-a4b-it,off,,2025-03-10,Ministero delle infrastrutture e dei trasporti,,attuazione,E51I04000010007,True,definitivo,,1,singolo,7400,1,2022-2035,113733987.0,113733987.0,"€ 113.733.987,00",totale,assegnazione,assegnato,,art. 2,"per € 113.733.987,00 dal 2022 al 2035: piano gestionale 1",decreto direttoriale n. 419 del 6 dicembre 2022,alta,,
2025 DD MIT 141-2025.pdf,google/gemma-4-26b-a4b-it,off,,2025-03-10,Ministero delle infrastrutture e dei trasporti,,attuazione,E51I04000010007,True,definitivo,,1,singolo,7400,8,2022-2036,1486266013.0,1486266013.0,"€ 1.486.266.013,00",totale,assegnazione,assegnato,,art. 2,"piano gestionale 8: € 1.486.266.013,00 dal 2022 al 2036",decreto direttoriale n. 419 del 6 dicembre 2022,alta,,
2025 DD MIT 141-2025.pdf,google/gemma-4-26b-a4b-it,off,,2025-03-10,Ministero delle infrastrutture e dei trasporti,,attuazione,E51I04000010007,True,definitivo,,1,singolo,7419,2,2023-2032,2200000000.0,2200000000.0,"€ 2.200.000.000,00",totale,assegnazione,assegnato,,art. 2,"per € 2.200.000.000,00 nelle risorse stanziate dall’articolo 1, comma 478, dalla legge 29 dicembre 2022, n.197, sul capitolo n. 7419-piano gestionale 2",,alta,,L'importo totale è poi ripartito e impegnato negli artt. 3 e 4.
2025 DD MIT 141-2025.pdf,google/gemma-4-26b-a4b-it,off,,2025-03-10,Ministero delle infrastrutture e dei trasporti,,attuazione,E51I04000010007,True,definitivo,,1,singolo,7419,2,2024-2032,2125000000.0,2125000000.0,"€ 2.125.000.000,00",totale,impegno,impegnato,,art. 3,"È autorizzato l’impegno delle risorse... sul capitolo 7419, piano gestionale 2... per la somma complessiva di € 2.125.000.000,00",,alta,,L'impegno include 50 mln in conto residui 2024 e 2.075 mln dal 2025 al 2032.
2025 DD MIT 141-2025.pdf,google/gemma-4-26b-a4b-it,off,,2025-03-10,Ministero delle infrastrutture e dei trasporti,,attuazione,E51I04000010007,True,definitivo,,1,singolo,7419,2,2024,50000000.0,50000000.0,"€ 50.000.000,00",quota,impegno,impegnato,,"art. 3; [TABELLA pag.5 n.1], riga 1","2024 | € 50.000.000,00",,alta,,In conto residui
2025 DD MIT 141-2025.pdf,google/gemma-4-26b-a4b-it,off,,2025-03-10,Ministero delle infrastrutture e dei trasporti,,attuazione,E51I04000010007,True,definitivo,,1,singolo,7419,2,2025,25000000.0,25000000.0,"€ 25.000.000,00",quota,impegno,impegnato,,"art. 3; [TABELLA pag.5 n.1], riga 2","2025 | € 25.000.000,00",,alta,,
2025 DD MIT 141-2025.pdf,google/gemma-4-26b-a4b-it,off,,2025-03-10,Ministero delle infrastrutture e dei trasporti,,attuazione,E51I04000010007,True,definitivo,,1,singolo,7419,2,2026,50000000.0,50000000.0,"€ 50.000.000,00",quota,impegno,impegnato,,"art. 3; [TABELLA pag.5 n.1], riga 3","2026 | € 50.000.000,00",,alta,,
2025 DD MIT 141-2025.pdf,google/gemma-4-26b-a4b-it,off,,2025-03-10,Ministero delle infrastrutture e dei trasporti,,attuazione,E51I04000010007,True,definitivo,,1,singolo,7419,2,2027,350000000.0,350000000.0,"€ 350.000.000,00",quota,impegno,impegnato,,"art. 3; [TABELLA pag.5 n.1], riga 4","2027 | € 350.000.000,00",,alta,,
2025 DD MIT 141-2025.pdf,google/gemma-4-26b-a4b-it,off,,2025-03-10,Ministero delle infrastrutture e dei trasporti,,attuazione,E51I04000010007,True,definitivo,,1,singolo,7419,2,2028,200000000.0,200000000.0,"€ 200.000.000,00",quota,impegno,impegnato,,"art. 3; [TABELLA pag.5 n.1], riga 5","2028 | € 200.000.000,00",,alta,,
2025 DD MIT 141-2025.pdf,google/gemma-4-26b-a4b-it,off,,2025-03-10,Ministero delle infrastrutture e dei trasporti,,attuazione,E51I04000010007,True,definitivo,,1,singolo,7419,2,2029,150000000.0,150000000.0,"€ 150.000.000,00",quota,impegno,impegnato,,"art. 3; [TABELLA pag.5 n.1], riga 6","2029 | € 150.000.000,00",,alta,,
2025 DD MIT 141-2025.pdf,google/gemma-4-26b-a4b-it,off,,2025-03-10,Ministero delle infrastrutture e dei trasporti,,attuazione,E51I04000010007,True,definitivo,,1,singolo,7419,2,2030,450000000.0,450000000.0,"€ 450.000.000,00",quota,impegno,impegnato,,"art. 3; [TABELLA pag.5 n.1], riga 7","2030 | € 450.000.000,00",,alta,,
2025 DD MIT 141-2025.pdf,google/gemma-4-26b-a4b-it,off,,2025-03-10,Ministero delle infrastrutture e dei trasporti,,attuazione,E51I04000010007,True,definitivo,,1,singolo,7419,2,2031,450000000.0,450000000.0,"€ 450.000.000,00",quota,impegno,impegnato,,"art. 3; [TABELLA pag.5 n.1], riga 8","2031 | € 450.000.000,00",,alta,,
2025 DD MIT 141-2025.pdf,google/gemma-4-26b-a4b-it,off,,2025-03-10,Ministero delle infrastrutture e dei trasporti,,attuazione,E51I04000010007,True,definitivo,,1,singolo,7419,2,2032,400000000.0,400000000.0,"€ 400.000.000,00",quota,impegno,impegnato,,"art. 3; [TABELLA pag.5 n.1], riga 9","2032 | € 400.000.000,00",,alta,,
2025 DD MIT 141-2025.pdf,google/gemma-4-26b-a4b-it,off,,2025-03-10,Ministero delle infrastrutture e dei trasporti,,attuazione,E51I04000010007,True,definitivo,,1,singolo,7416,1,2027-2028,75000000.0,75000000.0,"€ 75.000.000,00",totale,impegno,impegnato,,art. 4,"È autorizzato l’impegno delle risorse... sul capitolo 7416 piano gestionale 1... per la somma complessiva di € 75.000.000,00",,alta,,Ripartizione: 50 mln per il 2027 e 25 mln per il 2028.
2022 DD MIT 454-2022.pdf,google/gemma-4-31b-it,off,,,Ministero delle infrastrutture e dei trasporti,,impegno,E51I04000010007,True,definitivo,,1,singolo,7426,1,2021,14000000.0,14000000.0,"€ 14.000.000,00",totale,assegnazione,impegnato,,Articolo 1,"a favore di Roma Capitale per l’intervento ""Tratta Colosseo - Piazza Venezia della Linea C della metropolitana di Roma” CUP E51I04000010007, l’impegno di € 14.000.000,00",decreto n. 498 del 14 novembre 2014,alta,,"impegno in conto residui di lettera F, esercizio di provenienza 2021"
2022 DD MIT 454-2022.pdf,google/gemma-4-31b-it,off,,,Ministero delle infrastrutture e dei trasporti,,impegno,E51I04000010007,True,definitivo,,1,singolo,7426,1,2022-2025,131000000.0,131000000.0,"€ 131.000.000,00",totale,assegnazione,impegnato,Importo,Articolo 2; [TABELLA pag.3 n.1],"per l’importo complessivo di € 131.000.000,00 a favore di Roma Capitale, per l’intervento ""Tratta Colosseo - Piazza Venezia della Linea C della metropolitana di Roma” CUP E51I04000010007",decreto n. 498 del 14 novembre 2014,alta,,"L'importo è ripartito tra le annualità 2022, 2023, 2024, 2025 come da tabella"
2022 DDG 128 del 02-05-22.pdf,google/gemma-4-31b-it,off,,,Ministero delle infrastrutture e della mobilità sostenibili,,impegno,H94I19000130004,True,definitivo,,1,singolo,7400,7,2020-2034,97154124.1,97154124.1,"97.154.124,10",totale,impegno,impegnato,Totale,"[TABELLA pag.4 n.1], riga 1","Comune di Padova | H94I19000130004 | 7400/PG 7 | ... | 97.154.124,10",Decreto del Ministro delle infrastrutture e della mobilità sostenibili n. 464 del 22 novembre 2021,alta,,
2022 DDG 128 del 02-05-22.pdf,google/gemma-4-31b-it,off,,,Ministero delle infrastrutture e della mobilità sostenibili,,impegno,J80J18000000001,True,definitivo,,1,singolo,7400,7,2020-2034,159466174.12,159466174.12,"159.466.174,12",totale,impegno,impegnato,Totale,"[TABELLA pag.4 n.1], riga 2","Roma Capitale | J80J18000000001 | 7400/PG 7 | ... | 159.466.174,12",Decreto del Ministro delle infrastrutture e della mobilità sostenibili n. 464 del 22 novembre 2021,alta,,
2022 DDG 128 del 02-05-22.pdf,google/gemma-4-31b-it,off,,,Ministero delle infrastrutture e della mobilità sostenibili,,impegno,C11B21008720001,True,definitivo,,2,aggregato,7400,7,2020-2034,44494493.04,22247246.52,"44.494.493,04",totale,impegno,impegnato,Totale,"[TABELLA pag.4 n.1], riga 3","Comune di Torino | C11B21008720001 D81E20000410007 | 7400/PG 7 | ... | 44.494.493,04",Decreto del Ministro delle infrastrutture e della mobilità sostenibili n. 464 del 22 novembre 2021,alta,,Importo aggregato per due CUP
2022 DDG 128 del 02-05-22.pdf,google/gemma-4-31b-it,off,,,Ministero delle infrastrutture e della mobilità sostenibili,,impegno,D81E20000410007,True,definitivo,,2,aggregato,7400,7,2020-2034,44494493.04,22247246.52,"44.494.493,04",totale,impegno,impegnato,Totale,"[TABELLA pag.4 n.1], riga 3","Comune di Torino | C11B21008720001 D81E20000410007 | 7400/PG 7 | ... | 44.494.493,04",Decreto del Ministro delle infrastrutture e della mobilità sostenibili n. 464 del 22 novembre 2021,alta,,Importo aggregato per due CUP
2022 DDG 128 del 02-05-22.pdf,google/gemma-4-31b-it,off,,,Ministero delle infrastrutture e della mobilità sostenibili,,impegno,C81B21013200005,True,definitivo,,1,singolo,7400,7,2020-2034,333059208.74,333059208.74,"333.059.208,74",totale,impegno,impegnato,Totale,"[TABELLA pag.4 n.1], riga 4","Comune di Brescia | C81B21013200005 | 7400/PG 7 | ... | 333.059.208,74",Decreto del Ministro delle infrastrutture e della mobilità sostenibili n. 464 del 22 novembre 2021,alta,,
2022 DDG 128 del 02-05-22.pdf,google/gemma-4-31b-it,off,,,Ministero delle infrastrutture e della mobilità sostenibili,,impegno,C81B21013200005,True,definitivo,,1,singolo,7400,1,2029-2034,26486678.33,26486678.33,"26.486.678,33",totale,impegno,impegnato,Totale,"art. 3; [TABELLA pag.4 n.1], riga 5","Comune di Brescia | ... | 7400/PG 1 | ... | 26.486.678,33",Decreto del Ministro delle infrastrutture e della mobilità sostenibili n. 464 del 22 novembre 2021,alta,,
2022 DI Mims Mef 97 20.04.2022.pdf,google/gemma-4-31b-it,off,,,Ministero delle Infrastrutture e della Mobilità Sostenibili,Ministero dell'Economia e delle Finanze,assegnazione,B39J22001360001,True,definitivo,,1,singolo,7400,8,,398000000.0,398000000.0,"398.000.000,00",totale,assegnazione,assegnato,FINANZIAMENTO AMMESSO,"art. 1 comma 1 lett. a); Allegato 1 / [TABELLA pag.10 n.1], riga 1","SKYMETRO VAL BISAGNO GENOVA | B39J22001360001 | 398.000.000,00",,alta,,
2022 DI Mims Mef 97 20.04.2022.pdf,google/gemma-4-31b-it,off,,,Ministero delle Infrastrutture e della Mobilità Sostenibili,Ministero dell'Economia e delle Finanze,assegnazione,B31F20000030005,True,definitivo,,1,singolo,7400,8,,20860000.0,20860000.0,"20.860.000,00",totale,assegnazione,assegnato,FINANZIAMENTO AMMESSO,"art. 1 comma 1 lett. a); Allegato 1 / [TABELLA pag.10 n.1], riga 2","PROLUNGAMENTO METROPOLITANA DI GENOVA DA BRIN A CANEPARI... | B31F20000030005 | 20.860.000,00",,alta,,
2022 DI Mims Mef 97 20.04.2022.pdf,google/gemma-4-31b-it,off,,,Ministero delle Infrastrutture e della Mobilità Sostenibili,Ministero dell'Economia e delle Finanze,assegnazione,B44D20000040001,True,definitivo,,1,singolo,7400,8,,180000000.0,180000000.0,"180.000.000,00",totale,assegnazione,assegnato,FINANZIAMENTO AMMESSO,"art. 1 comma 1 lett. a); Allegato 1 / [TABELLA pag.10 n.1], riga 3","LINEA METROPOLITANA M1 PROLUNGAMENTO QUARTIERE BAGGIO – OLMI - VALSESIA | B44D20000040001 | 180.000.000,00",,alta,,
2022 DI Mims Mef 97 20.04.2022.pdf,google/gemma-4-31b-it,off,,,Ministero delle Infrastrutture e della Mobilità Sostenibili,Ministero dell'Economia e delle Finanze,assegnazione,B91J21000040001,True,definitivo,,1,singolo,7400,8,,420000000.0,420000000.0,"420.000.000,00",totale,assegnazione,assegnato,FINANZIAMENTO AMMESSO,"art. 1 comma 1 lett. a); Allegato 1 / [TABELLA pag.10 n.1], riga 4","PROLUNGAMENTO LINEA METROPOLITANA M4 DA AEROPORTO LINATE A SEGRATE | B91J21000040001 | 420.000.000,00",,alta,,
2022 DI Mims Mef 97 20.04.2022.pdf,google/gemma-4-31b-it,off,,,Ministero delle Infrastrutture e della Mobilità Sostenibili,Ministero dell'Economia e delle Finanze,assegnazione,B41J21000050006,True,definitivo,,1,singolo,7400,8,,4500000.0,4500000.0,"4.500.000,00",totale,assegnazione,assegnato,FINANZIAMENTO AMMESSO,"art. 1 comma 1 lett. a); Allegato 1 / [TABELLA pag.10 n.1], riga 5","NUOVA LINEA METROPOLITANA M6 RAMO SUD (PFTE) | B41J21000050006 | 4.500.000,00",,alta,,
2022 DI Mims Mef 97 20.04.2022.pdf,google/gemma-4-31b-it,off,,,Ministero delle Infrastrutture e della Mobilità Sostenibili,Ministero dell'Economia e delle Finanze,assegnazione,B41C21000010001,True,definitivo,,1,singolo,7400,8,,5500000.0,5500000.0,"5.500.000,00",totale,assegnazione,assegnato,FINANZIAMENTO AMMESSO,"art. 1 comma 1 lett. a); Allegato 1 / [TABELLA pag.10 n.1], riga 6","PROLUNGAMENTO M3 SAN DONATO M. – ASTA PAULLESE (PFTE) | B41C21000010001 | 5.500.000,00",,alta,,
2022 DI Mims Mef 97 20.04.2022.pdf,google/gemma-4-31b-it,off,,,Ministero delle Infrastrutture e della Mobilità Sostenibili,Ministero dell'Economia e delle Finanze,assegnazione,F41B22000830009,True,definitivo,F41B22000740009,1,singolo,7400,8,,163500824.0,163500824.0,"163.500.824,00",totale,assegnazione,assegnato,FINANZIAMENTO AMMESSO,"art. 1 comma 1 lett. a); Allegato 1 / [TABELLA pag.10 n.1], riga 8","NUOVO COLLEGAMENTO... LOTTO 1°_STRALCIO II | F41B22000830009 | 163.500.824,00",,alta,,
2022 DI Mims Mef 97 20.04.2022.pdf,google/gemma-4-31b-it,off,,,Ministero delle Infrastrutture e della Mobilità Sostenibili,Ministero dell'Economia e delle Finanze,assegnazione,F41B22000740009,True,definitivo,F41B22000740009,1,singolo,7400,8,,631373163.0,631373163.0,"631.373.163,00",totale,assegnazione,assegnato,FINANZIAMENTO AMMESSO,"art. 1 comma 1 lett. a); Allegato 1 / [TABELLA pag.10 n.1], riga 7","NUOVO COLLEGAMENTO... LOTTO 1°_STRALCIO I | F41B22000740009 (CUP MASTER) | 631.373.163,00",,alta,,
2022 DI Mims Mef 97 20.04.2022.pdf,google/gemma-4-31b-it,off,,,Ministero delle Infrastrutture e della Mobilità Sostenibili,Ministero dell'Economia e delle Finanze,assegnazione,E51I04000010007,True,definitivo,,1,singolo,7400,8,,610000000.0,610000000.0,"610.000.000,00",totale,assegnazione,assegnato,FINANZIAMENTO AMMESSO,"art. 1 comma 1 lett. a); Allegato 1 / [TABELLA pag.10 n.1], riga 9","LINEA C... SUB-TRATTA FUNZIONALE DA STAZIONE VENEZIA A STAZIONE FORI IMPERIALI | E51I04000010007 | 610.000.000,00",,alta,,
2022 DI Mims Mef 97 20.04.2022.pdf,google/gemma-4-31b-it,off,,,Ministero delle Infrastrutture e della Mobilità Sostenibili,Ministero dell'Economia e delle Finanze,assegnazione,E51I04000010007,True,definitivo,,1,singolo,7400,8,,990000000.0,990000000.0,"990.000.000,00",totale,assegnazione,assegnato,FINANZIAMENTO AMMESSO,"art. 1 comma 1 lett. a); Allegato 1 / [TABELLA pag.10 n.1], riga 10","LINEA C... TRATTA T2 - LOTTO COSTRUTTIVO | E51I04000010007 | 990.000.000,00",,alta,,
2022 DI Mims Mef 97 20.04.2022.pdf,google/gemma-4-31b-it,off,,,Ministero delle Infrastrutture e della Mobilità Sostenibili,Ministero dell'Economia e delle Finanze,assegnazione,C71F20000020005,True,definitivo,,1,singolo,7400,8,,1000000000.0,1000000000.0,"1.000.000.000,00",totale,assegnazione,assegnato,FINANZIAMENTO AMMESSO,"art. 1 comma 1 lett. a); Allegato 1 / [TABELLA pag.10 n.1], riga 11","METROPOLITANA AUTOMATICA DI TORINO – LINEA 2 – TRATTA “POLITECNICO – REBAUDENGO” | C71F20000020005 | 1.000.000.000,00",,alta,,
2022 DI Mims Mef 97 20.04.2022.pdf,google/gemma-4-31b-it,off,,,Ministero delle Infrastrutture e della Mobilità Sostenibili,Ministero dell'Economia e delle Finanze,assegnazione,J81B21014060001,True,definitivo,,1,singolo,7400,1,,173183831.97,173183831.97,"173.183.831,97",totale,assegnazione,assegnato,FINANZIAMENTO AMMESSO,"art. 1 comma 1 lett. b); Allegato 2 / [TABELLA pag.12 n.1], riga 1","LINEA TRANVIARIA TERMINI - VATICANO - AURELIO | J81B21014060001 | 173.183.831,97",,alta,,
2022 DI Mims Mef 97 20.04.2022.pdf,google/gemma-4-31b-it,off,,,Ministero delle Infrastrutture e della Mobilità Sostenibili,Ministero dell'Economia e delle Finanze,assegnazione,J84E21005150001,True,definitivo,,1,singolo,7400,1,,11284217.84,11284217.84,"11.284.217,84",totale,assegnazione,assegnato,FINANZIAMENTO AMMESSO,"art. 1 comma 1 lett. b); Allegato 2 / [TABELLA pag.12 n.1], riga 2","DEPOSITO DI CENTOCELLE EST | J84E21005150001 | 11.284.217,84",,alta,,
2022 DI Mims Mef 97 20.04.2022.pdf,google/gemma-4-31b-it,off,,,Ministero delle Infrastrutture e della Mobilità Sostenibili,Ministero dell'Economia e delle Finanze,assegnazione,E31J19000030001,True,definitivo,,1,singolo,7400,1,,26500000.0,26500000.0,"26.500.000,00",totale,assegnazione,assegnato,FINANZIAMENTO AMMESSO,"art. 1 comma 1 lett. b); Allegato 2 / [TABELLA pag.12 n.1], riga 3","SISTEMA DI TRASPORTO RAPIDO DI MASSA... PIACENZA | E31J19000030001 | 26.500.000,00",,alta,,
2022 DI Mims Mef 97 20.04.2022.pdf,google/gemma-4-31b-it,off,,,Ministero delle Infrastrutture e della Mobilità Sostenibili,Ministero dell'Economia e delle Finanze,assegnazione,F44I19000530001,True,definitivo,,1,singolo,7400,1,,122200000.0,122200000.0,"122.200.000,00",totale,assegnazione,assegnato,FINANZIAMENTO AMMESSO,"art. 1 comma 1 lett. b); Allegato 2 / [TABELLA pag.12 n.1], riga 4","AMPLIAMENTO DEL DEPOSITO GALLARATESE... | F44I19000530001 | 122.200.000,00",,alta,,
2023 DM MIT 342-2023.pdf,google/gemma-4-31b-it,off,,,Ministero delle infrastrutture e dei trasporti,,rettifica,,False,,,0,singolo,,,2033,217585.0,217585.0,217.585 euro,quota,assegnazione,assegnato,,"art. 1, comma 1","assegna, per l’annualità 2033, alla Regione Veneto risorse pari a 217.585 euro, in luogo dei precedenti 117.585 euro","decreto del Ministro delle infrastrutture e della mobilità sostenibili del 23 settembre 2021, n. 364",alta,,Rettifica di importo per annualità 2033; valore precedente 117.585 euro
2023 DM MIT 342-2023.pdf,google/gemma-4-31b-it,off,,,Ministero delle infrastrutture e dei trasporti,,rettifica,,False,,,0,singolo,,,2033,690994.0,690994.0,690.994 euro,quota,assegnazione,assegnato,,"art. 1, comma 1","alla Regione Emilia Romagna risorse pari a 690.994 euro, in luogo dei precedenti 790.994 euro","decreto del Ministro delle infrastrutture e della mobilità sostenibili del 23 settembre 2021, n. 364",alta,,Rettifica di importo per annualità 2033; valore precedente 790.994 euro
2023 DM MIT 342-2023.pdf,google/gemma-4-31b-it,off,,,Ministero delle infrastrutture e dei trasporti,,rettifica,,False,,,0,singolo,,,2032,125266.0,125266.0,125.266 euro,quota,assegnazione,assegnato,,"art. 1, comma 1","per l’annualità 2032, assegna alla Regione Veneto risorse pari a 125.266 euro, in luogo dei precedenti 125.268 euro","decreto del Ministro delle infrastrutture e della mobilità sostenibili del 23 settembre 2021, n. 364",alta,,Rettifica di importo per annualità 2032; valore precedente 125.268 euro
2023 DM MIT 342-2023.pdf,google/gemma-4-31b-it,off,,,Ministero delle infrastrutture e dei trasporti,,rettifica,,False,,,0,singolo,,,2032,842682.0,842682.0,842.682 euro,quota,assegnazione,assegnato,,"art. 1, comma 1","alla Regione Emilia Romagna risorse pari a 842.682 euro, in luogo dei precedenti 842.680 euro","decreto del Ministro delle infrastrutture e della mobilità sostenibili del 23 settembre 2021, n. 364",alta,,Rettifica di importo per annualità 2032; valore precedente 842.680 euro
2022 DD MIT 454-2022.pdf,minimax/minimax-m3,off,,,Ministero delle infrastrutture e dei trasporti,Ministero dell'economia e delle finanze,impegno,E51I04000010007,True,definitivo,,1,singolo,7426,1,2021,14000000.0,14000000.0,"€ 14.000.000,00",totale,assegnazione,impegnato,,art. 1,"l'impegno di € 14.000.000,00 in conto residui di lettera F, esercizio di provenienza 2021",DM MIT-MEF n. 498 del 14 novembre 2014,alta,,"Impegno in conto residui di lettera F, esercizio di provenienza 2021, a favore di Roma Capitale per Tratta Colosseo - Piazza Venezia della Linea C."
2022 DD MIT 454-2022.pdf,minimax/minimax-m3,off,,,Ministero delle infrastrutture e dei trasporti,Ministero dell'economia e delle finanze,impegno,E51I04000010007,True,definitivo,,1,singolo,7426,1,2022-2025,131000000.0,131000000.0,"€ 131.000.000,00",totale,assegnazione,impegnato,Totale,"art. 2; [TABELLA pag.3 n.1], riga Totale","l'impegno, sul capitolo 7426, piano di gestione 1 ... per l'importo complessivo di € 131.000.000,00 a favore di Roma Capitale",DM MIT-MEF n. 498 del 14 novembre 2014,alta,,"Importo complessivo articolato in quote annuali: 2022 € 35.000.000,00; 2023 € 40.000.000,00; 2024 € 33.500.000,00; 2025 € 22.500.000,00. Le quote annuali non sono registrate come record separati (R5)."
2022 DDG 128 del 02-05-22.pdf,minimax/minimax-m3,off,,,Ministero delle infrastrutture e della mobilità sostenibili,,impegno,H94I19000130004,True,definitivo,,1,singolo,7400,7,2022-2034,97154124.1,97154124.1,"97.154.124,10",totale,impegno,impegnato,Totale,"art. 2; Allegato / [TABELLA pag.4 n.1], riga 1","Comune di Padova | H94I19000130004 | 7400/PG 7 | ... | 97.154.124,10",DM MIMS n. 464 del 22/11/2021,alta,,Importo complessivo impegnato in conto competenza sul PG 7 per le annualità 2022-2034 (art. 2). Le quote annuali non sono registrate come record separati.
2022 DDG 128 del 02-05-22.pdf,minimax/minimax-m3,off,,,Ministero delle infrastrutture e della mobilità sostenibili,,impegno,J80J18000000001,True,definitivo,,1,singolo,7400,7,2022-2034,159466174.12,159466174.12,"159.466.174,12",totale,impegno,impegnato,Totale,"art. 2; Allegato / [TABELLA pag.4 n.1], riga 2","Roma Capitale | J80J18000000001 | 7400/PG 7 | ... | 159.466.174,12",DM MIMS n. 464 del 22/11/2021,alta,,Importo complessivo impegnato in conto competenza sul PG 7 per le annualità 2022-2034 (art. 2).
2022 DDG 128 del 02-05-22.pdf,minimax/minimax-m3,off,,,Ministero delle infrastrutture e della mobilità sostenibili,,impegno,C11B21008720001,True,definitivo,,2,aggregato,7400,7,2022-2034,44494493.04,22247246.52,"44.494.493,04",totale,impegno,impegnato,Totale,"art. 2; Allegato / [TABELLA pag.4 n.1], riga 3","Comune di Torino | C11B21008720001 D81E20000410007 | 7400/PG 7 | ... | 44.494.493,04",DM MIMS n. 464 del 22/11/2021,alta,,Importo unico associato a due CUP nella stessa cella; l'atto non ripartisce tra i due CUP.
2022 DDG 128 del 02-05-22.pdf,minimax/minimax-m3,off,,,Ministero delle infrastrutture e della mobilità sostenibili,,impegno,D81E20000410007,True,definitivo,,2,aggregato,7400,7,2022-2034,44494493.04,22247246.52,"44.494.493,04",totale,impegno,impegnato,Totale,"art. 2; Allegato / [TABELLA pag.4 n.1], riga 3","Comune di Torino | C11B21008720001 D81E20000410007 | 7400/PG 7 | ... | 44.494.493,04",DM MIMS n. 464 del 22/11/2021,alta,,Importo unico associato a due CUP nella stessa cella; l'atto non ripartisce tra i due CUP.
2022 DDG 128 del 02-05-22.pdf,minimax/minimax-m3,off,,,Ministero delle infrastrutture e della mobilità sostenibili,,impegno,C81B21013200005,True,definitivo,,1,singolo,7400,7,2022-2034,333059208.74,333059208.74,"333.059.208,74",totale,impegno,impegnato,Totale,"art. 2; Allegato / [TABELLA pag.4 n.1], riga 4","Comune di Brescia | C81B21013200005 | 7400/PG 7 | ... | 333.059.208,74",DM MIMS n. 464 del 22/11/2021,alta,,Importo complessivo impegnato in conto competenza sul PG 7 per le annualità 2022-2034 (art. 2).
2022 DDG 128 del 02-05-22.pdf,minimax/minimax-m3,off,,,Ministero delle infrastrutture e della mobilità sostenibili,,impegno,C81B21013200005,True,definitivo,,1,singolo,7400,1,2029-2034,26486678.33,26486678.33,"26.486.678,33",totale,impegno,impegnato,Totale,"art. 3; Allegato / [TABELLA pag.4 n.1], riga 5","Comune di Brescia | C81B21013200005 | 7400/PG 1 | ... | 26.486.678,33",DM MIMS n. 464 del 22/11/2021,alta,,Importo complessivo impegnato in conto competenza sul PG 1 per le annualità 2029-2034 (art. 3).
2022 DI Mims Mef 97 20.04.2022.pdf,minimax/minimax-m3,off,,,Ministero delle Infrastrutture e della Mobilità Sostenibili,Ministero dell'Economia e delle Finanze,assegnazione,B39J22001360001,True,definitivo,,1,singolo,7400,8,,398000000.0,398000000.0,"398.000.000,00",totale,assegnazione,assegnato,FINANZIAMENTO AMMESSO,"art. 1, comma 1, lett. a); Allegato 1 / [TABELLA pag.10 n.1], riga 1","SKYMETRO VAL BISAGNO GENOVA | COMUNE DI GENOVA | B39J22001360001 | 398.000.000,00",,alta,,"Intervento finanziato con cap. 7400 pg 8 (ex art. 1, c. 393, L. 234/2021) e pg 1 (ex sez. II). L'atto non ripartisce tra pg per singolo intervento; il totale pg 8 + pg 1 = 4.423.733.987,00 coincide con la colonna FINANZIAMENTO AMMESSO di Allegato 1."
2022 DI Mims Mef 97 20.04.2022.pdf,minimax/minimax-m3,off,,,Ministero delle Infrastrutture e della Mobilità Sostenibili,Ministero dell'Economia e delle Finanze,assegnazione,B31F20000030005,True,definitivo,,1,singolo,7400,8,,20860000.0,20860000.0,"20.860.000,00",totale,assegnazione,assegnato,FINANZIAMENTO AMMESSO,"art. 1, comma 1, lett. a); Allegato 1 / [TABELLA pag.10 n.1], riga 2","PROLUNGAMENTO METROPOLITANA DI GENOVA DA BRIN A CANEPARI ... | B31F20000030005 | 20.860.000,00",,alta,,
2022 DI Mims Mef 97 20.04.2022.pdf,minimax/minimax-m3,off,,,Ministero delle Infrastrutture e della Mobilità Sostenibili,Ministero dell'Economia e delle Finanze,assegnazione,B44D20000040001,True,definitivo,,1,singolo,7400,8,,180000000.0,180000000.0,"180.000.000,00",totale,assegnazione,assegnato,FINANZIAMENTO AMMESSO,"art. 1, comma 1, lett. a); Allegato 1 / [TABELLA pag.10 n.1], riga 3","LINEA METROPOLITANA M1 PROLUNGAMENTO QUARTIERE BAGGIO – OLMI - VALSESIA | COMUNE DI MILANO | B44D20000040001 | 180.000.000,00",,alta,,"Costo intervento 398.000.000,00; cofinanziamento 218.000.000,00; finanziamento ammesso 180.000.000,00."
2022 DI Mims Mef 97 20.04.2022.pdf,minimax/minimax-m3,off,,,Ministero delle Infrastrutture e della Mobilità Sostenibili,Ministero dell'Economia e delle Finanze,assegnazione,B91J21000040001,True,definitivo,,1,singolo,7400,8,,420000000.0,420000000.0,"420.000.000,00",totale,assegnazione,assegnato,FINANZIAMENTO AMMESSO,"art. 1, comma 1, lett. a); Allegato 1 / [TABELLA pag.10 n.1], riga 4","PROLUNGAMENTO LINEA METROPOLITANA M4 DA AEROPORTO LINATE A SEGRATE | COMUNE DI MILANO | B91J21000040001 | 420.000.000,00",,alta,,
2022 DI Mims Mef 97 20.04.2022.pdf,minimax/minimax-m3,off,,,Ministero delle Infrastrutture e della Mobilità Sostenibili,Ministero dell'Economia e delle Finanze,assegnazione,B41J21000050006,True,definitivo,,1,singolo,7400,8,,4500000.0,4500000.0,"4.500.000,00",totale,assegnazione,assegnato,FINANZIAMENTO AMMESSO,"art. 1, comma 1, lett. a); Allegato 1 / [TABELLA pag.10 n.1], riga 5","NUOVA LINEA METROPOLITANA M6 RAMO SUD (PFTE) | COMUNE DI MILANO | B41J21000050006 | 4.500.000,00",,alta,,
2022 DI Mims Mef 97 20.04.2022.pdf,minimax/minimax-m3,off,,,Ministero delle Infrastrutture e della Mobilità Sostenibili,Ministero dell'Economia e delle Finanze,assegnazione,B41C21000010001,True,definitivo,,1,singolo,7400,8,,5500000.0,5500000.0,"5.500.000,00",totale,assegnazione,assegnato,FINANZIAMENTO AMMESSO,"art. 1, comma 1, lett. a); Allegato 1 / [TABELLA pag.10 n.1], riga 6","PROLUNGAMENTO M3 SAN DONATO M. – ASTA PAULLESE (PFTE) | COMUNE DI MILANO | B41C21000010001 | 5.500.000,00",,alta,,
2022 DI Mims Mef 97 20.04.2022.pdf,minimax/minimax-m3,off,,,Ministero delle Infrastrutture e della Mobilità Sostenibili,Ministero dell'Economia e delle Finanze,assegnazione,F41B22000830009,True,definitivo,,1,singolo,7400,8,,631373163.0,631373163.0,"631.373.163,00",totale,assegnazione,assegnato,FINANZIAMENTO AMMESSO,"art. 1, comma 1, lett. a); Allegato 1 / [TABELLA pag.10 n.1], riga 7","NUOVO COLLEGAMENTO IN SEDE PROPRIA TRA LA STAZIONE AV DI AFRAGOLA E LA RETE METROPOLITANA DI NAPOLI. LOTTO 1°_STRALCIO I | COMUNE DI NAPOLI / EAV Srl | F41B22000740009 (CUP MASTER) | 631.373.163,00",,media,In tabella il CUP indicato è solo il CUP Master F41B22000740009; il CUP dell'intervento beneficiario F41B22000830009 compare nella riga successiva (Lotto 1°_STRALCIO II). Possibile refuso di tabella: il CUP Master F41B22000740009 è tipicamente associato a uno specifico stralcio e non aggrega entrambi. Si registra il CUP Master in cup e si annota l'ambiguità.,Per la riga 'Lotto 1°_STRALCIO I' la tabella riporta solo il CUP Master F41B22000740009; il CUP di intervento F41B22000830009 compare nella riga successiva. Stesso importo e stesso soggetto attuatore (Comune di Napoli / EAV Srl).
2022 DI Mims Mef 97 20.04.2022.pdf,minimax/minimax-m3,off,,,Ministero delle Infrastrutture e della Mobilità Sostenibili,Ministero dell'Economia e delle Finanze,assegnazione,F41B22000830009,True,definitivo,,1,singolo,7400,8,,163500824.0,163500824.0,"163.500.824,00",totale,assegnazione,assegnato,FINANZIAMENTO AMMESSO,"art. 1, comma 1, lett. a); Allegato 1 / [TABELLA pag.10 n.1], riga 8","NUOVO COLLEGAMENTO IN SEDE PROPRIA TRA LA STAZIONE AV DI AFRAGOLA E LA RETE METROPOLITANA DI NAPOLI. LOTTO 1°_STRALCIO II | COMUNE DI NAPOLI / EAV Srl | F41B22000830009 | 163.500.824,00",,alta,,
2022 DI Mims Mef 97 20.04.2022.pdf,minimax/minimax-m3,off,,,Ministero delle Infrastrutture e della Mobilità Sostenibili,Ministero dell'Economia e delle Finanze,assegnazione,E51I04000010007,True,definitivo,,1,singolo,7400,8,,610000000.0,610000000.0,"610.000.000,00",totale,assegnazione,assegnato,FINANZIAMENTO AMMESSO,"art. 1, comma 1, lett. a); Allegato 1 / [TABELLA pag.10 n.1], riga 9","LINEA C DELLA METROPOLITANA DI ROMA - SUB-TRATTA FUNZIONALE DA STAZIONE VENEZIA A STAZIONE FORI IMPERIALI | ROMA CAPITALE / ROMA METROPOLITANE Srl | E51I04000010007 | 610.000.000,00",,alta,,"Costo intervento 755.000.000,00; cofinanziamento 145.000.000,00; finanziamento ammesso 610.000.000,00. Lo stesso CUP E51I04000010007 è storicamente associato all'intera Linea C."
2022 DI Mims Mef 97 20.04.2022.pdf,minimax/minimax-m3,off,,,Ministero delle Infrastrutture e della Mobilità Sostenibili,Ministero dell'Economia e delle Finanze,assegnazione,E51I04000010007,True,definitivo,,1,singolo,7400,8,,990000000.0,990000000.0,"990.000.000,00",totale,assegnazione,assegnato,FINANZIAMENTO AMMESSO,"art. 1, comma 1, lett. a); Allegato 1 / [TABELLA pag.10 n.1], riga 10","LINEA C DELLA METROPOLITANA DI ROMA - TRATTA T2 - LOTTO COSTRUTTIVO | ROMA CAPITALE / ROMA METROPOLITANE Srl | E51I04000010007 | 990.000.000,00",,alta,,Medesimo CUP E51I04000010007 indicato per due tratte diverse della Linea C.
2022 DI Mims Mef 97 20.04.2022.pdf,minimax/minimax-m3,off,,,Ministero delle Infrastrutture e della Mobilità Sostenibili,Ministero dell'Economia e delle Finanze,assegnazione,C71F20000020005,True,definitivo,,1,singolo,7400,8,,1000000000.0,1000000000.0,"1.000.000.000,00",totale,assegnazione,assegnato,FINANZIAMENTO AMMESSO,"art. 1, comma 1, lett. a); Allegato 1 / [TABELLA pag.10 n.1], riga 11","METROPOLITANA AUTOMATICA DI TORINO – LINEA 2 – TRATTA ""POLITECNICO – REBAUDENGO"" | COMUNE DI TORINO | C71F20000020005 | 1.000.000.000,00",,alta,,"Costo intervento 1.800.000.000,00; cofinanziamento 800.000.000,00; finanziamento ammesso 1.000.000.000,00."
2022 DI Mims Mef 97 20.04.2022.pdf,minimax/minimax-m3,off,,,Ministero delle Infrastrutture e della Mobilità Sostenibili,Ministero dell'Economia e delle Finanze,assegnazione,J81B21014060001,True,definitivo,,1,singolo,7400,1,,173183831.97,173183831.97,"173.183.831,97",totale,assegnazione,assegnato,FINANZIAMENTO AMMESSO,"art. 1, comma 1, lett. b); Allegato 2 / [TABELLA pag.12 n.1], riga 1","LINEA TRANVIARIA TERMINI - VATICANO - AURELIO | J81B21014060001 | 173.183.831,97","decreto ministeriale 16 novembre 2021, n. 448 (ha già riconosciuto 120.000.000,00 a Roma Capitale per il 1° lotto)",alta,,"Costo totale 293.183.831,97; cofinanziamento 120.000.000,00 (di cui 120.000.000 già riconosciuti con d.m. 448/2021 per il 1° lotto); finanziamento ammesso 173.183.831,97."
2022 DI Mims Mef 97 20.04.2022.pdf,minimax/minimax-m3,off,,,Ministero delle Infrastrutture e della Mobilità Sostenibili,Ministero dell'Economia e delle Finanze,assegnazione,J84E21005150001,True,definitivo,,1,singolo,7400,1,,11284217.84,11284217.84,"11.284.217,84",totale,assegnazione,assegnato,FINANZIAMENTO AMMESSO,"art. 1, comma 1, lett. b); Allegato 2 / [TABELLA pag.12 n.1], riga 2","DEPOSITO DI CENTOCELLE EST | J84E21005150001 | 11.284.217,84",,alta,,
2022 DI Mims Mef 97 20.04.2022.pdf,minimax/minimax-m3,off,,,Ministero delle Infrastrutture e della Mobilità Sostenibili,Ministero dell'Economia e delle Finanze,assegnazione,E31J19000030001,True,definitivo,,1,singolo,7400,1,,26500000.0,26500000.0,"26.500.000,00",totale,assegnazione,assegnato,FINANZIAMENTO AMMESSO,"art. 1, comma 1, lett. b); Allegato 2 / [TABELLA pag.12 n.1], riga 3","SISTEMA DI TRASPORTO RAPIDO DI MASSA PER IL COLLEGAMENTO TRA LA STAZIONE FERROVIARIA DI PIACENZA ED IL NUOVO POLO OSPEDALIERO | E31J19000030001 | 26.500.000,00",,alta,,
2022 DI Mims Mef 97 20.04.2022.pdf,minimax/minimax-m3,off,,,Ministero delle Infrastrutture e della Mobilità Sostenibili,Ministero dell'Economia e delle Finanze,assegnazione,F44I19000530001,True,definitivo,,1,singolo,7400,1,,122200000.0,122200000.0,"122.200.000,00",totale,assegnazione,assegnato,FINANZIAMENTO AMMESSO,"art. 1, comma 1, lett. b); Allegato 2 / [TABELLA pag.12 n.1], riga 4","AMPLIAMENTO DEL DEPOSITO GALLARATESE DEI TRENI DELLA LINEA METROPOLITANA 1 | F44I19000530001 | 122.200.000,00",,alta,,
2022 DI Mims Mef 97 20.04.2022.pdf,minimax/minimax-m3,off,,,Ministero delle Infrastrutture e della Mobilità Sostenibili,Ministero dell'Economia e delle Finanze,assegnazione,C11J22000000001,True,definitivo,,1,singolo,,,,221721410.41,221721410.41,"221.721.410,41",totale,altro,ammesso,FINANZIAMENTO AMMESSO,"art. 2, comma 1; Allegato 3 / [TABELLA pag.13 n.1], riga 1","PROLUNGAMENTO LINEA TRANVIARIA 12 ALL'ALLIANZ STADIUM E RECUPERO TRINCEA FERROVIA TORINO-CERES | C11J22000000001 | 221.721.410,41",,alta,,"Intervento ammesso a finanziamento e collocato in Allegato 3 (graduatoria), non assegnato dal presente decreto; sarà finanziato a scorrimento con risorse che si renderanno disponibili (art. 2, c. 2)."
2022 DI Mims Mef 97 20.04.2022.pdf,minimax/minimax-m3,off,,,Ministero delle Infrastrutture e della Mobilità Sostenibili,Ministero dell'Economia e delle Finanze,assegnazione,F47C19000370001,True,definitivo,,4,aggregato,,,,20900000.02,5225000.005,"20.900.000,02",totale,altro,ammesso,FINANZIAMENTO AMMESSO,"art. 2, comma 1; Allegato 3 / [TABELLA pag.13 n.1], riga 2","METROPOLITANA LINEA M3: INTERVENTI DI ADEGUAMENTO ANTINCENDIO AI SENSI DEL DM 21.10.2015 | F47C19000370001 F47D17000140005 F47C19000380001 F47C19000390001 | 20.900.000,02",,alta,,"Importo unico per quattro CUP; l'atto non ripartisce. Intervento in Allegato 3 (graduatoria), non assegnato."
2022 DI Mims Mef 97 20.04.2022.pdf,minimax/minimax-m3,off,,,Ministero delle Infrastrutture e della Mobilità Sostenibili,Ministero dell'Economia e delle Finanze,assegnazione,F47D17000140005,True,definitivo,,4,aggregato,,,,20900000.02,5225000.005,"20.900.000,02",totale,altro,ammesso,FINANZIAMENTO AMMESSO,"art. 2, comma 1; Allegato 3 / [TABELLA pag.13 n.1], riga 2","METROPOLITANA LINEA M3: INTERVENTI DI ADEGUAMENTO ANTINCENDIO AI SENSI DEL DM 21.10.2015 | F47C19000370001 F47D17000140005 F47C19000380001 F47C19000390001 | 20.900.000,02",,alta,,"Importo unico per quattro CUP; l'atto non ripartisce. Intervento in Allegato 3 (graduatoria), non assegnato."
2022 DI Mims Mef 97 20.04.2022.pdf,minimax/minimax-m3,off,,,Ministero delle Infrastrutture e della Mobilità Sostenibili,Ministero dell'Economia e delle Finanze,assegnazione,F47C19000380001,True,definitivo,,4,aggregato,,,,20900000.02,5225000.005,"20.900.000,02",totale,altro,ammesso,FINANZIAMENTO AMMESSO,"art. 2, comma 1; Allegato 3 / [TABELLA pag.13 n.1], riga 2","METROPOLITANA LINEA M3: INTERVENTI DI ADEGUAMENTO ANTINCENDIO AI SENSI DEL DM 21.10.2015 | F47C19000370001 F47D17000140005 F47C19000380001 F47C19000390001 | 20.900.000,02",,alta,,"Importo unico per quattro CUP; l'atto non ripartisce. Intervento in Allegato 3 (graduatoria), non assegnato."
2022 DI Mims Mef 97 20.04.2022.pdf,minimax/minimax-m3,off,,,Ministero delle Infrastrutture e della Mobilità Sostenibili,Ministero dell'Economia e delle Finanze,assegnazione,F47C19000390001,True,definitivo,,4,aggregato,,,,20900000.02,5225000.005,"20.900.000,02",totale,altro,ammesso,FINANZIAMENTO AMMESSO,"art. 2, comma 1; Allegato 3 / [TABELLA pag.13 n.1], riga 2","METROPOLITANA LINEA M3: INTERVENTI DI ADEGUAMENTO ANTINCENDIO AI SENSI DEL DM 21.10.2015 | F47C19000370001 F47D17000140005 F47C19000380001 F47C19000390001 | 20.900.000,02",,alta,,"Importo unico per quattro CUP; l'atto non ripartisce. Intervento in Allegato 3 (graduatoria), non assegnato."
2022 DI Mims Mef 97 20.04.2022.pdf,minimax/minimax-m3,off,,,Ministero delle Infrastrutture e della Mobilità Sostenibili,Ministero dell'Economia e delle Finanze,assegnazione,F47C19000350001,True,definitivo,,2,aggregato,,,,45000000.07,22500000.035,"45.000.000,07",totale,altro,ammesso,FINANZIAMENTO AMMESSO,"art. 2, comma 1; Allegato 3 / [TABELLA pag.13 n.1], riga 3","METROPOLITANA LINEE M1 + M2 - INTERVENTI DI ADEGUAMENTO ANTINCENDIO AI SENSI DEL DM 21.10.2015 FASE 2 | F47C19000350001 O F47C19000360001 | 45.000.000,07",,alta,,"Importo unico per due CUP (collegati da 'O' in tabella). Intervento in Allegato 3 (graduatoria), non assegnato."
2022 DI Mims Mef 97 20.04.2022.pdf,minimax/minimax-m3,off,,,Ministero delle Infrastrutture e della Mobilità Sostenibili,Ministero dell'Economia e delle Finanze,assegnazione,F47C19000360001,True,definitivo,,2,aggregato,,,,45000000.07,22500000.035,"45.000.000,07",totale,altro,ammesso,FINANZIAMENTO AMMESSO,"art. 2, comma 1; Allegato 3 / [TABELLA pag.13 n.1], riga 3","METROPOLITANA LINEE M1 + M2 - INTERVENTI DI ADEGUAMENTO ANTINCENDIO AI SENSI DEL DM 21.10.2015 FASE 2 | F47C19000350001 O F47C19000360001 | 45.000.000,07",,alta,,"Importo unico per due CUP (collegati da 'O' in tabella). Intervento in Allegato 3 (graduatoria), non assegnato."
2022 DI Mims Mef 97 20.04.2022.pdf,minimax/minimax-m3,off,,,Ministero delle Infrastrutture e della Mobilità Sostenibili,Ministero dell'Economia e delle Finanze,assegnazione,B34J18000220001,True,definitivo,,2,aggregato,,,,74516124.63,37258062.315,"74.516.124,63",totale,altro,ammesso,FINANZIAMENTO AMMESSO,"art. 2, comma 1; Allegato 3 / [TABELLA pag.13 n.1], riga 4","LINEA METROPOLITANA: PROLUNGAMENTO A RIVAROLO E COMPLETAMENTO DELLA STAZIONE DI MARTINEZ / TERRALBA | B34J18000220001 B34J18000230001 | 74.516.124,63",,alta,,"Importo unico per due CUP; l'atto non ripartisce. Intervento in Allegato 3 (graduatoria), non assegnato."
2022 DI Mims Mef 97 20.04.2022.pdf,minimax/minimax-m3,off,,,Ministero delle Infrastrutture e della Mobilità Sostenibili,Ministero dell'Economia e delle Finanze,assegnazione,B34J18000230001,True,definitivo,,2,aggregato,,,,74516124.63,37258062.315,"74.516.124,63",totale,altro,ammesso,FINANZIAMENTO AMMESSO,"art. 2, comma 1; Allegato 3 / [TABELLA pag.13 n.1], riga 4","LINEA METROPOLITANA: PROLUNGAMENTO A RIVAROLO E COMPLETAMENTO DELLA STAZIONE DI MARTINEZ / TERRALBA | B34J18000220001 B34J18000230001 | 74.516.124,63",,alta,,"Importo unico per due CUP; l'atto non ripartisce. Intervento in Allegato 3 (graduatoria), non assegnato."
2023 DM MIT 342-2023.pdf,minimax/minimax-m3,off,,,Ministero delle infrastrutture e dei trasporti,,rettifica,,False,,,0,singolo,7150,4,2033,217585.0,217585.0,217.585,quota,rimodulazione,rimodulato,Veneto,"art. 1, co. 1; Allegato 3 / [TABELLA pag.11 n.1 e n.2], riga 2033","assegna, per l'annualità 2033, alla Regione Veneto risorse pari a 217.585 euro, in luogo dei precedenti 117.585 euro","DM 23 settembre 2021, n. 364",alta,,rettifica per errore materiale: valore originario Veneto 117.585 (All.3) e valore ammesso Veneto 1.512.215 (All.2)
2023 DM MIT 342-2023.pdf,minimax/minimax-m3,off,,,Ministero delle infrastrutture e dei trasporti,,rettifica,,False,,,0,singolo,7150,4,2033,690994.0,690994.0,690.994,quota,rimodulazione,rimodulato,Emilia Romagna,"art. 1, co. 1; Allegato 3 / [TABELLA pag.11 n.1 e n.2], riga 2033","alla Regione Emilia Romagna risorse pari a 690.994 euro, in luogo dei precedenti 790.994 euro","DM 23 settembre 2021, n. 364",alta,,rettifica per errore materiale: valore originario Emilia Romagna 790.994 (All.3) e valore ammesso Emilia Romagna 9.400.000 (All.2)
2023 DM MIT 342-2023.pdf,minimax/minimax-m3,off,,,Ministero delle infrastrutture e dei trasporti,,rettifica,,False,,,0,singolo,7150,4,2032,125266.0,125266.0,125.266,quota,rimodulazione,rimodulato,Veneto,"art. 1, co. 1; Allegato 3 / [TABELLA pag.11 n.1 e n.2], riga 2032","per l'annualità 2032, assegna alla Regione Veneto risorse pari a 125.266 euro, in luogo dei precedenti 125.268 euro","DM 23 settembre 2021, n. 364",alta,,rettifica per errore materiale: valore originario 125.268
2023 DM MIT 342-2023.pdf,minimax/minimax-m3,off,,,Ministero delle infrastrutture e dei trasporti,,rettifica,,False,,,0,singolo,7150,4,2032,842682.0,842682.0,842.682,quota,rimodulazione,rimodulato,Emilia Romagna,"art. 1, co. 1; Allegato 3 / [TABELLA pag.11 n.1 e n.2], riga 2032","alla Regione Emilia Romagna risorse pari a 842.682 euro, in luogo dei precedenti 842.680 euro","DM 23 settembre 2021, n. 364",alta,,rettifica per errore materiale: valore originario 842.680
2023 DM MIT 342-2023.pdf,minimax/minimax-m3,off,,,Ministero delle infrastrutture e dei trasporti,,rettifica,H49J21005480003,True,definitivo,,1,singolo,7150,3,,47725.0,47725.0,"47.725,00",totale,altro,altro,IMPORTO AMMASSO A FINANZIAMENTO CENTRO-NORD-POTENZIAMENTO,"art. 1, co. 3; Allegato 1 / [TABELLA pag.4 n.1], riga 5","INTERSCAMBIO SANT'OLCESE TULLO | STAZIONE DI SANT'OLCESE TULLO | 47.725,00 | H49J21005480003","DM 23 settembre 2021, n. 364",alta,,Allegato 1 REV.2 del decreto corrente aggiorna e sostituisce l'Allegato 1 del DM 364/2021; l'importo di 47.725 è confermato
2023 DM MIT 342-2023.pdf,minimax/minimax-m3,off,,,Ministero delle infrastrutture e dei trasporti,,rettifica,C75B23000000001,True,definitivo,,1,singolo,7150,3,,10543255.0,10543255.0,"10.543.255,00",totale,altro,altro,IMPORTO AMMASSO A FINANZIAMENTO CENTRO-NORD-POTENZIAMENTO,"art. 1, co. 3; Allegato 1 / [TABELLA pag.4 n.1], riga 7","Rinnovo, potenziamento e messa in sicurezza linea contatto Roma-Viterbo Catalano-Viterbo | 10.543.255,00 | C75B23000000001","DM 23 settembre 2021, n. 364",alta,,Allegato 1 REV.2 aggiorna e sostituisce l'Allegato 1 del DM 364/2021
2023 DM MIT 342-2023.pdf,minimax/minimax-m3,off,,,Ministero delle infrastrutture e dei trasporti,,rettifica,C71G22000090001,True,definitivo,,1,singolo,7150,3,,7000000.0,7000000.0,"7.000.000,00",totale,altro,altro,IMPORTO AMMASSO A FINANZIAMENTO CENTRO-NORD-POTENZIAMENTO,"art. 1, co. 3; Allegato 1 / [TABELLA pag.4 n.1], riga 8","Potenziamento sistema di alimentazione elettrica Roma-Viterbo SSE e DOTE | 7.000.000,00 | C71G22000090001","DM 23 settembre 2021, n. 364",alta,,Allegato 1 REV.2 aggiorna e sostituisce l'Allegato 1 del DM 364/2021
2023 DM MIT 342-2023.pdf,minimax/minimax-m3,off,,,Ministero delle infrastrutture e dei trasporti,,rettifica,E51B21002250001,True,definitivo,,1,singolo,7150,3,,20000000.0,20000000.0,"20.000.000,00",totale,altro,altro,IMPORTO AMMASSO A FINANZIAMENTO CENTRO-NORD-POTENZIAMENTO,"art. 1, co. 3; Allegato 1 / [TABELLA pag.4 n.1], riga 9","Interventi sulla rete per stabilizzazione orario Milano-Varese-Laveno Gemonio e Cittiglio | 20.000.000,00 | E51B21002250001","DM 23 settembre 2021, n. 364",alta,,Allegato 1 REV.2 aggiorna e sostituisce l'Allegato 1 del DM 364/2021
2023 DM MIT 342-2023.pdf,minimax/minimax-m3,off,,,Ministero delle infrastrutture e dei trasporti,,rettifica,B41E04000210001,True,definitivo,,1,singolo,7150,3,,50000000.0,50000000.0,"50.000.000,00",totale,altro,altro,IMPORTO AMMASSO A FINANZIAMENTO SUD-POTENZIAMENTO,"art. 1, co. 3; Allegato 1 / [TABELLA pag.5 n.1], riga 1","Linea 1 Metropolitana di Napoli Tratta CDN-Capodichino Completamento Circumvesuviana | 50.000.000,00 | B41E04000210001","DM 23 settembre 2021, n. 364",alta,,Allegato 1 REV.2 aggiorna e sostituisce l'Allegato 1 del DM 364/2021
2023 DM MIT 342-2023.pdf,minimax/minimax-m3,off,,,Ministero delle infrastrutture e dei trasporti,,rettifica,F61B21003640009,True,definitivo,,1,singolo,7150,3,,30000000.0,30000000.0,"30.000.000,00",totale,altro,altro,IMPORTO AMMASSO A FINANZIAMENTO SUD-POTENZIAMENTO,"art. 1, co. 3; Allegato 1 / [TABELLA pag.5 n.1], riga 2","Nuovo telecomando linee flegree con fornitura SSE | 30.000.000,00 | F61B21003640009","DM 23 settembre 2021, n. 364",alta,,Allegato 1 REV.2 aggiorna e sostituisce l'Allegato 1 del DM 364/2021
2023 DM MIT 342-2023.pdf,minimax/minimax-m3,off,,,Ministero delle infrastrutture e dei trasporti,,rettifica,G31G22000250001,True,definitivo,,1,singolo,7150,3,,2800000.0,2800000.0,"2.800.000,00",totale,altro,altro,IMPORTO AMMASSO A FINANZIAMENTO SUD-POTENZIAMENTO,"art. 1, co. 3; Allegato 1 / [TABELLA pag.5 n.1], riga 3","Rifacimento pensilina Bari centrale | 2.800.000,00 | G31G22000250001","DM 23 settembre 2021, n. 364",alta,,Allegato 1 REV.2 aggiorna e sostituisce l'Allegato 1 del DM 364/2021
2023 DM MIT 342-2023.pdf,minimax/minimax-m3,off,,,Ministero delle infrastrutture e dei trasporti,,rettifica,D69D15002090001,True,definitivo,,2,aggregato,7150,3,,50000000.0,25000000.0,"50.000.000,00",totale,altro,altro,IMPORTO AMMASSO A FINANZIAMENTO SUD-POTENZIAMENTO,"art. 1, co. 3; Allegato 1 / [TABELLA pag.5 n.1], riga 4","Completamento elettrificazione dorsale Salento Lotto 4 Maglie-Otranto e Lotto 3 Zollino-Gagliano | 50.000.000,00 | Lotto 4 - D69D15002090001 Lotto 3 - D49D15001920001","DM 23 settembre 2021, n. 364",alta,,importo unico per due lotti/CUP; l'atto non ripartisce
2023 DM MIT 342-2023.pdf,minimax/minimax-m3,off,,,Ministero delle infrastrutture e dei trasporti,,rettifica,D49D15001920001,True,definitivo,,2,aggregato,7150,3,,50000000.0,25000000.0,"50.000.000,00",totale,altro,altro,IMPORTO AMMASSO A FINANZIAMENTO SUD-POTENZIAMENTO,"art. 1, co. 3; Allegato 1 / [TABELLA pag.5 n.1], riga 4","Completamento elettrificazione dorsale Salento Lotto 4 Maglie-Otranto e Lotto 3 Zollino-Gagliano | 50.000.000,00 | Lotto 4 - D69D15002090001 Lotto 3 - D49D15001920001","DM 23 settembre 2021, n. 364",alta,,importo unico per due lotti/CUP; l'atto non ripartisce
2023 DM MIT 342-2023.pdf,minimax/minimax-m3,off,,,Ministero delle infrastrutture e dei trasporti,,rettifica,G71B18000620005,True,definitivo,,1,singolo,7150,3,,2500000.0,2500000.0,"2.500.000,00",totale,altro,altro,IMPORTO AMMASSO A FINANZIAMENTO SUD-POTENZIAMENTO,"art. 1, co. 3; Allegato 1 / [TABELLA pag.5 n.1], riga 5","Realizzazione parcheggio interscambio stazione Altamura | 2.500.000,00 | G71B18000620005","DM 23 settembre 2021, n. 364",alta,,Allegato 1 REV.2 aggiorna e sostituisce l'Allegato 1 del DM 364/2021
2023 DM MIT 342-2023.pdf,minimax/minimax-m3,off,,,Ministero delle infrastrutture e dei trasporti,,rettifica,F81B21005610001,True,definitivo,,1,singolo,7150,3,,18000000.0,18000000.0,"18.000.000,00",totale,altro,altro,IMPORTO AMMASSO A FINANZIAMENTO SUD-POTENZIAMENTO,"art. 1, co. 3; Allegato 1 / [TABELLA pag.6 n.1], riga 1","Variante tracciato, punti incrocio e raddoppio Monserrato-Settimo/San Pietro | 18.000.000,00 | F81B21005610001","DM 23 settembre 2021, n. 364",alta,,Allegato 1 REV.2 aggiorna e sostituisce l'Allegato 1 del DM 364/2021
2023 DM MIT 342-2023.pdf,minimax/minimax-m3,off,,,Ministero delle infrastrutture e dei trasporti,,rettifica,I61B21003020001,True,definitivo,,1,singolo,7150,3,,9900000.0,9900000.0,"9.900.000,00",totale,altro,altro,IMPORTO AMMASSO A FINANZIAMENTO SUD-POTENZIAMENTO,"art. 1, co. 3; Allegato 1 / [TABELLA pag.6 n.1], riga 2","Nuova stazione Catanzaro Città | 9.900.000,00 | I61B21003020001","DM 23 settembre 2021, n. 364",alta,,Allegato 1 REV.2 aggiorna e sostituisce l'Allegato 1 del DM 364/2021
2023 DM MIT 342-2023.pdf,minimax/minimax-m3,off,,,Ministero delle infrastrutture e dei trasporti,,rettifica,I67H21003160001,True,definitivo,,1,singolo,7150,3,,2900000.0,2900000.0,"2.900.000,00",totale,altro,altro,IMPORTO AMMASSO A FINANZIAMENTO SUD-POTENZIAMENTO,"art. 1, co. 3; Allegato 1 / [TABELLA pag.6 n.1], riga 3","Miglioramento fruibilità linea Catanzaro Città-Catanzaro Lido-Germaneto | 2.900.000,00 | I67H21003160001","DM 23 settembre 2021, n. 364",alta,,Allegato 1 REV.2 aggiorna e sostituisce l'Allegato 1 del DM 364/2021
2023 DM MIT 342-2023.pdf,minimax/minimax-m3,off,,,Ministero delle infrastrutture e dei trasporti,,rettifica,B89J21020930005,True,definitivo,,1,singolo,7150,3,,1200000.0,1200000.0,"1.200.000,00",totale,altro,altro,IMPORTO AMMASSO A FINANZIAMENTO SUD-POTENZIAMENTO,"art. 1, co. 3; Allegato 1 / [TABELLA pag.6 n.1], riga 4","Creazione posto intermedio Guastacconcia Fossacesia-Saletti | 1.200.000,00 | B89J21020930005","DM 23 settembre 2021, n. 364",alta,,Allegato 1 REV.2 aggiorna e sostituisce l'Allegato 1 del DM 364/2021
2023 DM MIT 342-2023.pdf,minimax/minimax-m3,off,,,Ministero delle infrastrutture e dei trasporti,,rettifica,I57H21005640001,True,definitivo,,1,singolo,7150,4,,1512215.0,1512215.0,"1.512.215,00",totale,altro,altro,IMPORTO SICUREZZA INTERVENTO,"art. 1, co. 3; Allegato 2 / [TABELLA pag.7 n.1], riga 1","Interventi strutturali risanamento ponte c.a. Adria-Mestre km 14+355 | 1.512.215,00 | I57H21005640001","DM 23 settembre 2021, n. 364",alta,,Allegato 2 REV.4 aggiorna e sostituisce l'Allegato 2 del DM 364/2021; importo corrispondente alla correzione Veneto (1.412.215 → 1.512.215)
2023 DM MIT 342-2023.pdf,minimax/minimax-m3,off,,,Ministero delle infrastrutture e dei trasporti,,rettifica,B19F22013250002,True,definitivo,,1,singolo,7150,4,,2400000.0,2400000.0,"2.400.000,00",totale,altro,altro,IMPORTO SICUREZZA INTERVENTO,"art. 1, co. 3; Allegato 2 / [TABELLA pag.7 n.1], riga 2","Eliminazione due passaggi a livello Stazione di Giovi ferrovia Arezzo-Sinalunga | 2.400.000,00 | B19F22013250002","DM 23 settembre 2021, n. 364",alta,,Allegato 2 REV.4 aggiorna e sostituisce l'Allegato 2 del DM 364/2021
2023 DM MIT 342-2023.pdf,minimax/minimax-m3,off,,,Ministero delle infrastrutture e dei trasporti,,rettifica,C89F23000050001,True,definitivo,,1,singolo,7150,4,,600000.0,600000.0,"600.000,00",totale,altro,altro,IMPORTO SICUREZZA INTERVENTO,"art. 1, co. 3; Allegato 2 / [TABELLA pag.7 n.1], riga 3","Soppressione 4 PL Parma-Suzzara Brescello | 600.000,00 | C89F23000050001","DM 23 settembre 2021, n. 364",alta,,Allegato 2 REV.4 aggiorna e sostituisce l'Allegato 2 del DM 364/2021
2023 DM MIT 342-2023.pdf,minimax/minimax-m3,off,,,Ministero delle infrastrutture e dei trasporti,,rettifica,C99F23000050001,True,definitivo,,1,singolo,7150,4,,5400000.0,5400000.0,"5.400.000,00",totale,altro,altro,IMPORTO SICUREZZA INTERVENTO,"art. 1, co. 3; Allegato 2 / [TABELLA pag.8 n.1], riga 1","Linea Bologna-Portomaggiore soppressione PL Ca' dell'Orbo | 5.400.000,00 | C99F23000050001","DM 23 settembre 2021, n. 364",alta,,Allegato 2 REV.4 aggiorna e sostituisce l'Allegato 2 del DM 364/2021
2023 DM MIT 342-2023.pdf,minimax/minimax-m3,off,,,Ministero delle infrastrutture e dei trasporti,,rettifica,C56G21008730001,True,definitivo,,1,singolo,7150,4,,3400000.0,3400000.0,"3.400.000,00",totale,altro,altro,IMPORTO SICUREZZA INTERVENTO,"art. 1, co. 3; Allegato 2 / [TABELLA pag.8 n.1], riga 2","Upgrade impianti multi-ACC Reggio E.-Guastalla | 3.400.000,00 | C56G21008730001","DM 23 settembre 2021, n. 364",alta,,Allegato 2 REV.4 aggiorna e sostituisce l'Allegato 2 del DM 364/2021; totale Emilia Romagna 9.400.000 (corrispondente alla correzione 9.500.000 → 9.400.000)
2023 DM MIT 342-2023.pdf,minimax/minimax-m3,off,,,Ministero delle infrastrutture e dei trasporti,,rettifica,F41B21005790009,True,definitivo,,1,singolo,7150,4,,30000000.0,30000000.0,30.000.000,totale,altro,altro,IMPORTO SICUREZZA INTERVENTO,"art. 1, co. 3; Allegato 2 / [TABELLA pag.9 n.1], riga 1",Soppressione PP.LL. rete ferroviaria EAV | 30.000.000 | F41B21005790009,"DM 23 settembre 2021, n. 364",alta,,Allegato 2 REV.4 aggiorna e sostituisce l'Allegato 2 del DM 364/2021
2023 DM MIT 342-2023.pdf,minimax/minimax-m3,off,,,Ministero delle infrastrutture e dei trasporti,,rettifica,G31G22000260001,True,definitivo,,1,singolo,7150,4,,7200000.0,7200000.0,7.200.000,totale,altro,altro,IMPORTO SICUREZZA INTERVENTO,"art. 1, co. 3; Allegato 2 / [TABELLA pag.9 n.1], riga 2",Raddoppio Bari Sant'Andrea-Modugno | 7.200.000 | G31G22000260001,"DM 23 settembre 2021, n. 364",alta,,Allegato 2 REV.4 aggiorna e sostituisce l'Allegato 2 del DM 364/2021
2023 DM MIT 342-2023.pdf,minimax/minimax-m3,off,,,Ministero delle infrastrutture e dei trasporti,,rettifica,G11B18000550005,True,definitivo,,1,singolo,7150,4,,3500000.0,3500000.0,"3.500.000,00",totale,altro,altro,IMPORTO SICUREZZA INTERVENTO,"art. 1, co. 3; Allegato 2 / [TABELLA pag.10 n.1], riga 1",Ripristino funzionalità officina ferroviaria Serra Rifusa | 3.500.000 | G11B18000550005,"DM 23 settembre 2021, n. 364",alta,,Allegato 2 REV.4 aggiorna e sostituisce l'Allegato 2 del DM 364/2021
2023 DM MIT 342-2023.pdf,minimax/minimax-m3,off,,,Ministero delle infrastrutture e dei trasporti,,rettifica,B81B21003770005,True,definitivo,,1,singolo,7150,4,,1750000.0,1750000.0,"1.750.000,00",totale,altro,altro,IMPORTO SICUREZZA INTERVENTO,"art. 1, co. 3; Allegato 2 / [TABELLA pag.10 n.1], riga 2",Tesatura conduttori rame TE Fossacesia-Archi e palificata ponte fiume Sangro | 1.750.000 | B81B21003770005,"DM 23 settembre 2021, n. 364",alta,,Allegato 2 REV.4 aggiorna e sostituisce l'Allegato 2 del DM 364/2021
2025 DD MIT 141-2025.pdf,minimax/minimax-m3,off,141,2025-04-18,Ministero delle infrastrutture e dei trasporti,,impegno,E51I04000010007,True,definitivo,,1,singolo,7419,2,2024-2032,2125000000.0,2125000000.0,"€ 2.125.000.000,00",totale,assegnazione,impegnato,,art. 3; [TABELLA pag.5 n.1],"È autorizzato l'impegno delle risorse di cui al citato articolo 1, comma 478, della legge 29 dicembre 2022, n. 197, sul capitolo 7419, piano gestionale 2 ... per la somma complessiva di € 2.125.000.000,00",,alta,,"Importo complessivo disposto dall'atto corrente (art. 3); quote annuali riportate nella tabella non generano record separati (R5). Include € 50.000.000,00 in conto residui 2024."
2025 DD MIT 141-2025.pdf,minimax/minimax-m3,off,141,2025-04-18,Ministero delle infrastrutture e dei trasporti,,impegno,E51I04000010007,True,definitivo,,1,singolo,7416,1,2027-2028,75000000.0,75000000.0,"€ 75.000.000,00",totale,assegnazione,impegnato,,art. 4,"È autorizzato l'impegno delle risorse ... sul capitolo 7416 piano gestionale 1 ... per la somma complessiva di € 75.000.000,00, di cui 50.000.000,00 per l'esercizio finanziario 2027 e € 25.000.000,00 per l'esercizio finanziario 2028",,alta,,Quote annuali 2027 (€ 50.000.000) e 2028 (€ 25.000.000) registrate solo come arco complessivo (R5).
2022 DD MIT 454-2022.pdf,moonshotai/kimi-k2.6,off,,,Ministero delle infrastrutture e dei trasporti,Ministero dell'economia e delle finanze,impegno,E51I04000010007,True,definitivo,,1,singolo,7426,1,2021,14000000.0,14000000.0,"€ 14.000.000,00",totale,assegnazione,impegnato,,art. 1,"è autorizzato, per il corrente esercizio finanziario, a favore di Roma Capitale per l'intervento ""Tratta Colosseo - Piazza Venezia della Linea C della metropolitana di Roma"" CUP E51I04000010007, l'impegno di € 14.000.000,00 in conto residui di lettera F, esercizio di provenienza 2021","decreto del Ministro delle infrastrutture e dei trasporti di concerto con il Ministro dell'economia e delle finanze, n. 498 del 14 novembre 2014",alta,,"Impegno in conto residui di lettera F, esercizio di provenienza 2021; l'importo era stato reiscritto dal 2017 al 2021 come indicato nel premesso"
2022 DD MIT 454-2022.pdf,moonshotai/kimi-k2.6,off,,,Ministero delle infrastrutture e dei trasporti,Ministero dell'economia e delle finanze,impegno,E51I04000010007,True,definitivo,,1,singolo,7426,1,2022-2025,131000000.0,131000000.0,"€ 131.000.000,00",totale,assegnazione,impegnato,,art. 2; [TABELLA pag.3 n.1],"è autorizzato l'impegno, sul capitolo 7426, piano di gestione 1, ... per l'importo complessivo di € 131.000.000,00 a favore di Roma Capitale, per l'intervento ""Tratta Colosseo - Piazza Venezia della Linea C della metropolitana di Roma"" CUP E51I04000010007","decreto del Ministro delle infrastrutture e dei trasporti di concerto con il Ministro dell'economia e delle finanze, n. 498 del 14 novembre 2014",alta,,Importo complessivo ripartito annualmente 2022-2025; le quote annuali non generano record separati in quanto l'atto dispone l'importo complessivo
2022 DDG 128 del 02-05-22.pdf,moonshotai/kimi-k2.6,off,,,Ministero delle infrastrutture e della mobilità sostenibili,,impegno,H94I19000130004,True,definitivo,,1,singolo,7400,7,2020-2034,97154124.1,97154124.1,"97.154.124,10",totale,assegnazione,impegnato,Totale,"art. 1-2; Allegato 1 / [TABELLA pag.4 n.1], riga 1","Comune di Padova | H94I19000130004 | 7400/PG 7 | ... | 97.154.124,10",Decreto del Ministro delle infrastrutture e della mobilità sostenibili n. 464 del 22 novembre 2021,alta,,"Impegno in conto residui di stanziamento (art. 1: € 3.000.000,00) e in conto competenza (art. 2: € 631.174.000,00) per il totale pluriennale. L'importo totale per riga è quello della colonna Totale. Le annualità sono indicate ma non generano record separati."
2022 DDG 128 del 02-05-22.pdf,moonshotai/kimi-k2.6,off,,,Ministero delle infrastrutture e della mobilità sostenibili,,impegno,J80J18000000001,True,definitivo,,1,singolo,7400,7,2020-2034,159466174.12,159466174.12,"159.466.174,12",totale,assegnazione,impegnato,Totale,"art. 1-2; Allegato 1 / [TABELLA pag.4 n.1], riga 2","Roma Capitale | J80J18000000001 | 7400/PG 7 | ... | 159.466.174,12",Decreto del Ministro delle infrastrutture e della mobilità sostenibili n. 464 del 22 novembre 2021,alta,,"Impegno in conto residui di stanziamento (art. 1: € 3.000.000,00) e in conto competenza (art. 2: € 631.174.000,00) per il totale pluriennale. L'importo totale per riga è quello della colonna Totale."
2022 DDG 128 del 02-05-22.pdf,moonshotai/kimi-k2.6,off,,,Ministero delle infrastrutture e della mobilità sostenibili,,impegno,C11B21008720001,True,definitivo,,2,aggregato,7400,7,2020-2034,44494493.04,22247246.52,"44.494.493,04",totale,assegnazione,impegnato,Totale,"art. 1-2; Allegato 1 / [TABELLA pag.4 n.1], riga 3","Comune di Torino | C11B21008720001 D81E20000410007 | 7400/PG 7 | ... | 44.494.493,04",Decreto del Ministro delle infrastrutture e della mobilità sostenibili n. 464 del 22 novembre 2021,alta,,"Due CUP per un unico importo aggregato; l'atto non ripartisce tra i due CUP. Impegno in conto residui di stanziamento (art. 1: € 3.000.000,00) e in conto competenza (art. 2: € 631.174.000,00) per il totale pluriennale."
2022 DDG 128 del 02-05-22.pdf,moonshotai/kimi-k2.6,off,,,Ministero delle infrastrutture e della mobilità sostenibili,,impegno,D81E20000410007,True,definitivo,,2,aggregato,7400,7,2020-2034,44494493.04,22247246.52,"44.494.493,04",totale,assegnazione,impegnato,Totale,"art. 1-2; Allegato 1 / [TABELLA pag.4 n.1], riga 3","Comune di Torino | C11B21008720001 D81E20000410007 | 7400/PG 7 | ... | 44.494.493,04",Decreto del Ministro delle infrastrutture e della mobilità sostenibili n. 464 del 22 novembre 2021,alta,,"Due CUP per un unico importo aggregato; l'atto non ripartisce tra i due CUP. Impegno in conto residui di stanziamento (art. 1: € 3.000.000,00) e in conto competenza (art. 2: € 631.174.000,00) per il totale pluriennale."
2022 DDG 128 del 02-05-22.pdf,moonshotai/kimi-k2.6,off,,,Ministero delle infrastrutture e della mobilità sostenibili,,impegno,C81B21013200005,True,definitivo,,1,singolo,7400,7,2020-2034,333059208.74,333059208.74,"333.059.208,74",totale,assegnazione,impegnato,Totale,"art. 1-2; Allegato 1 / [TABELLA pag.4 n.1], riga 4","Comune di Brescia | C81B21013200005 | 7400/PG 7 | ... | 333.059.208,74",Decreto del Ministro delle infrastrutture e della mobilità sostenibili n. 464 del 22 novembre 2021,alta,,"Impegno in conto residui di stanziamento (art. 1: € 3.000.000,00) e in conto competenza (art. 2: € 631.174.000,00) per il totale pluriennale. L'importo totale per riga è quello della colonna Totale."
2022 DDG 128 del 02-05-22.pdf,moonshotai/kimi-k2.6,off,,,Ministero delle infrastrutture e della mobilità sostenibili,,impegno,C81B21013200005,True,definitivo,,1,singolo,7400,1,2029-2034,26486678.33,26486678.33,"26.486.678,33",totale,assegnazione,impegnato,Totale,"art. 3; Allegato 1 / [TABELLA pag.4 n.1], riga 5","| | 7400/PG 1 | | | | | | | | | | 4.414.446,39 | 4.414.446,39 | 4.414.446,39 | 4.414.446,39 | 4.414.446,39 | 4.414.446,38 | 26.486.678,33",Decreto del Ministro delle infrastrutture e della mobilità sostenibili n. 464 del 22 novembre 2021,alta,,"Impegno in conto competenza per € 26.486.678,33 disposto dall'art. 3, distinto dal PG 7. Stesso CUP C81B21013200005 del record precedente ma su piano gestionale diverso: record separato come da regola R5."
2022 DI Mims Mef 97 20.04.2022.pdf,moonshotai/kimi-k2.6,off,,,Ministero delle Infrastrutture e della Mobilità Sostenibili,Ministero dell'Economia e delle Finanze,assegnazione,B39J22001360001,True,definitivo,,1,singolo,7400,8,,398000000.0,398000000.0,"398.000.000,00",totale,assegnazione,assegnato,FINANZIAMENTO AMMESSO,"art. 1, comma 1, lettera a); Allegato 1 / [TABELLA pag.10 n.1], riga 1","COMUNE DI GENOVA | SKYMETRO VAL BISAGNO GENOVA | B39J22001360001 | PFTE | 31.03.2023 | 30.06.2025 | 31.12.2027 | 398.000.000,00 | --- | 398.000.000,00",,alta,,
2022 DI Mims Mef 97 20.04.2022.pdf,moonshotai/kimi-k2.6,off,,,Ministero delle Infrastrutture e della Mobilità Sostenibili,Ministero dell'Economia e delle Finanze,assegnazione,B31F20000030005,True,definitivo,,1,singolo,7400,8,,20860000.0,20860000.0,"20.860.000,00",totale,assegnazione,assegnato,FINANZIAMENTO AMMESSO,"art. 1, comma 1, lettera a); Allegato 1 / [TABELLA pag.10 n.1], riga 2","PROLUNGAMENTO METROPOLITANA DI GENOVA DA BRIN A CANEPARI. OPERE DI ADEGUAMENTO IDRAULICO DEL TRATTO TOMBINATO DI VALLE DEL RIO MALTEMPO, AFFLUENTE DEL TORRENTE POLCEVERA | COMUNE DI GENOVA | B31F20000030005 | PFTE | 31.03.2023 | 31.12.2023 | 30.09.2024 | 20.860.000,00 | --- | 20.860.000,00",,alta,,
2022 DI Mims Mef 97 20.04.2022.pdf,moonshotai/kimi-k2.6,off,,,Ministero delle Infrastrutture e della Mobilità Sostenibili,Ministero dell'Economia e delle Finanze,assegnazione,B44D20000040001,True,definitivo,,1,singolo,7400,8,,180000000.0,180000000.0,"180.000.000,00",totale,assegnazione,assegnato,FINANZIAMENTO AMMESSO,"art. 1, comma 1, lettera a); Allegato 1 / [TABELLA pag.10 n.1], riga 3","LINEA METROPOLITANA M1 PROLUNGAMENTO QUARTIERE BAGGIO – OLMI - VALSESIA | COMUNE DI MILANO | B44D20000040001 | PROGETTO DEFINITIVO | 31.12.2022 | 31.12.2025 | 31.12.2027 | 398.000.000,00 | 218.000.000,00 | 180.000.000,00",,alta,,"Il costo totale è 398.000.000,00; il cofinanziamento disponibile è 218.000.000,00; il finanziamento ammesso (assegnato dal presente decreto) è 180.000.000,00"
2022 DI Mims Mef 97 20.04.2022.pdf,moonshotai/kimi-k2.6,off,,,Ministero delle Infrastrutture e della Mobilità Sostenibili,Ministero dell'Economia e delle Finanze,assegnazione,B91J21000040001,True,definitivo,,1,singolo,7400,8,,420000000.0,420000000.0,"420.000.000,00",totale,assegnazione,assegnato,FINANZIAMENTO AMMESSO,"art. 1, comma 1, lettera a); Allegato 1 / [TABELLA pag.10 n.1], riga 4","PROLUNGAMENTO LINEA METROPOLITANA M4 DA AEROPORTO LINATE A SEGRATE | COMUNE DI MILANO | B91J21000040001 | PFTE | 31.12.2025 | 31.12.2028 | 31.12.2030 | 420.000.000,00 | --- | 420.000.000,00",,alta,,
2022 DI Mims Mef 97 20.04.2022.pdf,moonshotai/kimi-k2.6,off,,,Ministero delle Infrastrutture e della Mobilità Sostenibili,Ministero dell'Economia e delle Finanze,assegnazione,B41J21000050006,True,definitivo,,1,singolo,7400,8,,4500000.0,4500000.0,"4.500.000,00",totale,assegnazione,assegnato,FINANZIAMENTO AMMESSO,"art. 1, comma 1, lettera a); Allegato 1 / [TABELLA pag.10 n.1], riga 5","NUOVA LINEA METROPOLITANA M6 RAMO SUD (PFTE) | COMUNE DI MILANO | B41J21000050006 | --- | 31.03.2023 | 30.06.2024 | 31.12.2025 | 4.500.000,00 | --- | 4.500.000,00",,alta,,
2022 DI Mims Mef 97 20.04.2022.pdf,moonshotai/kimi-k2.6,off,,,Ministero delle Infrastrutture e della Mobilità Sostenibili,Ministero dell'Economia e delle Finanze,assegnazione,B41C21000010001,True,definitivo,,1,singolo,7400,8,,5500000.0,5500000.0,"5.500.000,00",totale,assegnazione,assegnato,FINANZIAMENTO AMMESSO,"art. 1, comma 1, lettera a); Allegato 1 / [TABELLA pag.10 n.1], riga 6","PROLUNGAMENTO M3 SAN DONATO M. – ASTA PAULLESE (PFTE) | COMUNE DI MILANO | B41C21000010001 | PFTE – 1° FASE | 31.03.2023 | 30.06.2024 | 31.12.2025 | 5.500.000,00 | --- | 5.500.000,00",,alta,,
2022 DI Mims Mef 97 20.04.2022.pdf,moonshotai/kimi-k2.6,off,,,Ministero delle Infrastrutture e della Mobilità Sostenibili,Ministero dell'Economia e delle Finanze,assegnazione,F41B22000740009,True,definitivo,,1,singolo,7400,8,,631373163.0,631373163.0,"631.373.163,00",totale,assegnazione,assegnato,FINANZIAMENTO AMMESSO,"art. 1, comma 1, lettera a); Allegato 1 / [TABELLA pag.10 n.1], riga 7","NUOVO COLLEGAMENTO IN SEDE PROPRIA TRA LA STAZIONE AV DI AFRAGOLA E LA RETE METROPOLITANA DI NAPOLI. LOTTO 1°_STRALCIO I | COMUNE DI NAPOLI / EAV Srl | F41B22000740009 (CUP MASTER) | PFTE | 31.03.2023 | 30.06.2025 | 31.12.2027 | 631.373.163,00 | --- | 631.373.163,00",,alta,"Nella tabella il CUP F41B22000740009 è indicato come 'CUP MASTER', ma non è presente un CUP dell'intervento distinto dal Master. Secondo le regole, essendo l'unico CUP presente nella riga, va nella lista cup.","Il CUP è indicato come 'CUP MASTER' nella tabella ma è l'unico codice presente nella riga; non essendoci un CUP dell'intervento distinto, questo è il CUP della riga"
2022 DI Mims Mef 97 20.04.2022.pdf,moonshotai/kimi-k2.6,off,,,Ministero delle Infrastrutture e della Mobilità Sostenibili,Ministero dell'Economia e delle Finanze,assegnazione,F41B22000830009,True,definitivo,,1,singolo,7400,8,,163500824.0,163500824.0,"163.500.824,00",totale,assegnazione,assegnato,FINANZIAMENTO AMMESSO,"art. 1, comma 1, lettera a); Allegato 1 / [TABELLA pag.10 n.1], riga 8","NUOVO COLLEGAMENTO IN SEDE PROPRIA TRA LA STAZIONE AV DI AFRAGOLA E LA RETE METROPOLITANA DI NAPOLI. LOTTO 1°_STRALCIO II | COMUNE DI NAPOLI / EAV Srl | F41B22000830009 | PFTE | 31.03.2026 | 31.12.2026 | 31.12.2027 | 163.500.824,00 | --- | 163.500.824,00",,alta,,
2022 DI Mims Mef 97 20.04.2022.pdf,moonshotai/kimi-k2.6,off,,,Ministero delle Infrastrutture e della Mobilità Sostenibili,Ministero dell'Economia e delle Finanze,assegnazione,E51I04000010007,True,definitivo,,1,singolo,7400,8,,610000000.0,610000000.0,"610.000.000,00",totale,assegnazione,assegnato,FINANZIAMENTO AMMESSO,"art. 1, comma 1, lettera a); Allegato 1 / [TABELLA pag.10 n.1], riga 9","LINEA C DELLA METROPOLITANA DI ROMA - SUB-TRATTA FUNZIONALE DA STAZIONE VENEZIA A STAZIONE FORI IMPERIALI | ROMA CAPITALE / ROMA METROPOLITANE Srl | E51I04000010007 | PROGETTO DEFINITIVO | 31.12.2022 | 31.12.2027 | 31.12.2032 | 755.000.000,00 | 145.000.000,00 | 610.000.000,00",,alta,,"Il costo totale è 755.000.000,00; il cofinanziamento disponibile è 145.000.000,00; il finanziamento ammesso (assegnato dal presente decreto) è 610.000.000,00"
2022 DI Mims Mef 97 20.04.2022.pdf,moonshotai/kimi-k2.6,off,,,Ministero delle Infrastrutture e della Mobilità Sostenibili,Ministero dell'Economia e delle Finanze,assegnazione,E51I04000010007,True,definitivo,,1,singolo,7400,8,,990000000.0,990000000.0,"990.000.000,00",totale,assegnazione,assegnato,FINANZIAMENTO AMMESSO,"art. 1, comma 1, lettera a); Allegato 1 / [TABELLA pag.10 n.1], riga 10","LINEA C DELLA METROPOLITANA DI ROMA - TRATTA T2 - LOTTO COSTRUTTIVO | ROMA CAPITALE / ROMA METROPOLITANE Srl | E51I04000010007 | PROGETTO PRELIMINARE | 30.06.2023 | 30.09.2024 | 31.12.2026 | 990.000.000,00 | --- | 990.000.000,00",,alta,Stesso CUP E51I04000010007 usato per due interventi distinti (sub-tratta funzionale e tratta T2). Il decreto assegna finanziamenti separati per due interventi distinti con lo stesso CUP.,"Stesso CUP per due interventi distinti: sub-tratta funzionale da Venezia a Fori Imperiali (610.000.000,00) e tratta T2 lotto costruttivo (990.000.000,00). Il CUP è lo stesso ma gli importi sono distinti e vanno registrati separatamente."
2022 DI Mims Mef 97 20.04.2022.pdf,moonshotai/kimi-k2.6,off,,,Ministero delle Infrastrutture e della Mobilità Sostenibili,Ministero dell'Economia e delle Finanze,assegnazione,C71F20000020005,True,definitivo,,1,singolo,7400,8,,1000000000.0,1000000000.0,"1.000.000.000,00",totale,assegnazione,assegnato,FINANZIAMENTO AMMESSO,"art. 1, comma 1, lettera a); Allegato 1 / [TABELLA pag.10 n.1], riga 11","METROPOLITANA AUTOMATICA DI TORINO – LINEA 2 – TRATTA 'POLITECNICO – REBAUDENGO' | COMUNE DI TORINO | C71F20000020005 | PROGETTO DEFINITIVO | 31.12.2023 | 30.06.2028 | 31.12.2031 | 1.800.000.000,00 | 800.000.000,00 | 1.000.000.000,00",,alta,,"Il costo totale è 1.800.000.000,00; il cofinanziamento disponibile è 800.000.000,00; il finanziamento ammesso (assegnato dal presente decreto) è 1.000.000.000,00"
2022 DI Mims Mef 97 20.04.2022.pdf,moonshotai/kimi-k2.6,off,,,Ministero delle Infrastrutture e della Mobilità Sostenibili,Ministero dell'Economia e delle Finanze,assegnazione,J81B21014060001,True,definitivo,,1,singolo,7400,1,,173183831.97,173183831.97,"173.183.831,97",totale,assegnazione,assegnato,FINANZIAMENTO AMMESSO,"art. 1, comma 1, lettera b); Allegato 2 / [TABELLA pag.12 n.1], riga 1","ROMA CAPITALE | LINEA TRANVIARIA TERMINI - VATICANO - AURELIO | J81B21014060001 | TRANVIA | 293.183.831,97 | 120.000.000,00 | 173.183.831,97",,alta,,"Il costo totale è 293.183.831,97; il cofinanziamento disponibile è 120.000.000,00 (già riconosciuto con DM 16 novembre 2021, n. 448); il finanziamento ammesso (assegnato dal presente decreto) è 173.183.831,97"
2022 DI Mims Mef 97 20.04.2022.pdf,moonshotai/kimi-k2.6,off,,,Ministero delle Infrastrutture e della Mobilità Sostenibili,Ministero dell'Economia e delle Finanze,assegnazione,J84E21005150001,True,definitivo,,1,singolo,7400,1,,11284217.84,11284217.84,"11.284.217,84",totale,assegnazione,assegnato,FINANZIAMENTO AMMESSO,"art. 1, comma 1, lettera b); Allegato 2 / [TABELLA pag.12 n.1], riga 2","ROMA CAPITALE | DEPOSITO DI CENTOCELLE EST | J84E21005150001 | TRANVIA | 11.284.217,84 | --- | 11.284.217,84",,alta,,
2022 DI Mims Mef 97 20.04.2022.pdf,moonshotai/kimi-k2.6,off,,,Ministero delle Infrastrutture e della Mobilità Sostenibili,Ministero dell'Economia e delle Finanze,assegnazione,E31J19000030001,True,definitivo,,1,singolo,7400,1,,26500000.0,26500000.0,"26.500.000,00",totale,assegnazione,assegnato,FINANZIAMENTO AMMESSO,"art. 1, comma 1, lettera b); Allegato 2 / [TABELLA pag.12 n.1], riga 3","COMUNE DI PIACENZA | SISTEMA DI TRASPORTO RAPIDO DI MASSA PER IL COLLEGAMENTO TRA LA STAZIONE FERROVIARIA DI PIACENZA ED IL NUOVO POLO OSPEDALIERO | E31J19000030001 | BUSVIA | 26.500.000,00 | --- | 26.500.000,00",,alta,,
2022 DI Mims Mef 97 20.04.2022.pdf,moonshotai/kimi-k2.6,off,,,Ministero delle Infrastrutture e della Mobilità Sostenibili,Ministero dell'Economia e delle Finanze,assegnazione,F44I19000530001,True,definitivo,,1,singolo,7400,1,,122200000.0,122200000.0,"122.200.000,00",totale,assegnazione,assegnato,FINANZIAMENTO AMMESSO,"art. 1, comma 1, lettera b); Allegato 2 / [TABELLA pag.12 n.1], riga 4","COMUNE DI MILANO | AMPLIAMENTO DEL DEPOSITO GALLARATESE DEI TRENI DELLA LINEA METROPOLITANA 1 | F44I19000530001 | METRO | 122.200.000,00 | --- | 122.200.000,00",,alta,,
2023 DM MIT 342-2023.pdf,moonshotai/kimi-k2.6,off,,,Ministero delle infrastrutture e dei trasporti,,rettifica,H49J21005480003,True,definitivo,,1,singolo,7150,3,2033,256450.0,256450.0,"256.450,00",quota,assegnazione,assegnato,IMPORTO AMMASSO A FINANZIAMENTO POTENZIAMENTO,"art. 1; Allegato 3 / [TABELLA pag.11 n.2], riga 'totale pot.' colonna LIGURIA",LIGURIA ... 256.450 ... totale pot.,"decreto del Ministro delle infrastrutture e della mobilità sostenibili del 23 settembre 2021, n. 364",media,L'importo di 256.450 è il totale potenziamento per la Liguria; l'art. 1 non specifica se la correzione riguardi l'intero importo o solo le annualità 2032-2033. Il CUP H49J21005480003 è presente nell'Allegato 1 come unico intervento in Liguria.,Valore originario 256.450 non modificato per annualità 2033; correzione di 100.000 per Veneto e -100.000 per Emilia-Romagna in annualità 2033 non interessano la Liguria
2023 DM MIT 342-2023.pdf,moonshotai/kimi-k2.6,off,,,Ministero delle infrastrutture e dei trasporti,,rettifica,C75B23000000001,True,definitivo,,1,singolo,7150,3,2033,10543255.0,10543255.0,"10.543.255,00",quota,assegnazione,assegnato,IMPORTO AMMASSO A FINANZIAMENTO POTENZIAMENTO,"art. 1; Allegato 3 / [TABELLA pag.11 n.2], riga 'totale pot.' colonna LAZIO",LAZIO ... 17.543.255 ... totale pot.,"decreto del Ministro delle infrastrutture e della mobilità sostenibili del 23 settembre 2021, n. 364",media,"Il totale potenziamento per il Lazio è 17.543.255, che comprende due interventi (C75B23000000001 e C71G22000090001). L'art. 1 non specifica se la correzione riguardi l'intero importo o solo le annualità 2032-2033.",Valore originario 17.543.255 non modificato per annualità 2033; correzione di 100.000 per Veneto e -100.000 per Emilia-Romagna in annualità 2033 non interessano il Lazio. Il CUP C75B23000000001 è l'unico dei due interventi con importo specifico in tabella Allegato 1 (10.543.255).
2023 DM MIT 342-2023.pdf,moonshotai/kimi-k2.6,off,,,Ministero delle infrastrutture e dei trasporti,,rettifica,C71G22000090001,True,definitivo,,1,singolo,7150,3,2033,7000000.0,7000000.0,"7.000.000,00",quota,assegnazione,assegnato,IMPORTO AMMASSO A FINANZIAMENTO POTENZIAMENTO,"art. 1; Allegato 3 / [TABELLA pag.11 n.2], riga 'totale pot.' colonna LAZIO",LAZIO ... 17.543.255 ... totale pot.,"decreto del Ministro delle infrastrutture e della mobilità sostenibili del 23 settembre 2021, n. 364",bassa,"Il totale potenziamento per il Lazio è 17.543.255, che comprende due interventi (C75B23000000001 e C71G22000090001). L'art. 1 non specifica se la correzione riguardi l'intero importo o solo le annualità 2032-2033. Non è possibile determinare con certezza la quota di 7.000.000 per C71G22000090001 nell'annualità 2033 specifica.",Valore originario 17.543.255 non modificato per annualità 2033; correzione di 100.000 per Veneto e -100.000 per Emilia-Romagna in annualità 2033 non interessano il Lazio. Il CUP C71G22000090001 ha importo 7.000.000 in Allegato 1 ma non è possibile verificare la specifica annualità 2033.
2023 DM MIT 342-2023.pdf,moonshotai/kimi-k2.6,off,,,Ministero delle infrastrutture e dei trasporti,,rettifica,E51B21002250001,True,definitivo,,1,singolo,7150,3,2033,20000000.0,20000000.0,"20.000.000,00",quota,assegnazione,assegnato,IMPORTO AMMASSO A FINANZIAMENTO POTENZIAMENTO,"art. 1; Allegato 3 / [TABELLA pag.11 n.2], riga 'totale pot.' colonna LOMBARDIA",LOMBARDIA ... 20.000.000 ... totale pot.,"decreto del Ministro delle infrastrutture e della mobilità sostenibili del 23 settembre 2021, n. 364",media,L'importo di 20.000.000 è il totale potenziamento per la Lombardia; l'art. 1 non specifica se la correzione riguardi l'intero importo o solo le annualità 2032-2033. Il CUP E51B21002250001 è presente nell'Allegato 1 come unico intervento in Lombardia.,Valore originario 20.000.000 non modificato per annualità 2033; correzione di 100.000 per Veneto e -100.000 per Emilia-Romagna in annualità 2033 non interessano la Lombardia
2023 DM MIT 342-2023.pdf,moonshotai/kimi-k2.6,off,,,Ministero delle infrastrutture e dei trasporti,,rettifica,B41E04000210001,True,definitivo,,1,singolo,7150,3,2033,50000000.0,50000000.0,"50.000.000,00",quota,assegnazione,assegnato,IMPORTO AMMASSO A FINANZIAMENTO POTENZIAMENTO,"art. 1; Allegato 3 / [TABELLA pag.11 n.2], riga 'totale pot.' colonna CAMPANIA",CAMPANIA ... 80.000.000 ... totale pot.,"decreto del Ministro delle infrastrutture e della mobilità sostenibili del 23 settembre 2021, n. 364",media,"Il totale potenziamento per la Campania è 80.000.000, che comprende due interventi (B41E04000210001 e F61B21003640009). L'art. 1 non specifica se la correzione riguardi l'intero importo o solo le annualità 2032-2033.",Valore originario 80.000.000 non modificato per annualità 2033; correzione di 100.000 per Veneto e -100.000 per Emilia-Romagna in annualità 2033 non interessano la Campania. Il CUP B41E04000210001 ha importo 50.000.000 in Allegato 1.
2023 DM MIT 342-2023.pdf,moonshotai/kimi-k2.6,off,,,Ministero delle infrastrutture e dei trasporti,,rettifica,F61B21003640009,True,definitivo,,1,singolo,7150,3,2033,30000000.0,30000000.0,"30.000.000,00",quota,assegnazione,assegnato,IMPORTO AMMASSO A FINANZIAMENTO POTENZIAMENTO,"art. 1; Allegato 3 / [TABELLA pag.11 n.2], riga 'totale pot.' colonna CAMPANIA",CAMPANIA ... 80.000.000 ... totale pot.,"decreto del Ministro delle infrastrutture e della mobilità sostenibili del 23 settembre 2021, n. 364",bassa,"Il totale potenziamento per la Campania è 80.000.000, che comprende due interventi (B41E04000210001 e F61B21003640009). L'art. 1 non specifica se la correzione riguardi l'intero importo o solo le annualità 2032-2033. Non è possibile determinare con certezza la quota di 30.000.000 per F61B21003640009 nell'annualità 2033 specifica.",Valore originario 80.000.000 non modificato per annualità 2033; correzione di 100.000 per Veneto e -100.000 per Emilia-Romagna in annualità 2033 non interessano la Campania. Il CUP F61B21003640009 ha importo 30.000.000 in Allegato 1 ma non è possibile verificare la specifica annualità 2033.
2023 DM MIT 342-2023.pdf,moonshotai/kimi-k2.6,off,,,Ministero delle infrastrutture e dei trasporti,,rettifica,G31G22000250001,True,definitivo,,1,singolo,7150,3,2033,2800000.0,2800000.0,"2.800.000,00",quota,assegnazione,assegnato,IMPORTO AMMASSO A FINANZIAMENTO POTENZIAMENTO,"art. 1; Allegato 3 / [TABELLA pag.11 n.2], riga 'totale pot.' colonna PUGLIA",PUGLIA ... 55.300.000 ... totale pot.,"decreto del Ministro delle infrastrutture e della mobilità sostenibili del 23 settembre 2021, n. 364",media,"Il totale potenziamento per la Puglia è 55.300.000, che comprende tre interventi (G31G22000250001, D49D15001920001/D69D15002090001, G71B18000620005). L'art. 1 non specifica se la correzione riguardi l'intero importo o solo le annualità 2032-2033.",Valore originario 55.300.000 non modificato per annualità 2033; correzione di 100.000 per Veneto e -100.000 per Emilia-Romagna in annualità 2033 non interessano la Puglia. Il CUP G31G22000250001 ha importo 2.800.000 in Allegato 1.
2023 DM MIT 342-2023.pdf,moonshotai/kimi-k2.6,off,,,Ministero delle infrastrutture e dei trasporti,,rettifica,D49D15001920001,True,definitivo,,2,aggregato,7150,3,2033,50000000.0,25000000.0,"50.000.000,00",quota,assegnazione,assegnato,IMPORTO AMMASSO A FINANZIAMENTO POTENZIAMENTO,"art. 1; Allegato 3 / [TABELLA pag.11 n.2], riga 'totale pot.' colonna PUGLIA",PUGLIA ... 55.300.000 ... totale pot.,"decreto del Ministro delle infrastrutture e della mobilità sostenibili del 23 settembre 2021, n. 364",media,"Il totale potenziamento per la Puglia è 55.300.000, che comprende tre interventi (G31G22000250001, D49D15001920001/D69D15002090001, G71B18000620005). L'art. 1 non specifica se la correzione riguardi l'intero importo o solo le annualità 2032-2033. I due CUP sono aggregati in una singola riga in Allegato 1.",Valore originario 55.300.000 non modificato per annualità 2033; correzione di 100.000 per Veneto e -100.000 per Emilia-Romagna in annualità 2033 non interessano la Puglia. I CUP D49D15001920001 e D69D15002090001 sono aggregati in Allegato 1 con importo complessivo 50.000.000.
2023 DM MIT 342-2023.pdf,moonshotai/kimi-k2.6,off,,,Ministero delle infrastrutture e dei trasporti,,rettifica,D69D15002090001,True,definitivo,,2,aggregato,7150,3,2033,50000000.0,25000000.0,"50.000.000,00",quota,assegnazione,assegnato,IMPORTO AMMASSO A FINANZIAMENTO POTENZIAMENTO,"art. 1; Allegato 3 / [TABELLA pag.11 n.2], riga 'totale pot.' colonna PUGLIA",PUGLIA ... 55.300.000 ... totale pot.,"decreto del Ministro delle infrastrutture e della mobilità sostenibili del 23 settembre 2021, n. 364",media,"Il totale potenziamento per la Puglia è 55.300.000, che comprende tre interventi (G31G22000250001, D49D15001920001/D69D15002090001, G71B18000620005). L'art. 1 non specifica se la correzione riguardi l'intero importo o solo le annualità 2032-2033. I due CUP sono aggregati in una singola riga in Allegato 1.",Valore originario 55.300.000 non modificato per annualità 2033; correzione di 100.000 per Veneto e -100.000 per Emilia-Romagna in annualità 2033 non interessano la Puglia. I CUP D49D15001920001 e D69D15002090001 sono aggregati in Allegato 1 con importo complessivo 50.000.000.
2023 DM MIT 342-2023.pdf,moonshotai/kimi-k2.6,off,,,Ministero delle infrastrutture e dei trasporti,,rettifica,G71B18000620005,True,definitivo,,1,singolo,7150,3,2033,2500000.0,2500000.0,"2.500.000,00",quota,assegnazione,assegnato,IMPORTO AMMASSO A FINANZIAMENTO POTENZIAMENTO,"art. 1; Allegato 3 / [TABELLA pag.11 n.2], riga 'totale pot.' colonna PUGLIA",PUGLIA ... 55.300.000 ... totale pot.,"decreto del Ministro delle infrastrutture e della mobilità sostenibili del 23 settembre 2021, n. 364",media,"Il totale potenziamento per la Puglia è 55.300.000, che comprende tre interventi (G31G22000250001, D49D15001920001/D69D15002090001, G71B18000620005). L'art. 1 non specifica se la correzione riguardi l'intero importo o solo le annualità 2032-2033.",Valore originario 55.300.000 non modificato per annualità 2033; correzione di 100.000 per Veneto e -100.000 per Emilia-Romagna in annualità 2033 non interessano la Puglia. Il CUP G71B18000620005 ha importo 2.500.000 in Allegato 1.
2023 DM MIT 342-2023.pdf,moonshotai/kimi-k2.6,off,,,Ministero delle infrastrutture e dei trasporti,,rettifica,F81B21005610001,True,definitivo,,1,singolo,7150,3,2033,18000000.0,18000000.0,"18.000.000,00",quota,assegnazione,assegnato,IMPORTO AMMASSO A FINANZIAMENTO POTENZIAMENTO,"art. 1; Allegato 3 / [TABELLA pag.11 n.2], riga 'totale pot.' colonna SARDEGNA",SARDEGNA ... 18.000.000 ... totale pot.,"decreto del Ministro delle infrastrutture e della mobilità sostenibili del 23 settembre 2021, n. 364",media,L'importo di 18.000.000 è il totale potenziamento per la Sardegna; l'art. 1 non specifica se la correzione riguardi l'intero importo o solo le annualità 2032-2033. Il CUP F81B21005610001 è presente nell'Allegato 1 come unico intervento in Sardegna.,Valore originario 18.000.000 non modificato per annualità 2033; correzione di 100.000 per Veneto e -100.000 per Emilia-Romagna in annualità 2033 non interessano la Sardegna
2023 DM MIT 342-2023.pdf,moonshotai/kimi-k2.6,off,,,Ministero delle infrastrutture e dei trasporti,,rettifica,I61B21003020001,True,definitivo,,1,singolo,7150,3,2033,9900000.0,9900000.0,"9.900.000,00",quota,assegnazione,assegnato,IMPORTO AMMASSO A FINANZIAMENTO POTENZIAMENTO,"art. 1; Allegato 3 / [TABELLA pag.11 n.2], riga 'totale pot.' colonna CALABRIA",CALABRIA ... 12.800.000 ... totale pot.,"decreto del Ministro delle infrastrutture e della mobilità sostenibili del 23 settembre 2021, n. 364",media,"Il totale potenziamento per la Calabria è 12.800.000, che comprende due interventi (I61B21003020001 e I67H21003160001). L'art. 1 non specifica se la correzione riguardi l'intero importo o solo le annualità 2032-2033.",Valore originario 12.800.000 non modificato per annualità 2033; correzione di 100.000 per Veneto e -100.000 per Emilia-Romagna in annualità 2033 non interessano la Calabria. Il CUP I61B21003020001 ha importo 9.900.000 in Allegato 1.
2023 DM MIT 342-2023.pdf,moonshotai/kimi-k2.6,off,,,Ministero delle infrastrutture e dei trasporti,,rettifica,I67H21003160001,True,definitivo,,1,singolo,7150,3,2033,2900000.0,2900000.0,"2.900.000,00",quota,assegnazione,assegnato,IMPORTO AMMASSO A FINANZIAMENTO POTENZIAMENTO,"art. 1; Allegato 3 / [TABELLA pag.11 n.2], riga 'totale pot.' colonna CALABRIA",CALABRIA ... 12.800.000 ... totale pot.,"decreto del Ministro delle infrastrutture e della mobilità sostenibili del 23 settembre 2021, n. 364",bassa,"Il totale potenziamento per la Calabria è 12.800.000, che comprende due interventi (I61B21003020001 e I67H21003160001). L'art. 1 non specifica se la correzione riguardi l'intero importo o solo le annualità 2032-2033. Non è possibile determinare con certezza la quota di 2.900.000 per I67H21003160001 nell'annualità 2033 specifica.",Valore originario 12.800.000 non modificato per annualità 2033; correzione di 100.000 per Veneto e -100.000 per Emilia-Romagna in annualità 2033 non interessano la Calabria. Il CUP I67H21003160001 ha importo 2.900.000 in Allegato 1 ma non è possibile verificare la specifica annualità 2033.
2023 DM MIT 342-2023.pdf,moonshotai/kimi-k2.6,off,,,Ministero delle infrastrutture e dei trasporti,,rettifica,B89J21020930005,True,definitivo,,1,singolo,7150,3,2033,1200000.0,1200000.0,"1.200.000,00",quota,assegnazione,assegnato,IMPORTO AMMASSO A FINANZIAMENTO POTENZIAMENTO,"art. 1; Allegato 3 / [TABELLA pag.11 n.2], riga 'totale pot.' colonna BASILICATA",BASILICATA ... 1.200.000 ... totale pot.,"decreto del Ministro delle infrastrutture e della mobilità sostenibili del 23 settembre 2021, n. 364",media,L'importo di 1.200.000 è il totale potenziamento per la Basilicata; l'art. 1 non specifica se la correzione riguardi l'intero importo o solo le annualità 2032-2033. Il CUP B89J21020930005 è presente nell'Allegato 1 come unico intervento in Basilicata.,Valore originario 1.200.000 non modificato per annualità 2033; correzione di 100.000 per Veneto e -100.000 per Emilia-Romagna in annualità 2033 non interessano la Basilicata
2023 DM MIT 342-2023.pdf,moonshotai/kimi-k2.6,off,,,Ministero delle infrastrutture e dei trasporti,,rettifica,I57H21005640001,True,definitivo,,1,singolo,7150,4,2033,1512215.0,1512215.0,"1.512.215,00",quota,assegnazione,assegnato,SICUREZZA,"art. 1; Allegato 3 / [TABELLA pag.11 n.1], riga 'totale sic.' colonna VENETO",VENETO ... 1.512.215 ... totale sic.,"decreto del Ministro delle infrastrutture e della mobilità sostenibili del 23 settembre 2021, n. 364",alta,,"Correzione per errore materiale: il valore originario era 1.412.215 (Allegato 3 del DM 364/2021), corretto in 1.512.215 che corrisponde all'ammesso in Allegato 2. L'art. 1 specifica esplicitamente questa correzione per l'annualità 2033."
2023 DM MIT 342-2023.pdf,moonshotai/kimi-k2.6,off,,,Ministero delle infrastrutture e dei trasporti,,rettifica,B19F22013250002,True,definitivo,,1,singolo,7150,4,2033,2400000.0,2400000.0,"2.400.000,00",quota,assegnazione,assegnato,SICUREZZA,"art. 1; Allegato 3 / [TABELLA pag.11 n.1], riga 'totale sic.' colonna TOSCANA",TOSCANA ... 2.400.000 ... totale sic.,"decreto del Ministro delle infrastrutture e della mobilità sostenibili del 23 settembre 2021, n. 364",media,L'importo di 2.400.000 è il totale sicurezza per la Toscana; l'art. 1 non specifica se la correzione riguardi l'intero importo o solo le annualità 2032-2033. Il CUP B19F22013250002 è presente nell'Allegato 2 come unico intervento in Toscana.,Valore originario 2.400.000 non modificato per annualità 2033; correzione di 100.000 per Veneto e -100.000 per Emilia-Romagna in annualità 2033 non interessano la Toscana
2023 DM MIT 342-2023.pdf,moonshotai/kimi-k2.6,off,,,Ministero delle infrastrutture e dei trasporti,,rettifica,C89F23000050001,True,definitivo,,1,singolo,7150,4,2033,600000.0,600000.0,"600.000,00",quota,assegnazione,assegnato,SICUREZZA,"art. 1; Allegato 3 / [TABELLA pag.11 n.1], riga 'totale sic.' colonna EMILIA ROMAGNA",EMILIA ROMAGNA ... 9.400.000 ... totale sic.,"decreto del Ministro delle infrastrutture e della mobilità sostenibili del 23 settembre 2021, n. 364",media,"Il totale sicurezza per l'Emilia-Romagna è 9.400.000, che comprende tre interventi (C89F23000050001, C99F23000050001, C56G21008730001). L'art. 1 non specifica se la correzione riguardi l'intero importo o solo le annualità 2032-2033.",Valore originario 9.400.000 non modificato per annualità 2033; correzione di -100.000 per Emilia-Romagna in annualità 2033 non interessa la sicurezza (correzione sul potenziamento). Il CUP C89F23000050001 ha importo 600.000 in Allegato 2.
2023 DM MIT 342-2023.pdf,moonshotai/kimi-k2.6,off,,,Ministero delle infrastrutture e dei trasporti,,rettifica,C99F23000050001,True,definitivo,,1,singolo,7150,4,2033,5400000.0,5400000.0,"5.400.000,00",quota,assegnazione,assegnato,SICUREZZA,"art. 1; Allegato 3 / [TABELLA pag.11 n.1], riga 'totale sic.' colonna EMILIA ROMAGNA",EMILIA ROMAGNA ... 9.400.000 ... totale sic.,"decreto del Ministro delle infrastrutture e della mobilità sostenibili del 23 settembre 2021, n. 364",media,"Il totale sicurezza per l'Emilia-Romagna è 9.400.000, che comprende tre interventi (C89F23000050001, C99F23000050001, C56G21008730001). L'art. 1 non specifica se la correzione riguardi l'intero importo o solo le annualità 2032-2033.",Valore originario 9.400.000 non modificato per annualità 2033; correzione di -100.000 per Emilia-Romagna in annualità 2033 non interessa la sicurezza (correzione sul potenziamento). Il CUP C99F23000050001 ha importo 5.400.000 in Allegato 2.
2023 DM MIT 342-2023.pdf,moonshotai/kimi-k2.6,off,,,Ministero delle infrastrutture e dei trasporti,,rettifica,C56G21008730001,True,definitivo,,1,singolo,7150,4,2033,3400000.0,3400000.0,"3.400.000,00",quota,assegnazione,assegnato,SICUREZZA,"art. 1; Allegato 3 / [TABELLA pag.11 n.1], riga 'totale sic.' colonna EMILIA ROMAGNA",EMILIA ROMAGNA ... 9.400.000 ... totale sic.,"decreto del Ministro delle infrastrutture e della mobilità sostenibili del 23 settembre 2021, n. 364",media,"Il totale sicurezza per l'Emilia-Romagna è 9.400.000, che comprende tre interventi (C89F23000050001, C99F23000050001, C56G21008730001). L'art. 1 non specifica se la correzione riguardi l'intero importo o solo le annualità 2032-2033.",Valore originario 9.400.000 non modificato per annualità 2033; correzione di -100.000 per Emilia-Romagna in annualità 2033 non interessa la sicurezza (correzione sul potenziamento). Il CUP C56G21008730001 ha importo 3.400.000 in Allegato 2.
2023 DM MIT 342-2023.pdf,moonshotai/kimi-k2.6,off,,,Ministero delle infrastrutture e dei trasporti,,rettifica,F41B21005790009,True,definitivo,,1,singolo,7150,4,2033,30000000.0,30000000.0,"30.000.000,00",quota,assegnazione,assegnato,SICUREZZA,"art. 1; Allegato 3 / [TABELLA pag.11 n.1], riga 'totale sic.' colonna CAMPANIA",CAMPANIA ... 30.000.000 ... totale sic.,"decreto del Ministro delle infrastrutture e della mobilità sostenibili del 23 settembre 2021, n. 364",media,L'importo di 30.000.000 è il totale sicurezza per la Campania; l'art. 1 non specifica se la correzione riguardi l'intero importo o solo le annualità 2032-2033. Il CUP F41B21005790009 è presente nell'Allegato 2 come unico intervento in Campania per la sicurezza.,Valore originario 30.000.000 non modificato per annualità 2033; correzione di 100.000 per Veneto e -100.000 per Emilia-Romagna in annualità 2033 non interessano la Campania
2023 DM MIT 342-2023.pdf,moonshotai/kimi-k2.6,off,,,Ministero delle infrastrutture e dei trasporti,,rettifica,G31G22000260001,True,definitivo,,1,singolo,7150,4,2033,7200000.0,7200000.0,"7.200.000,00",quota,assegnazione,assegnato,SICUREZZA,"art. 1; Allegato 3 / [TABELLA pag.11 n.1], riga 'totale sic.' colonna PUGLIA",PUGLIA ... 7.200.000 ... totale sic.,"decreto del Ministro delle infrastrutture e della mobilità sostenibili del 23 settembre 2021, n. 364",media,L'importo di 7.200.000 è il totale sicurezza per la Puglia; l'art. 1 non specifica se la correzione riguardi l'intero importo o solo le annualità 2032-2033. Il CUP G31G22000260001 è presente nell'Allegato 2 come unico intervento in Puglia per la sicurezza.,Valore originario 7.200.000 non modificato per annualità 2033; correzione di 100.000 per Veneto e -100.000 per Emilia-Romagna in annualità 2033 non interessano la Puglia
2023 DM MIT 342-2023.pdf,moonshotai/kimi-k2.6,off,,,Ministero delle infrastrutture e dei trasporti,,rettifica,G11B18000550005,True,definitivo,,1,singolo,7150,4,2033,3500000.0,3500000.0,"3.500.000,00",quota,assegnazione,assegnato,SICUREZZA,"art. 1; Allegato 3 / [TABELLA pag.11 n.1], riga 'totale sic.' colonna BASILICATA",BASILICATA ... 3.500.000 ... totale sic.,"decreto del Ministro delle infrastrutture e della mobilità sostenibili del 23 settembre 2021, n. 364",media,L'importo di 3.500.000 è il totale sicurezza per la Basilicata; l'art. 1 non specifica se la correzione riguardi l'intero importo o solo le annualità 2032-2033. Il CUP G11B18000550005 è presente nell'Allegato 2 come unico intervento in Basilicata per la sicurezza.,Valore originario 3.500.000 non modificato per annualità 2033; correzione di 100.000 per Veneto e -100.000 per Emilia-Romagna in annualità 2033 non interessano la Basilicata
2023 DM MIT 342-2023.pdf,moonshotai/kimi-k2.6,off,,,Ministero delle infrastrutture e dei trasporti,,rettifica,B81B21003770005,True,definitivo,,1,singolo,7150,4,2033,1750000.0,1750000.0,"1.750.000,00",quota,assegnazione,assegnato,SICUREZZA,"art. 1; Allegato 3 / [TABELLA pag.11 n.1], riga 'totale sic.' colonna ABRUZZO",ABRUZZO ... 1.750.000 ... totale sic.,"decreto del Ministro delle infrastrutture e della mobilità sostenibili del 23 settembre 2021, n. 364",media,L'importo di 1.750.000 è il totale sicurezza per l'Abruzzo; l'art. 1 non specifica se la correzione riguardi l'intero importo o solo le annualità 2032-2033. Il CUP B81B21003770005 è presente nell'Allegato 2 come unico intervento in Abruzzo per la sicurezza.,Valore originario 1.750.000 non modificato per annualità 2033; correzione di 100.000 per Veneto e -100.000 per Emilia-Romagna in annualità 2033 non interessano l'Abruzzo
2025 DD MIT 141-2025.pdf,moonshotai/kimi-k2.6,off,,2025-03-10,Ministero delle Infrastrutture e dei Trasporti,,impegno,E51I04000010007,True,definitivo,,1,singolo,7419,2,2024-2032,2125000000.0,2125000000.0,"€ 2.125.000.000,00",totale,assegnazione,impegnato,,art. 3; [TABELLA pag.5 n.1],"È autorizzato l'impegno... sul capitolo 7419, piano gestionale 2... per la somma complessiva di € 2.125.000.000,00, di cui € 50.000.000,00 in conto residui, esercizio di provenienza 2024 e 2.075.000.000,00 per gli esercizi finanziari dal 2025 al 2032",,alta,,"L'importo è impegnato sul capitolo 7419/PG2; la tabella allegata riporta le quote annuali ma l'art. 3 dispone il totale. Le annualità 2024-2032 sono indicate come provenienza degli importi, non come quote da registrare separatamente"
2025 DD MIT 141-2025.pdf,moonshotai/kimi-k2.6,off,,2025-03-10,Ministero delle Infrastrutture e dei Trasporti,,impegno,E51I04000010007,True,definitivo,,1,singolo,7416,1,2027-2028,75000000.0,75000000.0,"€ 75.000.000,00",totale,assegnazione,impegnato,,art. 4,"È autorizzato l'impegno... sul capitolo 7416 piano gestionale 1... per la somma complessiva di € 75.000.000,00, di cui 50.000.000,00 per l'esercizio finanziario 2027 e € 25.000.000,00 per l'esercizio finanziario 2028",,alta,,"L'art. 4 dispone un impegno aggiuntivo sul capitolo 7416/PG1, distinto dal capitolo 7419/PG2 dell'art. 3. Le annualità 2027-2028 sono indicate come provenienza, non come quote separate"
2022 DD MIT 454-2022.pdf,qwen/qwen3.6-35b-a3b,off,,,Ministero delle infrastrutture e dei trasporti,,impegno,E51I04000010007,True,definitivo,,1,singolo,7426,1,2021,14000000.0,14000000.0,"€ 14.000.000,00",quota,assegnazione,impegnato,Importo,art. 1,"Articolo 1 ... è autorizzato ... l’impegno di € 14.000.000,00 in conto residui di lettera F, esercizio di provenienza 2021.",,alta,,Importo relativo all'esercizio finanziario 2021. L'atto dispone l'impegno su risorse già reiscritte.
2022 DD MIT 454-2022.pdf,qwen/qwen3.6-35b-a3b,off,,,Ministero delle infrastrutture e dei trasporti,,impegno,E51I04000010007,True,definitivo,,1,singolo,7426,1,2022-2025,131000000.0,131000000.0,"€ 131.000.000,00",totale,assegnazione,impegnato,Totale,art. 2; [TABELLA pag.3 n.1],"Articolo 2 ... per l’importo complessivo di € 131.000.000,00 ... come di seguito riportato: 2022 35.000.000,00 € 2023 40.000.000,00 € 2024 33.500.000,00 € 2025 22.500.000,00 € Totale 131.000.000,00 €",,alta,,"L'atto dispone l'impegno per un importo complessivo ripartito in annualità distinte (2022-2025). Poiché è riportato l'importo complessivo, il livello è 'totale'. Le singole annualità non generano record separati."
2022 DDG 128 del 02-05-22.pdf,qwen/qwen3.6-35b-a3b,off,,,Ministero delle infrastrutture e della mobilità sostenibili,,impegno,H94I19000130004,True,definitivo,,1,singolo,7400,7,2022-2034,97154124.1,97154124.1,"97.154.124,10",totale,assegnazione,impegnato,Totale,"art. 2; Allegato / [TABELLA pag.4 n.1], riga 1","Comune di Padova | H94I19000130004 | 7400/PG 7 | ... | 97.154.124,10","DM MIMS 22 novembre 2021, n. 464",alta,,"Importo totale annualità 2022-2034 per PG 7. L'art. 1 autorizza l'impegno in conto residui (2020-2021) per questo beneficiario, ma l'importo di 97.154.124,10 è riferito alle annualità future (PG 7) come da tabella e art. 2."
2022 DDG 128 del 02-05-22.pdf,qwen/qwen3.6-35b-a3b,off,,,Ministero delle infrastrutture e della mobilità sostenibili,,impegno,J80J18000000001,True,definitivo,,2,aggregato,7400,7,2022-2034,159466174.12,79733087.06,"159.466.174,12",totale,assegnazione,impegnato,Totale,"art. 2; Allegato / [TABELLA pag.4 n.1], riga 2","Roma Capitale | J80J18000000001 C11B21008720001 | 7400/PG 7 | ... | 159.466.174,12","DM MIMS 22 novembre 2021, n. 464",alta,,"La tabella elenca due CUP per Roma Capitale (J80J... e C11B...). L'importo totale di 159.466.174,12 si riferisce alla riga complessiva. Si registra un record aggregato per i due CUP come presente nella cella della tabella."
2022 DDG 128 del 02-05-22.pdf,qwen/qwen3.6-35b-a3b,off,,,Ministero delle infrastrutture e della mobilità sostenibili,,impegno,C11B21008720001,True,definitivo,,2,aggregato,7400,7,2022-2034,159466174.12,79733087.06,"159.466.174,12",totale,assegnazione,impegnato,Totale,"art. 2; Allegato / [TABELLA pag.4 n.1], riga 2","Roma Capitale | J80J18000000001 C11B21008720001 | 7400/PG 7 | ... | 159.466.174,12","DM MIMS 22 novembre 2021, n. 464",alta,,"La tabella elenca due CUP per Roma Capitale (J80J... e C11B...). L'importo totale di 159.466.174,12 si riferisce alla riga complessiva. Si registra un record aggregato per i due CUP come presente nella cella della tabella."
2022 DDG 128 del 02-05-22.pdf,qwen/qwen3.6-35b-a3b,off,,,Ministero delle infrastrutture e della mobilità sostenibili,,impegno,D81E20000410007,True,definitivo,,1,singolo,7400,7,2022-2034,44494493.04,44494493.04,"44.494.493,04",totale,assegnazione,impegnato,Totale,"art. 2; Allegato / [TABELLA pag.4 n.1], riga 3","Comune di Torino | D81E20000410007 | 7400/PG 7 | ... | 44.494.493,04","DM MIMS 22 novembre 2021, n. 464",alta,,Importo totale annualità 2022-2034 per PG 7.
2022 DDG 128 del 02-05-22.pdf,qwen/qwen3.6-35b-a3b,off,,,Ministero delle infrastrutture e della mobilità sostenibili,,impegno,C81B21013200005,True,definitivo,,1,singolo,7400,7,2022-2034,333059208.74,333059208.74,"333.059.208,74",totale,assegnazione,impegnato,Totale,"art. 2; Allegato / [TABELLA pag.4 n.1], riga 4","Comune di Brescia | C81B21013200005 | 7400/PG 7 | ... | 333.059.208,74","DM MIMS 22 novembre 2021, n. 464",alta,,Importo totale annualità 2022-2034 per PG 7.
2022 DDG 128 del 02-05-22.pdf,qwen/qwen3.6-35b-a3b,off,,,Ministero delle infrastrutture e della mobilità sostenibili,,impegno,C81B21013200005,True,definitivo,,1,singolo,7400,1,2029-2034,26486678.33,26486678.33,"26.486.678,33",totale,assegnazione,impegnato,Totale,"art. 3; Allegato / [TABELLA pag.4 n.1], riga 5","Comune di Brescia | C81B21013200005 | 7400/PG 1 | ... | 26.486.678,33","DM MIMS 22 novembre 2021, n. 464",alta,,Importo totale annualità 2029-2034 per PG 1.
2022 DI Mims Mef 97 20.04.2022.pdf,qwen/qwen3.6-35b-a3b,off,464,2022-04-06,Ministero delle Infrastrutture e della Mobilità Sostenibili,Ministero dell'Economia e delle Finanze,assegnazione,B39J22001360001,True,definitivo,,1,singolo,7400,8,2022-2036,398000000.0,398000000.0,"398.000.000,00",totale,assegnazione,assegnato,Finanziamento disponibile,"art. 1, comma 1, lett. a); Allegato 1 / [TABELLA pag.10 n.1], riga 1","SKYMETRO VAL BISAGNO GENOVA | B39J22001360001 | 398.000.000,00",,alta,,
2022 DI Mims Mef 97 20.04.2022.pdf,qwen/qwen3.6-35b-a3b,off,464,2022-04-06,Ministero delle Infrastrutture e della Mobilità Sostenibili,Ministero dell'Economia e delle Finanze,assegnazione,B31F20000030005,True,definitivo,,1,singolo,7400,8,2022-2036,20860000.0,20860000.0,"20.860.000,00",totale,assegnazione,assegnato,Finanziamento disponibile,"art. 1, comma 1, lett. a); Allegato 1 / [TABELLA pag.10 n.1], riga 2","PROLUNGAMENTO METROPOLITANA DI GENOVA DA BRIN A CANEPARI... | B31F20000030005 | 20.860.000,00",,alta,,
2022 DI Mims Mef 97 20.04.2022.pdf,qwen/qwen3.6-35b-a3b,off,464,2022-04-06,Ministero delle Infrastrutture e della Mobilità Sostenibili,Ministero dell'Economia e delle Finanze,assegnazione,B44D20000040001,True,definitivo,,1,singolo,7400,8,2022-2036,180000000.0,180000000.0,"180.000.000,00",totale,assegnazione,assegnato,Finanziamento disponibile,"art. 1, comma 1, lett. a); Allegato 1 / [TABELLA pag.10 n.1], riga 3","LINEA METROPOLITANA M1 PROLUNGAMENTO QUARTIERE BAGGIO... | B44D20000040001 | 180.000.000,00",,alta,,
2022 DI Mims Mef 97 20.04.2022.pdf,qwen/qwen3.6-35b-a3b,off,464,2022-04-06,Ministero delle Infrastrutture e della Mobilità Sostenibili,Ministero dell'Economia e delle Finanze,assegnazione,B91J21000040001,True,definitivo,,1,singolo,7400,8,2022-2036,420000000.0,420000000.0,"420.000.000,00",totale,assegnazione,assegnato,Finanziamento disponibile,"art. 1, comma 1, lett. a); Allegato 1 / [TABELLA pag.10 n.1], riga 4","PROLUNGAMENTO LINEA METROPOLITANA M4 DA AEROPORTO LINATE A SEGRATE | B91J21000040001 | 420.000.000,00",,alta,,
2022 DI Mims Mef 97 20.04.2022.pdf,qwen/qwen3.6-35b-a3b,off,464,2022-04-06,Ministero delle Infrastrutture e della Mobilità Sostenibili,Ministero dell'Economia e delle Finanze,assegnazione,B41J21000050006,True,definitivo,,1,singolo,7400,8,2022-2036,4500000.0,4500000.0,"4.500.000,00",totale,assegnazione,assegnato,Finanziamento disponibile,"art. 1, comma 1, lett. a); Allegato 1 / [TABELLA pag.10 n.1], riga 5","NUOVA LINEA METROPOLITANA M6 RAMO SUD (PFTE) | B41J21000050006 | 4.500.000,00",,alta,,
2022 DI Mims Mef 97 20.04.2022.pdf,qwen/qwen3.6-35b-a3b,off,464,2022-04-06,Ministero delle Infrastrutture e della Mobilità Sostenibili,Ministero dell'Economia e delle Finanze,assegnazione,B41C21000010001,True,definitivo,,1,singolo,7400,8,2022-2036,5500000.0,5500000.0,"5.500.000,00",totale,assegnazione,assegnato,Finanziamento disponibile,"art. 1, comma 1, lett. a); Allegato 1 / [TABELLA pag.10 n.1], riga 6","PROLUNGAMENTO M3 SAN DONATO M. – ASTA PAULLESE (PFTE) | B41C21000010001 | 5.500.000,00",,alta,,
2022 DI Mims Mef 97 20.04.2022.pdf,qwen/qwen3.6-35b-a3b,off,464,2022-04-06,Ministero delle Infrastrutture e della Mobilità Sostenibili,Ministero dell'Economia e delle Finanze,assegnazione,F41B22000740009,True,definitivo,,1,singolo,7400,8,2022-2036,631373163.0,631373163.0,"631.373.163,00",totale,assegnazione,assegnato,Finanziamento disponibile,"art. 1, comma 1, lett. a); Allegato 1 / [TABELLA pag.10 n.1], riga 7","NUOVO COLLEGAMENTO IN SEDE PROPRIA TRA LA STAZIONE AV DI AFRAGOLA... LOTTO 1°_STRALCIO I | F41B22000740009 (CUP MASTER) | 631.373.163,00",,alta,,"Il CUP F41B22000740009 è indicato come CUP MASTER nella tabella, ma è l'unico codice associato a questo importo specifico per lo stralcio I. Non vi è un CUP intervento distinto nella stessa riga per questo importo."
2022 DI Mims Mef 97 20.04.2022.pdf,qwen/qwen3.6-35b-a3b,off,464,2022-04-06,Ministero delle Infrastrutture e della Mobilità Sostenibili,Ministero dell'Economia e delle Finanze,assegnazione,F41B22000830009,True,definitivo,,1,singolo,7400,8,2022-2036,163500824.0,163500824.0,"163.500.824,00",totale,assegnazione,assegnato,Finanziamento disponibile,"art. 1, comma 1, lett. a); Allegato 1 / [TABELLA pag.10 n.1], riga 8","NUOVO COLLEGAMENTO IN SEDE PROPRIA TRA LA STAZIONE AV DI AFRAGOLA... LOTTO 1°_STRALCIO II | F41B22000830009 | 163.500.824,00",,alta,,
2022 DI Mims Mef 97 20.04.2022.pdf,qwen/qwen3.6-35b-a3b,off,464,2022-04-06,Ministero delle Infrastrutture e della Mobilità Sostenibili,Ministero dell'Economia e delle Finanze,assegnazione,E51I04000010007,True,definitivo,,1,singolo,7400,8,2022-2036,610000000.0,610000000.0,"610.000.000,00",totale,assegnazione,assegnato,Finanziamento disponibile,"art. 1, comma 1, lett. a); Allegato 1 / [TABELLA pag.10 n.1], riga 9","LINEA C DELLA METROPOLITANA DI ROMA - SUB-TRATTA FUNZIONALE... | E51I04000010007 | 610.000.000,00",,alta,,
2022 DI Mims Mef 97 20.04.2022.pdf,qwen/qwen3.6-35b-a3b,off,464,2022-04-06,Ministero delle Infrastrutture e della Mobilità Sostenibili,Ministero dell'Economia e delle Finanze,assegnazione,E51I04000010007,True,definitivo,,1,singolo,7400,8,2022-2036,990000000.0,990000000.0,"990.000.000,00",totale,assegnazione,assegnato,Finanziamento disponibile,"art. 1, comma 1, lett. a); Allegato 1 / [TABELLA pag.10 n.1], riga 10","LINEA C DELLA METROPOLITANA DI ROMA - TRATTA T2 - LOTTO COSTRUTTIVO | E51I04000010007 | 990.000.000,00",,alta,,
2022 DI Mims Mef 97 20.04.2022.pdf,qwen/qwen3.6-35b-a3b,off,464,2022-04-06,Ministero delle Infrastrutture e della Mobilità Sostenibili,Ministero dell'Economia e delle Finanze,assegnazione,C71F20000020005,True,definitivo,,1,singolo,7400,8,2022-2036,1000000000.0,1000000000.0,"1.000.000.000,00",totale,assegnazione,assegnato,Finanziamento disponibile,"art. 1, comma 1, lett. a); Allegato 1 / [TABELLA pag.10 n.1], riga 11","METROPOLITANA AUTOMATICA DI TORINO – LINEA 2 – TRATTA “POLITECNICO – REBAUDENGO” | C71F20000020005 | 1.000.000.000,00",,alta,,
2022 DI Mims Mef 97 20.04.2022.pdf,qwen/qwen3.6-35b-a3b,off,464,2022-04-06,Ministero delle Infrastrutture e della Mobilità Sostenibili,Ministero dell'Economia e delle Finanze,assegnazione,J81B21014060001,True,definitivo,,1,singolo,7400,1,2021-2035,173183831.97,173183831.97,"173.183.831,97",totale,assegnazione,assegnato,Finanziamento disponibile,"art. 1, comma 1, lett. b); Allegato 2 / [TABELLA pag.12 n.1], riga 1","LINEA TRANVIARIA TERMINI - VATICANO - AURELIO | J81B21014060001 | 173.183.831,97",,alta,,
2022 DI Mims Mef 97 20.04.2022.pdf,qwen/qwen3.6-35b-a3b,off,464,2022-04-06,Ministero delle Infrastrutture e della Mobilità Sostenibili,Ministero dell'Economia e delle Finanze,assegnazione,J84E21005150001,True,definitivo,,1,singolo,7400,1,2021-2035,11284217.84,11284217.84,"11.284.217,84",totale,assegnazione,assegnato,Finanziamento disponibile,"art. 1, comma 1, lett. b); Allegato 2 / [TABELLA pag.12 n.1], riga 2","DEPOSITO DI CENTOCELLE EST | J84E21005150001 | 11.284.217,84",,alta,,
2022 DI Mims Mef 97 20.04.2022.pdf,qwen/qwen3.6-35b-a3b,off,464,2022-04-06,Ministero delle Infrastrutture e della Mobilità Sostenibili,Ministero dell'Economia e delle Finanze,assegnazione,E31J19000030001,True,definitivo,,1,singolo,7400,1,2021-2035,26500000.0,26500000.0,"26.500.000,00",totale,assegnazione,assegnato,Finanziamento disponibile,"art. 1, comma 1, lett. b); Allegato 2 / [TABELLA pag.12 n.1], riga 3","SISTEMA DI TRASPORTO RAPIDO DI MASSA PER IL COLLEGAMENTO... PIACENZA | E31J19000030001 | 26.500.000,00",,alta,,
2022 DI Mims Mef 97 20.04.2022.pdf,qwen/qwen3.6-35b-a3b,off,464,2022-04-06,Ministero delle Infrastrutture e della Mobilità Sostenibili,Ministero dell'Economia e delle Finanze,assegnazione,F44I19000530001,True,definitivo,,1,singolo,7400,1,2021-2035,122200000.0,122200000.0,"122.200.000,00",totale,assegnazione,assegnato,Finanziamento disponibile,"art. 1, comma 1, lett. b); Allegato 2 / [TABELLA pag.12 n.1], riga 4","AMPLIAMENTO DEL DEPOSITO GALLARATESE DEI TRENI DELLA LINEA METROPOLITANA 1 | F44I19000530001 | 122.200.000,00",,alta,,
2023 DM MIT 342-2023.pdf,qwen/qwen3.6-35b-a3b,off,364,2021-09-23,Ministero delle infrastrutture e della mobilità sostenibili,,riparto,H49J21005480003,True,definitivo,,1,singolo,7150,3,,44275.0,44275.0,"44.275,00",totale,assegnazione,assegnato,Finanziamento,"Allegato 1 / [TABELLA pag.4 n.1], riga 1","FERROVIA GENOVA CASELLA | GENOVA P.ZZA MANIN - CASELLA | AMT SPA GENOVA | INTERSCAMBIO CASELLA | ALTERNATIVA INTERVENTO 1. STAZIONE DI CASELLA REALIZZAZIONE DI PARCHEGGIO INTERSCAMBIO PER BICICLETTE | 44.275,00 | 0,00 | 44.275,00 | H49J21005480003",,alta,,
2023 DM MIT 342-2023.pdf,qwen/qwen3.6-35b-a3b,off,364,2021-09-23,Ministero delle infrastrutture e della mobilità sostenibili,,riparto,H49J21005480003,True,definitivo,,1,singolo,7150,3,,6325.0,6325.0,"6.325,00",totale,assegnazione,assegnato,Finanziamento,"Allegato 1 / [TABELLA pag.4 n.1], riga 2","FERROVIA GENOVA CASELLA | GENOVA P.ZZA MANIN - CASELLA | AMT SPA GENOVA | INTERSCAMBIO GENOVA MANIN | STAZIONE DI GENOVA REALIZZAZIONE DI PARCHEGGIO INTERSCAMBIO PER BICICLETTE E PUNTO DI RICARICA AUTO ELETTRICA | 6.325,00 | 0,00 | 6.325,00",,alta,,
2023 DM MIT 342-2023.pdf,qwen/qwen3.6-35b-a3b,off,364,2021-09-23,Ministero delle infrastrutture e della mobilità sostenibili,,riparto,H49J21005480003,True,definitivo,,1,singolo,7150,3,,86250.0,86250.0,"86.250,00",totale,assegnazione,assegnato,Finanziamento,"Allegato 1 / [TABELLA pag.4 n.1], riga 3","FERROVIA GENOVA CASELLA | GENOVA P.ZZA MANIN - CASELLA | AMT SPA GENOVA | INTERSCAMBIO CAMPI | STAZIONE DI CAMPI REALIZZAZIONE DI PARCHEGGIO INTERSCAMBIO PER AUTO E BICICLETTE SISTEMAZIONE AREA | 86.250,00 | 0,00 | 86.250,00",,alta,,
2023 DM MIT 342-2023.pdf,qwen/qwen3.6-35b-a3b,off,364,2021-09-23,Ministero delle infrastrutture e della mobilità sostenibili,,riparto,H49J21005480003,True,definitivo,,1,singolo,7150,3,,25875.0,25875.0,"25.875,00",totale,assegnazione,assegnato,Finanziamento,"Allegato 1 / [TABELLA pag.4 n.1], riga 4","FERROVIA GENOVA CASELLA | GENOVA P.ZZA MANIN - CASELLA | AMT SPA GENOVA | INTERSCAMBIO BUSALLETTA | STAZIONE DI BUSALLETTA REALIZZAZIONE DI PARCHEGGIO INTERSCAMBIO PER AUTO E BICICLETTE SISTEMAZIONE AREA | 25.875,00 | 0,00 | 25.875,00",,alta,,
2023 DM MIT 342-2023.pdf,qwen/qwen3.6-35b-a3b,off,364,2021-09-23,Ministero delle infrastrutture e della mobilità sostenibili,,riparto,H49J21005480003,True,definitivo,,1,singolo,7150,3,,47725.0,47725.0,"47.725,00",totale,assegnazione,assegnato,Finanziamento,"Allegato 1 / [TABELLA pag.4 n.1], riga 5","FERROVIA GENOVA CASELLA | GENOVA P.ZZA MANIN - CASELLA | AMT SPA GENOVA | INTERSCAMBIO SANT'OLCESE TULLO | STAZIONE DI SANT'OLCESE TULLO REALIZZAZIONE DI PARCHEGGIO INTERSCAMBIO PER AUTO E BICICLETTE SISTEMAZIONE AREA | 47.725,00 | 0,00 | 47.725,00",,alta,,
2023 DM MIT 342-2023.pdf,qwen/qwen3.6-35b-a3b,off,364,2021-09-23,Ministero delle infrastrutture e della mobilità sostenibili,,riparto,H49J21005480003,True,definitivo,,1,singolo,7150,3,,7475.0,7475.0,"7.475,00",totale,assegnazione,assegnato,Finanziamento,"Allegato 1 / [TABELLA pag.4 n.1], riga 6","FERROVIA GENOVA CASELLA | GENOVA P.ZZA MANIN - CASELLA | AMT SPA GENOVA | INTERSCAMBIO VICOMORASSO | STAZIONE DI VICOMORASSO REALIZZAZIONE DI PARCHEGGIO INTERSCAMBIO PER BICICLETTE | 7.475,00 | 0,00 | 7.475,00",,alta,,
2023 DM MIT 342-2023.pdf,qwen/qwen3.6-35b-a3b,off,364,2021-09-23,Ministero delle infrastrutture e della mobilità sostenibili,,riparto,H49J21005480003,True,definitivo,,1,singolo,7150,3,,25300.0,25300.0,"25.300,00",totale,assegnazione,assegnato,Finanziamento,"Allegato 1 / [TABELLA pag.4 n.1], riga 7","FERROVIA GENOVA CASELLA | GENOVA P.ZZA MANIN - CASELLA | AMT SPA GENOVA | INTERSCAMBIO TORRAZZA | STAZIONE DI TORRAZZA REALIZZAZIONE DI PARCHEGGIO INTERSCAMBIO PER BICICLETTE | 25.300,00 | 0,00 | 25.300,00",,alta,,
2023 DM MIT 342-2023.pdf,qwen/qwen3.6-35b-a3b,off,364,2021-09-23,Ministero delle infrastrutture e della mobilità sostenibili,,riparto,H49J21005480003,True,definitivo,,1,singolo,7150,3,,9200.0,9200.0,"9.200,00",totale,assegnazione,assegnato,Finanziamento,"Allegato 1 / [TABELLA pag.4 n.1], riga 8","FERROVIA GENOVA CASELLA | GENOVA P.ZZA MANIN - CASELLA | AMT SPA GENOVA | INTERSCAMBIO SANT'OLCESE CHIESA | STAZIONE DI TORRAZZA REALIZZAZIONE DI PARCHEGGIO INTERSCAMBIO PER BICICLETTE | 9.200,00 | 0,00 | 9.200,00",,alta,,
2023 DM MIT 342-2023.pdf,qwen/qwen3.6-35b-a3b,off,364,2021-09-23,Ministero delle infrastrutture e della mobilità sostenibili,,riparto,H49J21005480003,True,definitivo,,1,singolo,7150,3,,4025.0,4025.0,"4.025,00",totale,assegnazione,assegnato,Finanziamento,"Allegato 1 / [TABELLA pag.4 n.1], riga 9","FERROVIA GENOVA CASELLA | GENOVA P.ZZA MANIN - CASELLA | AMT SPA GENOVA | INTERSCAMBIO CANOVA | STAZIONE DI TORRAZZA REALIZZAZIONE DI PARCHEGGIO INTERSCAMBIO PER BICICLETTE | 4.025,00 | 0,00 | 4.025,00",,alta,,
2023 DM MIT 342-2023.pdf,qwen/qwen3.6-35b-a3b,off,364,2021-09-23,Ministero delle infrastrutture e della mobilità sostenibili,,riparto,C75B23000000001,True,definitivo,,1,singolo,7150,3,,10543255.0,10543255.0,"10.543.255,00",totale,assegnazione,assegnato,Finanziamento,"Allegato 1 / [TABELLA pag.4 n.1], riga 10","Roma - Viterbo | ferrovia Roma – Viterbo nella tratta Catalano – Viterbo | ASTRAL S.p.A | RINNOVO, POTENZIAMENTO E MESSA IN SICUREZZA DELLE TRATTE PIÙ AMMALORATE DELLA LINEA DI CONTATTO DELLA FERROVIA ROMA – VITERBO NELLA TRATTA CATALANO – VITERBO | Interventi urgenti finalizzati alla messa in sicurezza delle zone più ammalorate della linea di contatto sulla tratta Catalano – Viterbo, comprendente: - la fornitura e la posa in opera di nuovi pali di sostegno tipo LS in luogo dei vecchi pali costituiti da profilati in ferro a doppio T; - la fornitura e la posa in opera di nuove condutture elettriche per la linea di contatto con una sezione complessiva di 320 mmq in luogo dei 100 mmq della linea di contatto attuale. | 10.543.255,00 | 0,00 | 10.543.255,00 | C75B23000000001",,alta,,
2023 DM MIT 342-2023.pdf,qwen/qwen3.6-35b-a3b,off,364,2021-09-23,Ministero delle infrastrutture e della mobilità sostenibili,,riparto,C71G22000090001,True,definitivo,,1,singolo,7150,3,,7000000.0,7000000.0,"7.000.000,00",totale,assegnazione,assegnato,Finanziamento,"Allegato 1 / [TABELLA pag.4 n.1], riga 11","Roma - Viterbo | Ferrovia Roma – Viterbo | ASTRAL S.p.A | POTENZIAMENTO DEL SISTEMA DI ALIMENTAZIONE ELETTRICA DELLA LINEA ROMA-VITERBO (SSE E DOTE) | Realizzazione e rinnovo di due sotto stazioni elettriche (SSE) per consentire l’aumento della frequenza dei treni e collegamento delle stesse alla Dirigenza Operativa della Trazione Elettrica (DOTE). In particolare si prevede la realizzazione di una nuova SSE nella stazione di Vignanello e il completo rinnovo e potenziamento della SSE di Vitorchiano. | 7.000.000,00 | 0,00 | 7.000.000,00 | C71G22000090001",,alta,,
2023 DM MIT 342-2023.pdf,qwen/qwen3.6-35b-a3b,off,364,2021-09-23,Ministero delle infrastrutture e della mobilità sostenibili,,riparto,E51B21002250001,True,definitivo,,1,singolo,7150,3,,20000000.0,20000000.0,"20.000.000,00",totale,assegnazione,assegnato,Finanziamento,"Allegato 1 / [TABELLA pag.4 n.1], riga 12","FERROVIA REGIONALE | Milano -Varese - Laveno. | FERROVIENORD | INTERVENTI SULLA RETE PER STABILIZZAZIONE ORARIO: RADDOPPIO SELETTIVO VARESE - LAVENO E SISTEMAZIONI INCROCI (GEMONIO E CITTIGLIO) | Viene previsto un intervento mirato di riduzione delle soggezioni dovute alla lunga tratta a binario unico tra Varese e Laveno, creando delle brevi tratte di raddoppio in prossimità dei punti sistematici di incrocio (cioè delle località in cui, ai minuti 00 e 30 di ogni ora, avvengono gli incroci nella maglia cadenzata dell'orario). Inoltre si attuano le modifiche impiantistiche necessarie a velocizzare gli incroci (deviate a 60 km/h e ingressi contemporanei). L'obiettivo è quello di stabilizzare l'offerta della linea che oggi evidenzia parametri non soddisfacenti, permettendo un potenziamento del servizio a cadenzamento semiorario per ampie fasce della giornata. | 20.000.000,00 | 0,00 | 20.000.000,00 | E51B21002250001",,alta,,
2023 DM MIT 342-2023.pdf,qwen/qwen3.6-35b-a3b,off,364,2021-09-23,Ministero delle infrastrutture e della mobilità sostenibili,,riparto,B41E04000210001,True,definitivo,,1,singolo,7150,3,,50000000.0,50000000.0,"50.000.000,00",totale,assegnazione,assegnato,Finanziamento,"Allegato 1 / [TABELLA pag.5 n.1], riga 1","ENTE AUTONOMO VOLTURNO S.R.L. | LINEE VESUVIANE | Comune di Napoli | LINEA 1 DELLA METROPOLITANA DI NAPOLI – TRATTA CDN –CAPODICHINO. OPERE COMPLEMENTARI PER L’IMPERMEABILIZZAZIONE DELLA ADIACENTE GALLERIA CIRCUMVESUVIANA COMPLETAMENTO | L’intervento prevede il completamento dell’intervento già finanziato (50 Mln) dell'impermeabilizzazione ed il risanamento della galleria EAV compresa tra i due imbocchi posti in corrispondenza di via T. da Sessa (Ponte della Bettina) e la trincea sul lato della stazione Botteghelle delle linee Vesuviane di EAV, per una lunghezza complessiva di circa 3 Km d'intervento. Scopo del Lavoro è di portare in condizioni asciutte la sede ferroviaria che si trova sotto il piano della falda attuale, eliminando l'utilizzo sistematico del sistema di aggottamento delle acque ora in funzione, in analogia con quanto realizzato nel tratto della Linea 1 della Metropolitana in parte adiacente alla Linea ex Circumvesuviana. | 50.000.000,00 | 50.000.000,00 | 100.000.000,00 | B41E04000210001",,media,"L'importo di finanziamento assegnato è 50.000.000,00, mentre il totale dell'intervento è 100.000.000,00 (di cui 50.000.000,00 cofinanziamento). Il record estrae l'importo di finanziamento.",
2023 DM MIT 342-2023.pdf,qwen/qwen3.6-35b-a3b,off,364,2021-09-23,Ministero delle infrastrutture e della mobilità sostenibili,,riparto,F61B21003640009,True,definitivo,,1,singolo,7150,3,,30000000.0,30000000.0,"30.000.000,00",totale,assegnazione,assegnato,Finanziamento,"Allegato 1 / [TABELLA pag.5 n.1], riga 2","ENTE AUTONOMO VOLTURNO S.R.L. | LINEE FLEGREE | EAV S.R.L. | NUOVO TELECOMANDO LINEE FLEGREE CON FORNITURA IN OPERA DI TRE SOTTOSTAZIONI ELETTRICHE ED ADEGUAMENTO TE GALLERIE | L’intervento prevede la progettazione esecutiva e realizzazione di nuove SSE secondo gli standard in vigore, il miglioramento e il rinnovo delle LA, e l’adeguamento normativo delle protezioni delle linee in galleria. | 30.000.000,00 | 0,00 | 30.000.000,00 | F61B21003640009",,alta,,
2023 DM MIT 342-2023.pdf,qwen/qwen3.6-35b-a3b,off,364,2021-09-23,Ministero delle infrastrutture e della mobilità sostenibili,,riparto,G31G22000250001,True,definitivo,,1,singolo,7150,3,,2800000.0,2800000.0,"2.800.000,00",totale,assegnazione,assegnato,Finanziamento,"Allegato 1 / [TABELLA pag.5 n.1], riga 3","BARI- MATERA | BARI - MATERA | FERROVIE APPULO LUCANE | RIFACIMENTO PENSILINA BARI CENTRALE | Rifacimento pensilina Bari centrale – realizzazione nuova pensilina per il secondo stralcio dell’intervento della linea ferroviaria FAL nell’aggregato urbano della città di Modugno | 2.800.000,00 | 0,00 | 2.800.000,00 | G31G22000250001",,alta,,
2023 DM MIT 342-2023.pdf,qwen/qwen3.6-35b-a3b,off,364,2021-09-23,Ministero delle infrastrutture e della mobilità sostenibili,,riparto,D69D15002090001,True,definitivo,,2,aggregato,7150,3,,50000000.0,25000000.0,"50.000.000,00",totale,assegnazione,assegnato,Finanziamento,"Allegato 1 / [TABELLA pag.5 n.1], riga 4","MAGLIE- OTRANTO | MAGLIE- OTRANTO e TRATTA ZOLLINO- GAGLIANO C. | FERROVIE SUD EST | COMPLETAMENTO ELETTRIFICAZIONE DORSALE SALENTO (TRATTA MAGLIE- OTRANTO E ZOLLINO- GAGLIANO) | Lotto 4: Maglie – Otranto (le cui lavorazioni sono: Linea di Contatto, TLC Dote, Adeguamenti IS e Barriere Antirumore) Lotto 3: Zollino - Gagliano (le cui lavorazioni sono: Linea di Contatto, Sottostazioni Elettriche, TLC Dote, Adeguamenti IS e Barriere Antirumore) | 50.000.000,00 | 130.000.000,00 | 180.000.000,00 | Lotto 4 - D69D15002090001 Lotto 3 - D49D15001920001",,media,"L'importo di 50.000.000,00 è attribuito a due CUP distinti (Lotto 4 e Lotto 3) senza ripartizione esplicita nell'atto. Il record aggrega i CUP.",
2023 DM MIT 342-2023.pdf,qwen/qwen3.6-35b-a3b,off,364,2021-09-23,Ministero delle infrastrutture e della mobilità sostenibili,,riparto,D49D15001920001,True,definitivo,,2,aggregato,7150,3,,50000000.0,25000000.0,"50.000.000,00",totale,assegnazione,assegnato,Finanziamento,"Allegato 1 / [TABELLA pag.5 n.1], riga 4","MAGLIE- OTRANTO | MAGLIE- OTRANTO e TRATTA ZOLLINO- GAGLIANO C. | FERROVIE SUD EST | COMPLETAMENTO ELETTRIFICAZIONE DORSALE SALENTO (TRATTA MAGLIE- OTRANTO E ZOLLINO- GAGLIANO) | Lotto 4: Maglie – Otranto (le cui lavorazioni sono: Linea di Contatto, TLC Dote, Adeguamenti IS e Barriere Antirumore) Lotto 3: Zollino - Gagliano (le cui lavorazioni sono: Linea di Contatto, Sottostazioni Elettriche, TLC Dote, Adeguamenti IS e Barriere Antirumore) | 50.000.000,00 | 130.000.000,00 | 180.000.000,00 | Lotto 4 - D69D15002090001 Lotto 3 - D49D15001920001",,media,"L'importo di 50.000.000,00 è attribuito a due CUP distinti (Lotto 4 e Lotto 3) senza ripartizione esplicita nell'atto. Il record aggrega i CUP.",
2023 DM MIT 342-2023.pdf,qwen/qwen3.6-35b-a3b,off,364,2021-09-23,Ministero delle infrastrutture e della mobilità sostenibili,,riparto,G71B18000620005,True,definitivo,,1,singolo,7150,3,,2500000.0,2500000.0,"2.500.000,00",totale,assegnazione,assegnato,Finanziamento,"Allegato 1 / [TABELLA pag.5 n.1], riga 5","BARI- MATERA | STAZIONE ALTAMURA | FERROVIE APPULO LUCANE | REALIZZAZIONE PARCHEGGIO DI INTERSCAMBIO NELLA STAZIONE DI ALTAMURA | L'intervento prevede la realizzazione di un parcheggio di interscambio unitamente alla modifica del piano del ferro necessaria a rendere indipendenti gli itinerari dei treni provenienti da Matera da quelli provenienti da Gravina | 2.500.000,00 | 0,00 | 2.500.000,00 | G71B18000620005",,alta,,
2023 DM MIT 342-2023.pdf,qwen/qwen3.6-35b-a3b,off,364,2021-09-23,Ministero delle infrastrutture e della mobilità sostenibili,,riparto,F81B21005610001,True,definitivo,,1,singolo,7150,3,,18000000.0,18000000.0,"18.000.000,00",totale,assegnazione,assegnato,Finanziamento,"Allegato 1 / [TABELLA pag.6 n.1], riga 1","Monserrato - Isili | Monserrato - Isili | ARST | VARIANTE DI TRACCCIATO, REALIZZAZIONE PUNTI DI INCROCIO E RADDOPPIO TRATTA MONSERRATO SETTIMO/SAN PIETRO | Le varianti proposte attengono ad alcune porzioni di tracciato, potenzialmente suscettibili di notevoli migliorie, che si rifletterebbero positivamente in termini di riduzione dei tempi di percorrenza e di qualità dell’offerta di trasporto. In particolare, lungo la Cagliari -Isili, sono state previste tre varianti locali atte ad eliminare alcune tortuosità di tracciato, per un importo stimato di 7,4 M€. Inoltre, si prevedono lungo la stessa linea due ulteriori punti di incrocio, trattandosi di linea a singolo binario. Ciò consentirebbe un sostanziale incremento di frequenze. L’ultimo degli interventi ipotizzati è riferito al raddoppio della tratta Monserrato-Settimo San Pietro, che, come noto, è gestita anche come linea “tram-treno” e costituisce - di fatto – una tratta suburbana con caratteristiche metropolitane. Da qui la necessità di una notevole implementazione del servizio, ad oggi è vincolata dal binario “banalizzato“. Con i tre interventi previsti, la lunghezza della linea interessata da lavori è pari a circa 7 km, corrispondenti al 10% dell’intera lunghezza. L'intervento comprende il rifacimento di sede del binario e del segnalamento per tutta la lunghezza, nonché l’istallazione di apparecchi di binario e la modifica dei PL interessati (specie nella tratta di raddoppio da Monserrato a Settimo San Pietro). Il potenziamento di questa tratta ferroviaria consentirebbe di migliorare il servizio di trasporto offerto nell'area metropolitana con una prevedibile conseguente riduzione del ricorso al trasporto privato e vantaggi in termini ambientali. | 26.400.000,00 | 0,00 | 26.400.000,00 | F81B21005610001",,media,"L'importo di finanziamento assegnato è 18.000.000,00, mentre il totale dell'intervento è 26.400.000,00. Il record estrae l'importo di finanziamento.",
2023 DM MIT 342-2023.pdf,qwen/qwen3.6-35b-a3b,off,364,2021-09-23,Ministero delle infrastrutture e della mobilità sostenibili,,riparto,I61B21003020001,True,definitivo,,1,singolo,7150,3,,9900000.0,9900000.0,"9.900.000,00",totale,assegnazione,assegnato,Finanziamento,"Allegato 1 / [TABELLA pag.6 n.1], riga 2","Ferrovie della Calabria S.r.l | Soveria M. - Catanzaro - Catanzaro Lido | Ferrovie della Calabria S.r.l. | LAVORI DI REALIZZAZIONE DELLA NUOVA STAZIONE FERROVIARIA DI CATANZARO CITTÀ | Realizzazione di una nuova stazione ferroviaria in corrispondenza dell'attuale stazione di Catanzaro Città con contemporanea ricucitura della parte alta e della bassa del centro città di Catanzaro | 9.900.000,00 | 0,00 | 9.900.000,00 | I61B21003020001",,alta,,
2023 DM MIT 342-2023.pdf,qwen/qwen3.6-35b-a3b,off,364,2021-09-23,Ministero delle infrastrutture e della mobilità sostenibili,,riparto,I67H21003160001,True,definitivo,,1,singolo,7150,3,,2900000.0,2900000.0,"2.900.000,00",totale,assegnazione,assegnato,Finanziamento,"Allegato 1 / [TABELLA pag.6 n.1], riga 3","Ferrovie della Calabria S.r.l | Soveria M. - Catanzaro - Catanzaro Lido - Germaneto | Ferrovie della Calabria S.r.l. | LAVORI DI MIGLIORAMENTO DELLA FRUIBILITÀ DELLA LINEA FERROVIARIA SULLA TRATTA CATANZARO CITTÀ - CATANZARO - CATANZARO LIDO -GERMANETO | Lavori di inserimento di un posto di scambio in cremagliera tra le stazioni di Catanzaro Pratica e Catanzaro (Sala) per l'aumento delle frequenze dei treni sulla tratta Catanzaro Città - Catanzaro - Catanzaro Lido - Germaneto | 2.900.000,00 | 0,00 | 2.900.000,00 | I67H21003160001",,alta,,
2023 DM MIT 342-2023.pdf,qwen/qwen3.6-35b-a3b,off,364,2021-09-23,Ministero delle infrastrutture e della mobilità sostenibili,,riparto,B89J21020930005,True,definitivo,,1,singolo,7150,3,,1200000.0,1200000.0,"1.200.000,00",totale,assegnazione,assegnato,Finanziamento,"Allegato 1 / [TABELLA pag.6 n.1], riga 4","Divisione Ferroviari a di TUA S.p.A. | Fossacesia-Saletti | Divisione Ferroviaria di TUA S.p.A. | CREAZIONE POSTO INTERMEDIO LOCALITÀ GUASTACCONCIA NELLA TRATTA FOSSACESIA- SALETTI | Attività funzionale al raddoppio della capacità della tratta Fossacesia - Saletti. | 1.200.000,00 | 0,00 | 1.200.000,00 | B89J21020930005",,alta,,
2023 DM MIT 342-2023.pdf,qwen/qwen3.6-35b-a3b,off,364,2021-09-23,Ministero delle infrastrutture e della mobilità sostenibili,,riparto,I57H21005640001,True,definitivo,,1,singolo,7150,4,,1512215.0,1512215.0,"1.512.215,00",totale,assegnazione,assegnato,Finanziamento,"Allegato 2 / [TABELLA pag.7 n.1], riga 1","ADRIA‐ MESTRE | | INFRASTRUTTRE VENETE SRL | INTERVENTI STRUTTURALI DI RISANAMENTO PONTE IN C.A. AL KM. 14+355 | Intervento strutturale di manutenzione straordinaria con interventi su impalcato ponte e regolazione appoggi | 1.512.215,00 | 0,00 | 1.512.215,00 | I57H21005640001",,alta,,
2023 DM MIT 342-2023.pdf,qwen/qwen3.6-35b-a3b,off,364,2021-09-23,Ministero delle infrastrutture e della mobilità sostenibili,,riparto,B19F22013250002,True,definitivo,,1,singolo,7150,4,,2400000.0,2400000.0,"2.400.000,00",totale,assegnazione,assegnato,Finanziamento,"Allegato 2 / [TABELLA pag.7 n.1], riga 2","STIA ‐ AREZZO ‐ SINALUNGA | STIA ‐ AREZZO ‐ SINALUNGA | LA FERROVIARIA ITALIANA SPA | ELIMINAZIONE DI DUE PASSAGGI A LIVELLO DI TIPO AUTOMATICO UBICATI NELLA STAZIONE DI GIOVI DELLA FERROVIA AREZZO - SINALUNGA | L’intervento prevede di eliminare due passaggi a livelli di tipo automatico facenti parte dell’apparato centrale (ACEI) della stazione di Giovi della ferrovia Arezzo – Stia ubicati alle progressive km 7+626 e km 8+099. | 2.400.000,00 | 0,00 | 2.400.000,00 | B19F22013250002",,alta,,
2023 DM MIT 342-2023.pdf,qwen/qwen3.6-35b-a3b,off,364,2021-09-23,Ministero delle infrastrutture e della mobilità sostenibili,,riparto,C89F23000050001,True,definitivo,,1,singolo,7150,4,,600000.0,600000.0,"600.000,00",totale,assegnazione,assegnato,Finanziamento,"Allegato 2 / [TABELLA pag.7 n.1], riga 3","Ferrovie dell’Emilia Romagna | Parma- Suzzara - Comune di Brescello (RE) | FERROVIE EMILIA ROMGNA S.R.L. | SOPPRESSIONE DI QUATTRO PASSAGGI A LIVELLO PRIVATI (PLP 39 – PLP 40 – PLP 41 – PLP 42) SULLA TRATTA DELLA LINEA FERROVIARIA PARMA – SUZZARA IN COMUNE DI BRESCELLO (RE) | Il progetto prevede la soppressione di n° 4 passaggi a livello privati (PLP 39 – PLP 40 – PLP 41 – PLP 42) sulla tratta della linea ferroviaria Parma – Suzzara in comune di Brescello (RE). La soluzione progettuale elaborata si pone nell’ottica di consentire l’accesso a tutti i fondi oggi serviti dai PLP di cui si prevede la soppressione attraverso la realizzazione di una strada di arroccamento parallela all’attuale linea ferroviaria che sfocia sulla viabilità pubblica (Via Enza Morta) utilizzando una capezzagna esistente. | 600.000,00 | 0,00 | 600.000,00 | C89F23000050001",,alta,,
2023 DM MIT 342-2023.pdf,qwen/qwen3.6-35b-a3b,off,364,2021-09-23,Ministero delle infrastrutture e della mobilità sostenibili,,riparto,C99F23000050001,True,definitivo,,1,singolo,7150,4,,5400000.0,5400000.0,"5.400.000,00",totale,assegnazione,assegnato,Finanziamento,"Allegato 2 / [TABELLA pag.8 n.1], riga 1","Ferrovie dell’Emilia Romagna | Bologna- Portomaggiore - Comune di Castenaso (BO) | FERROVIE EMILIA ROMGNA S.R.L. | LINEA BOLOGNA- PORTOMAGGIORE , SOPPRESSIONE PL IN LOC. CA’ DELL'ORBO A SEGUITO RIALZO LINEA | L’intervento prevede la eliminazione dei PL sulla linea Bologna- Portomaggiore in località Ca’ dell’Orbo, rispettivamente n° 14 di Via Pederzana alla progr. Km 7+891 e n° 15 di Via Cà Dell’Orbo alla progr km 8+157, mediante sopraelevazione del tracciato ferroviario. | 5.400.000,00 | 1.600.000,00 | 7.000.000,00 | C99F23000050001",,media,"L'importo di finanziamento assegnato è 5.400.000,00, mentre il totale dell'intervento è 7.000.000,00 (di cui 1.600.000,00 cofinanziamento). Il record estrae l'importo di finanziamento.",
2023 DM MIT 342-2023.pdf,qwen/qwen3.6-35b-a3b,off,364,2021-09-23,Ministero delle infrastrutture e della mobilità sostenibili,,riparto,C56G21008730001,True,definitivo,,1,singolo,7150,4,,3400000.0,3400000.0,"3.400.000,00",totale,assegnazione,assegnato,Finanziamento,"Allegato 2 / [TABELLA pag.8 n.1], riga 2","Ferrovie dell’Emilia Romagna | Reggio E. Guastalla | FERROVIE EMILIA ROMGNA S.R.L. | UPGRADE CON IMPIANTI MULTI‐ ACC | L'intervento riguarda i sistemi di segnalamento delle linee di adduzione al nodo urbano di Reggio Emilia. Si prevede in questo intervento la sostituzione di impianti di segnalamento a tecnologia elettromeccanica datati e ormai obsoleti nella tratta Bagnolo - Guastalla con impianti a tecnologia elettronica ACC. I passaggi a livello delle tratte interessate vengono gestiti con tecnologia integrata in logica.La soluzione è propedeutica verso la completa gestione multistazione con ACC-M oltre che in prospettiva verso ETCS/ERTMS. | 3.400.000,00 | 0,00 | 3.400.000,00 | C56G21008730001",,alta,,
2023 DM MIT 342-2023.pdf,qwen/qwen3.6-35b-a3b,off,364,2021-09-23,Ministero delle infrastrutture e della mobilità sostenibili,,riparto,F41B21005790009,True,definitivo,,1,singolo,7150,4,,30000000.0,30000000.0,30.000.000,totale,assegnazione,assegnato,Finanziamento,"Allegato 2 / [TABELLA pag.9 n.1], riga 1","ENTE AUTONOMO VOLTURNO S.R.L. | LINEA SUBURB ANA NAPOLI‐ PIEDIMO NTE MATESE | EAV S.R.L. | SOPPRESSIONE PP.LL. RETE FERROVIARIA EAV | L'intervento contribuisce alla risoluzione di criticità, puntuali o lineari, riscontrare sulla rete ferroviaria e sulla viabilità tali da compromettere la sicurezza degli utenti, in particolare riferimento ai Passaggi a livello ad elevato rischio per la sicurezza insistenti sulla rete aziendale attraverso le seguenti azioni: ✓ riammagliamento e rifunzionalizzazione della rete stradale interferita ✓ risoluzione delle interferenze alle intersezioni; ✓ riduzione dei fenomeni locali di congestione mediante la realizzazione di viabilità alternativa per l'allontanamento dei flussi di attraversamento; ✓ inserimento di barriere di sicurezza o adeguamento di quelle esistenti alla normativa vigente; ✓ adeguamento funzionale degli svincoli esistenti; ✓ rettifiche di curve pericolose; ✓ ripristino di tratti di infrastruttura interessati da fenomeni di dissesto o particolarmente ammalorati. | 30.000.000 | € 0,00 | 30.000.000 | F41B21005790009",,alta,,
2023 DM MIT 342-2023.pdf,qwen/qwen3.6-35b-a3b,off,364,2021-09-23,Ministero delle infrastrutture e della mobilità sostenibili,,riparto,G31G22000260001,True,definitivo,,1,singolo,7150,4,,7200000.0,7200000.0,7.200.000,totale,assegnazione,assegnato,Finanziamento,"Allegato 2 / [TABELLA pag.9 n.1], riga 2",BARI‐ MATERA | Bari Sant’Andrea - Modugno | FERROVIE APPULO LUCANE S.r.l | RADDOPPIO TRA BARI SANT’ANDREA E MODUGNO | Raddoppio tra Bari Sant’Andrea e Modugno | 7.200.000 | 0 | 7.200.000 | G31G22000260001,,alta,,
2023 DM MIT 342-2023.pdf,qwen/qwen3.6-35b-a3b,off,364,2021-09-23,Ministero delle infrastrutture e della mobilità sostenibili,,riparto,G11B18000550005,True,definitivo,,1,singolo,7150,4,,3500000.0,3500000.0,"3.500.000,00",totale,assegnazione,assegnato,Finanziamento,"Allegato 2 / [TABELLA pag.10 n.1], riga 1","FERROVIE APPULO LUCANE S.r.l | tratta Matera ‐ Altamura della linea Bari ‐ Matera | FERROVIE APPULO LUCANE S.r.l | Interventi sui piazzali di Matera Serra Rifusa e di Matera Villa Longo tra le progressive km 71+425 e km 72+046 della linea Bari ‐ Matera ‐ Lotto “RIPRISTINO DELLA FUNZIONALITÀ DELL'OFFICINA FERROVIARIA A SERRA RIFUSA” | Ripristinare la funzionalità dell'officina ferroviaria a Serra Rifusa. Con le risorse disponibili, FAL realizza le opere civili (struttura dell’officina ed eventuali fosse di manutenzione), le opere impiantistiche (impianto per la produzione di aria compressa, impianto elettrico, impianto di riscaldamento) e la posa dei binari. Rimanda la fornitura delle attrezzature (in particolare i carri ponte e gli equipaggiamenti per lavorare sull’imperiale) ad una fase successiva. | 3.500.000,00 | 0 | 3.500.000 | G11B18000550005",,alta,,
2023 DM MIT 342-2023.pdf,qwen/qwen3.6-35b-a3b,off,364,2021-09-23,Ministero delle infrastrutture e della mobilità sostenibili,,riparto,B81B21003770005,True,definitivo,,1,singolo,7150,4,,1750000.0,1750000.0,"1.750.000,00",totale,assegnazione,assegnato,Finanziamento,"Allegato 2 / [TABELLA pag.10 n.1], riga 2","Divisione Ferroviaria di TUA S.p.A. | Fossacesia‐ Archi | Divisione Ferroviaria di TUA S.p.A. | TESATURA DEI CONDUTTORI IN RAME DELL’IMPIANTO TE DELLA TRATTA FOSSACESIA ‐ ARCHI E REALIZZAZIONE DELLA PALIFICATA DI SOSTEGNO SUL PONTE FIUME SANGRO | Attività di completamento dell’elettrificazione della tratta Fossacesia ‐ Archi per il quale risultano già in sito i relativi sostegni a meno del ponte sul fiume Sangro in località Saletti già disponendo a piè d’opera dei conduttori in rame necessari | 1.750.000,00 € | 0 | 1.750.000 | B81B21003770005",,alta,,
2025 DD MIT 141-2025.pdf,qwen/qwen3.6-35b-a3b,off,141,2025-04-18,Ministero delle infrastrutture e dei trasporti,,impegno,E51I04000010007,True,definitivo,,1,singolo,7419,2,2024-2032,2125000000.0,2125000000.0,"€ 2.125.000.000,00",totale,assegnazione,impegnato,,art. 3,"È autorizzato l’impegno delle risorse di cui al citato articolo 1, comma 478, della legge 29 dicembre 2022, n. 197, sul capitolo 7419, piano gestionale 2 ... per la somma complessiva di € 2.125.000.000,00",,alta,,"Importo complessivo impegnato. L'atto riporta anche la ripartizione annuale nella tabella allegata all'art. 3, ma si registra il totale come disposto dall'art. 3."
2025 DD MIT 141-2025.pdf,qwen/qwen3.6-35b-a3b,off,141,2025-04-18,Ministero delle infrastrutture e dei trasporti,,impegno,E51I04000010007,True,definitivo,,1,singolo,7416,1,2027-2028,75000000.0,75000000.0,"€ 75.000.000,00",totale,assegnazione,impegnato,,art. 4,"È autorizzato l’impegno delle risorse di cui al citato art.1, comma 478, della legge 29 dicembre 2022, n.197, sul capitolo 7416 piano gestonale 1 ... per la somma complessiva di € 75.000.000,00",,alta,,Importo complessivo impegnato. Ripartito in 50 mln per il 2027 e 25 mln per il 2028.
2022 DD MIT 454-2022.pdf,z-ai/glm-4.7-flash,off,220,2020-07-10,Ministero delle Infrastrutture e dei Trasporti,,impegno,E51I04000010007,True,definitivo,,1,singolo,7426,1,,14000000.0,14000000.0,"€ 14.000.000,00",totale,impegno,impegnato,,art. 1,"è autorizzato, per il corrente esercizio finanziario, a favore di Roma Capitale per l’intervento ... CUP E51I04000010007, l’impegno di € 14.000.000,00",,alta,,
2022 DD MIT 454-2022.pdf,z-ai/glm-4.7-flash,off,220,2020-07-10,Ministero delle Infrastrutture e dei Trasporti,,impegno,E51I04000010007,True,definitivo,,1,singolo,7426,1,,131000000.0,131000000.0,"€ 131.000.000,00",totale,impegno,impegnato,,"art. 2 / [TABELLA pag.3 n.1], riga 5","per l’importo complessivo di € 131.000.000,00 a favore di Roma Capitale, per l’intervento ... CUP E51I04000010007, come di seguito riportato: Anno Importo 2022 35.000.000,00 € 2023 40.000.000,00 € 2024 33.500.000,00 € 2025 22.500.000,00 € Totale 131.000.000,00 €",,alta,,
2022 DDG 128 del 02-05-22.pdf,z-ai/glm-4.7-flash,off,464,2021-11-22,Ministero delle infrastrutture e della mobilità sostenibili,,impegno,H94I19000130004,True,definitivo,,1,singolo,7400,7,,3000000.0,3000000.0,"€ 3.000.000,00",totale,impegno,impegnato,,"art. 1; Allegato 1 / [TABELLA pag.4 n.1], riga 1","Comune di Padova H94I19000130004 7400/PG 7 153.197,90 306.395,80 ... Totale 1.000.000,00 2.000.000,00",,alta,,"Importo complessivo 3.000.000,00 (1.000.000,00 2020 + 2.000.000,00 2021) per il PG 7."
2022 DDG 128 del 02-05-22.pdf,z-ai/glm-4.7-flash,off,464,2021-11-22,Ministero delle infrastrutture e della mobilità sostenibili,,impegno,J80J18000000001,True,definitivo,,1,singolo,7400,7,,631174000.0,631174000.0,"€ 631.174.000,00",totale,impegno,impegnato,,"art. 2; Allegato 1 / [TABELLA pag.4 n.1], riga 2","Roma Capitale J80J18000000001 7400/PG 7 251.454,92 502.909,85 ... Totale 1.000.000,00 2.000.000,00 4.000.000,00 8.500.000,00 11.000.000,00 45.500.000,00 57.000.000,00 69.174.000,00 72.000.000,00 84.414.446,39 84.414.446,39 54.414.446,39 53.414.446,39 54.414.446,39 59.414.446,38 660.660.678,33",,alta,,"Importo complessivo 631.174.000,00 per gli esercizi 2022-2034 sul PG 7."
2022 DDG 128 del 02-05-22.pdf,z-ai/glm-4.7-flash,off,464,2021-11-22,Ministero delle infrastrutture e della mobilità sostenibili,,impegno,C11B21008720001,True,definitivo,,1,singolo,7400,7,,44494493.04,44494493.04,"€ 44.494.493,04",totale,impegno,impegnato,,"art. 2; Allegato 1 / [TABELLA pag.4 n.1], riga 3","Comune di Torino C11B21008720001 D81E20000410007 7400/PG 7 70.161,34 140.322,66 280.645,33 596.371,33 771.774,66 3.192.340,64 3.999.195,96 4.853.340,04 5.051.615,96 5.612.906,63 5.612.906,63 3.508.066,64 3.437.905,30 3.508.066,64 3.858.873,28 44.494.493,04",,alta,,"Importo complessivo 44.494.493,04 sul PG 7. Il CUP D81E20000410007 è associato allo stesso beneficiario e PG ma non ha importi distinti nella tabella."
2022 DDG 128 del 02-05-22.pdf,z-ai/glm-4.7-flash,off,464,2021-11-22,Ministero delle infrastrutture e della mobilità sostenibili,,impegno,D81E20000410007,True,definitivo,,1,singolo,7400,7,,333059208.74,333059208.74,"€ 333.059.208,74",totale,impegno,impegnato,,"art. 2; Allegato 1 / [TABELLA pag.4 n.1], riga 3","Comune di Torino C11B21008720001 D81E20000410007 7400/PG 7 70.161,34 140.322,66 280.645,33 596.371,33 771.774,66 3.192.340,64 3.999.195,96 4.853.340,04 5.051.615,96 5.612.906,63 5.612.906,63 3.508.066,64 3.437.905,30 3.508.066,64 3.858.873,28 44.494.493,04",,alta,,"Importo complessivo 333.059.208,74 sul PG 7. Il CUP C11B21008720001 è associato allo stesso beneficiario e PG ma non ha importi distinti nella tabella."
2022 DDG 128 del 02-05-22.pdf,z-ai/glm-4.7-flash,off,464,2021-11-22,Ministero delle infrastrutture e della mobilità sostenibili,,impegno,C81B21013200005,True,definitivo,,1,singolo,7400,7,,333059208.74,333059208.74,"€ 333.059.208,74",totale,impegno,impegnato,,"art. 2; Allegato 1 / [TABELLA pag.4 n.1], riga 4","Comune di Brescia C81B21013200005 7400/PG 7 525.185,84 1.050.371,69 2.100.743,39 4.464.079,69 5.777.044,31 23.895.956,00 29.935.593,23 36.329.205,71 37.813.380,92 42.014.867,68 42.014.867,68 26.259.292,30 25.734.106,46 26.259.292,30 28.885.221,54 333.059.208,74",,alta,,"Importo complessivo 333.059.208,74 sul PG 7."
2022 DDG 128 del 02-05-22.pdf,z-ai/glm-4.7-flash,off,464,2021-11-22,Ministero delle infrastrutture e della mobilità sostenibili,,impegno,C81B21013200005,True,definitivo,,1,singolo,7400,1,,26486678.33,26486678.33,"€ 26.486.678,33",totale,impegno,impegnato,,"art. 3; Allegato 1 / [TABELLA pag.4 n.1], riga 5","Comune di Brescia C81B21013200005 7400/PG 1 | | | | | | | | | | 4.414.446,39 4.414.446,39 4.414.446,39 4.414.446,39 4.414.446,39 4.414.446,38 26.486.678,33",,alta,,"Importo complessivo 26.486.678,33 per gli esercizi 2029-2034 sul PG 1."
2022 DI Mims Mef 97 20.04.2022.pdf,z-ai/glm-4.7-flash,off,,,Ministero delle Infrastrutture e della Mobilità Sostenibili,Ministero dell'Economia e delle Finanze,assegnazione,B39J22001360001,True,definitivo,,1,singolo,7400,8,,398000000.0,398000000.0,"398.000.000,00",totale,assegnazione,assegnato,FINANZIAMENTO DISPONIBILE,"Allegato 1 / [TABELLA pag.10 n.1], riga 1","CITTÀ METROPOLITANA DI GENOVA | SKYMETRO VAL BISAGNO GENOVA | COMUNE DI GENOVA | B39J22001360001 | PFTE | | | | 398.000.000,00 | --- | 398.000.000,00",,alta,,
2022 DI Mims Mef 97 20.04.2022.pdf,z-ai/glm-4.7-flash,off,,,Ministero delle Infrastrutture e della Mobilità Sostenibili,Ministero dell'Economia e delle Finanze,assegnazione,B31F20000030005,True,definitivo,,1,singolo,7400,8,,20860000.0,20860000.0,"20.860.000,00",totale,assegnazione,assegnato,FINANZIAMENTO DISPONIBILE,"Allegato 1 / [TABELLA pag.10 n.1], riga 2","CITTÀ METROPOLITANA DI GENOVA | PROLUNGAMENTO METROPOLITANA DI GENOVA DA BRIN A CANEPARI. OPERE DI ADEGUAMENTO IDRAULICO DEL TRATTO TOMBINATO DI VALLE DEL RIO MALTEMPO, AFFLUENTE DEL TORRENTE POLCEVERA | COMUNE DI GENOVA | B31F20000030005 | PFTE | | | | 20.860.000,00 | --- | 20.860.000,00",,alta,,
2022 DI Mims Mef 97 20.04.2022.pdf,z-ai/glm-4.7-flash,off,,,Ministero delle Infrastrutture e della Mobilità Sostenibili,Ministero dell'Economia e delle Finanze,assegnazione,B44D20000040001,True,definitivo,,1,singolo,7400,8,,180000000.0,180000000.0,"180.000.000,00",totale,assegnazione,assegnato,FINANZIAMENTO AMMESSO,"Allegato 1 / [TABELLA pag.10 n.1], riga 3","CITTÀ METROPOLITANA DI MILANO | LINEA METROPOLITANA M1 PROLUNGAMENTO QUARTIERE BAGGIO – OLMI - VALSESIA | COMUNE DI MILANO | B44D20000040001 | PROGETTO DEFINITIVO | | | | 398.000.000,00 | 218.000.000,00 | 180.000.000,00",,alta,,
2022 DI Mims Mef 97 20.04.2022.pdf,z-ai/glm-4.7-flash,off,,,Ministero delle Infrastrutture e della Mobilità Sostenibili,Ministero dell'Economia e delle Finanze,assegnazione,B91J21000040001,True,definitivo,,1,singolo,7400,8,,420000000.0,420000000.0,"420.000.000,00",totale,assegnazione,assegnato,FINANZIAMENTO DISPONIBILE,"Allegato 1 / [TABELLA pag.10 n.1], riga 4","CITTÀ METROPOLITANA DI MILANO | PROLUNGAMENTO LINEA METROPOLITANA M4 DA AEROPORTO LINATE A SEGRATE | COMUNE DI MILANO | B91J21000040001 | PFTE | | | | 420.000.000,00 | --- | 420.000.000,00",,alta,,
2022 DI Mims Mef 97 20.04.2022.pdf,z-ai/glm-4.7-flash,off,,,Ministero delle Infrastrutture e della Mobilità Sostenibili,Ministero dell'Economia e delle Finanze,assegnazione,B41J21000050006,True,definitivo,,1,singolo,7400,8,,4500000.0,4500000.0,"4.500.000,00",totale,assegnazione,assegnato,FINANZIAMENTO DISPONIBILE,"Allegato 1 / [TABELLA pag.10 n.1], riga 5","CITTÀ METROPOLITANA DI MILANO | NUOVA LINEA METROPOLITANA M6 RAMO SUD (PFTE) | COMUNE DI MILANO | B41J21000050006 | --- | | | | 4.500.000,00 | --- | 4.500.000,00",,alta,,
2022 DI Mims Mef 97 20.04.2022.pdf,z-ai/glm-4.7-flash,off,,,Ministero delle Infrastrutture e della Mobilità Sostenibili,Ministero dell'Economia e delle Finanze,assegnazione,B41C21000010001,True,definitivo,,1,singolo,7400,8,,5500000.0,5500000.0,"5.500.000,00",totale,assegnazione,assegnato,FINANZIAMENTO DISPONIBILE,"Allegato 1 / [TABELLA pag.10 n.1], riga 6","CITTÀ METROPOLITANA DI MILANO | PROLUNGAMENTO M3 SAN DONATO M. – ASTA PAULLESE (PFTE) | COMUNE DI MILANO | B41C21000010001 | PFTE – 1° FASE | | | | 5.500.000,00 | --- | 5.500.000,00",,alta,,
2022 DI Mims Mef 97 20.04.2022.pdf,z-ai/glm-4.7-flash,off,,,Ministero delle Infrastrutture e della Mobilità Sostenibili,Ministero dell'Economia e delle Finanze,assegnazione,F41B22000740009,True,definitivo,,1,singolo,7400,8,,631373163.0,631373163.0,"631.373.163,00",totale,assegnazione,assegnato,FINANZIAMENTO DISPONIBILE,"Allegato 1 / [TABELLA pag.10 n.1], riga 7","CITTÀ METROPOLITANA DI NAPOLI | NUOVO COLLEGAMENTO IN SEDE PROPRIA TRA LA STAZIONE AV DI AFRAGOLA E LA RETE METROPOLITANA DI NAPOLI. LOTTO 1°_STRALCIO I | COMUNE DI NAPOLI / EAV Srl | F41B22000740009 (CUP MASTER) | PFTE | | | | 631.373.163,00 | --- | 631.373.163,00",,alta,,
2022 DI Mims Mef 97 20.04.2022.pdf,z-ai/glm-4.7-flash,off,,,Ministero delle Infrastrutture e della Mobilità Sostenibili,Ministero dell'Economia e delle Finanze,assegnazione,F41B22000830009,True,definitivo,,1,singolo,7400,8,,163500824.0,163500824.0,"163.500.824,00",totale,assegnazione,assegnato,FINANZIAMENTO DISPONIBILE,"Allegato 1 / [TABELLA pag.10 n.1], riga 8","CITTÀ METROPOLITANA DI NAPOLI | NUOVO COLLEGAMENTO IN SEDE PROPRIA TRA LA STAZIONE AV DI AFRAGOLA E LA RETE METROPOLITANA DI NAPOLI. LOTTO 1°_STRALCIO II | COMUNE DI NAPOLI / EAV Srl | F41B22000830009 | PFTE | | | | 163.500.824,00 | --- | 163.500.824,00",,alta,,
2022 DI Mims Mef 97 20.04.2022.pdf,z-ai/glm-4.7-flash,off,,,Ministero delle Infrastrutture e della Mobilità Sostenibili,Ministero dell'Economia e delle Finanze,assegnazione,E51I04000010007,True,definitivo,,1,singolo,7400,8,,610000000.0,610000000.0,"610.000.000,00",totale,assegnazione,assegnato,FINANZIAMENTO AMMESSO,"Allegato 1 / [TABELLA pag.10 n.1], riga 9","CITTÀ METROPOLITANA DI ROMA | LINEA C DELLA METROPOLITANA DI ROMA - SUB-TRATTA FUNZIONALE DA STAZIONE VENEZIA A STAZIONE FORI IMPERIALI | ROMA CAPITALE / ROMA METROPOLITANE Srl | E51I04000010007 | PROGETTO DEFINITIVO | | | | 755.000.000,00 | 145.000.000,00 | 610.000.000,00",,alta,,
2022 DI Mims Mef 97 20.04.2022.pdf,z-ai/glm-4.7-flash,off,,,Ministero delle Infrastrutture e della Mobilità Sostenibili,Ministero dell'Economia e delle Finanze,assegnazione,E51I04000010007,True,definitivo,,1,singolo,7400,8,,990000000.0,990000000.0,"990.000.000,00",totale,assegnazione,assegnato,FINANZIAMENTO DISPONIBILE,"Allegato 1 / [TABELLA pag.10 n.1], riga 10","CITTÀ METROPOLITANA DI ROMA | LINEA C DELLA METROPOLITANA DI ROMA - TRATTA T2 - LOTTO COSTRUTTIVO PRELIMINARE | ROMA CAPITALE / ROMA METROPOLITANE Srl | E51I04000010007 | PROGETTO PRELIMINARE | | | | 990.000.000,00 | --- | 990.000.000,00",,alta,,
2022 DI Mims Mef 97 20.04.2022.pdf,z-ai/glm-4.7-flash,off,,,Ministero delle Infrastrutture e della Mobilità Sostenibili,Ministero dell'Economia e delle Finanze,assegnazione,C71F20000020005,True,definitivo,,1,singolo,7400,8,,1000000000.0,1000000000.0,"1.000.000.000,00",totale,assegnazione,assegnato,FINANZIAMENTO AMMESSO,"Allegato 1 / [TABELLA pag.10 n.1], riga 11","CITTÀ METROPOLITANA DI TORINO | METROPOLITANA AUTOMATICA DI TORINO – LINEA 2 – TRATTA “POLITECNICO – REBAUDENGO” | COMUNE DI TORINO | C71F20000020005 | PROGETTO DEFINITIVO | | | | 1.800.000.000,0 0 | 800.000.000,00 | 1.000.000.000,00",,alta,,
2022 DI Mims Mef 97 20.04.2022.pdf,z-ai/glm-4.7-flash,off,,,Ministero delle Infrastrutture e della Mobilità Sostenibili,Ministero dell'Economia e delle Finanze,assegnazione,J81B21014060001,True,definitivo,,1,singolo,7400,1,,173183831.97,173183831.97,"173.183.831,97",totale,assegnazione,assegnato,FINANZIAMENTO AMMESSO,"Allegato 2 / [TABELLA pag.12 n.1], riga 1","ROMA CAPITALE | LINEA TRANVIARIA TERMINI - VATICANO - AURELIO | J81B21014060001 | TRANVIA | 293.183.831,97 | 120.000.000,00 | 173.183.831,97",,alta,,
2022 DI Mims Mef 97 20.04.2022.pdf,z-ai/glm-4.7-flash,off,,,Ministero delle Infrastrutture e della Mobilità Sostenibili,Ministero dell'Economia e delle Finanze,assegnazione,J84E21005150001,True,definitivo,,1,singolo,7400,1,,11284217.84,11284217.84,"11.284.217,84",totale,assegnazione,assegnato,FINANZIAMENTO AMMESSO,"Allegato 2 / [TABELLA pag.12 n.1], riga 2","ROMA CAPITALE | DEPOSITO DI CENTOCELLE EST | J84E21005150001 | TRANVIA | 11.284.217,84 | --- | 11.284.217,84",,alta,,
2022 DI Mims Mef 97 20.04.2022.pdf,z-ai/glm-4.7-flash,off,,,Ministero delle Infrastrutture e della Mobilità Sostenibili,Ministero dell'Economia e delle Finanze,assegnazione,E31J19000030001,True,definitivo,,1,singolo,7400,1,,26500000.0,26500000.0,"26.500.000,00",totale,assegnazione,assegnato,FINANZIAMENTO AMMESSO,"Allegato 2 / [TABELLA pag.12 n.1], riga 3","COMUNE DI PIACENZA | SISTEMA DI TRASPORTO RAPIDO DI MASSA PER IL COLLEGAMENTO TRA LA STAZIONE FERROVIARIA DI PIACENZA ED IL NUOVO POLO OSPEDALIERO | E31J19000030001 | BUSVIA | 26.500.000,00 | --- | 26.500.000,00",,alta,,
2022 DI Mims Mef 97 20.04.2022.pdf,z-ai/glm-4.7-flash,off,,,Ministero delle Infrastrutture e della Mobilità Sostenibili,Ministero dell'Economia e delle Finanze,assegnazione,F44I19000530001,True,definitivo,,1,singolo,7400,1,,122200000.0,122200000.0,"122.200.000,00",totale,assegnazione,assegnato,FINANZIAMENTO AMMESSO,"Allegato 2 / [TABELLA pag.12 n.1], riga 4","COMUNE DI MILANO | AMPLIAMENTO DEL DEPOSITO GALLARATESE DEI TRENI DELLA LINEA METROPOLITANA 1 | F44I19000530001 | METRO | 122.200.000,00 | --- | 122.200.000,00",,alta,,
2022 DI Mims Mef 97 20.04.2022.pdf,z-ai/glm-4.7-flash,off,,,Ministero delle Infrastrutture e della Mobilità Sostenibili,Ministero dell'Economia e delle Finanze,assegnazione,C11J22000000001,True,definitivo,,1,singolo,7400,1,,221721410.41,221721410.41,"221.721.410,41",totale,assegnazione,assegnato,FINANZIAMENTO AMMESSO,"Allegato 3 / [TABELLA pag.13 n.1], riga 1","COMUNE DI TORINO | PROLUNGAMENTO LINEA TRANVIARIA 12 ALL'ALLIANZ STADIUM E RECUPERO TRINCEA FERROVIA TORINO-CERES | C11J22000000001 | TRANVIA | 221.721.410,41 | --- | 221.721.410,41",,alta,,
2022 DI Mims Mef 97 20.04.2022.pdf,z-ai/glm-4.7-flash,off,,,Ministero delle Infrastrutture e della Mobilità Sostenibili,Ministero dell'Economia e delle Finanze,assegnazione,F47C19000370001,True,definitivo,,4,aggregato,7400,1,,20900000.02,5225000.005,"20.900.000,02",totale,assegnazione,assegnato,FINANZIAMENTO AMMESSO,"Allegato 3 / [TABELLA pag.13 n.1], riga 2","COMUNE DI MILANO | METROPOLITANA LINEA M3: INTERVENTI DI ADEGUAMENTO ANTINCENDIO AI SENSI DEL DM 21.10.2015 | F47C19000370001 F47D17000140005 F47C19000380001 F47C19000390001 | METRO | 25.000.000,02 | 4.100.000,00 | 20.900.000,02",,alta,,
2022 DI Mims Mef 97 20.04.2022.pdf,z-ai/glm-4.7-flash,off,,,Ministero delle Infrastrutture e della Mobilità Sostenibili,Ministero dell'Economia e delle Finanze,assegnazione,F47D17000140005,True,definitivo,,4,aggregato,7400,1,,20900000.02,5225000.005,"20.900.000,02",totale,assegnazione,assegnato,FINANZIAMENTO AMMESSO,"Allegato 3 / [TABELLA pag.13 n.1], riga 2","COMUNE DI MILANO | METROPOLITANA LINEA M3: INTERVENTI DI ADEGUAMENTO ANTINCENDIO AI SENSI DEL DM 21.10.2015 | F47C19000370001 F47D17000140005 F47C19000380001 F47C19000390001 | METRO | 25.000.000,02 | 4.100.000,00 | 20.900.000,02",,alta,,
2022 DI Mims Mef 97 20.04.2022.pdf,z-ai/glm-4.7-flash,off,,,Ministero delle Infrastrutture e della Mobilità Sostenibili,Ministero dell'Economia e delle Finanze,assegnazione,F47C19000380001,True,definitivo,,4,aggregato,7400,1,,20900000.02,5225000.005,"20.900.000,02",totale,assegnazione,assegnato,FINANZIAMENTO AMMESSO,"Allegato 3 / [TABELLA pag.13 n.1], riga 2","COMUNE DI MILANO | METROPOLITANA LINEA M3: INTERVENTI DI ADEGUAMENTO ANTINCENDIO AI SENSI DEL DM 21.10.2015 | F47C19000370001 F47D17000140005 F47C19000380001 F47C19000390001 | METRO | 25.000.000,02 | 4.100.000,00 | 20.900.000,02",,alta,,
2022 DI Mims Mef 97 20.04.2022.pdf,z-ai/glm-4.7-flash,off,,,Ministero delle Infrastrutture e della Mobilità Sostenibili,Ministero dell'Economia e delle Finanze,assegnazione,F47C19000390001,True,definitivo,,4,aggregato,7400,1,,20900000.02,5225000.005,"20.900.000,02",totale,assegnazione,assegnato,FINANZIAMENTO AMMESSO,"Allegato 3 / [TABELLA pag.13 n.1], riga 2","COMUNE DI MILANO | METROPOLITANA LINEA M3: INTERVENTI DI ADEGUAMENTO ANTINCENDIO AI SENSI DEL DM 21.10.2015 | F47C19000370001 F47D17000140005 F47C19000380001 F47C19000390001 | METRO | 25.000.000,02 | 4.100.000,00 | 20.900.000,02",,alta,,
2022 DI Mims Mef 97 20.04.2022.pdf,z-ai/glm-4.7-flash,off,,,Ministero delle Infrastrutture e della Mobilità Sostenibili,Ministero dell'Economia e delle Finanze,assegnazione,F47C19000350001,True,definitivo,,2,aggregato,7400,1,,45000000.07,22500000.035,"45.000.000,07",totale,assegnazione,assegnato,FINANZIAMENTO AMMESSO,"Allegato 3 / [TABELLA pag.13 n.1], riga 3","COMUNE DI MILANO | METROPOLITANA LINEE M1 + M2 - INTERVENTI DI ADEGUAMENTO ANTINCENDI AI SENSI DEL DM 21.10.2015 FASE 2 | F47C19000350001 O F47C19000360001 | METRO | 45.000.000,07 | --- | 45.000.000,07",,alta,,
2022 DI Mims Mef 97 20.04.2022.pdf,z-ai/glm-4.7-flash,off,,,Ministero delle Infrastrutture e della Mobilità Sostenibili,Ministero dell'Economia e delle Finanze,assegnazione,F47C19000360001,True,definitivo,,2,aggregato,7400,1,,45000000.07,22500000.035,"45.000.000,07",totale,assegnazione,assegnato,FINANZIAMENTO AMMESSO,"Allegato 3 / [TABELLA pag.13 n.1], riga 3","COMUNE DI MILANO | METROPOLITANA LINEE M1 + M2 - INTERVENTI DI ADEGUAMENTO ANTINCENDI AI SENSI DEL DM 21.10.2015 FASE 2 | F47C19000350001 O F47C19000360001 | METRO | 45.000.000,07 | --- | 45.000.000,07",,alta,,
2022 DI Mims Mef 97 20.04.2022.pdf,z-ai/glm-4.7-flash,off,,,Ministero delle Infrastrutture e della Mobilità Sostenibili,Ministero dell'Economia e delle Finanze,assegnazione,B34J18000220001,True,definitivo,,2,aggregato,7400,1,,74516124.63,37258062.315,"74.516.124,63",totale,assegnazione,assegnato,FINANZIAMENTO AMMESSO,"Allegato 3 / [TABELLA pag.13 n.1], riga 4","COMUNE DI GENOVA | LINEA METROPOLITANA: PROLUNGAMENTO A RIVAROLO E COMPLETAMENTO DELLA STAZIONE DI MARTINEZ / TERRALBA | B34J18000220001 B34J18000230001 | METRO | 74.516.124,63 | --- | 74.516.124,63",,alta,,
2022 DI Mims Mef 97 20.04.2022.pdf,z-ai/glm-4.7-flash,off,,,Ministero delle Infrastrutture e della Mobilità Sostenibili,Ministero dell'Economia e delle Finanze,assegnazione,B34J18000230001,True,definitivo,,2,aggregato,7400,1,,74516124.63,37258062.315,"74.516.124,63",totale,assegnazione,assegnato,FINANZIAMENTO AMMESSO,"Allegato 3 / [TABELLA pag.13 n.1], riga 4","COMUNE DI GENOVA | LINEA METROPOLITANA: PROLUNGAMENTO A RIVAROLO E COMPLETAMENTO DELLA STAZIONE DI MARTINEZ / TERRALBA | B34J18000220001 B34J18000230001 | METRO | 74.516.124,63 | --- | 74.516.124,63",,alta,,
2023 DM MIT 342-2023.pdf,z-ai/glm-4.7-flash,off,2024,2024-12-20,Ministero delle Infrastrutture e dei Trasporti,,rimodulazione,D69D15002090001,True,definitivo,,1,singolo,7150,3,2032,842682.0,842682.0,"842.682,00",quota,rimodulazione,rimodulato,,"art. 1; Allegato 3 / [TABELLA pag.11 n.1], riga 2032",2032 4.946.287 0 0 0 125.266 0 0 0 212.888 0 842.682 2.661.096 638.663 0 0 0 310.461 155.231,"decreto del Ministro delle infrastrutture e della mobilità sostenibili del 23 settembre 2021, n. 364",alta,,Importo di rimodulazione per l'annualità 2032. Il valore precedente (842.680) era stato assegnato erroneamente all'Emilia Romagna.
2023 DM MIT 342-2023.pdf,z-ai/glm-4.7-flash,off,2024,2024-12-20,Ministero delle Infrastrutture e dei Trasporti,,rimodulazione,D49D15001920001,True,definitivo,,1,singolo,7150,3,2032,842682.0,842682.0,"842.682,00",quota,rimodulazione,rimodulato,,"art. 1; Allegato 3 / [TABELLA pag.11 n.1], riga 2032",2032 4.946.287 0 0 0 125.266 0 0 0 212.888 0 842.682 2.661.096 638.663 0 0 0 310.461 155.231,"decreto del Ministro delle infrastrutture e della mobilità sostenibili del 23 settembre 2021, n. 364",alta,,Importo di rimodulazione per l'annualità 2032. Il valore precedente (842.680) era stato assegnato erroneamente all'Emilia Romagna.
2023 DM MIT 342-2023.pdf,z-ai/glm-4.7-flash,off,2024,2024-12-20,Ministero delle Infrastrutture e dei Trasporti,,rimodulazione,D69D15002090001,True,definitivo,,1,singolo,7150,3,2033,690994.0,690994.0,"690.994,00",quota,rimodulazione,rimodulato,,"art. 1; Allegato 3 / [TABELLA pag.11 n.1], riga 2033",2033 4.642.914 0 0 0 217.585 0 0 0 199.831 0 690.994 2.497.882 599.492 0 0 0 291.420 145.710,"decreto del Ministro delle infrastrutture e della mobilità sostenibili del 23 settembre 2021, n. 364",alta,,Importo di rimodulazione per l'annualità 2033. Il valore precedente (790.994) era stato assegnato erroneamente all'Emilia Romagna.
2023 DM MIT 342-2023.pdf,z-ai/glm-4.7-flash,off,2024,2024-12-20,Ministero delle Infrastrutture e dei Trasporti,,rimodulazione,D49D15001920001,True,definitivo,,1,singolo,7150,3,2033,690994.0,690994.0,"690.994,00",quota,rimodulazione,rimodulato,,"art. 1; Allegato 3 / [TABELLA pag.11 n.1], riga 2033",2033 4.642.914 0 0 0 217.585 0 0 0 199.831 0 690.994 2.497.882 599.492 0 0 0 291.420 145.710,"decreto del Ministro delle infrastrutture e della mobilità sostenibili del 23 settembre 2021, n. 364",alta,,Importo di rimodulazione per l'annualità 2033. Il valore precedente (790.994) era stato assegnato erroneamente all'Emilia Romagna.
2025 DD MIT 141-2025.pdf,z-ai/glm-4.7-flash,off,,,Ministero delle Infrastrutture e dei Trasporti,,impegno,E51I04000010007,True,definitivo,,1,singolo,7419,2,,2125000000.0,2125000000.0,"€ 2.125.000.000,00",totale,impegno,impegnato,,"art. 3; [TABELLA pag.5 n.1], riga 1","È autorizzato l'impegno delle risorse di cui al citato art.1, comma 478, della legge 29 dicembre 2022, n.197, sul capitolo 7419, piano gestionale 2 ... per la somma complessiva di € 2.125.000.000,00",,alta,,
2025 DD MIT 141-2025.pdf,z-ai/glm-4.7-flash,off,,,Ministero delle Infrastrutture e dei Trasporti,,impegno,E51I04000010007,True,definitivo,,1,singolo,7416,1,,75000000.0,75000000.0,"€ 75.000.000,00",totale,impegno,impegnato,,art. 4,"È autorizzato l’impegno delle risorse di cui al citato art.1, comma 478, della legge 29 dicembre 2022, n.197, sul capitolo 7416 piano gestonale 1 ... per la somma complessiva di € 75.000.000,00",,alta,,
