decree_file,model_slug,thinking,numero_decreto,data_decreto,ministero_1,ministero_2,natura_atto,cup,cup_valido,cup_tipo,cup_master,n_cup,attribuzione_importo,capitolo,piano_gestionale,annualita,importo_eur,importo_quota_eur,importo_originale,livello_importo,tipo_azione,stato_importo,colonna_fonte,riferimento_fonte,passaggio_testuale,atto_riferito,confidenza,ambiguita,note
2022 DD MIT 454-2022.pdf,deepseek/deepseek-v4-flash,off,,,Ministero delle infrastrutture e dei trasporti,,impegno,E51I04000010007,True,definitivo,,1,singolo,7426,1,2021,14000000.0,14000000.0,"14.000.000,00",totale,assegnazione,impegnato,,Art. 1,"Articolo 1 ... è autorizzato, sul capitolo 7426, piano di gestione 1 ... l’impegno di € 14.000.000,00 in conto residui di lettera F, esercizio di provenienza 2021",,alta,,"Importo in conto residui, esercizio 2021"
2022 DD MIT 454-2022.pdf,deepseek/deepseek-v4-flash,off,,,Ministero delle infrastrutture e dei trasporti,,impegno,E51I04000010007,True,definitivo,,1,singolo,7426,1,2022-2025,131000000.0,131000000.0,"131.000.000,00",totale,assegnazione,impegnato,,Art. 2; [TABELLA pag.3 n.1],"Articolo 2 ... l’impegno ... per l’importo complessivo di € 131.000.000,00 ... come di seguito riportato: Anno Importo 2022 35.000.000,00 € 2023 40.000.000,00 € 2024 33.500.000,00 € 2025 22.500.000,00 € Totale 131.000.000,00 €",,alta,,Importo complessivo per più annualità; le singole quote annuali non generano record separati
2022 DDG 128 del 02-05-22.pdf,deepseek/deepseek-v4-flash,off,,,Ministero delle infrastrutture e della mobilità sostenibili,,impegno,H94I19000130004,True,definitivo,,1,singolo,7400,7,2020-2034,97154124.1,97154124.1,"97.154.124,10",totale,assegnazione,impegnato,Totale,"art. 1 e art. 2; Allegato 1 / [TABELLA pag.4 n.1], riga 2","Comune di Padova | H94I19000130004 | 7400/PG 7 | ... | 97.154.124,10",,alta,,Impegno in conto residui (2020-2021) e conto competenza (2022-2034) sul PG 7.
2022 DDG 128 del 02-05-22.pdf,deepseek/deepseek-v4-flash,off,,,Ministero delle infrastrutture e della mobilità sostenibili,,impegno,J80J18000000001,True,definitivo,,1,singolo,7400,7,2020-2034,159466174.12,159466174.12,"159.466.174,12",totale,assegnazione,impegnato,Totale,"art. 1 e art. 2; Allegato 1 / [TABELLA pag.4 n.1], riga 3","Roma Capitale | J80J18000000001 | 7400/PG 7 | ... | 159.466.174,12",,alta,,Impegno in conto residui (2020-2021) e conto competenza (2022-2034) sul PG 7.
2022 DDG 128 del 02-05-22.pdf,deepseek/deepseek-v4-flash,off,,,Ministero delle infrastrutture e della mobilità sostenibili,,impegno,C11B21008720001,True,definitivo,,2,aggregato,7400,7,2020-2034,44494493.04,22247246.52,"44.494.493,04",totale,assegnazione,impegnato,Totale,"art. 1 e art. 2; Allegato 1 / [TABELLA pag.4 n.1], riga 4","Comune di Torino | C11B21008720001 D81E20000410007 | 7400/PG 7 | ... | 44.494.493,04",,alta,,Importo aggregato per due CUP del Comune di Torino; impegno in conto residui (2020-2021) e conto competenza (2022-2034) sul PG 7.
2022 DDG 128 del 02-05-22.pdf,deepseek/deepseek-v4-flash,off,,,Ministero delle infrastrutture e della mobilità sostenibili,,impegno,D81E20000410007,True,definitivo,,2,aggregato,7400,7,2020-2034,44494493.04,22247246.52,"44.494.493,04",totale,assegnazione,impegnato,Totale,"art. 1 e art. 2; Allegato 1 / [TABELLA pag.4 n.1], riga 4","Comune di Torino | C11B21008720001 D81E20000410007 | 7400/PG 7 | ... | 44.494.493,04",,alta,,Importo aggregato per due CUP del Comune di Torino; impegno in conto residui (2020-2021) e conto competenza (2022-2034) sul PG 7.
2022 DDG 128 del 02-05-22.pdf,deepseek/deepseek-v4-flash,off,,,Ministero delle infrastrutture e della mobilità sostenibili,,impegno,C81B21013200005,True,definitivo,,1,singolo,7400,7,2020-2034,333059208.74,333059208.74,"333.059.208,74",totale,assegnazione,impegnato,Totale,"art. 1 e art. 2; Allegato 1 / [TABELLA pag.4 n.1], riga 5","Comune di Brescia | C81B21013200005 | 7400/PG 7 | ... | 333.059.208,74",,alta,,Impegno in conto residui (2020-2021) e conto competenza (2022-2034) sul PG 7.
2022 DDG 128 del 02-05-22.pdf,deepseek/deepseek-v4-flash,off,,,Ministero delle infrastrutture e della mobilità sostenibili,,impegno,C81B21013200005,True,definitivo,,1,singolo,7400,1,2029-2034,26486678.33,26486678.33,"26.486.678,33",totale,assegnazione,impegnato,Totale,"art. 3; Allegato 1 / [TABELLA pag.4 n.1], riga 6","Comune di Brescia | | 7400/PG 1 | ... | 26.486.678,33",,alta,,"Impegno in conto competenza (2029-2034) sul PG 1 per il Comune di Brescia, stesso CUP del PG 7."
2022 DI Mims Mef 97 20.04.2022.pdf,deepseek/deepseek-v4-flash,off,,,Ministero delle Infrastrutture e della Mobilità Sostenibili,Ministero dell'Economia e delle Finanze,assegnazione,B39J22001360001,True,definitivo,,1,singolo,7400,8,,398000000.0,398000000.0,"398.000.000,00",totale,assegnazione,assegnato,FINANZIAMENTO AMMESSO,"art. 1, comma 1, lett. a); Allegato 1 / [TABELLA pag.10 n.1], riga 1","SKYMETRO VAL BISAGNO GENOVA | COMUNE DI GENOVA | B39J22001360001 | ... | 398.000.000,00",,alta,,
2022 DI Mims Mef 97 20.04.2022.pdf,deepseek/deepseek-v4-flash,off,,,Ministero delle Infrastrutture e della Mobilità Sostenibili,Ministero dell'Economia e delle Finanze,assegnazione,B31F20000030005,True,definitivo,,1,singolo,7400,8,,20860000.0,20860000.0,"20.860.000,00",totale,assegnazione,assegnato,FINANZIAMENTO AMMESSO,"art. 1, comma 1, lett. a); Allegato 1 / [TABELLA pag.10 n.1], riga 2","PROLUNGAMENTO METROPOLITANA DI GENOVA DA BRIN A CANEPARI ... | COMUNE DI GENOVA | B31F20000030005 | ... | 20.860.000,00",,alta,,
2022 DI Mims Mef 97 20.04.2022.pdf,deepseek/deepseek-v4-flash,off,,,Ministero delle Infrastrutture e della Mobilità Sostenibili,Ministero dell'Economia e delle Finanze,assegnazione,B44D20000040001,True,definitivo,,1,singolo,7400,8,,180000000.0,180000000.0,"180.000.000,00",totale,assegnazione,assegnato,FINANZIAMENTO AMMESSO,"art. 1, comma 1, lett. a); Allegato 1 / [TABELLA pag.10 n.1], riga 3","LINEA METROPOLITANA M1 PROLUNGAMENTO QUARTIERE BAGGIO – OLMI - VALSESIA | COMUNE DI MILANO | B44D20000040001 | ... | 180.000.000,00",,alta,,
2022 DI Mims Mef 97 20.04.2022.pdf,deepseek/deepseek-v4-flash,off,,,Ministero delle Infrastrutture e della Mobilità Sostenibili,Ministero dell'Economia e delle Finanze,assegnazione,B91J21000040001,True,definitivo,,1,singolo,7400,8,,420000000.0,420000000.0,"420.000.000,00",totale,assegnazione,assegnato,FINANZIAMENTO AMMESSO,"art. 1, comma 1, lett. a); Allegato 1 / [TABELLA pag.10 n.1], riga 4","PROLUNGAMENTO LINEA METROPOLITANA M4 DA AEROPORTO LINATE A SEGRATE | COMUNE DI MILANO | B91J21000040001 | ... | 420.000.000,00",,alta,,
2022 DI Mims Mef 97 20.04.2022.pdf,deepseek/deepseek-v4-flash,off,,,Ministero delle Infrastrutture e della Mobilità Sostenibili,Ministero dell'Economia e delle Finanze,assegnazione,B41J21000050006,True,definitivo,,1,singolo,7400,8,,4500000.0,4500000.0,"4.500.000,00",totale,assegnazione,assegnato,FINANZIAMENTO AMMESSO,"art. 1, comma 1, lett. a); Allegato 1 / [TABELLA pag.10 n.1], riga 5","NUOVA LINEA METROPOLITANA M6 RAMO SUD (PFTE) | COMUNE DI MILANO | B41J21000050006 | ... | 4.500.000,00",,alta,,
2022 DI Mims Mef 97 20.04.2022.pdf,deepseek/deepseek-v4-flash,off,,,Ministero delle Infrastrutture e della Mobilità Sostenibili,Ministero dell'Economia e delle Finanze,assegnazione,B41C21000010001,True,definitivo,,1,singolo,7400,8,,5500000.0,5500000.0,"5.500.000,00",totale,assegnazione,assegnato,FINANZIAMENTO AMMESSO,"art. 1, comma 1, lett. a); Allegato 1 / [TABELLA pag.10 n.1], riga 6","PROLUNGAMENTO M3 SAN DONATO M. – ASTA PAULLESE (PFTE) | COMUNE DI MILANO | B41C21000010001 | ... | 5.500.000,00",,alta,,
2022 DI Mims Mef 97 20.04.2022.pdf,deepseek/deepseek-v4-flash,off,,,Ministero delle Infrastrutture e della Mobilità Sostenibili,Ministero dell'Economia e delle Finanze,assegnazione,F41B22000740009,True,definitivo,,1,singolo,7400,8,,631373163.0,631373163.0,"631.373.163,00",totale,assegnazione,assegnato,FINANZIAMENTO AMMESSO,"art. 1, comma 1, lett. a); Allegato 1 / [TABELLA pag.10 n.1], riga 7","NUOVO COLLEGAMENTO IN SEDE PROPRIA TRA LA STAZIONE AV DI AFRAGOLA E LA RETE METROPOLITANA DI NAPOLI. LOTTO 1°_STRALCIO I | COMUNE DI NAPOLI / EAV Srl | F41B22000740009 (CUP MASTER) | ... | 631.373.163,00",,alta,,"Il CUP F41B22000740009 è indicato come 'CUP MASTER' nella tabella, ma è l'unico CUP della riga, quindi è il CUP dell'intervento."
2022 DI Mims Mef 97 20.04.2022.pdf,deepseek/deepseek-v4-flash,off,,,Ministero delle Infrastrutture e della Mobilità Sostenibili,Ministero dell'Economia e delle Finanze,assegnazione,F41B22000830009,True,definitivo,,1,singolo,7400,8,,163500824.0,163500824.0,"163.500.824,00",totale,assegnazione,assegnato,FINANZIAMENTO AMMESSO,"art. 1, comma 1, lett. a); Allegato 1 / [TABELLA pag.10 n.1], riga 8","NUOVO COLLEGAMENTO IN SEDE PROPRIA TRA LA STAZIONE AV DI AFRAGOLA E LA RETE METROPOLITANA DI NAPOLI. LOTTO 1°_STRALCIO II | COMUNE DI NAPOLI / EAV Srl | F41B22000830009 | ... | 163.500.824,00",,alta,,
2022 DI Mims Mef 97 20.04.2022.pdf,deepseek/deepseek-v4-flash,off,,,Ministero delle Infrastrutture e della Mobilità Sostenibili,Ministero dell'Economia e delle Finanze,assegnazione,E51I04000010007,True,definitivo,,1,singolo,7400,8,,610000000.0,610000000.0,"610.000.000,00",totale,assegnazione,assegnato,FINANZIAMENTO AMMESSO,"art. 1, comma 1, lett. a); Allegato 1 / [TABELLA pag.10 n.1], riga 9","LINEA C DELLA METROPOLITANA DI ROMA - SUB-TRATTA FUNZIONALE DA STAZIONE VENEZIA A STAZIONE FORI IMPERIALI | ROMA CAPITALE / ROMA METROPOLITANE Srl | E51I04000010007 | ... | 610.000.000,00",,alta,,
2022 DI Mims Mef 97 20.04.2022.pdf,deepseek/deepseek-v4-flash,off,,,Ministero delle Infrastrutture e della Mobilità Sostenibili,Ministero dell'Economia e delle Finanze,assegnazione,E51I04000010007,True,definitivo,,1,singolo,7400,8,,990000000.0,990000000.0,"990.000.000,00",totale,assegnazione,assegnato,FINANZIAMENTO AMMESSO,"art. 1, comma 1, lett. a); Allegato 1 / [TABELLA pag.10 n.1], riga 10","LINEA C DELLA METROPOLITANA DI ROMA - TRATTA T2 - LOTTO COSTRUTTIVO | ROMA CAPITALE / ROMA METROPOLITANE Srl | E51I04000010007 | ... | 990.000.000,00",,alta,,"Stesso CUP della riga precedente, ma intervento diverso (lotto costruttivo)."
2022 DI Mims Mef 97 20.04.2022.pdf,deepseek/deepseek-v4-flash,off,,,Ministero delle Infrastrutture e della Mobilità Sostenibili,Ministero dell'Economia e delle Finanze,assegnazione,C71F20000020005,True,definitivo,,1,singolo,7400,8,,1000000000.0,1000000000.0,"1.000.000.000,00",totale,assegnazione,assegnato,FINANZIAMENTO AMMESSO,"art. 1, comma 1, lett. a); Allegato 1 / [TABELLA pag.10 n.1], riga 11","METROPOLITANA AUTOMATICA DI TORINO – LINEA 2 – TRATTA “POLITECNICO – REBAUDENGO” | COMUNE DI TORINO | C71F20000020005 | ... | 1.000.000.000,00",,alta,,
2022 DI Mims Mef 97 20.04.2022.pdf,deepseek/deepseek-v4-flash,off,,,Ministero delle Infrastrutture e della Mobilità Sostenibili,Ministero dell'Economia e delle Finanze,assegnazione,J81B21014060001,True,definitivo,,1,singolo,7400,1,,173183831.97,173183831.97,"173.183.831,97",totale,assegnazione,assegnato,FINANZIAMENTO AMMESSO,"art. 1, comma 1, lett. b); Allegato 2 / [TABELLA pag.12 n.1], riga 1","LINEA TRANVIARIA TERMINI - VATICANO - AURELIO | ROMA CAPITALE | J81B21014060001 | TRANVIA | 293.183.831,97 | 120.000.000,00 | 173.183.831,97",,alta,,
2022 DI Mims Mef 97 20.04.2022.pdf,deepseek/deepseek-v4-flash,off,,,Ministero delle Infrastrutture e della Mobilità Sostenibili,Ministero dell'Economia e delle Finanze,assegnazione,J84E21005150001,True,definitivo,,1,singolo,7400,1,,11284217.84,11284217.84,"11.284.217,84",totale,assegnazione,assegnato,FINANZIAMENTO AMMESSO,"art. 1, comma 1, lett. b); Allegato 2 / [TABELLA pag.12 n.1], riga 2","DEPOSITO DI CENTOCELLE EST | ROMA CAPITALE | J84E21005150001 | TRANVIA | 11.284.217,84 | --- | 11.284.217,84",,alta,,
2022 DI Mims Mef 97 20.04.2022.pdf,deepseek/deepseek-v4-flash,off,,,Ministero delle Infrastrutture e della Mobilità Sostenibili,Ministero dell'Economia e delle Finanze,assegnazione,E31J19000030001,True,definitivo,,1,singolo,7400,1,,26500000.0,26500000.0,"26.500.000,00",totale,assegnazione,assegnato,FINANZIAMENTO AMMESSO,"art. 1, comma 1, lett. b); Allegato 2 / [TABELLA pag.12 n.1], riga 3","SISTEMA DI TRASPORTO RAPIDO DI MASSA PER IL COLLEGAMENTO TRA LA STAZIONE FERROVIARIA DI PIACENZA ED IL NUOVO POLO OSPEDALIERO | COMUNE DI PIACENZA | E31J19000030001 | BUSVIA | 26.500.000,00 | --- | 26.500.000,00",,alta,,
2022 DI Mims Mef 97 20.04.2022.pdf,deepseek/deepseek-v4-flash,off,,,Ministero delle Infrastrutture e della Mobilità Sostenibili,Ministero dell'Economia e delle Finanze,assegnazione,F44I19000530001,True,definitivo,,1,singolo,7400,1,,122200000.0,122200000.0,"122.200.000,00",totale,assegnazione,assegnato,FINANZIAMENTO AMMESSO,"art. 1, comma 1, lett. b); Allegato 2 / [TABELLA pag.12 n.1], riga 4","AMPLIAMENTO DEL DEPOSITO GALLARATESE DEI TRENI DELLA LINEA METROPOLITANA 1 | COMUNE DI MILANO | F44I19000530001 | METRO | 122.200.000,00 | --- | 122.200.000,00",,alta,,
2025 DD MIT 141-2025.pdf,deepseek/deepseek-v4-flash,off,,,,,assegnazione,,False,,,0,singolo,,,2026,50000000.0,50000000.0,"€ 50.000.000,00",totale,assegnazione,assegnato,,Tabella annualità,"2026 | € 50.000.000,00",,media,"Nessun CUP, capitolo o piano gestionale indicato; importo annuale riportato come assegnazione.",Importo annuale riportato come assegnazione.
2025 DD MIT 141-2025.pdf,deepseek/deepseek-v4-flash,off,,,,,assegnazione,,False,,,0,singolo,,,2027,350000000.0,350000000.0,"€ 350.000.000,00",totale,assegnazione,assegnato,,Tabella annualità,"2027 | € 350.000.000,00",,media,"Nessun CUP, capitolo o piano gestionale indicato; importo annuale riportato come assegnazione.",Importo annuale riportato come assegnazione.
2025 DD MIT 141-2025.pdf,deepseek/deepseek-v4-flash,off,,,,,assegnazione,,False,,,0,singolo,,,2028,200000000.0,200000000.0,"€ 200.000.000,00",totale,assegnazione,assegnato,,Tabella annualità,"2028 | € 200.000.000,00",,media,"Nessun CUP, capitolo o piano gestionale indicato; importo annuale riportato come assegnazione.",Importo annuale riportato come assegnazione.
2025 DD MIT 141-2025.pdf,deepseek/deepseek-v4-flash,off,,,,,assegnazione,,False,,,0,singolo,,,2029,150000000.0,150000000.0,"€ 150.000.000,00",totale,assegnazione,assegnato,,Tabella annualità,"2029 | € 150.000.000,00",,media,"Nessun CUP, capitolo o piano gestionale indicato; importo annuale riportato come assegnazione.",Importo annuale riportato come assegnazione.
2025 DD MIT 141-2025.pdf,deepseek/deepseek-v4-flash,off,,,,,assegnazione,,False,,,0,singolo,,,2030,450000000.0,450000000.0,"€ 450.000.000,00",totale,assegnazione,assegnato,,Tabella annualità,"2030 | € 450.000.000,00",,media,"Nessun CUP, capitolo o piano gestionale indicato; importo annuale riportato come assegnazione.",Importo annuale riportato come assegnazione.
2025 DD MIT 141-2025.pdf,deepseek/deepseek-v4-flash,off,,,,,assegnazione,,False,,,0,singolo,,,2031,450000000.0,450000000.0,"€ 450.000.000,00",totale,assegnazione,assegnato,,Tabella annualità,"2031 | € 450.000.000,00",,media,"Nessun CUP, capitolo o piano gestionale indicato; importo annuale riportato come assegnazione.",Importo annuale riportato come assegnazione.
2025 DD MIT 141-2025.pdf,deepseek/deepseek-v4-flash,off,,,,,assegnazione,,False,,,0,singolo,,,2032,400000000.0,400000000.0,"€ 400.000.000,00",totale,assegnazione,assegnato,,Tabella annualità,"2032 | € 400.000.000,00",,media,"Nessun CUP, capitolo o piano gestionale indicato; importo annuale riportato come assegnazione.",Importo annuale riportato come assegnazione.
2025 DD MIT 141-2025.pdf,deepseek/deepseek-v4-flash,off,,,,,assegnazione,,False,,,0,singolo,,,,2125000000.0,2125000000.0,"€ 2.125.000.000,00",totale,assegnazione,assegnato,,Tabella annualità,"TOTALE | € 2.125.000.000,00",,media,"Nessun CUP, capitolo o piano gestionale indicato; importo totale riportato come assegnazione.",Importo totale riportato come assegnazione.
2022 DD MIT 454-2022.pdf,deepseek/deepseek-v4-pro-0813,off,,,Ministero delle infrastrutture e dei trasporti,,impegno,E51I04000010007,True,definitivo,,1,singolo,7426,1,2021,14000000.0,14000000.0,"€ 14.000.000,00",quota,assegnazione,impegnato,,art. 1,"è autorizzato, per il corrente esercizio finanziario, a favore di Roma Capitale per l'intervento ""Tratta Colosseo - Piazza Venezia della Linea C della metropolitana di Roma"" CUP E51I04000010007, l'impegno di € 14.000.000,00 in conto residui di lettera F, esercizio di provenienza 2021","decreto del Ministro delle infrastrutture e dei trasporti di concerto con il Ministro dell'economia e delle finanze, n. 498 del 14 novembre 2014",alta,,"Impegno in conto residui di lettera F, esercizio di provenienza 2021."
2022 DD MIT 454-2022.pdf,deepseek/deepseek-v4-pro-0813,off,,,Ministero delle infrastrutture e dei trasporti,,impegno,E51I04000010007,True,definitivo,,1,singolo,7426,1,2022-2025,131000000.0,131000000.0,"€ 131.000.000,00",totale,assegnazione,impegnato,,art. 2; [TABELLA pag.3 n.1],"è autorizzato l'impegno, sul capitolo 7426, piano di gestione 1, ... per l'importo complessivo di € 131.000.000,00 a favore di Roma Capitale, per l'intervento ""Tratta Colosseo - Piazza Venezia della Linea C della metropolitana di Roma"" CUP E51I04000010007","decreto del Ministro delle infrastrutture e dei trasporti di concerto con il Ministro dell'economia e delle finanze, n. 498 del 14 novembre 2014",alta,,Importo complessivo ripartito in annualità 2022-2025. Le quote annuali non generano record separati.
2022 DDG 128 del 02-05-22.pdf,deepseek/deepseek-v4-pro-0813,off,,,Ministero delle infrastrutture e della mobilità sostenibili,,impegno,H94I19000130004,True,definitivo,,1,singolo,7400,7,2020-2034,97154124.1,97154124.1,"97.154.124,10",totale,assegnazione,impegnato,Totale,"Allegato 1 / [TABELLA pag.4 n.1], riga 1","Comune di Padova | H94I19000130004 | 7400/PG 7 | ... | 97.154.124,10",Decreto del Ministro delle infrastrutture e della mobilità sostenibili n. 464 del 22 novembre 2021,alta,,L'importo totale è impegnato in conto competenza per gli esercizi finanziari dal 2022 al 2034 (art. 2) e in conto residui per gli esercizi di provenienza 2020 e 2021 (art. 1).
2022 DDG 128 del 02-05-22.pdf,deepseek/deepseek-v4-pro-0813,off,,,Ministero delle infrastrutture e della mobilità sostenibili,,impegno,J80J18000000001,True,definitivo,,1,singolo,7400,7,2020-2034,159466174.12,159466174.12,"159.466.174,12",totale,assegnazione,impegnato,Totale,"Allegato 1 / [TABELLA pag.4 n.1], riga 2","Roma Capitale | J80J18000000001 | 7400/PG 7 | ... | 159.466.174,12",Decreto del Ministro delle infrastrutture e della mobilità sostenibili n. 464 del 22 novembre 2021,alta,,L'importo totale è impegnato in conto competenza per gli esercizi finanziari dal 2022 al 2034 (art. 2) e in conto residui per gli esercizi di provenienza 2020 e 2021 (art. 1).
2022 DDG 128 del 02-05-22.pdf,deepseek/deepseek-v4-pro-0813,off,,,Ministero delle infrastrutture e della mobilità sostenibili,,impegno,C11B21008720001,True,definitivo,,2,aggregato,7400,7,2020-2034,44494493.04,22247246.52,"44.494.493,04",totale,assegnazione,impegnato,Totale,"Allegato 1 / [TABELLA pag.4 n.1], riga 3","Comune di Torino | C11B21008720001 D81E20000410007 | 7400/PG 7 | ... | 44.494.493,04",Decreto del Ministro delle infrastrutture e della mobilità sostenibili n. 464 del 22 novembre 2021,alta,,Importo unico per due CUP del Comune di Torino; l'atto non ripartisce l'importo tra i due CUP. L'importo totale è impegnato in conto competenza per gli esercizi finanziari dal 2022 al 2034 (art. 2) e in conto residui per gli esercizi di provenienza 2020 e 2021 (art. 1).
2022 DDG 128 del 02-05-22.pdf,deepseek/deepseek-v4-pro-0813,off,,,Ministero delle infrastrutture e della mobilità sostenibili,,impegno,D81E20000410007,True,definitivo,,2,aggregato,7400,7,2020-2034,44494493.04,22247246.52,"44.494.493,04",totale,assegnazione,impegnato,Totale,"Allegato 1 / [TABELLA pag.4 n.1], riga 3","Comune di Torino | C11B21008720001 D81E20000410007 | 7400/PG 7 | ... | 44.494.493,04",Decreto del Ministro delle infrastrutture e della mobilità sostenibili n. 464 del 22 novembre 2021,alta,,Importo unico per due CUP del Comune di Torino; l'atto non ripartisce l'importo tra i due CUP. L'importo totale è impegnato in conto competenza per gli esercizi finanziari dal 2022 al 2034 (art. 2) e in conto residui per gli esercizi di provenienza 2020 e 2021 (art. 1).
2022 DDG 128 del 02-05-22.pdf,deepseek/deepseek-v4-pro-0813,off,,,Ministero delle infrastrutture e della mobilità sostenibili,,impegno,C81B21013200005,True,definitivo,,1,singolo,7400,7,2020-2034,333059208.74,333059208.74,"333.059.208,74",totale,assegnazione,impegnato,Totale,"Allegato 1 / [TABELLA pag.4 n.1], riga 4","Comune di Brescia | C81B21013200005 | 7400/PG 7 | ... | 333.059.208,74",Decreto del Ministro delle infrastrutture e della mobilità sostenibili n. 464 del 22 novembre 2021,alta,,L'importo totale è impegnato in conto competenza per gli esercizi finanziari dal 2022 al 2034 (art. 2) e in conto residui per gli esercizi di provenienza 2020 e 2021 (art. 1).
2022 DDG 128 del 02-05-22.pdf,deepseek/deepseek-v4-pro-0813,off,,,Ministero delle infrastrutture e della mobilità sostenibili,,impegno,C81B21013200005,True,definitivo,,1,singolo,7400,1,2029-2034,26486678.33,26486678.33,"26.486.678,33",totale,assegnazione,impegnato,Totale,"Allegato 1 / [TABELLA pag.4 n.1], riga 5","| | 7400/PG 1 | ... | 4.414.446,39 | 4.414.446,39 | 4.414.446,39 | 4.414.446,39 | 4.414.446,39 | 4.414.446,38 | 26.486.678,33",Decreto del Ministro delle infrastrutture e della mobilità sostenibili n. 464 del 22 novembre 2021,alta,,L'importo totale è impegnato in conto competenza per gli esercizi finanziari dal 2029 al 2034 (art. 3).
2022 DI Mims Mef 97 20.04.2022.pdf,deepseek/deepseek-v4-pro-0813,off,,,Ministero delle Infrastrutture e della Mobilità Sostenibili,Ministero dell'Economia e delle Finanze,assegnazione,B39J22001360001,True,definitivo,,1,singolo,7400,8,,398000000.0,398000000.0,"398.000.000,00",totale,assegnazione,assegnato,FINANZIAMENTO AMMESSO,"art. 1, comma 1, lett. a); Allegato 1 / [TABELLA pag.10 n.1], riga 1","CITTÀ METROPOLITANA DI GENOVA | SKYMETRO VAL BISAGNO GENOVA | COMUNE DI GENOVA | B39J22001360001 | ... | 398.000.000,00 | --- | 398.000.000,00",,alta,,"Finanziamento disposto dall'art. 1, comma 1, lett. a) sul capitolo 7400, piano di gestione 8 e quota parte del piano di gestione 1."
2022 DI Mims Mef 97 20.04.2022.pdf,deepseek/deepseek-v4-pro-0813,off,,,Ministero delle Infrastrutture e della Mobilità Sostenibili,Ministero dell'Economia e delle Finanze,assegnazione,B31F20000030005,True,definitivo,,1,singolo,7400,8,,20860000.0,20860000.0,"20.860.000,00",totale,assegnazione,assegnato,FINANZIAMENTO AMMESSO,"art. 1, comma 1, lett. a); Allegato 1 / [TABELLA pag.10 n.1], riga 2","PROLUNGAMENTO METROPOLITANA DI GENOVA DA BRIN A CANEPARI... | B31F20000030005 | ... | 20.860.000,00 | --- | 20.860.000,00",,alta,,
2022 DI Mims Mef 97 20.04.2022.pdf,deepseek/deepseek-v4-pro-0813,off,,,Ministero delle Infrastrutture e della Mobilità Sostenibili,Ministero dell'Economia e delle Finanze,assegnazione,B44D20000040001,True,definitivo,,1,singolo,7400,8,,180000000.0,180000000.0,"180.000.000,00",totale,assegnazione,assegnato,FINANZIAMENTO AMMESSO,"art. 1, comma 1, lett. a); Allegato 1 / [TABELLA pag.10 n.1], riga 3","LINEA METROPOLITANA M1 PROLUNGAMENTO QUARTIERE BAGGIO – OLMI - VALSESIA | B44D20000040001 | ... | 398.000.000,00 | 218.000.000,00 | 180.000.000,00",,alta,,"Il costo dell'intervento è 398.000.000,00; il finanziamento ammesso è 180.000.000,00."
2022 DI Mims Mef 97 20.04.2022.pdf,deepseek/deepseek-v4-pro-0813,off,,,Ministero delle Infrastrutture e della Mobilità Sostenibili,Ministero dell'Economia e delle Finanze,assegnazione,B91J21000040001,True,definitivo,,1,singolo,7400,8,,420000000.0,420000000.0,"420.000.000,00",totale,assegnazione,assegnato,FINANZIAMENTO AMMESSO,"art. 1, comma 1, lett. a); Allegato 1 / [TABELLA pag.10 n.1], riga 4","PROLUNGAMENTO LINEA METROPOLITANA M4 DA AEROPORTO LINATE A SEGRATE | B91J21000040001 | ... | 420.000.000,00 | --- | 420.000.000,00",,alta,,
2022 DI Mims Mef 97 20.04.2022.pdf,deepseek/deepseek-v4-pro-0813,off,,,Ministero delle Infrastrutture e della Mobilità Sostenibili,Ministero dell'Economia e delle Finanze,assegnazione,B41J21000050006,True,definitivo,,1,singolo,7400,8,,4500000.0,4500000.0,"4.500.000,00",totale,assegnazione,assegnato,FINANZIAMENTO AMMESSO,"art. 1, comma 1, lett. a); Allegato 1 / [TABELLA pag.10 n.1], riga 5","NUOVA LINEA METROPOLITANA M6 RAMO SUD (PFTE) | B41J21000050006 | ... | 4.500.000,00 | --- | 4.500.000,00",,alta,,
2022 DI Mims Mef 97 20.04.2022.pdf,deepseek/deepseek-v4-pro-0813,off,,,Ministero delle Infrastrutture e della Mobilità Sostenibili,Ministero dell'Economia e delle Finanze,assegnazione,B41C21000010001,True,definitivo,,1,singolo,7400,8,,5500000.0,5500000.0,"5.500.000,00",totale,assegnazione,assegnato,FINANZIAMENTO AMMESSO,"art. 1, comma 1, lett. a); Allegato 1 / [TABELLA pag.10 n.1], riga 6","PROLUNGAMENTO M3 SAN DONATO M. – ASTA PAULLESE (PFTE) | B41C21000010001 | ... | 5.500.000,00 | --- | 5.500.000,00",,alta,,
2022 DI Mims Mef 97 20.04.2022.pdf,deepseek/deepseek-v4-pro-0813,off,,,Ministero delle Infrastrutture e della Mobilità Sostenibili,Ministero dell'Economia e delle Finanze,assegnazione,F41B22000740009,True,definitivo,F41B22000740009,1,singolo,7400,8,,631373163.0,631373163.0,"631.373.163,00",totale,assegnazione,assegnato,FINANZIAMENTO AMMESSO,"art. 1, comma 1, lett. a); Allegato 1 / [TABELLA pag.10 n.1], riga 7","NUOVO COLLEGAMENTO... LOTTO 1°_STRALCIO I | F41B22000740009 (CUP MASTER) | ... | 631.373.163,00 | --- | 631.373.163,00",,media,"La cella CUP riporta 'F41B22000740009 (CUP MASTER)'. Poiché è l'unico codice presente nella riga, è stato considerato come CUP dell'intervento e contestualmente indicato come cup_master.",Il codice F41B22000740009 è contrassegnato come CUP MASTER e non è presente un CUP specifico dell'intervento distinto.
2022 DI Mims Mef 97 20.04.2022.pdf,deepseek/deepseek-v4-pro-0813,off,,,Ministero delle Infrastrutture e della Mobilità Sostenibili,Ministero dell'Economia e delle Finanze,assegnazione,F41B22000830009,True,definitivo,,1,singolo,7400,8,,163500824.0,163500824.0,"163.500.824,00",totale,assegnazione,assegnato,FINANZIAMENTO AMMESSO,"art. 1, comma 1, lett. a); Allegato 1 / [TABELLA pag.10 n.1], riga 8","NUOVO COLLEGAMENTO... LOTTO 1°_STRALCIO II | F41B22000830009 | ... | 163.500.824,00 | --- | 163.500.824,00",,alta,,
2022 DI Mims Mef 97 20.04.2022.pdf,deepseek/deepseek-v4-pro-0813,off,,,Ministero delle Infrastrutture e della Mobilità Sostenibili,Ministero dell'Economia e delle Finanze,assegnazione,E51I04000010007,True,definitivo,,1,singolo,7400,8,,610000000.0,610000000.0,"610.000.000,00",totale,assegnazione,assegnato,FINANZIAMENTO AMMESSO,"art. 1, comma 1, lett. a); Allegato 1 / [TABELLA pag.10 n.1], riga 9","LINEA C DELLA METROPOLITANA DI ROMA - SUB-TRATTA FUNZIONALE... | E51I04000010007 | ... | 755.000.000,00 | 145.000.000,00 | 610.000.000,00",,alta,,
2022 DI Mims Mef 97 20.04.2022.pdf,deepseek/deepseek-v4-pro-0813,off,,,Ministero delle Infrastrutture e della Mobilità Sostenibili,Ministero dell'Economia e delle Finanze,assegnazione,E51I04000010007,True,definitivo,,1,singolo,7400,8,,990000000.0,990000000.0,"990.000.000,00",totale,assegnazione,assegnato,FINANZIAMENTO AMMESSO,"art. 1, comma 1, lett. a); Allegato 1 / [TABELLA pag.10 n.1], riga 10","LINEA C DELLA METROPOLITANA DI ROMA - TRATTA T2 - LOTTO COSTRUTTIVO PRELIMINARE | E51I04000010007 | ... | 990.000.000,00 | --- | 990.000.000,00",,alta,,
2022 DI Mims Mef 97 20.04.2022.pdf,deepseek/deepseek-v4-pro-0813,off,,,Ministero delle Infrastrutture e della Mobilità Sostenibili,Ministero dell'Economia e delle Finanze,assegnazione,C71F20000020005,True,definitivo,,1,singolo,7400,8,,1000000000.0,1000000000.0,"1.000.000.000,00",totale,assegnazione,assegnato,FINANZIAMENTO AMMESSO,"art. 1, comma 1, lett. a); Allegato 1 / [TABELLA pag.10 n.1], riga 11","METROPOLITANA AUTOMATICA DI TORINO – LINEA 2 – TRATTA “POLITECNICO – REBAUDENGO” | C71F20000020005 | ... | 1.800.000.000,00 | 800.000.000,00 | 1.000.000.000,00",,alta,,"Il testo originale riporta '1.800.000.000,0 0' e '5.586.733.987,0 0', interpretati come '1.800.000.000,00' e '5.586.733.987,00'."
2022 DI Mims Mef 97 20.04.2022.pdf,deepseek/deepseek-v4-pro-0813,off,,,Ministero delle Infrastrutture e della Mobilità Sostenibili,Ministero dell'Economia e delle Finanze,assegnazione,J81B21014060001,True,definitivo,,1,singolo,7400,1,,173183831.97,173183831.97,"173.183.831,97",totale,assegnazione,assegnato,FINANZIAMENTO AMMESSO,"art. 1, comma 1, lett. b); Allegato 2 / [TABELLA pag.12 n.1], riga 1","ROMA CAPITALE | LINEA TRANVIARIA TERMINI - VATICANO - AURELIO | J81B21014060001 | TRANVIA | 293.183.831,97 | 120.000.000,00 | 173.183.831,97",,alta,,
2022 DI Mims Mef 97 20.04.2022.pdf,deepseek/deepseek-v4-pro-0813,off,,,Ministero delle Infrastrutture e della Mobilità Sostenibili,Ministero dell'Economia e delle Finanze,assegnazione,J84E21005150001,True,definitivo,,1,singolo,7400,1,,11284217.84,11284217.84,"11.284.217,84",totale,assegnazione,assegnato,FINANZIAMENTO AMMESSO,"art. 1, comma 1, lett. b); Allegato 2 / [TABELLA pag.12 n.1], riga 2","ROMA CAPITALE | DEPOSITO DI CENTOCELLE EST | J84E21005150001 | TRANVIA | 11.284.217,84 | --- | 11.284.217,84",,alta,,
2022 DI Mims Mef 97 20.04.2022.pdf,deepseek/deepseek-v4-pro-0813,off,,,Ministero delle Infrastrutture e della Mobilità Sostenibili,Ministero dell'Economia e delle Finanze,assegnazione,E31J19000030001,True,definitivo,,1,singolo,7400,1,,26500000.0,26500000.0,"26.500.000,00",totale,assegnazione,assegnato,FINANZIAMENTO AMMESSO,"art. 1, comma 1, lett. b); Allegato 2 / [TABELLA pag.12 n.1], riga 3","COMUNE DI PIACENZA | SISTEMA DI TRASPORTO RAPIDO DI MASSA... | E31J19000030001 | BUSVIA | 26.500.000,00 | --- | 26.500.000,00",,alta,,
2022 DI Mims Mef 97 20.04.2022.pdf,deepseek/deepseek-v4-pro-0813,off,,,Ministero delle Infrastrutture e della Mobilità Sostenibili,Ministero dell'Economia e delle Finanze,assegnazione,F44I19000530001,True,definitivo,,1,singolo,7400,1,,122200000.0,122200000.0,"122.200.000,00",totale,assegnazione,assegnato,FINANZIAMENTO AMMESSO,"art. 1, comma 1, lett. b); Allegato 2 / [TABELLA pag.12 n.1], riga 4","COMUNE DI MILANO | AMPLIAMENTO DEL DEPOSITO GALLARATESE... | F44I19000530001 | METRO | 122.200.000,00 | --- | 122.200.000,00",,alta,,
2023 DM MIT 342-2023.pdf,deepseek/deepseek-v4-pro-0813,off,,,Ministero delle Infrastrutture e dei Trasporti,,rettifica,H49J21005480003,True,definitivo,,1,singolo,7150,3,,47725.0,47725.0,"47.725,00",totale,rimodulazione,rimodulato,IMPORTO AMMASSO A FINANZIAMENTO CENTRO - NORD - POTENZIAMENTO,"Allegato 1 / [TABELLA pag.4 n.1], riga 5","INTERSCAMBIO SANT'OLCESE TULLO | STAZIONE DI SANT'OLCESE TULLO REALIZZAZIONE DI PARCHEGGIO INTERSCAMBIO PER AUTO E BICICLETTE SISTEMAZIONE AREA | 47.725,00 | 0,00 | 47.725,00 | | H49J21005480003","decreto del Ministro delle infrastrutture e della mobilità sostenibili del 23 settembre 2021, n. 364",alta,,Allegato 1 aggiorna e sostituisce l'Allegato 1 del DM 364/2021.
2023 DM MIT 342-2023.pdf,deepseek/deepseek-v4-pro-0813,off,,,Ministero delle Infrastrutture e dei Trasporti,,rettifica,C75B23000000001,True,definitivo,,1,singolo,7150,3,,10543255.0,10543255.0,"10.543.255,00",totale,rimodulazione,rimodulato,IMPORTO AMMASSO A FINANZIAMENTO CENTRO - NORD - POTENZIAMENTO,"Allegato 1 / [TABELLA pag.4 n.1], riga 10","RINNOVO, POTENZIAMENTO E MESSA IN SICUREZZA DELLE TRATTE PIÙ AMMALORATE DELLA LINEA DI CONTATTO DELLA FERROVIA ROMA – VITERBO NELLA TRATTA CATALANO – VITERBO | 10.543.255,00 | 0,00 | 10.543.255,00 | | C75B23000000001","decreto del Ministro delle infrastrutture e della mobilità sostenibili del 23 settembre 2021, n. 364",alta,,Allegato 1 aggiorna e sostituisce l'Allegato 1 del DM 364/2021.
2023 DM MIT 342-2023.pdf,deepseek/deepseek-v4-pro-0813,off,,,Ministero delle Infrastrutture e dei Trasporti,,rettifica,C71G22000090001,True,definitivo,,1,singolo,7150,3,,7000000.0,7000000.0,"7.000.000,00",totale,rimodulazione,rimodulato,IMPORTO AMMASSO A FINANZIAMENTO CENTRO - NORD - POTENZIAMENTO,"Allegato 1 / [TABELLA pag.4 n.1], riga 11","POTENZIAMENTO DEL SISTEMA DI ALIMENTAZIONE ELETTRICA DELLA LINEA ROMA-VITERBO (SSE E DOTE) | 7.000.000,00 | 0,00 | 7.000.000,00 | | C71G22000090001","decreto del Ministro delle infrastrutture e della mobilità sostenibili del 23 settembre 2021, n. 364",alta,,Allegato 1 aggiorna e sostituisce l'Allegato 1 del DM 364/2021.
2023 DM MIT 342-2023.pdf,deepseek/deepseek-v4-pro-0813,off,,,Ministero delle Infrastrutture e dei Trasporti,,rettifica,E51B21002250001,True,definitivo,,1,singolo,7150,3,,20000000.0,20000000.0,"20.000.000,00",totale,rimodulazione,rimodulato,IMPORTO AMMASSO A FINANZIAMENTO CENTRO - NORD - POTENZIAMENTO,"Allegato 1 / [TABELLA pag.4 n.1], riga 12","INTERVENTI SULLA RETE PER STABILIZZAZIONE ORARIO: RADDOPPIO SELETTIVO VARESE - LAVENO E SISTEMAZIONI INCROCI (GEMONIO E CITTIGLIO) | 20.000.000,00 | 0,00 | 20.000.000,00 | | E51B21002250001","decreto del Ministro delle infrastrutture e della mobilità sostenibili del 23 settembre 2021, n. 364",alta,,Allegato 1 aggiorna e sostituisce l'Allegato 1 del DM 364/2021.
2023 DM MIT 342-2023.pdf,deepseek/deepseek-v4-pro-0813,off,,,Ministero delle Infrastrutture e dei Trasporti,,rettifica,B41E04000210001,True,definitivo,,1,singolo,7150,3,,50000000.0,50000000.0,"50.000.000,00",totale,rimodulazione,rimodulato,IMPORTO AMMASSO A FINANZIAMENTO SUD POTENZIAMENTO,"Allegato 1 / [TABELLA pag.5 n.1], riga 1","LINEA 1 DELLA METROPOLITANA DI NAPOLI – TRATTA CDN –CAPODICHINO. OPERE COMPLEMENTARI PER L’IMPERMEABILIZZAZIONE DELLA ADIACENTE GALLERIA CIRCUMVESUVIANA COMPLETAMENTO | 50.000.000,00 | 50.000.000,00 | 100.000.000,00 | | B41E04000210001","decreto del Ministro delle infrastrutture e della mobilità sostenibili del 23 settembre 2021, n. 364",alta,,Allegato 1 aggiorna e sostituisce l'Allegato 1 del DM 364/2021.
2023 DM MIT 342-2023.pdf,deepseek/deepseek-v4-pro-0813,off,,,Ministero delle Infrastrutture e dei Trasporti,,rettifica,F61B21003640009,True,definitivo,,1,singolo,7150,3,,30000000.0,30000000.0,"30.000.000,00",totale,rimodulazione,rimodulato,IMPORTO AMMASSO A FINANZIAMENTO SUD POTENZIAMENTO,"Allegato 1 / [TABELLA pag.5 n.1], riga 2","NUOVO TELECOMANDO LINEE FLEGREE CON FORNITURA IN OPERA DI TRE SOTTOSTAZIONI ELETTRICHE ED ADEGUAMENTO TE GALLERIE | 30.000.000,00 | 0,00 | 30.000.000,00 | | F61B21003640009","decreto del Ministro delle infrastrutture e della mobilità sostenibili del 23 settembre 2021, n. 364",alta,,Allegato 1 aggiorna e sostituisce l'Allegato 1 del DM 364/2021.
2023 DM MIT 342-2023.pdf,deepseek/deepseek-v4-pro-0813,off,,,Ministero delle Infrastrutture e dei Trasporti,,rettifica,G31G22000250001,True,definitivo,,1,singolo,7150,3,,2800000.0,2800000.0,"2.800.000,00",totale,rimodulazione,rimodulato,IMPORTO AMMASSO A FINANZIAMENTO SUD POTENZIAMENTO,"Allegato 1 / [TABELLA pag.5 n.1], riga 3","RIFACIMENTO PENSILINA BARI CENTRALE | 2.800.000,00 | 0,00 | 2.800.000,00 | | G31G22000250001","decreto del Ministro delle infrastrutture e della mobilità sostenibili del 23 settembre 2021, n. 364",alta,,Allegato 1 aggiorna e sostituisce l'Allegato 1 del DM 364/2021.
2023 DM MIT 342-2023.pdf,deepseek/deepseek-v4-pro-0813,off,,,Ministero delle Infrastrutture e dei Trasporti,,rettifica,D69D15002090001,True,definitivo,,2,aggregato,7150,3,,50000000.0,25000000.0,"50.000.000,00",totale,rimodulazione,rimodulato,IMPORTO AMMASSO A FINANZIAMENTO SUD POTENZIAMENTO,"Allegato 1 / [TABELLA pag.5 n.1], riga 4","COMPLETAMENTO ELETTRIFICAZIONE DORSALE SALENTO (TRATTA MAGLIE- OTRANTO E ZOLLINO- GAGLIANO) | 50.000.000,00 | 130.000.000,00 | 180.000.000,00 | | Lotto 4 - D69D15002090001 Lotto 3 - D49D15001920001","decreto del Ministro delle infrastrutture e della mobilità sostenibili del 23 settembre 2021, n. 364",alta,,Importo unico per due lotti/CUP; l'atto non ripartisce.
2023 DM MIT 342-2023.pdf,deepseek/deepseek-v4-pro-0813,off,,,Ministero delle Infrastrutture e dei Trasporti,,rettifica,D49D15001920001,True,definitivo,,2,aggregato,7150,3,,50000000.0,25000000.0,"50.000.000,00",totale,rimodulazione,rimodulato,IMPORTO AMMASSO A FINANZIAMENTO SUD POTENZIAMENTO,"Allegato 1 / [TABELLA pag.5 n.1], riga 4","COMPLETAMENTO ELETTRIFICAZIONE DORSALE SALENTO (TRATTA MAGLIE- OTRANTO E ZOLLINO- GAGLIANO) | 50.000.000,00 | 130.000.000,00 | 180.000.000,00 | | Lotto 4 - D69D15002090001 Lotto 3 - D49D15001920001","decreto del Ministro delle infrastrutture e della mobilità sostenibili del 23 settembre 2021, n. 364",alta,,Importo unico per due lotti/CUP; l'atto non ripartisce.
2023 DM MIT 342-2023.pdf,deepseek/deepseek-v4-pro-0813,off,,,Ministero delle Infrastrutture e dei Trasporti,,rettifica,G71B18000620005,True,definitivo,,1,singolo,7150,3,,2500000.0,2500000.0,"2.500.000,00",totale,rimodulazione,rimodulato,IMPORTO AMMASSO A FINANZIAMENTO SUD POTENZIAMENTO,"Allegato 1 / [TABELLA pag.5 n.1], riga 5","REALIZZAZIONE PARCHEGGIO DI INTERSCAMBIO NELLA STAZIONE DI ALTAMURA | 2.500.000,00 | 0,00 | 2.500.000,00 | | G71B18000620005","decreto del Ministro delle infrastrutture e della mobilità sostenibili del 23 settembre 2021, n. 364",alta,,Allegato 1 aggiorna e sostituisce l'Allegato 1 del DM 364/2021.
2023 DM MIT 342-2023.pdf,deepseek/deepseek-v4-pro-0813,off,,,Ministero delle Infrastrutture e dei Trasporti,,rettifica,F81B21005610001,True,definitivo,,1,singolo,7150,3,,18000000.0,18000000.0,"18.000.000,00",totale,rimodulazione,rimodulato,IMPORTO AMMASSO A FINANZIAMENTO SUD POTENZIAMENTO,"Allegato 1 / [TABELLA pag.6 n.1], riga 1","VARIANTE DI TRACCCIATO, REALIZZAZIONE PUNTI DI INCROCIO E RADDOPPIO TRATTA MONSERRATO SETTIMO/SAN PIETRO | 26.400.000,00 | 0,00 | 26.400.000,00 | | F81B21005610001","decreto del Ministro delle infrastrutture e della mobilità sostenibili del 23 settembre 2021, n. 364",alta,,"L'importo del record è quello della colonna 'IMPORTO AMMASSO A FINANZIAMENTO SUD POTENZIAMENTO' (18.000.000,00), non il totale intervento (26.400.000,00)."
2023 DM MIT 342-2023.pdf,deepseek/deepseek-v4-pro-0813,off,,,Ministero delle Infrastrutture e dei Trasporti,,rettifica,I61B21003020001,True,definitivo,,1,singolo,7150,3,,9900000.0,9900000.0,"9.900.000,00",totale,rimodulazione,rimodulato,IMPORTO AMMASSO A FINANZIAMENTO SUD POTENZIAMENTO,"Allegato 1 / [TABELLA pag.6 n.1], riga 2","LAVORI DI REALIZZAZIONE DELLA NUOVA STAZIONE FERROVIARIA DI CATANZARO CITTÀ | 9.900.000,00 | 0,00 | 9.900.000,00 | | I61B21003020001","decreto del Ministro delle infrastrutture e della mobilità sostenibili del 23 settembre 2021, n. 364",alta,,Allegato 1 aggiorna e sostituisce l'Allegato 1 del DM 364/2021.
2023 DM MIT 342-2023.pdf,deepseek/deepseek-v4-pro-0813,off,,,Ministero delle Infrastrutture e dei Trasporti,,rettifica,I67H21003160001,True,definitivo,,1,singolo,7150,3,,2900000.0,2900000.0,"2.900.000,00",totale,rimodulazione,rimodulato,IMPORTO AMMASSO A FINANZIAMENTO SUD POTENZIAMENTO,"Allegato 1 / [TABELLA pag.6 n.1], riga 3","LAVORI DI MIGLIORAMENTO DELLA FRUIBILITÀ DELLA LINEA FERROVIARIA SULLA TRATTA CATANZARO CITTÀ - CATANZARO - CATANZARO LIDO -GERMANETO | 2.900.000,00 | 0,00 | 2.900.000,00 | | I67H21003160001","decreto del Ministro delle infrastrutture e della mobilità sostenibili del 23 settembre 2021, n. 364",alta,,Allegato 1 aggiorna e sostituisce l'Allegato 1 del DM 364/2021.
2023 DM MIT 342-2023.pdf,deepseek/deepseek-v4-pro-0813,off,,,Ministero delle Infrastrutture e dei Trasporti,,rettifica,B89J21020930005,True,definitivo,,1,singolo,7150,3,,1200000.0,1200000.0,"1.200.000,00",totale,rimodulazione,rimodulato,IMPORTO AMMASSO A FINANZIAMENTO SUD POTENZIAMENTO,"Allegato 1 / [TABELLA pag.6 n.1], riga 4","CREAZIONE POSTO INTERMEDIO LOCALITÀ GUASTACCONCIA NELLA TRATTA FOSSACESIA- SALETTI | 1.200.000,00 | 0,00 | 1.200.000,00 | | B89J21020930005","decreto del Ministro delle infrastrutture e della mobilità sostenibili del 23 settembre 2021, n. 364",alta,,Allegato 1 aggiorna e sostituisce l'Allegato 1 del DM 364/2021.
2023 DM MIT 342-2023.pdf,deepseek/deepseek-v4-pro-0813,off,,,Ministero delle Infrastrutture e dei Trasporti,,rettifica,I57H21005640001,True,definitivo,,1,singolo,7150,4,,1512215.0,1512215.0,"1.512.215,00",totale,rimodulazione,rimodulato,SICUREZZA,"Allegato 2 / [TABELLA pag.7 n.1], riga 1","INTERVENTI STRUTTURALI DI RISANAMENTO PONTE IN C.A. AL KM. 14+355 | 1.512.215,00 | 0,00 | 1.512.215,00 | | I57H21005640001","decreto del Ministro delle infrastrutture e della mobilità sostenibili del 23 settembre 2021, n. 364",alta,,Allegato 2 aggiorna e sostituisce l'Allegato 2 del DM 364/2021. L'importo recepisce la correzione dell'art. 1 del presente decreto.
2023 DM MIT 342-2023.pdf,deepseek/deepseek-v4-pro-0813,off,,,Ministero delle Infrastrutture e dei Trasporti,,rettifica,B19F22013250002,True,definitivo,,1,singolo,7150,4,,2400000.0,2400000.0,"2.400.000,00",totale,rimodulazione,rimodulato,SICUREZZA,"Allegato 2 / [TABELLA pag.7 n.1], riga 2","ELIMINAZIONE DI DUE PASSAGGI A LIVELLO DI TIPO AUTOMATICO UBICATI NELLA STAZIONE DI GIOVI DELLA FERROVIA AREZZO - SINALUNGA | 2.400.000,00 | 0,00 | 2.400.000,00 | | B19F22013250002","decreto del Ministro delle infrastrutture e della mobilità sostenibili del 23 settembre 2021, n. 364",alta,,Allegato 2 aggiorna e sostituisce l'Allegato 2 del DM 364/2021.
2023 DM MIT 342-2023.pdf,deepseek/deepseek-v4-pro-0813,off,,,Ministero delle Infrastrutture e dei Trasporti,,rettifica,C89F23000050001,True,definitivo,,1,singolo,7150,4,,600000.0,600000.0,"600.000,00",totale,rimodulazione,rimodulato,SICUREZZA,"Allegato 2 / [TABELLA pag.7 n.1], riga 3","SOPPRESSIONE DI QUATTRO PASSAGGI A LIVELLO PRIVATI (PLP 39 – PLP 40 – PLP 41 – PLP 42) SULLA TRATTA DELLA LINEA FERROVIARIA PARMA – SUZZARA IN COMUNE DI BRESCELLO (RE) | 600.000,00 | 0,00 | 600.000,00 | | C89F23000050001","decreto del Ministro delle infrastrutture e della mobilità sostenibili del 23 settembre 2021, n. 364",alta,,Allegato 2 aggiorna e sostituisce l'Allegato 2 del DM 364/2021.
2023 DM MIT 342-2023.pdf,deepseek/deepseek-v4-pro-0813,off,,,Ministero delle Infrastrutture e dei Trasporti,,rettifica,C99F23000050001,True,definitivo,,1,singolo,7150,4,,5400000.0,5400000.0,"5.400.000,00",totale,rimodulazione,rimodulato,SICUREZZA,"Allegato 2 / [TABELLA pag.8 n.1], riga 1","LINEA BOLOGNA- PORTOMAGGIORE , SOPPRESSIONE PL IN LOC. CA’ DELL'ORBO A SEGUITO RIALZO LINEA | 5.400.000,00 | 1.600.000,00 | 7.000.000,00 | | C99F23000050001","decreto del Ministro delle infrastrutture e della mobilità sostenibili del 23 settembre 2021, n. 364",alta,,"Allegato 2 aggiorna e sostituisce l'Allegato 2 del DM 364/2021. L'importo del record è quello della colonna 'SICUREZZA' (5.400.000,00), non il totale intervento (7.000.000,00)."
2023 DM MIT 342-2023.pdf,deepseek/deepseek-v4-pro-0813,off,,,Ministero delle Infrastrutture e dei Trasporti,,rettifica,C56G21008730001,True,definitivo,,1,singolo,7150,4,,3400000.0,3400000.0,"3.400.000,00",totale,rimodulazione,rimodulato,SICUREZZA,"Allegato 2 / [TABELLA pag.8 n.1], riga 2","UPGRADE CON IMPIANTI MULTI‐ ACC | 3.400.000,00 | 0,00 | 3.400.000,00 | | C56G21008730001","decreto del Ministro delle infrastrutture e della mobilità sostenibili del 23 settembre 2021, n. 364",alta,,Allegato 2 aggiorna e sostituisce l'Allegato 2 del DM 364/2021.
2023 DM MIT 342-2023.pdf,deepseek/deepseek-v4-pro-0813,off,,,Ministero delle Infrastrutture e dei Trasporti,,rettifica,F41B21005790009,True,definitivo,,1,singolo,7150,4,,30000000.0,30000000.0,30.000.000,totale,rimodulazione,rimodulato,SICUREZZA,"Allegato 2 / [TABELLA pag.9 n.1], riga 1","SOPPRESSIONE PP.LL. RETE FERROVIARIA EAV | 30.000.000 | € 0,00 | 30.000.000 | | F41B21005790009","decreto del Ministro delle infrastrutture e della mobilità sostenibili del 23 settembre 2021, n. 364",alta,,Allegato 2 aggiorna e sostituisce l'Allegato 2 del DM 364/2021.
2023 DM MIT 342-2023.pdf,deepseek/deepseek-v4-pro-0813,off,,,Ministero delle Infrastrutture e dei Trasporti,,rettifica,G31G22000260001,True,definitivo,,1,singolo,7150,4,,7200000.0,7200000.0,7.200.000,totale,rimodulazione,rimodulato,SICUREZZA,"Allegato 2 / [TABELLA pag.9 n.1], riga 2",RADDOPPIO TRA BARI SANT’ANDREA E MODUGNO | 7.200.000 | 0 | 7.200.000 | | G31G22000260001,"decreto del Ministro delle infrastrutture e della mobilità sostenibili del 23 settembre 2021, n. 364",alta,,Allegato 2 aggiorna e sostituisce l'Allegato 2 del DM 364/2021.
2023 DM MIT 342-2023.pdf,deepseek/deepseek-v4-pro-0813,off,,,Ministero delle Infrastrutture e dei Trasporti,,rettifica,G11B18000550005,True,definitivo,,1,singolo,7150,4,,3500000.0,3500000.0,3.500.000,totale,rimodulazione,rimodulato,SICUREZZA,"Allegato 2 / [TABELLA pag.10 n.1], riga 1","Interventi sui piazzali di Matera Serra Rifusa e di Matera Villa Longo tra le progressive km 71+425 e km 72+046 della linea Bari ‐ Matera ‐ Lotto “RIPRISTINO DELLA FUNZIONALITÀ DELL'OFFICINA FERROVIARIA A SERRA RIFUSA” | 3.500.000,00 | 0 | 3.500.000 | | G11B18000550005","decreto del Ministro delle infrastrutture e della mobilità sostenibili del 23 settembre 2021, n. 364",alta,,Allegato 2 aggiorna e sostituisce l'Allegato 2 del DM 364/2021.
2023 DM MIT 342-2023.pdf,deepseek/deepseek-v4-pro-0813,off,,,Ministero delle Infrastrutture e dei Trasporti,,rettifica,B81B21003770005,True,definitivo,,1,singolo,7150,4,,1750000.0,1750000.0,1.750.000,totale,rimodulazione,rimodulato,SICUREZZA,"Allegato 2 / [TABELLA pag.10 n.1], riga 2","TESATURA DEI CONDUTTORI IN RAME DELL’IMPIANTO TE DELLA TRATTA FOSSACESIA ‐ ARCHI E REALIZZAZIONE DELLA PALIFICATA DI SOSTEGNO SUL PONTE FIUME SANGRO | 1.750.000,00 € | 0 | 1.750.000 | | B81B21003770005","decreto del Ministro delle infrastrutture e della mobilità sostenibili del 23 settembre 2021, n. 364",alta,,Allegato 2 aggiorna e sostituisce l'Allegato 2 del DM 364/2021.
2023 DM MIT 342-2023.pdf,deepseek/deepseek-v4-pro-0813,off,,,Ministero delle Infrastrutture e dei Trasporti,,rettifica,I57H21005640001,True,definitivo,,1,singolo,7150,4,2033,217585.0,217585.0,217.585,quota,rimodulazione,rimodulato,VENETO,"art. 1, comma 1; Allegato 3 / [TABELLA pag.11 n.1], riga 2033","2033 | 4.642.914 | 0,083 | 0 | 0 | 0 | 217.585 | 0 | 0 | 0 | 199.831 | 0 | 690.994 | 2.497.882 | 599.492 | 0 | 0 | 0 | 291.420 | 145.710","decreto del Ministro delle infrastrutture e della mobilità sostenibili del 23 settembre 2021, n. 364",media,Il CUP I57H21005640001 è associato alla Regione Veneto nell'Allegato 2. L'Allegato 3 riporta importi per regione senza CUP; il collegamento è ricostruito tramite la regione.,"Rettifica disposta dall'art. 1: per l'annualità 2033, Regione Veneto, 217.585 euro in luogo dei precedenti 117.585 euro."
2023 DM MIT 342-2023.pdf,deepseek/deepseek-v4-pro-0813,off,,,Ministero delle Infrastrutture e dei Trasporti,,rettifica,C99F23000050001,True,definitivo,,1,singolo,7150,4,2033,690994.0,690994.0,690.994,quota,rimodulazione,rimodulato,EMILIA ROMAGNA,"art. 1, comma 1; Allegato 3 / [TABELLA pag.11 n.1], riga 2033","2033 | 4.642.914 | 0,083 | 0 | 0 | 0 | 217.585 | 0 | 0 | 0 | 199.831 | 0 | 690.994 | 2.497.882 | 599.492 | 0 | 0 | 0 | 291.420 | 145.710","decreto del Ministro delle infrastrutture e della mobilità sostenibili del 23 settembre 2021, n. 364",media,Il CUP C99F23000050001 è associato alla Regione Emilia-Romagna nell'Allegato 2. L'Allegato 3 riporta importi per regione senza CUP; il collegamento è ricostruito tramite la regione.,"Rettifica disposta dall'art. 1: per l'annualità 2033, Regione Emilia-Romagna, 690.994 euro in luogo dei precedenti 790.994 euro."
2023 DM MIT 342-2023.pdf,deepseek/deepseek-v4-pro-0813,off,,,Ministero delle Infrastrutture e dei Trasporti,,rettifica,I57H21005640001,True,definitivo,,1,singolo,7150,4,2032,125266.0,125266.0,125.266,quota,rimodulazione,rimodulato,VENETO,"art. 1, comma 1; Allegato 3 / [TABELLA pag.11 n.1], riga 2032","2032 | 4.946.287 | 0,089 | 0 | 0 | 0 | 125.266 | 0 | 0 | 0 | 212.888 | 0 | 842.682 | 2.661.096 | 638.663 | 0 | 0 | 0 | 310.461 | 155.231","decreto del Ministro delle infrastrutture e della mobilità sostenibili del 23 settembre 2021, n. 364",media,Il CUP I57H21005640001 è associato alla Regione Veneto nell'Allegato 2. L'Allegato 3 riporta importi per regione senza CUP; il collegamento è ricostruito tramite la regione.,"Rettifica disposta dall'art. 1: per l'annualità 2032, Regione Veneto, 125.266 euro in luogo dei precedenti 125.268 euro."
2023 DM MIT 342-2023.pdf,deepseek/deepseek-v4-pro-0813,off,,,Ministero delle Infrastrutture e dei Trasporti,,rettifica,C99F23000050001,True,definitivo,,1,singolo,7150,4,2032,842682.0,842682.0,842.682,quota,rimodulazione,rimodulato,EMILIA ROMAGNA,"art. 1, comma 1; Allegato 3 / [TABELLA pag.11 n.1], riga 2032","2032 | 4.946.287 | 0,089 | 0 | 0 | 0 | 125.266 | 0 | 0 | 0 | 212.888 | 0 | 842.682 | 2.661.096 | 638.663 | 0 | 0 | 0 | 310.461 | 155.231","decreto del Ministro delle infrastrutture e della mobilità sostenibili del 23 settembre 2021, n. 364",media,Il CUP C99F23000050001 è associato alla Regione Emilia-Romagna nell'Allegato 2. L'Allegato 3 riporta importi per regione senza CUP; il collegamento è ricostruito tramite la regione.,"Rettifica disposta dall'art. 1: per l'annualità 2032, Regione Emilia-Romagna, 842.682 euro in luogo dei precedenti 842.680 euro."
2025 DD MIT 141-2025.pdf,deepseek/deepseek-v4-pro-0813,off,141,2025-04-18,Ministero delle Infrastrutture e dei Trasporti,,impegno,E51I04000010007,True,definitivo,,1,singolo,7419,2,2024-2032,2125000000.0,2125000000.0,"€ 2.125.000.000,00",totale,assegnazione,impegnato,,Art. 3; [TABELLA pag.5 n.1],"È autorizzato l’impegno delle risorse di cui al citato articolo 1, comma 478, della legge 29 dicembre 2022, n. 197, sul capitolo 7419, piano gestionale 2 ... per la somma complessiva di € 2.125.000.000,00","Legge 29 dicembre 2022, n. 197, art. 1, comma 478",alta,,"L'importo complessivo è impegnato sul capitolo 7419/PG2. La tabella riporta la ripartizione per annualità, non registrata come record separati."
2025 DD MIT 141-2025.pdf,deepseek/deepseek-v4-pro-0813,off,141,2025-04-18,Ministero delle Infrastrutture e dei Trasporti,,impegno,E51I04000010007,True,definitivo,,1,singolo,7416,1,2027-2028,75000000.0,75000000.0,"€ 75.000.000,00",totale,assegnazione,impegnato,,Art. 4,"È autorizzato l’impegno delle risorse di cui al citato art.1, comma 478, della legge 29 dicembre 2022, n.197, sul capitolo 7416 piano gestonale 1 ... per la somma complessiva di € 75.000.000,00","Legge 29 dicembre 2022, n. 197, art. 1, comma 478",alta,,"L'importo complessivo è impegnato sul capitolo 7416/PG1, ripartito in 50.000.000,00 per il 2027 e 25.000.000,00 per il 2028."
2022 DD MIT 454-2022.pdf,google/gemma-4-26b-a4b-it,off,,,Ministero delle infrastrutture e dei trasporti,,impegno,E51I04000010007,True,definitivo,,1,singolo,7426,1,,14000000.0,14000000.0,"€ 14.000.000,00",totale,impegno,impegnato,,art. 1,"è autorizzato, per il corrente esercizio finanziario, a favore di Roma Capitale per l’intervento ""Tratta Colosseo - Piazza Venezia della Linea C della metropolitana di Roma” CUP E51I04000010007, l’impegno di € 14.000.000,00 in conto residui",DM MIT e MEF n. 498 del 14 novembre 2014,alta,,"impegno in conto residui di lettera F, esercizio di provenienza 2021"
2022 DD MIT 454-2022.pdf,google/gemma-4-26b-a4b-it,off,,,Ministero delle infrastrutture e dei trasporti,,impegno,E51I04000010007,True,definitivo,,1,singolo,7426,1,2022-2025,131000000.0,131000000.0,"€ 131.000.000,00",totale,impegno,impegnato,,art. 2,"è autorizzato l’impegno, sul capitolo 7426, piano di gestione 1 [...] per l’importo complessivo di € 131.000.000,00 a favore di Roma Capitale, per l’intervento ""Tratta Colosseo - Piazza Venezia della Linea C della metropolitana di Roma” CUP E51I04000010007",DM MIT e MEF n. 498 del 14 novembre 2014,alta,,"L'importo è ripartito nelle annualità 2022, 2023, 2024 e 2025 come indicato in tabella"
2022 DDG 128 del 02-05-22.pdf,google/gemma-4-26b-a4b-it,off,,,Ministero delle infrastrutture e della mobilità sostenibili,,impegno,H94I19000130004,True,definitivo,,1,singolo,7400,7,2020-2034,3000000.0,3000000.0,"3.000.000,00",totale,impegno,impegnato,,art. 1,"è autorizzato l’impegno di euro 3.000.000,00 in conto residui di stanziamento, di cui euro 1.000.000,00 esercizio di provenienza 2020 ed euro 2.000.000,00 esercizio di provenienza 2021, sul capitolo 7400, piano di gestione 7",,alta,,"impegno in conto residui (2020: 1.000.000,00; 2021: 2.000.000,00)"
2022 DDG 128 del 02-05-22.pdf,google/gemma-4-26b-a4b-it,off,,,Ministero delle infrastrutture e della mobilità sostenibili,,impegno,J80J18000000001,True,definitivo,,1,singolo,7400,7,2022-2034,631174000.0,631174000.0,"631.174.000,00",totale,impegno,impegnato,,art. 2,"è autorizzato l’impegno in conto competenza per complessivi € 631.174.000,00 per gli esercizi finanziari dal 2022 al 2034... sul capitolo 7400, piano di gestione 7",,alta,,impegno in conto competenza
2022 DDG 128 del 02-05-22.pdf,google/gemma-4-26b-a4b-it,off,,,Ministero delle infrastrutture e della mobilità sostenibili,,impegno,C81B21013200005,True,definitivo,,1,singolo,7400,1,2029-2034,26486678.33,26486678.33,"26.486.678,33",totale,impegno,impegnato,,art. 3,"è autorizzato l’impegno in conto competenza per complessivi € 26.486.678,33, per gli esercizi finanziari dal 2029 al 2034, sul capitolo 7400, piano di gestione 1",,alta,,impegno in conto competenza
2022 DI Mims Mef 97 20.04.2022.pdf,google/gemma-4-26b-a4b-it,off,,,Ministero delle Infrastrutture e della Mobilità Sostenibili,Ministero dell'Economia e delle Finanze,assegnazione,B39J22001360001,True,definitivo,,1,singolo,7400,8,,398000000.0,398000000.0,"398.000.000,00",totale,assegnazione,assegnato,FINANZIAMENTO AMMESSO,"art. 1; Allegato 1 / [TABELLA pag.10 n.1], riga 1","SKYMETRO VAL BISAGNO GENOVA | B39J22001360001 | 398.000.000,00",,alta,,
2022 DI Mims Mef 97 20.04.2022.pdf,google/gemma-4-26b-a4b-it,off,,,Ministero delle Infrastrutture e della Mobilità Sostenibili,Ministero dell'Economia e delle Finanze,assegnazione,B31F20000030005,True,definitivo,,1,singolo,7400,8,,20860000.0,20860000.0,"20.860.000,00",totale,assegnazione,assegnato,FINANZIAMENTO AMMESSO,"art. 1; Allegato 1 / [TABELLA pag.10 n.1], riga 2","PROLUNGAMENTO METROPOLITANA DI GENOVA DA BRIN A CANEPARI... | B31F20000030005 | 20.860.000,00",,alta,,
2022 DI Mims Mef 97 20.04.2022.pdf,google/gemma-4-26b-a4b-it,off,,,Ministero delle Infrastrutture e della Mobilità Sostenibili,Ministero dell'Economia e delle Finanze,assegnazione,B44D20000040001,True,definitivo,,1,singolo,7400,8,,180000000.0,180000000.0,"180.000.000,00",totale,assegnazione,assegnato,FINANZIAMENTO AMMESSO,"art. 1; Allegato 1 / [TABELLA pag.10 n.1], riga 3","LINEA METROPOLITANA M1 PROLUNGAMENTO QUARTIERE BAGGIO... | B44D20000040001 | 180.000.000,00",,alta,,
2022 DI Mims Mef 97 20.04.2022.pdf,google/gemma-4-26b-a4b-it,off,,,Ministero delle Infrastrutture e della Mobilità Sostenibili,Ministero dell'Economia e delle Finanze,assegnazione,B91J21000040001,True,definitivo,,1,singolo,7400,8,,420000000.0,420000000.0,"420.000.000,00",totale,assegnazione,assegnato,FINANZIAMENTO AMMESSO,"art. 1; Allegato 1 / [TABELLA pag.10 n.1], riga 4","PROLUNGAMENTO LINEA METROPOLITANA M4 DA AEROPORTO LINATE A SEGRATE | B91J21000040001 | 420.000.000,00",,alta,,
2022 DI Mims Mef 97 20.04.2022.pdf,google/gemma-4-26b-a4b-it,off,,,Ministero delle Infrastrutture e della Mobilità Sostenibili,Ministero dell'Economia e delle Finanze,assegnazione,B41J21000050006,True,definitivo,,1,singolo,7400,8,,4500000.0,4500000.0,"4.500.000,00",totale,assegnazione,assegnato,FINANZIAMENTO AMMESSO,"art. 1; Allegato 1 / [TABELLA pag.10 n.1], riga 5","NUOVA LINEA METROPOLITANA M6 RAMO SUD (PFTE) | B41J21000050006 | 4.500.000,00",,alta,,
2022 DI Mims Mef 97 20.04.2022.pdf,google/gemma-4-26b-a4b-it,off,,,Ministero delle Infrastrutture e della Mobilità Sostenibili,Ministero dell'Economia e delle Finanze,assegnazione,B41C21000010001,True,definitivo,,1,singolo,7400,8,,5500000.0,5500000.0,"5.500.000,00",totale,assegnazione,assegnato,FINANZIAMENTO AMMESSO,"art. 1; Allegato 1 / [TABELLA pag.10 n.1], riga 6","PROLUNGAMENTO M3 SAN DONATO M. – ASTA PAULLESE (PFTE) | B41C21000010001 | 5.500.000,00",,alta,,
2022 DI Mims Mef 97 20.04.2022.pdf,google/gemma-4-26b-a4b-it,off,,,Ministero delle Infrastrutture e della Mobilità Sostenibili,Ministero dell'Economia e delle Finanze,assegnazione,F41B22000740009,True,definitivo,F41B22000740009,1,singolo,7400,8,,631373163.0,631373163.0,"631.373.163,00",totale,assegnazione,assegnato,FINANZIAMENTO AMMESSO,"art. 1; Allegato 1 / [TABELLA pag.10 n.1], riga 7","NUOVO COLLEGAMENTO... AFRAGOLA... | F41B22000740009 (CUP MASTER) | 631.373.163,00",,alta,,Il testo indica il codice come CUP MASTER per l'intero lotto
2022 DI Mims Mef 97 20.04.2022.pdf,google/gemma-4-26b-a4b-it,off,,,Ministero delle Infrastrutture e della Mobilità Sostenibili,Ministero dell'Economia e delle Finanze,assegnazione,F41B22000830009,True,definitivo,F41B22000740009,1,singolo,7400,8,,163500824.0,163500824.0,"163.500.824,00",totale,assegnazione,assegnato,FINANZIAMENTO AMMESSO,"art. 1; Allegato 1 / [TABELLA pag.10 n.1], riga 8","NUOVO COLLEGAMENTO... AFRAGOLA... LOTTO 1°_STRALCIO II | F41B22000830009 | 163.500.824,00",,alta,,
2022 DI Mims Mef 97 20.04.2022.pdf,google/gemma-4-26b-a4b-it,off,,,Ministero delle Infrastrutture e della Mobilità Sostenibili,Ministero dell'Economia e delle Finanze,assegnazione,E51I04000010007,True,definitivo,,1,singolo,7400,8,,610000000.0,610000000.0,"610.000.000,00",totale,assegnazione,assegnato,FINANZIAMENTO AMMESSO,"art. 1; Allegato 1 / [TABELLA pag.10 n.1], riga 9","LINEA C DELLA METROPOLITANA DI ROMA - SUB-TRATTA... | E51I04000010007 | 610.000.000,00",,alta,,
2022 DI Mims Mef 97 20.04.2022.pdf,google/gemma-4-26b-a4b-it,off,,,Ministero delle Infrastrutture e della Mobilità Sostenibili,Ministero dell'Economia e delle Finanze,assegnazione,E51I04000010007,True,definitivo,,1,singolo,7400,8,,990000000.0,990000000.0,"990.000.000,00",totale,assegnazione,assegnato,FINANZIAMENTO AMMESSO,"art. 1; Allegato 1 / [TABELLA pag.10 n.1], riga 10","LINEA C DELLA METROPOLITANA DI ROMA - TRATTA T2... | E51I04000010007 | 990.000.000,00",,alta,,
2022 DI Mims Mef 97 20.04.2022.pdf,google/gemma-4-26b-a4b-it,off,,,Ministero delle Infrastrutture e della Mobilità Sostenibili,Ministero dell'Economia e delle Finanze,assegnazione,C71F20000020005,True,definitivo,,1,singolo,7400,8,,1000000000.0,1000000000.0,"1.000.000.000,00",totale,assegnazione,assegnato,FINANZIAMENTO AMMESSO,"art. 1; Allegato 1 / [TABELLA pag.10 n.1], riga 11","METROPOLITANA AUTOMATICA DI TORINO... | C71F20000020005 | 1.000.000.000,00",,alta,,
2022 DI Mims Mef 97 20.04.2022.pdf,google/gemma-4-26b-a4b-it,off,,,Ministero delle Infrastrutture e della Mobilità Sostenibili,Ministero dell'Economia e delle Finanze,assegnazione,J81B21014060001,True,definitivo,,1,singolo,7400,1,,173183831.97,173183831.97,"173.183.831,97",totale,assegnazione,assegnato,FINANZIAMENTO AMMESSO,"art. 1; Allegato 2 / [TABELLA pag.12 n.1], riga 1","LINEA TRANVIARIA TERMINI - VATICANO - AURELIO | J81B21014060001 | 173.183.831,97",,alta,,
2022 DI Mims Mef 97 20.04.2022.pdf,google/gemma-4-26b-a4b-it,off,,,Ministero delle Infrastrutture e della Mobilità Sostenibili,Ministero dell'Economia e delle Finanze,assegnazione,J84E21005150001,True,definitivo,,1,singolo,7400,1,,11284217.84,11284217.84,"11.284.217,84",totale,assegnazione,assegnato,FINANZIAMENTO AMMESSO,"art. 1; Allegato 2 / [TABELLA pag.12 n.1], riga 2","DEPOSITO DI CENTOCELLE EST | J84E21005150001 | 11.284.217,84",,alta,,
2022 DI Mims Mef 97 20.04.2022.pdf,google/gemma-4-26b-a4b-it,off,,,Ministero delle Infrastrutture e della Mobilità Sostenibili,Ministero dell'Economia e delle Finanze,assegnazione,E31J19000030001,True,definitivo,,1,singolo,7400,1,,26500000.0,26500000.0,"26.500.000,00",totale,assegnazione,assegnato,FINANZIAMENTO AMMESSO,"art. 1; Allegato 2 / [TABELLA pag.12 n.1], riga 3","SISTEMA DI TRASPORTO RAPIDO DI MASSA PER IL COLLEGAMENTO... | E31J19000030001 | 26.500.000,00",,alta,,
2022 DI Mims Mef 97 20.04.2022.pdf,google/gemma-4-26b-a4b-it,off,,,Ministero delle Infrastrutture e della Mobilità Sostenibili,Ministero dell'Economia e delle Finanze,assegnazione,F44I19000530001,True,definitivo,,1,singolo,7400,1,,122200000.0,122200000.0,"122.200.000,00",totale,assegnazione,assegnato,FINANZIAMENTO AMMESSO,"art. 1; Allegato 2 / [TABELLA pag.12 n.1], riga 4","AMPLIAMENTO DEL DEPOSITO GALLARATESE... | F44I19000530001 | 122.200.000,00",,alta,,
2022 DI Mims Mef 97 20.04.2022.pdf,google/gemma-4-26b-a4b-it,off,,,Ministero delle Infrastrutture e della Mobilità Sostenibili,Ministero dell'Economia e delle Finanze,assegnazione,C11J22000000001,True,definitivo,,1,singolo,7400,1,,221721410.41,221721410.41,"221.721.410,41",totale,assegnazione,ammesso,FINANZIAMENTO AMMESSO,"art. 2; Allegato 3 / [TABELLA pag.13 n.1], riga 1","PROLUNGAMENTO LINEA TRANVIARIA 12... | C11J22000000001 | 221.721.410,41",,alta,,Intervento in graduatoria (ammissibile)
2022 DI Mims Mef 97 20.04.2022.pdf,google/gemma-4-26b-a4b-it,off,,,Ministero delle Infrastrutture e della Mobilità Sostenibili,Ministero dell'Economia e delle Finanze,assegnazione,F47C19000370001,True,definitivo,,4,aggregato,7400,1,,20900000.02,5225000.005,"20.900.000,02",totale,assegnazione,ammesso,FINANZIAMENTO AMMESSO,"art. 2; Allegato 3 / [TABELLA pag.13 n.1], riga 2","METROPOLITANA LINEA M3... | F47C19000370001 F47D17000140005 F47C19000380001 F47C19000390001 | 20.900.000,02",,alta,,Importo aggregato per più CUP
2022 DI Mims Mef 97 20.04.2022.pdf,google/gemma-4-26b-a4b-it,off,,,Ministero delle Infrastrutture e della Mobilità Sostenibili,Ministero dell'Economia e delle Finanze,assegnazione,F47D17000140005,True,definitivo,,4,aggregato,7400,1,,20900000.02,5225000.005,"20.900.000,02",totale,assegnazione,ammesso,FINANZIAMENTO AMMESSO,"art. 2; Allegato 3 / [TABELLA pag.13 n.1], riga 2","METROPOLITANA LINEA M3... | F47C19000370001 F47D17000140005 F47C19000380001 F47C19000390001 | 20.900.000,02",,alta,,Importo aggregato per più CUP
2022 DI Mims Mef 97 20.04.2022.pdf,google/gemma-4-26b-a4b-it,off,,,Ministero delle Infrastrutture e della Mobilità Sostenibili,Ministero dell'Economia e delle Finanze,assegnazione,F47C19000380001,True,definitivo,,4,aggregato,7400,1,,20900000.02,5225000.005,"20.900.000,02",totale,assegnazione,ammesso,FINANZIAMENTO AMMESSO,"art. 2; Allegato 3 / [TABELLA pag.13 n.1], riga 2","METROPOLITANA LINEA M3... | F47C19000370001 F47D17000140005 F47C19000380001 F47C19000390001 | 20.900.000,02",,alta,,Importo aggregato per più CUP
2022 DI Mims Mef 97 20.04.2022.pdf,google/gemma-4-26b-a4b-it,off,,,Ministero delle Infrastrutture e della Mobilità Sostenibili,Ministero dell'Economia e delle Finanze,assegnazione,F47C19000390001,True,definitivo,,4,aggregato,7400,1,,20900000.02,5225000.005,"20.900.000,02",totale,assegnazione,ammesso,FINANZIAMENTO AMMESSO,"art. 2; Allegato 3 / [TABELLA pag.13 n.1], riga 2","METROPOLITANA LINEA M3... | F47C19000370001 F47D17000140005 F47C19000380001 F47C19000390001 | 20.900.000,02",,alta,,Importo aggregato per più CUP
2022 DI Mims Mef 97 20.04.2022.pdf,google/gemma-4-26b-a4b-it,off,,,Ministero delle Infrastrutture e della Mobilità Sostenibili,Ministero dell'Economia e delle Finanze,assegnazione,F47C19000350001,True,definitivo,,2,aggregato,7400,1,,45000000.07,22500000.035,"45.000.000,07",totale,assegnazione,ammesso,FINANZIAMENTO AMMESSO,"art. 2; Allegato 3 / [TABELLA pag.13 n.1], riga 3","METROPOLITANA LINEE M1 + M2... | F47C19000350001 O F47C19000360001 | 45.000.000,07",,alta,,Importo aggregato per più CUP
2022 DI Mims Mef 97 20.04.2022.pdf,google/gemma-4-26b-a4b-it,off,,,Ministero delle Infrastrutture e della Mobilità Sostenibili,Ministero dell'Economia e delle Finanze,assegnazione,F47C19000360001,True,definitivo,,2,aggregato,7400,1,,45000000.07,22500000.035,"45.000.000,07",totale,assegnazione,ammesso,FINANZIAMENTO AMMESSO,"art. 2; Allegato 3 / [TABELLA pag.13 n.1], riga 3","METROPOLITANA LINEE M1 + M2... | F47C19000350001 O F47C19000360001 | 45.000.000,07",,alta,,Importo aggregato per più CUP
2022 DI Mims Mef 97 20.04.2022.pdf,google/gemma-4-26b-a4b-it,off,,,Ministero delle Infrastrutture e della Mobilità Sostenibili,Ministero dell'Economia e delle Finanze,assegnazione,B34J18000220001,True,definitivo,,2,aggregato,7400,1,,74516124.63,37258062.315,"74.516.124,63",totale,assegnazione,ammesso,FINANZIAMENTO AMMESSO,"art. 2; Allegato 3 / [TABELLA pag.13 n.1], riga 4","LINEA METROPOLITANA: PROLUNGAMENTO A RIVAROLO... | B34J18000220001 B34J18000230001 | 74.516.124,63",,alta,,Importo aggregato per due CUP
2022 DI Mims Mef 97 20.04.2022.pdf,google/gemma-4-26b-a4b-it,off,,,Ministero delle Infrastrutture e della Mobilità Sostenibili,Ministero dell'Economia e delle Finanze,assegnazione,B34J18000230001,True,definitivo,,2,aggregato,7400,1,,74516124.63,37258062.315,"74.516.124,63",totale,assegnazione,ammesso,FINANZIAMENTO AMMESSO,"art. 2; Allegato 3 / [TABELLA pag.13 n.1], riga 4","LINEA METROPOLITANA: PROLUNGAMENTO A RIVAROLO... | B34J18000220001 B34J18000230001 | 74.516.124,63",,alta,,Importo aggregato per due CUP
2023 DM MIT 342-2023.pdf,google/gemma-4-26b-a4b-it,off,,,Ministero delle infrastrutture e dei trasporti,,rettifica,H49J21005480003,True,definitivo,,1,singolo,7150,3,2033,217585.0,217585.0,217.585 euro,totale,assegnazione,assegnato,,"art. 1; Allegato 3 / [TABELLA pag.11 n.1], riga 2033","assegna, per l’annualità 2033, alla Regione Veneto risorse pari a 217.585 euro, in luogo dei precedenti 117.585 euro",,media,"Il CUP è associato alla Regione Veneto nell'art. 1, ma la tabella Allegato 3 (pag. 11) associa il valore 217.585 al Veneto per l'anno 2033.",Rettifica dell'importo per l'annualità 2033 per la Regione Veneto.
2023 DM MIT 342-2023.pdf,google/gemma-4-26b-a4b-it,off,,,Ministero delle infrastrutture e dei trasporti,,rettifica,H49J21005480003,True,definitivo,,1,singolo,7150,3,2032,125266.0,125266.0,125.266 euro,totale,assegnazione,assegnato,,"art. 1; Allegato 3 / [TABELLA pag.11 n.1], riga 2032","assegna alla Regione Veneto risorse pari a 125.266 euro, in luogo dei precedenti 125.268 euro",,media,"Il CUP è associato alla Regione Veneto nell'art. 1, ma la tabella Allegato 3 (pag. 11) associa il valore 125.266 al Veneto per l'anno 2032.",Rettifica dell'importo per l'annualità 2032 per la Regione Veneto.
2023 DM MIT 342-2023.pdf,google/gemma-4-26b-a4b-it,off,,,Ministero delle infrastrutture e dei trasporti,,rettifica,C75B23000000001,True,definitivo,,1,singolo,7150,3,2033,690994.0,690994.0,690.994 euro,totale,assegnazione,assegnato,,"art. 1; Allegato 3 / [TABELLA pag.11 n.1], riga 2033","alla Regione Emilia Romagna risorse pari a 690.994 euro, in luogo dei precedenti 790.994 euro",,media,"Il CUP è associato alla Regione Emilia Romagna nell'art. 1, ma la tabella Allegato 3 (pag. 11) associa il valore 690.994 all'Emilia Romagna per l'anno 2033.",Rettifica dell'importo per l'annualità 2033 per la Regione Emilia Romagna.
2023 DM MIT 342-2023.pdf,google/gemma-4-26b-a4b-it,off,,,Ministero delle infrastrutture e dei trasporti,,rettifica,C75B23000000001,True,definitivo,,1,singolo,7150,3,2032,842682.0,842682.0,842.682 euro,totale,assegnazione,assegnato,,"art. 1; Allegato 3 / [TABELLA pag.11 n.1], riga 2032","alla Regione Emilia Romagna risorse pari a 842.682 euro, in luogo dei precedenti 842.680 euro",,media,"Il CUP è associato alla Regione Emilia Romagna nell'art. 1, ma la tabella Allegato 3 (pag. 11) associa il valore 842.682 all'Emilia Romagna per l'anno 2032.",Rettifica dell'importo per l'annualità 2032 per la Regione Emilia Romagna.
2025 DD MIT 141-2025.pdf,google/gemma-4-26b-a4b-it,off,,2025-03-10,Ministero delle infrastrutture e dei trasporti,,attuazione,E51I04000010007,True,definitivo,,1,singolo,7426,1,,145000000.0,145000000.0,"€ 145.000.000,00",totale,altro,assegnato,,art. 2,"per € 145.000.000,00 nelle risorse stanziate dall’articolo 3, comma 1, del decreto-legge 12 settembre 2014... impegnate con decreto dirigenziale n. 454 del 22 dicembre 2022 sul pertinente capitolo di bilancio n. 7426-piano di gestione 1",,alta,,L'atto cita risorse già impegnate dal d.dir. 454/2022; l'atto corrente le riconferma nell'ambito della nuova Convenzione.
2025 DD MIT 141-2025.pdf,google/gemma-4-26b-a4b-it,off,,2025-03-10,Ministero delle infrastrutture e dei trasporti,,attuazione,E51I04000010007,True,definitivo,,1,singolo,7400,1,2022-2035,113733987.0,113733987.0,"€ 113.733.987,00",totale,altro,assegnato,,art. 2,"sul capitolo di bilancio n. 7400 (piano gestionale 1: € 113.733.987,00 dal 2022 al 2035)",,alta,,Risorse impegnate con d.dir. 419/2022.
2025 DD MIT 141-2025.pdf,google/gemma-4-26b-a4b-it,off,,2025-03-10,Ministero delle infrastrutture e dei trasporti,,attuazione,E51I04000010007,True,definitivo,,1,singolo,7400,8,2022-2036,1486266013.0,1486266013.0,"€ 1.486.266.013,00",totale,altro,assegnato,,art. 2,"piano gestionale 8: € 1.486.266.013,00 dal 2022 al 2036",,alta,,Risorse impegnate con d.dir. 419/2022.
2025 DD MIT 141-2025.pdf,google/gemma-4-26b-a4b-it,off,,2025-03-10,Ministero delle infrastrutture e dei trasporti,,attuazione,E51I04000010007,True,definitivo,,1,singolo,7419,2,2023-2032,2200000000.0,2200000000.0,"€ 2.200.000.000,00",totale,altro,assegnato,,art. 2,sul capitolo n. 7419-piano gestionale 2-per gli esercizi finanziari dal 2023 al 2032,,alta,,"L'importo totale è citato nell'art. 2, ma l'impegno specifico è disposto nell'art. 3."
2025 DD MIT 141-2025.pdf,google/gemma-4-26b-a4b-it,off,,2025-03-10,Ministero delle infrastrutture e dei trasporti,,attuazione,E51I04000010007,True,definitivo,,1,singolo,7419,2,2024,50000000.0,50000000.0,"€ 50.000.000,00",totale,impegno,impegnato,,art. 3,"È autorizzato l’impegno... sul capitolo 7419, piano gestionale 2... per la somma complessiva di € 2.125.000.000,00, di cui € 50.000.000,00 in conto residui, esercizio di provenienza 2024",,alta,,Quota in conto residui 2024.
2025 DD MIT 141-2025.pdf,google/gemma-4-26b-a4b-it,off,,2025-03-10,Ministero delle infrastrutture e dei trasporti,,attuazione,E51I04000010007,True,definitivo,,1,singolo,7419,2,2025-2032,2075000000.0,2075000000.0,"2.075.000.000,00",totale,impegno,impegnato,,art. 3,"e 2.075.000.000,00 per gli esercizi finanziari dal 2025 al 2032",,alta,,Ripartizione temporale dettagliata in [TABELLA pag.5 n.1].
2025 DD MIT 141-2025.pdf,google/gemma-4-26b-a4b-it,off,,2025-03-10,Ministero delle infrastrutture e dei trasporti,,attuazione,E51I04000010007,True,definitivo,,1,singolo,7416,1,2027-2028,75000000.0,75000000.0,"€ 75.000.000,00",totale,impegno,impegnato,,art. 4,"È autorizzato l’impegno delle risorse... sul capitolo 7416 piano gestionale 1... per la somma complessiva di € 75.000.000,00",,alta,,Ripartito in 50 mln per il 2027 e 25 mln per il 2028.
2022 DI Mims Mef 97 20.04.2022.pdf,google/gemma-4-31b-it,off,,,Ministero delle Infrastrutture e della Mobilità Sostenibili,Ministero dell'Economia e delle Finanze,assegnazione,B39J22001360001,True,definitivo,,1,singolo,7400,8,,398000000.0,398000000.0,"398.000.000,00",totale,assegnazione,assegnato,FINANZIAMENTO AMMESSO,"art. 1 comma 1 lett. a); Allegato 1 / [TABELLA pag.10 n.1], riga 1","SKYMETRO VAL BISAGNO GENOVA | B39J22001360001 | 398.000.000,00",,alta,,
2022 DI Mims Mef 97 20.04.2022.pdf,google/gemma-4-31b-it,off,,,Ministero delle Infrastrutture e della Mobilità Sostenibili,Ministero dell'Economia e delle Finanze,assegnazione,B31F20000030005,True,definitivo,,1,singolo,7400,8,,20860000.0,20860000.0,"20.860.000,00",totale,assegnazione,assegnato,FINANZIAMENTO AMMESSO,"art. 1 comma 1 lett. a); Allegato 1 / [TABELLA pag.10 n.1], riga 2","PROLUNGAMENTO METROPOLITANA DI GENOVA DA BRIN A CANEPARI... | B31F20000030005 | 20.860.000,00",,alta,,
2022 DI Mims Mef 97 20.04.2022.pdf,google/gemma-4-31b-it,off,,,Ministero delle Infrastrutture e della Mobilità Sostenibili,Ministero dell'Economia e delle Finanze,assegnazione,B44D20000040001,True,definitivo,,1,singolo,7400,8,,180000000.0,180000000.0,"180.000.000,00",totale,assegnazione,assegnato,FINANZIAMENTO AMMESSO,"art. 1 comma 1 lett. a); Allegato 1 / [TABELLA pag.10 n.1], riga 3","LINEA METROPOLITANA M1 PROLUNGAMENTO QUARTIERE BAGGIO... | B44D20000040001 | 180.000.000,00",,alta,,
2022 DI Mims Mef 97 20.04.2022.pdf,google/gemma-4-31b-it,off,,,Ministero delle Infrastrutture e della Mobilità Sostenibili,Ministero dell'Economia e delle Finanze,assegnazione,B91J21000040001,True,definitivo,,1,singolo,7400,8,,420000000.0,420000000.0,"420.000.000,00",totale,assegnazione,assegnato,FINANZIAMENTO AMMESSO,"art. 1 comma 1 lett. a); Allegato 1 / [TABELLA pag.10 n.1], riga 4","PROLUNGAMENTO LINEA METROPOLITANA M4 DA AEROPORTO LINATE A SEGRATE | B91J21000040001 | 420.000.000,00",,alta,,
2022 DI Mims Mef 97 20.04.2022.pdf,google/gemma-4-31b-it,off,,,Ministero delle Infrastrutture e della Mobilità Sostenibili,Ministero dell'Economia e delle Finanze,assegnazione,B41J21000050006,True,definitivo,,1,singolo,7400,8,,4500000.0,4500000.0,"4.500.000,00",totale,assegnazione,assegnato,FINANZIAMENTO AMMESSO,"art. 1 comma 1 lett. a); Allegato 1 / [TABELLA pag.10 n.1], riga 5","NUOVA LINEA METROPOLITANA M6 RAMO SUD (PFTE) | B41J21000050006 | 4.500.000,00",,alta,,
2022 DI Mims Mef 97 20.04.2022.pdf,google/gemma-4-31b-it,off,,,Ministero delle Infrastrutture e della Mobilità Sostenibili,Ministero dell'Economia e delle Finanze,assegnazione,B41C21000010001,True,definitivo,,1,singolo,7400,8,,5500000.0,5500000.0,"5.500.000,00",totale,assegnazione,assegnato,FINANZIAMENTO AMMESSO,"art. 1 comma 1 lett. a); Allegato 1 / [TABELLA pag.10 n.1], riga 6","PROLUNGAMENTO M3 SAN DONATO M. – ASTA PAULLESE (PFTE) | B41C21000010001 | 5.500.000,00",,alta,,
2022 DI Mims Mef 97 20.04.2022.pdf,google/gemma-4-31b-it,off,,,Ministero delle Infrastrutture e della Mobilità Sostenibili,Ministero dell'Economia e delle Finanze,assegnazione,F41B22000740009,True,definitivo,F41B22000740009,1,singolo,7400,8,,631373163.0,631373163.0,"631.373.163,00",totale,assegnazione,assegnato,FINANZIAMENTO AMMESSO,"art. 1 comma 1 lett. a); Allegato 1 / [TABELLA pag.10 n.1], riga 7","NUOVO COLLEGAMENTO... LOTTO 1°_STRALCIO I | F41B22000740009 (CUP MASTER) | 631.373.163,00",,alta,,
2022 DI Mims Mef 97 20.04.2022.pdf,google/gemma-4-31b-it,off,,,Ministero delle Infrastrutture e della Mobilità Sostenibili,Ministero dell'Economia e delle Finanze,assegnazione,F41B22000830009,True,definitivo,,1,singolo,7400,8,,163500824.0,163500824.0,"163.500.824,00",totale,assegnazione,assegnato,FINANZIAMENTO AMMESSO,"art. 1 comma 1 lett. a); Allegato 1 / [TABELLA pag.10 n.1], riga 8","NUOVO COLLEGAMENTO... LOTTO 1°_STRALCIO II | F41B22000830009 | 163.500.824,00",,alta,,
2022 DI Mims Mef 97 20.04.2022.pdf,google/gemma-4-31b-it,off,,,Ministero delle Infrastrutture e della Mobilità Sostenibili,Ministero dell'Economia e delle Finanze,assegnazione,E51I04000010007,True,definitivo,,1,singolo,7400,8,,610000000.0,610000000.0,"610.000.000,00",totale,assegnazione,assegnato,FINANZIAMENTO AMMESSO,"art. 1 comma 1 lett. a); Allegato 1 / [TABELLA pag.10 n.1], riga 9","LINEA C... SUB-TRATTA FUNZIONALE DA STAZIONE VENEZIA A STAZIONE FORI IMPERIALI | E51I04000010007 | 610.000.000,00",,alta,,
2022 DI Mims Mef 97 20.04.2022.pdf,google/gemma-4-31b-it,off,,,Ministero delle Infrastrutture e della Mobilità Sostenibili,Ministero dell'Economia e delle Finanze,assegnazione,E51I04000010007,True,definitivo,,1,singolo,7400,8,,990000000.0,990000000.0,"990.000.000,00",totale,assegnazione,assegnato,FINANZIAMENTO AMMESSO,"art. 1 comma 1 lett. a); Allegato 1 / [TABELLA pag.10 n.1], riga 10","LINEA C... TRATTA T2 - LOTTO COSTRUTTIVO | E51I04000010007 | 990.000.000,00",,alta,,
2022 DI Mims Mef 97 20.04.2022.pdf,google/gemma-4-31b-it,off,,,Ministero delle Infrastrutture e della Mobilità Sostenibili,Ministero dell'Economia e delle Finanze,assegnazione,C71F20000020005,True,definitivo,,1,singolo,7400,8,,1000000000.0,1000000000.0,"1.000.000.000,00",totale,assegnazione,assegnato,FINANZIAMENTO AMMESSO,"art. 1 comma 1 lett. a); Allegato 1 / [TABELLA pag.10 n.1], riga 11","METROPOLITANA AUTOMATICA DI TORINO – LINEA 2... | C71F20000020005 | 1.000.000.000,00",,alta,,
2022 DI Mims Mef 97 20.04.2022.pdf,google/gemma-4-31b-it,off,,,Ministero delle Infrastrutture e della Mobilità Sostenibili,Ministero dell'Economia e delle Finanze,assegnazione,J81B21014060001,True,definitivo,,1,singolo,7400,1,,173183831.97,173183831.97,"173.183.831,97",totale,assegnazione,assegnato,FINANZIAMENTO AMMESSO,"art. 1 comma 1 lett. b); Allegato 2 / [TABELLA pag.12 n.1], riga 1","LINEA TRANVIARIA TERMINI - VATICANO - AURELIO | J81B21014060001 | 173.183.831,97",,alta,,
2022 DI Mims Mef 97 20.04.2022.pdf,google/gemma-4-31b-it,off,,,Ministero delle Infrastrutture e della Mobilità Sostenibili,Ministero dell'Economia e delle Finanze,assegnazione,J84E21005150001,True,definitivo,,1,singolo,7400,1,,11284217.84,11284217.84,"11.284.217,84",totale,assegnazione,assegnato,FINANZIAMENTO AMMESSO,"art. 1 comma 1 lett. b); Allegato 2 / [TABELLA pag.12 n.1], riga 2","DEPOSITO DI CENTOCELLE EST | J84E21005150001 | 11.284.217,84",,alta,,
2022 DI Mims Mef 97 20.04.2022.pdf,google/gemma-4-31b-it,off,,,Ministero delle Infrastrutture e della Mobilità Sostenibili,Ministero dell'Economia e delle Finanze,assegnazione,E31J19000030001,True,definitivo,,1,singolo,7400,1,,26500000.0,26500000.0,"26.500.000,00",totale,assegnazione,assegnato,FINANZIAMENTO AMMESSO,"art. 1 comma 1 lett. b); Allegato 2 / [TABELLA pag.12 n.1], riga 3","SISTEMA DI TRASPORTO RAPIDO DI MASSA... PIACENZA | E31J19000030001 | 26.500.000,00",,alta,,
2022 DI Mims Mef 97 20.04.2022.pdf,google/gemma-4-31b-it,off,,,Ministero delle Infrastrutture e della Mobilità Sostenibili,Ministero dell'Economia e delle Finanze,assegnazione,F44I19000530001,True,definitivo,,1,singolo,7400,1,,122200000.0,122200000.0,"122.200.000,00",totale,assegnazione,assegnato,FINANZIAMENTO AMMESSO,"art. 1 comma 1 lett. b); Allegato 2 / [TABELLA pag.12 n.1], riga 4","AMPLIAMENTO DEL DEPOSITO GALLARATESE... | F44I19000530001 | 122.200.000,00",,alta,,
2025 DD MIT 141-2025.pdf,google/gemma-4-31b-it,off,R.0000141,2025-04-18,Ministero delle infrastrutture e dei trasporti,,attuazione,E51I04000010007,True,definitivo,,1,singolo,7419,2,2024-2032,2125000000.0,2125000000.0,"€ 2.125.000.000,00",totale,impegno,impegnato,TOTALE,"art. 3; [TABELLA pag.5 n.1], riga 10","È autorizzato l’impegno delle risorse... sul capitolo 7419, piano gestionale 2... per la somma complessiva di € 2.125.000.000,00","legge 29 dicembre 2022, n. 197",alta,,L'importo include 50 milioni in conto residui 2024
2025 DD MIT 141-2025.pdf,google/gemma-4-31b-it,off,R.0000141,2025-04-18,Ministero delle infrastrutture e dei trasporti,,attuazione,E51I04000010007,True,definitivo,,1,singolo,7416,1,2027-2028,75000000.0,75000000.0,"€ 75.000.000,00",totale,impegno,impegnato,,art. 4,"È autorizzato l’impegno delle risorse... sul capitolo 7416 piano gestonale 1... per la somma complessiva di € 75.000.000,00","legge 29 dicembre 2022, n. 197",alta,,
2022 DD MIT 454-2022.pdf,minimax/minimax-m3,off,,,Ministero delle infrastrutture e dei trasporti,,impegno,E51I04000010007,True,definitivo,,1,singolo,7426,1,2021,14000000.0,14000000.0,"€ 14.000.000,00",totale,assegnazione,impegnato,,art. 1,"a favore di Roma Capitale per l'intervento ""Tratta Colosseo - Piazza Venezia della Linea C della metropolitana di Roma"" CUP E51I04000010007, l'impegno di € 14.000.000,00 in conto residui di lettera F, esercizio di provenienza 2021.","DM MIT-MEF 14 novembre 2014, n. 498",alta,,"Impegno in conto residui di lettera F, esercizio di provenienza 2021; numero e data del decreto corrente non indicati nel testo."
2022 DD MIT 454-2022.pdf,minimax/minimax-m3,off,,,Ministero delle infrastrutture e dei trasporti,,impegno,E51I04000010007,True,definitivo,,1,singolo,7426,1,2022-2025,131000000.0,131000000.0,"€ 131.000.000,00",totale,assegnazione,impegnato,,art. 2; [TABELLA pag.3 n.1],"l'impegno, sul capitolo 7426, piano di gestione 1 ... per l'importo complessivo di € 131.000.000,00 a favore di Roma Capitale, per l'intervento ""Tratta Colosseo - Piazza Venezia della Linea C della metropolitana di Roma"" CUP E51I04000010007","DM MIT-MEF 14 novembre 2014, n. 498",alta,,"Importo complessivo disposto dall'art. 2, articolato per annualità 2022 (35.000.000), 2023 (40.000.000), 2024 (33.500.000) e 2025 (22.500.000); le quote annuali non sono trattate come record separati (R5)."
2022 DDG 128 del 02-05-22.pdf,minimax/minimax-m3,off,,,Ministero delle infrastrutture e della mobilità sostenibili,,impegno,H94I19000130004,True,definitivo,,1,singolo,7400,7,2022-2034,97154124.1,97154124.1,"97.154.124,10",totale,assegnazione,impegnato,Totale,"art. 2; Allegato / [TABELLA pag.4 n.1], riga 1","Comune di Padova | H94I19000130004 | 7400/PG 7 | ... | 97.154.124,10",,alta,,Impegno in conto competenza sul cap. 7400/PG 7 disposto dall'art. 2 per le annualità 2022-2034; importo totale = somma delle quote annuali 2022-2034.
2022 DDG 128 del 02-05-22.pdf,minimax/minimax-m3,off,,,Ministero delle infrastrutture e della mobilità sostenibili,,impegno,J80J18000000001,True,definitivo,,1,singolo,7400,7,2022-2034,159466174.12,159466174.12,"159.466.174,12",totale,assegnazione,impegnato,Totale,"art. 2; Allegato / [TABELLA pag.4 n.1], riga 2","Roma Capitale | J80J18000000001 | 7400/PG 7 | ... | 159.466.174,12",,alta,,Impegno in conto competenza sul cap. 7400/PG 7 disposto dall'art. 2 per le annualità 2022-2034; importo totale = somma delle quote annuali 2022-2034.
2022 DDG 128 del 02-05-22.pdf,minimax/minimax-m3,off,,,Ministero delle infrastrutture e della mobilità sostenibili,,impegno,C11B21008720001,True,definitivo,,2,aggregato,7400,7,2022-2034,44494493.04,22247246.52,"44.494.493,04",totale,assegnazione,impegnato,Totale,"art. 2; Allegato / [TABELLA pag.4 n.1], riga 3","Comune di Torino | C11B21008720001 D81E20000410007 | 7400/PG 7 | ... | 44.494.493,04",,alta,,Importo unico associato a due CUP nella stessa riga; l'atto non ripartisce tra i due CUP.
2022 DDG 128 del 02-05-22.pdf,minimax/minimax-m3,off,,,Ministero delle infrastrutture e della mobilità sostenibili,,impegno,D81E20000410007,True,definitivo,,2,aggregato,7400,7,2022-2034,44494493.04,22247246.52,"44.494.493,04",totale,assegnazione,impegnato,Totale,"art. 2; Allegato / [TABELLA pag.4 n.1], riga 3","Comune di Torino | C11B21008720001 D81E20000410007 | 7400/PG 7 | ... | 44.494.493,04",,alta,,Importo unico associato a due CUP nella stessa riga; l'atto non ripartisce tra i due CUP.
2022 DDG 128 del 02-05-22.pdf,minimax/minimax-m3,off,,,Ministero delle infrastrutture e della mobilità sostenibili,,impegno,C81B21013200005,True,definitivo,,1,singolo,7400,7,2022-2034,333059208.74,333059208.74,"333.059.208,74",totale,assegnazione,impegnato,Totale,"art. 2; Allegato / [TABELLA pag.4 n.1], riga 4","Comune di Brescia | C81B21013200005 | 7400/PG 7 | ... | 333.059.208,74",,alta,,Impegno in conto competenza sul cap. 7400/PG 7 disposto dall'art. 2 per le annualità 2022-2034; importo totale = somma delle quote annuali 2022-2034.
2022 DDG 128 del 02-05-22.pdf,minimax/minimax-m3,off,,,Ministero delle infrastrutture e della mobilità sostenibili,,impegno,C81B21013200005,True,definitivo,,1,singolo,7400,1,2029-2034,26486678.33,26486678.33,"26.486.678,33",totale,assegnazione,impegnato,Totale,"art. 3; Allegato / [TABELLA pag.4 n.1], riga 5","Comune di Brescia | C81B21013200005 | 7400/PG 1 | ... | 26.486.678,33",,alta,,Impegno in conto competenza sul cap. 7400/PG 1 disposto dall'art. 3 per le annualità 2029-2034.
2022 DI Mims Mef 97 20.04.2022.pdf,minimax/minimax-m3,off,,,Ministero delle Infrastrutture e della Mobilità Sostenibili,Ministero dell'Economia e delle Finanze,assegnazione,B39J22001360001,True,definitivo,,1,singolo,7400,1,,398000000.0,398000000.0,"398.000.000,00",totale,assegnazione,assegnato,FINANZIAMENTO AMMESSO,"art. 1, c. 1, lett. a); Allegato 1 / [TABELLA pag.10 n.1], riga 1","SKYMETRO VAL BISAGNO GENOVA | B39J22001360001 | 398.000.000,00 | 398.000.000,00",,alta,,"Quota parte delle risorse di PG 1 (€ 723.733.987,00 complessivi) e PG 8 (€ 3.700.000.000,00 complessivi) – l'atto non ripartisce per PG il singolo intervento"
2022 DI Mims Mef 97 20.04.2022.pdf,minimax/minimax-m3,off,,,Ministero delle Infrastrutture e della Mobilità Sostenibili,Ministero dell'Economia e delle Finanze,assegnazione,B31F20000030005,True,definitivo,,1,singolo,7400,1,,20860000.0,20860000.0,"20.860.000,00",totale,assegnazione,assegnato,FINANZIAMENTO AMMESSO,"art. 1, c. 1, lett. a); Allegato 1 / [TABELLA pag.10 n.1], riga 2","PROLUNGAMENTO METROPOLITANA DI GENOVA DA BRIN A CANEPARI | B31F20000030005 | 20.860.000,00 | 20.860.000,00",,alta,,
2022 DI Mims Mef 97 20.04.2022.pdf,minimax/minimax-m3,off,,,Ministero delle Infrastrutture e della Mobilità Sostenibili,Ministero dell'Economia e delle Finanze,assegnazione,B44D20000040001,True,definitivo,,1,singolo,7400,1,,180000000.0,180000000.0,"180.000.000,00",totale,assegnazione,assegnato,FINANZIAMENTO AMMESSO,"art. 1, c. 1, lett. a); Allegato 1 / [TABELLA pag.10 n.1], riga 3","LINEA METROPOLITANA M1 PROLUNGAMENTO QUARTIERE BAGGIO – OLMI - VALSESIA | B44D20000040001 | 398.000.000,00 | 218.000.000,00 | 180.000.000,00",,alta,,"Cofinanziamento 218.000.000,00; costo intervento 398.000.000,00"
2022 DI Mims Mef 97 20.04.2022.pdf,minimax/minimax-m3,off,,,Ministero delle Infrastrutture e della Mobilità Sostenibili,Ministero dell'Economia e delle Finanze,assegnazione,B91J21000040001,True,definitivo,,1,singolo,7400,1,,420000000.0,420000000.0,"420.000.000,00",totale,assegnazione,assegnato,FINANZIAMENTO AMMESSO,"art. 1, c. 1, lett. a); Allegato 1 / [TABELLA pag.10 n.1], riga 4","PROLUNGAMENTO LINEA METROPOLITANA M4 DA AEROPORTO LINATE A SEGRATE | B91J21000040001 | 420.000.000,00 | 420.000.000,00",,alta,,
2022 DI Mims Mef 97 20.04.2022.pdf,minimax/minimax-m3,off,,,Ministero delle Infrastrutture e della Mobilità Sostenibili,Ministero dell'Economia e delle Finanze,assegnazione,B41J21000050006,True,definitivo,,1,singolo,7400,1,,4500000.0,4500000.0,"4.500.000,00",totale,assegnazione,assegnato,FINANZIAMENTO AMMESSO,"art. 1, c. 1, lett. a); Allegato 1 / [TABELLA pag.10 n.1], riga 5","NUOVA LINEA METROPOLITANA M6 RAMO SUD (PFTE) | B41J21000050006 | 4.500.000,00 | 4.500.000,00",,alta,,
2022 DI Mims Mef 97 20.04.2022.pdf,minimax/minimax-m3,off,,,Ministero delle Infrastrutture e della Mobilità Sostenibili,Ministero dell'Economia e delle Finanze,assegnazione,B41C21000010001,True,definitivo,,1,singolo,7400,1,,5500000.0,5500000.0,"5.500.000,00",totale,assegnazione,assegnato,FINANZIAMENTO AMMESSO,"art. 1, c. 1, lett. a); Allegato 1 / [TABELLA pag.10 n.1], riga 6","PROLUNGAMENTO M3 SAN DONATO M. – ASTA PAULLESE (PFTE) | B41C21000010001 | 5.500.000,00 | 5.500.000,00",,alta,,
2022 DI Mims Mef 97 20.04.2022.pdf,minimax/minimax-m3,off,,,Ministero delle Infrastrutture e della Mobilità Sostenibili,Ministero dell'Economia e delle Finanze,assegnazione,,False,,F41B22000740009,0,singolo,7400,1,,631373163.0,631373163.0,"631.373.163,00",totale,assegnazione,assegnato,FINANZIAMENTO AMMESSO,"art. 1, c. 1, lett. a); Allegato 1 / [TABELLA pag.10 n.1], riga 7","NUOVO COLLEGAMENTO AFRAGOLA - NAPOLI LOTTO 1°_STRALCIO I | F41B22000740009 (CUP MASTER) | 631.373.163,00 | 631.373.163,00",,alta,La cella CUP contiene solo il CUP MASTER F41B22000740009; il CUP di intervento non è indicato in tabella,In tabella il CUP è indicato come CUP MASTER; il CUP dell'intervento non è riportato – l'importo è assegnato al soggetto attuatore (Comune di Napoli / EAV Srl) sotto il CUP Master
2022 DI Mims Mef 97 20.04.2022.pdf,minimax/minimax-m3,off,,,Ministero delle Infrastrutture e della Mobilità Sostenibili,Ministero dell'Economia e delle Finanze,assegnazione,F41B22000830009,True,definitivo,,1,singolo,7400,1,,163500824.0,163500824.0,"163.500.824,00",totale,assegnazione,assegnato,FINANZIAMENTO AMMESSO,"art. 1, c. 1, lett. a); Allegato 1 / [TABELLA pag.10 n.1], riga 8","NUOVO COLLEGAMENTO AFRAGOLA - NAPOLI LOTTO 1°_STRALCIO II | F41B22000830009 | 163.500.824,00 | 163.500.824,00",,alta,,
2022 DI Mims Mef 97 20.04.2022.pdf,minimax/minimax-m3,off,,,Ministero delle Infrastrutture e della Mobilità Sostenibili,Ministero dell'Economia e delle Finanze,assegnazione,E51I04000010007,True,definitivo,,1,singolo,7400,1,,610000000.0,610000000.0,"610.000.000,00",totale,assegnazione,assegnato,FINANZIAMENTO AMMESSO,"art. 1, c. 1, lett. a); Allegato 1 / [TABELLA pag.10 n.1], riga 9","LINEA C ROMA - SUB-TRATTA VENEZIA-FORI IMPERIALI | E51I04000010007 | 755.000.000,00 | 145.000.000,00 | 610.000.000,00",,alta,,"Cofinanziamento 145.000.000,00; costo intervento 755.000.000,00. Sostituisce 'Linea Tranviaria Venezia-Vittorio' con quota per 'Linea Tranviaria Termini-Vaticano-Aurelio' (v. Allegato 2)"
2022 DI Mims Mef 97 20.04.2022.pdf,minimax/minimax-m3,off,,,Ministero delle Infrastrutture e della Mobilità Sostenibili,Ministero dell'Economia e delle Finanze,assegnazione,E51I04000010007,True,definitivo,,1,singolo,7400,1,,990000000.0,990000000.0,"990.000.000,00",totale,assegnazione,assegnato,FINANZIAMENTO AMMESSO,"art. 1, c. 1, lett. a); Allegato 1 / [TABELLA pag.10 n.1], riga 10","LINEA C ROMA - TRATTA T2 - LOTTO COSTRUTTIVO | E51I04000010007 | 990.000.000,00 | 990.000.000,00",,alta,,Stesso CUP della riga precedente (Linea C) ma intervento distinto (tratta T2)
2022 DI Mims Mef 97 20.04.2022.pdf,minimax/minimax-m3,off,,,Ministero delle Infrastrutture e della Mobilità Sostenibili,Ministero dell'Economia e delle Finanze,assegnazione,C71F20000020005,True,definitivo,,1,singolo,7400,1,,1000000000.0,1000000000.0,"1.000.000.000,00",totale,assegnazione,assegnato,FINANZIAMENTO AMMESSO,"art. 1, c. 1, lett. a); Allegato 1 / [TABELLA pag.10 n.1], riga 11","METROPOLITANA AUTOMATICA DI TORINO – LINEA 2 – POLITECNICO-REBAUDENGO | C71F20000020005 | 1.800.000.000,00 | 800.000.000,00 | 1.000.000.000,00",,alta,,"Cofinanziamento 800.000.000,00; costo intervento 1.800.000.000,00"
2022 DI Mims Mef 97 20.04.2022.pdf,minimax/minimax-m3,off,,,Ministero delle Infrastrutture e della Mobilità Sostenibili,Ministero dell'Economia e delle Finanze,assegnazione,J81B21014060001,True,definitivo,,1,singolo,7400,1,,173183831.97,173183831.97,"173.183.831,97",totale,assegnazione,assegnato,FINANZIAMENTO AMMESSO,"art. 1, c. 1, lett. b); Allegato 2 / [TABELLA pag.12 n.1], riga 1","LINEA TRANVIARIA TERMINI - VATICANO - AURELIO | J81B21014060001 | 293.183.831,97 | 120.000.000,00 | 173.183.831,97","decreto ministeriale 16 novembre 2021, n. 448",alta,,"Cofinanziamento 120.000.000,00 già riconosciuto con DM 448/2021; l'atto corrente integra la copertura con ulteriori 173.183.831,97"
2022 DI Mims Mef 97 20.04.2022.pdf,minimax/minimax-m3,off,,,Ministero delle Infrastrutture e della Mobilità Sostenibili,Ministero dell'Economia e delle Finanze,assegnazione,J84E21005150001,True,definitivo,,1,singolo,7400,1,,11284217.84,11284217.84,"11.284.217,84",totale,assegnazione,assegnato,FINANZIAMENTO AMMESSO,"art. 1, c. 1, lett. b); Allegato 2 / [TABELLA pag.12 n.1], riga 2","DEPOSITO DI CENTOCELLE EST | J84E21005150001 | 11.284.217,84 | --- | 11.284.217,84",,alta,,Mantiene il 'Deposito di Centocelle Est' come da richiesta Roma Capitale nota 347/2022
2022 DI Mims Mef 97 20.04.2022.pdf,minimax/minimax-m3,off,,,Ministero delle Infrastrutture e della Mobilità Sostenibili,Ministero dell'Economia e delle Finanze,assegnazione,E31J19000030001,True,definitivo,,1,singolo,7400,1,,26500000.0,26500000.0,"26.500.000,00",totale,assegnazione,assegnato,FINANZIAMENTO AMMESSO,"art. 1, c. 1, lett. b); Allegato 2 / [TABELLA pag.12 n.1], riga 3","SISTEMA DI TRASPORTO RAPIDO DI MASSA PIACENZA - POLO OSPEDALIERO | E31J19000030001 | 26.500.000,00 | 26.500.000,00",,alta,,
2022 DI Mims Mef 97 20.04.2022.pdf,minimax/minimax-m3,off,,,Ministero delle Infrastrutture e della Mobilità Sostenibili,Ministero dell'Economia e delle Finanze,assegnazione,F44I19000530001,True,definitivo,,1,singolo,7400,1,,122200000.0,122200000.0,"122.200.000,00",totale,assegnazione,assegnato,FINANZIAMENTO AMMESSO,"art. 1, c. 1, lett. b); Allegato 2 / [TABELLA pag.12 n.1], riga 4","AMPLIAMENTO DEPOSITO GALLARATESE - LINEA M1 | F44I19000530001 | 122.200.000,00 | 122.200.000,00",,alta,,
2022 DI Mims Mef 97 20.04.2022.pdf,minimax/minimax-m3,off,,,Ministero delle Infrastrutture e della Mobilità Sostenibili,Ministero dell'Economia e delle Finanze,assegnazione,C11J22000000001,True,provvisorio,,1,singolo,7400,1,,221721410.41,221721410.41,"221.721.410,41",totale,altro,ammesso,FINANZIAMENTO AMMESSO,"art. 2, c. 1; Allegato 3 / [TABELLA pag.13 n.1], riga 1","PROLUNGAMENTO LINEA TRANVIARIA 12 ALL'ALLIANZ STADIUM | C11J22000000001 | 221.721.410,41 | 221.721.410,41",,alta,,Intervento in graduatoria (Allegato 3) - ammissibile ma non finanziato dal presente atto; sarà finanziato con successivo provvedimento a scorrimento
2022 DI Mims Mef 97 20.04.2022.pdf,minimax/minimax-m3,off,,,Ministero delle Infrastrutture e della Mobilità Sostenibili,Ministero dell'Economia e delle Finanze,assegnazione,F47C19000370001,True,definitivo,,4,aggregato,7400,1,,20900000.02,5225000.005,"20.900.000,02",totale,altro,ammesso,FINANZIAMENTO AMMESSO,"art. 2, c. 1; Allegato 3 / [TABELLA pag.13 n.1], riga 2","METROPOLITANA LINEA M3 ADEGUAMENTO ANTINCENDIO DM 21.10.2015 | F47C19000370001 F47D17000140005 F47C19000380001 F47C19000390001 | 25.000.000,02 | 4.100.000,00 | 20.900.000,02",,alta,,"Importo unico per 4 CUP; in graduatoria, ammissibile ma non finanziato dall'atto corrente"
2022 DI Mims Mef 97 20.04.2022.pdf,minimax/minimax-m3,off,,,Ministero delle Infrastrutture e della Mobilità Sostenibili,Ministero dell'Economia e delle Finanze,assegnazione,F47D17000140005,True,definitivo,,4,aggregato,7400,1,,20900000.02,5225000.005,"20.900.000,02",totale,altro,ammesso,FINANZIAMENTO AMMESSO,"art. 2, c. 1; Allegato 3 / [TABELLA pag.13 n.1], riga 2","METROPOLITANA LINEA M3 ADEGUAMENTO ANTINCENDIO DM 21.10.2015 | F47C19000370001 F47D17000140005 F47C19000380001 F47C19000390001 | 25.000.000,02 | 4.100.000,00 | 20.900.000,02",,alta,,"Importo unico per 4 CUP; in graduatoria, ammissibile ma non finanziato dall'atto corrente"
2022 DI Mims Mef 97 20.04.2022.pdf,minimax/minimax-m3,off,,,Ministero delle Infrastrutture e della Mobilità Sostenibili,Ministero dell'Economia e delle Finanze,assegnazione,F47C19000380001,True,definitivo,,4,aggregato,7400,1,,20900000.02,5225000.005,"20.900.000,02",totale,altro,ammesso,FINANZIAMENTO AMMESSO,"art. 2, c. 1; Allegato 3 / [TABELLA pag.13 n.1], riga 2","METROPOLITANA LINEA M3 ADEGUAMENTO ANTINCENDIO DM 21.10.2015 | F47C19000370001 F47D17000140005 F47C19000380001 F47C19000390001 | 25.000.000,02 | 4.100.000,00 | 20.900.000,02",,alta,,"Importo unico per 4 CUP; in graduatoria, ammissibile ma non finanziato dall'atto corrente"
2022 DI Mims Mef 97 20.04.2022.pdf,minimax/minimax-m3,off,,,Ministero delle Infrastrutture e della Mobilità Sostenibili,Ministero dell'Economia e delle Finanze,assegnazione,F47C19000390001,True,definitivo,,4,aggregato,7400,1,,20900000.02,5225000.005,"20.900.000,02",totale,altro,ammesso,FINANZIAMENTO AMMESSO,"art. 2, c. 1; Allegato 3 / [TABELLA pag.13 n.1], riga 2","METROPOLITANA LINEA M3 ADEGUAMENTO ANTINCENDIO DM 21.10.2015 | F47C19000370001 F47D17000140005 F47C19000380001 F47C19000390001 | 25.000.000,02 | 4.100.000,00 | 20.900.000,02",,alta,,"Importo unico per 4 CUP; in graduatoria, ammissibile ma non finanziato dall'atto corrente"
2022 DI Mims Mef 97 20.04.2022.pdf,minimax/minimax-m3,off,,,Ministero delle Infrastrutture e della Mobilità Sostenibili,Ministero dell'Economia e delle Finanze,assegnazione,F47C19000350001,True,definitivo,,2,aggregato,7400,1,,45000000.07,22500000.035,"45.000.000,07",totale,altro,ammesso,FINANZIAMENTO AMMESSO,"art. 2, c. 1; Allegato 3 / [TABELLA pag.13 n.1], riga 3","METROPOLITANA LINEE M1 + M2 ADEGUAMENTO ANTINCENDIO FASE 2 | F47C19000350001 O F47C19000360001 | 45.000.000,07 | 45.000.000,07",,alta,Nella tabella compare 'F47C19000350001 O F47C19000360001'; interpretato come elenco alternativo/aggregato di 2 CUP,"In graduatoria, ammissibile ma non finanziato dall'atto corrente"
2022 DI Mims Mef 97 20.04.2022.pdf,minimax/minimax-m3,off,,,Ministero delle Infrastrutture e della Mobilità Sostenibili,Ministero dell'Economia e delle Finanze,assegnazione,F47C19000360001,True,definitivo,,2,aggregato,7400,1,,45000000.07,22500000.035,"45.000.000,07",totale,altro,ammesso,FINANZIAMENTO AMMESSO,"art. 2, c. 1; Allegato 3 / [TABELLA pag.13 n.1], riga 3","METROPOLITANA LINEE M1 + M2 ADEGUAMENTO ANTINCENDIO FASE 2 | F47C19000350001 O F47C19000360001 | 45.000.000,07 | 45.000.000,07",,alta,Nella tabella compare 'F47C19000350001 O F47C19000360001'; interpretato come elenco alternativo/aggregato di 2 CUP,"In graduatoria, ammissibile ma non finanziato dall'atto corrente"
2022 DI Mims Mef 97 20.04.2022.pdf,minimax/minimax-m3,off,,,Ministero delle Infrastrutture e della Mobilità Sostenibili,Ministero dell'Economia e delle Finanze,assegnazione,B34J18000220001,True,definitivo,,2,aggregato,7400,1,,74516124.63,37258062.315,"74.516.124,63",totale,altro,ammesso,FINANZIAMENTO AMMESSO,"art. 2, c. 1; Allegato 3 / [TABELLA pag.13 n.1], riga 4","LINEA METROPOLITANA PROLUNGAMENTO A RIVAROLO - STAZIONE MARTINEZ/TERRALBA | B34J18000220001 B34J18000230001 | 74.516.124,63 | 74.516.124,63",,alta,,"Importo unico per 2 CUP; in graduatoria, ammissibile ma non finanziato dall'atto corrente"
2022 DI Mims Mef 97 20.04.2022.pdf,minimax/minimax-m3,off,,,Ministero delle Infrastrutture e della Mobilità Sostenibili,Ministero dell'Economia e delle Finanze,assegnazione,B34J18000230001,True,definitivo,,2,aggregato,7400,1,,74516124.63,37258062.315,"74.516.124,63",totale,altro,ammesso,FINANZIAMENTO AMMESSO,"art. 2, c. 1; Allegato 3 / [TABELLA pag.13 n.1], riga 4","LINEA METROPOLITANA PROLUNGAMENTO A RIVAROLO - STAZIONE MARTINEZ/TERRALBA | B34J18000220001 B34J18000230001 | 74.516.124,63 | 74.516.124,63",,alta,,"Importo unico per 2 CUP; in graduatoria, ammissibile ma non finanziato dall'atto corrente"
2023 DM MIT 342-2023.pdf,minimax/minimax-m3,off,,,Ministero delle infrastrutture e dei trasporti,,rettifica,H49J21005480003,True,definitivo,,1,singolo,7150,3,,47725.0,47725.0,"47.725,00",totale,assegnazione,rimodulato,IMPORTO AMMASSO A FINANZIAMENTO CENTRO - NORD - POTENZIAMENTO,"art. 1, c. 3; Allegato 1 / [TABELLA pag.4 n.1], riga 5","STAZIONE DI SANT'OLCESE TULLO ... 47.725,00 ... H49J21005480003","DM MIMS 23 settembre 2021, n. 364 - Allegato 1",alta,,Allegato 1 aggiorna e sostituisce l'Allegato 1 del DM 364/2021
2023 DM MIT 342-2023.pdf,minimax/minimax-m3,off,,,Ministero delle infrastrutture e dei trasporti,,rettifica,C75B23000000001,True,definitivo,,1,singolo,7150,3,,10543255.0,10543255.0,"10.543.255,00",totale,assegnazione,rimodulato,IMPORTO AMMASSO A FINANZIAMENTO CENTRO - NORD - POTENZIAMENTO,"art. 1, c. 3; Allegato 1 / [TABELLA pag.4 n.1], riga 9","RINNOVO, POTENZIAMENTO E MESSA IN SICUREZZA ... 10.543.255,00 ... C75B23000000001","DM MIMS 23 settembre 2021, n. 364 - Allegato 1",alta,,
2023 DM MIT 342-2023.pdf,minimax/minimax-m3,off,,,Ministero delle infrastrutture e dei trasporti,,rettifica,C71G22000090001,True,definitivo,,1,singolo,7150,3,,7000000.0,7000000.0,"7.000.000,00",totale,assegnazione,rimodulato,IMPORTO AMMASSO A FINANZIAMENTO CENTRO - NORD - POTENZIAMENTO,"art. 1, c. 3; Allegato 1 / [TABELLA pag.4 n.1], riga 10","POTENZIAMENTO DEL SISTEMA DI ALIMENTAZIONE ELETTRICA ... 7.000.000,00 ... C71G22000090001","DM MIMS 23 settembre 2021, n. 364 - Allegato 1",alta,,
2023 DM MIT 342-2023.pdf,minimax/minimax-m3,off,,,Ministero delle infrastrutture e dei trasporti,,rettifica,E51B21002250001,True,definitivo,,1,singolo,7150,3,,20000000.0,20000000.0,"20.000.000,00",totale,assegnazione,rimodulato,IMPORTO AMMASSO A FINANZIAMENTO CENTRO - NORD - POTENZIAMENTO,"art. 1, c. 3; Allegato 1 / [TABELLA pag.4 n.1], riga 12","INTERVENTI SULLA RETE PER STABILIZZAZIONE ORARIO ... 20.000.000,00 ... E51B21002250001","DM MIMS 23 settembre 2021, n. 364 - Allegato 1",alta,,
2023 DM MIT 342-2023.pdf,minimax/minimax-m3,off,,,Ministero delle infrastrutture e dei trasporti,,rettifica,B41E04000210001,True,definitivo,,1,singolo,7150,3,,50000000.0,50000000.0,"50.000.000,00",totale,assegnazione,rimodulato,IMPORTO AMMASSO A FINANZIAMENTO SUD POTENZIAMENTO,"art. 1, c. 3; Allegato 1 / [TABELLA pag.5 n.1], riga 1","LINEA 1 DELLA METROPOLITANA DI NAPOLI ... 50.000.000,00 ... B41E04000210001","DM MIMS 23 settembre 2021, n. 364 - Allegato 1",alta,,
2023 DM MIT 342-2023.pdf,minimax/minimax-m3,off,,,Ministero delle infrastrutture e dei trasporti,,rettifica,F61B21003640009,True,definitivo,,1,singolo,7150,3,,30000000.0,30000000.0,"30.000.000,00",totale,assegnazione,rimodulato,IMPORTO AMMASSO A FINANZIAMENTO SUD POTENZIAMENTO,"art. 1, c. 3; Allegato 1 / [TABELLA pag.5 n.1], riga 2","NUOVO TELECOMANDO LINEE FLEGREE ... 30.000.000,00 ... F61B21003640009","DM MIMS 23 settembre 2021, n. 364 - Allegato 1",alta,,
2023 DM MIT 342-2023.pdf,minimax/minimax-m3,off,,,Ministero delle infrastrutture e dei trasporti,,rettifica,G31G22000250001,True,definitivo,,1,singolo,7150,3,,2800000.0,2800000.0,"2.800.000,00",totale,assegnazione,rimodulato,IMPORTO AMMASSO A FINANZIAMENTO SUD POTENZIAMENTO,"art. 1, c. 3; Allegato 1 / [TABELLA pag.5 n.1], riga 3","RIFACIMENTO PENSILINA BARI CENTRALE ... 2.800.000,00 ... G31G22000250001","DM MIMS 23 settembre 2021, n. 364 - Allegato 1",alta,,
2023 DM MIT 342-2023.pdf,minimax/minimax-m3,off,,,Ministero delle infrastrutture e dei trasporti,,rettifica,D69D15002090001,True,definitivo,,2,aggregato,7150,3,,50000000.0,25000000.0,"50.000.000,00",totale,assegnazione,rimodulato,IMPORTO AMMASSO A FINANZIAMENTO SUD POTENZIAMENTO,"art. 1, c. 3; Allegato 1 / [TABELLA pag.5 n.1], riga 4","COMPLETAMENTO ELETTRIFICAZIONE DORSALE SALENTO ... 50.000.000,00 ... Lotto 4 - D69D15002090001 Lotto 3 - D49D15001920001","DM MIMS 23 settembre 2021, n. 364 - Allegato 1",alta,,Importo unico per due lotti/CUP (Lotto 4 Maglie-Otranto e Lotto 3 Zollino-Gagliano); l'atto non ripartisce
2023 DM MIT 342-2023.pdf,minimax/minimax-m3,off,,,Ministero delle infrastrutture e dei trasporti,,rettifica,D49D15001920001,True,definitivo,,2,aggregato,7150,3,,50000000.0,25000000.0,"50.000.000,00",totale,assegnazione,rimodulato,IMPORTO AMMASSO A FINANZIAMENTO SUD POTENZIAMENTO,"art. 1, c. 3; Allegato 1 / [TABELLA pag.5 n.1], riga 4","COMPLETAMENTO ELETTRIFICAZIONE DORSALE SALENTO ... 50.000.000,00 ... Lotto 4 - D69D15002090001 Lotto 3 - D49D15001920001","DM MIMS 23 settembre 2021, n. 364 - Allegato 1",alta,,Importo unico per due lotti/CUP (Lotto 4 Maglie-Otranto e Lotto 3 Zollino-Gagliano); l'atto non ripartisce
2023 DM MIT 342-2023.pdf,minimax/minimax-m3,off,,,Ministero delle infrastrutture e dei trasporti,,rettifica,G71B18000620005,True,definitivo,,1,singolo,7150,3,,2500000.0,2500000.0,"2.500.000,00",totale,assegnazione,rimodulato,IMPORTO AMMASSO A FINANZIAMENTO SUD POTENZIAMENTO,"art. 1, c. 3; Allegato 1 / [TABELLA pag.5 n.1], riga 5","REALIZZAZIONE PARCHEGGIO DI INTERSCAMBIO NELLA STAZIONE DI ALTAMURA ... 2.500.000,00 ... G71B18000620005","DM MIMS 23 settembre 2021, n. 364 - Allegato 1",alta,,
2023 DM MIT 342-2023.pdf,minimax/minimax-m3,off,,,Ministero delle infrastrutture e dei trasporti,,rettifica,F81B21005610001,True,definitivo,,1,singolo,7150,3,,18000000.0,18000000.0,"18.000.000,00",totale,assegnazione,rimodulato,IMPORTO AMMASSO A FINANZIAMENTO SUD POTENZIAMENTO,"art. 1, c. 3; Allegato 1 / [TABELLA pag.6 n.1], riga 1","VARIANTE DI TRACCIATO, REALIZZAZIONE PUNTI DI INCROCIO ... 18.000.000,00 ... F81B21005610001","DM MIMS 23 settembre 2021, n. 364 - Allegato 1",alta,,Importo ammesso a finanziamento (18.000.000) inferiore al totale intervento (26.400.000)
2023 DM MIT 342-2023.pdf,minimax/minimax-m3,off,,,Ministero delle infrastrutture e dei trasporti,,rettifica,I61B21003020001,True,definitivo,,1,singolo,7150,3,,9900000.0,9900000.0,"9.900.000,00",totale,assegnazione,rimodulato,IMPORTO AMMASSO A FINANZIAMENTO SUD POTENZIAMENTO,"art. 1, c. 3; Allegato 1 / [TABELLA pag.6 n.1], riga 2","LAVORI DI REALIZZAZIONE DELLA NUOVA STAZIONE FERROVIARIA DI CATANZARO CITTÀ ... 9.900.000,00 ... I61B21003020001","DM MIMS 23 settembre 2021, n. 364 - Allegato 1",alta,,
2023 DM MIT 342-2023.pdf,minimax/minimax-m3,off,,,Ministero delle infrastrutture e dei trasporti,,rettifica,I67H21003160001,True,definitivo,,1,singolo,7150,3,,2900000.0,2900000.0,"2.900.000,00",totale,assegnazione,rimodulato,IMPORTO AMMASSO A FINANZIAMENTO SUD POTENZIAMENTO,"art. 1, c. 3; Allegato 1 / [TABELLA pag.6 n.1], riga 3","LAVORI DI MIGLIORAMENTO DELLA FRUIBILITÀ DELLA LINEA ... 2.900.000,00 ... I67H21003160001","DM MIMS 23 settembre 2021, n. 364 - Allegato 1",alta,,
2023 DM MIT 342-2023.pdf,minimax/minimax-m3,off,,,Ministero delle infrastrutture e dei trasporti,,rettifica,B89J21020930005,True,definitivo,,1,singolo,7150,3,,1200000.0,1200000.0,"1.200.000,00",totale,assegnazione,rimodulato,IMPORTO AMMASSO A FINANZIAMENTO SUD POTENZIAMENTO,"art. 1, c. 3; Allegato 1 / [TABELLA pag.6 n.1], riga 4","CREAZIONE POSTO INTERMEDIO LOCALITÀ GUASTACCONCIA ... 1.200.000,00 ... B89J21020930005","DM MIMS 23 settembre 2021, n. 364 - Allegato 1",alta,,
2023 DM MIT 342-2023.pdf,minimax/minimax-m3,off,,,Ministero delle infrastrutture e dei trasporti,,rettifica,I57H21005640001,True,definitivo,,1,singolo,7150,4,,1512215.0,1512215.0,"1.512.215,00",totale,assegnazione,rimodulato,SICUREZZA INTERVENTO,"art. 1, c. 3; Allegato 2 / [TABELLA pag.7 n.1], riga 1","INTERVENTI STRUTTURALI DI RISANAMENTO PONTE IN C.A. AL KM. 14+355 ... 1.512.215,00 ... I57H21005640001","DM MIMS 23 settembre 2021, n. 364 - Allegato 2",alta,,Rettifica errore materiale: Allegato 3 del DM 364/2021 assegnava 1.412.215 invece di 1.512.215
2023 DM MIT 342-2023.pdf,minimax/minimax-m3,off,,,Ministero delle infrastrutture e dei trasporti,,rettifica,B19F22013250002,True,definitivo,,1,singolo,7150,4,,2400000.0,2400000.0,"2.400.000,00",totale,assegnazione,rimodulato,SICUREZZA INTERVENTO,"art. 1, c. 3; Allegato 2 / [TABELLA pag.7 n.1], riga 2","ELIMINAZIONE DI DUE PASSAGGI A LIVELLO ... 2.400.000,00 ... B19F22013250002","DM MIMS 23 settembre 2021, n. 364 - Allegato 2",alta,,
2023 DM MIT 342-2023.pdf,minimax/minimax-m3,off,,,Ministero delle infrastrutture e dei trasporti,,rettifica,C89F23000050001,True,definitivo,,1,singolo,7150,4,,600000.0,600000.0,"600.000,00",totale,assegnazione,rimodulato,SICUREZZA INTERVENTO,"art. 1, c. 3; Allegato 2 / [TABELLA pag.7 n.1], riga 3","SOPPRESSIONE DI QUATTRO PASSAGGI A LIVELLO PRIVATI ... 600.000,00 ... C89F23000050001","DM MIMS 23 settembre 2021, n. 364 - Allegato 2",alta,,
2023 DM MIT 342-2023.pdf,minimax/minimax-m3,off,,,Ministero delle infrastrutture e dei trasporti,,rettifica,C99F23000050001,True,definitivo,,1,singolo,7150,4,,5400000.0,5400000.0,"5.400.000,00",totale,assegnazione,rimodulato,SICUREZZA INTERVENTO,"art. 1, c. 3; Allegato 2 / [TABELLA pag.8 n.1], riga 1","LINEA BOLOGNA-PORTOMAGGIORE, SOPPRESSIONE PL IN LOC. CA' DELL'ORBO ... 5.400.000,00 ... C99F23000050001","DM MIMS 23 settembre 2021, n. 364 - Allegato 2",alta,,
2023 DM MIT 342-2023.pdf,minimax/minimax-m3,off,,,Ministero delle infrastrutture e dei trasporti,,rettifica,C56G21008730001,True,definitivo,,1,singolo,7150,4,,3400000.0,3400000.0,"3.400.000,00",totale,assegnazione,rimodulato,SICUREZZA INTERVENTO,"art. 1, c. 3; Allegato 2 / [TABELLA pag.8 n.1], riga 2","UPGRADE CON IMPIANTI MULTI-ACC ... 3.400.000,00 ... C56G21008730001","DM MIMS 23 settembre 2021, n. 364 - Allegato 2",alta,,Rettifica errore materiale: Allegato 3 del DM 364/2021 assegnava 9.500.000 invece di 9.400.000
2023 DM MIT 342-2023.pdf,minimax/minimax-m3,off,,,Ministero delle infrastrutture e dei trasporti,,rettifica,F41B21005790009,True,definitivo,,1,singolo,7150,4,,30000000.0,30000000.0,30.000.000,totale,assegnazione,rimodulato,SICUREZZA INTERVENTO,"art. 1, c. 3; Allegato 2 / [TABELLA pag.9 n.1], riga 1",SOPPRESSIONE PP.LL. RETE FERROVIARIA EAV ... 30.000.000 ... F41B21005790009,"DM MIMS 23 settembre 2021, n. 364 - Allegato 2",alta,,
2023 DM MIT 342-2023.pdf,minimax/minimax-m3,off,,,Ministero delle infrastrutture e dei trasporti,,rettifica,G31G22000260001,True,definitivo,,1,singolo,7150,4,,7200000.0,7200000.0,7.200.000,totale,assegnazione,rimodulato,SICUREZZA INTERVENTO,"art. 1, c. 3; Allegato 2 / [TABELLA pag.9 n.1], riga 2",RADDOPPIO TRA BARI SANT'ANDREA E MODUGNO ... 7.200.000 ... G31G22000260001,"DM MIMS 23 settembre 2021, n. 364 - Allegato 2",alta,,
2023 DM MIT 342-2023.pdf,minimax/minimax-m3,off,,,Ministero delle infrastrutture e dei trasporti,,rettifica,G11B18000550005,True,definitivo,,1,singolo,7150,4,,3500000.0,3500000.0,3.500.000,totale,assegnazione,rimodulato,SICUREZZA INTERVENTO,"art. 1, c. 3; Allegato 2 / [TABELLA pag.10 n.1], riga 1",RIPRISTINO DELLA FUNZIONALITÀ DELL'OFFICINA FERROVIARIA A SERRA RIFUSA ... 3.500.000 ... G11B18000550005,"DM MIMS 23 settembre 2021, n. 364 - Allegato 2",alta,,
2023 DM MIT 342-2023.pdf,minimax/minimax-m3,off,,,Ministero delle infrastrutture e dei trasporti,,rettifica,B81B21003770005,True,definitivo,,1,singolo,7150,4,,1750000.0,1750000.0,1.750.000,totale,assegnazione,rimodulato,SICUREZZA INTERVENTO,"art. 1, c. 3; Allegato 2 / [TABELLA pag.10 n.1], riga 2",TESATURA DEI CONDUTTORI IN RAME DELL'IMPIANTO TE DELLA TRATTA FOSSACESIA-ARCHI ... 1.750.000 ... B81B21003770005,"DM MIMS 23 settembre 2021, n. 364 - Allegato 2",alta,,
2023 DM MIT 342-2023.pdf,minimax/minimax-m3,off,,,Ministero delle infrastrutture e dei trasporti,,rettifica,,False,,,0,singolo,7150,4,2033,217585.0,217585.0,217.585,quota,rimodulazione,rimodulato,SICUREZZA (Cap. 7150 Pg. n.4) - VENETO,"art. 1, c. 1; Allegato 3 / [TABELLA pag.11 n.1], riga 2033",2033 ... 217.585 ... VENETO,"DM MIMS 23 settembre 2021, n. 364 - Allegato 3",media,"Riga di Allegato 3 senza CUP: importo regionale Veneto per annualità 2033, rettificato da 117.585 a 217.585",Rettifica errore materiale: Veneto 2033 passa da 117.585 a 217.585 euro
2023 DM MIT 342-2023.pdf,minimax/minimax-m3,off,,,Ministero delle infrastrutture e dei trasporti,,rettifica,,False,,,0,singolo,7150,4,2032,125266.0,125266.0,125.266,quota,rimodulazione,rimodulato,SICUREZZA (Cap. 7150 Pg. n.4) - VENETO,"art. 1, c. 1; Allegato 3 / [TABELLA pag.11 n.1], riga 2032",2032 ... 125.266 ... VENETO,"DM MIMS 23 settembre 2021, n. 364 - Allegato 3",media,"Riga di Allegato 3 senza CUP: importo regionale Veneto per annualità 2032, rettificato da 125.268 a 125.266",Rettifica errore materiale: Veneto 2032 passa da 125.268 a 125.266 euro
2023 DM MIT 342-2023.pdf,minimax/minimax-m3,off,,,Ministero delle infrastrutture e dei trasporti,,rettifica,,False,,,0,singolo,7150,4,2033,690994.0,690994.0,690.994,quota,rimodulazione,rimodulato,SICUREZZA (Cap. 7150 Pg. n.4) - EMILIA ROMAGNA,"art. 1, c. 1; Allegato 3 / [TABELLA pag.11 n.1], riga 2033",2033 ... 690.994 ... EMILIA ROMAGNA,"DM MIMS 23 settembre 2021, n. 364 - Allegato 3",media,"Riga di Allegato 3 senza CUP: importo regionale Emilia Romagna per annualità 2033, rettificato da 790.994 a 690.994",Rettifica errore materiale: Emilia Romagna 2033 passa da 790.994 a 690.994 euro
2023 DM MIT 342-2023.pdf,minimax/minimax-m3,off,,,Ministero delle infrastrutture e dei trasporti,,rettifica,,False,,,0,singolo,7150,4,2032,842682.0,842682.0,842.682,quota,rimodulazione,rimodulato,SICUREZZA (Cap. 7150 Pg. n.4) - EMILIA ROMAGNA,"art. 1, c. 1; Allegato 3 / [TABELLA pag.11 n.1], riga 2032",2032 ... 842.682 ... EMILIA ROMAGNA,"DM MIMS 23 settembre 2021, n. 364 - Allegato 3",media,"Riga di Allegato 3 senza CUP: importo regionale Emilia Romagna per annualità 2032, rettificato da 842.680 a 842.682",Rettifica errore materiale: Emilia Romagna 2032 passa da 842.680 a 842.682 euro
2025 DD MIT 141-2025.pdf,minimax/minimax-m3,off,141,2025-04-18,Ministero delle infrastrutture e dei trasporti,,impegno,E51I04000010007,True,definitivo,,1,singolo,7419,2,2024-2032,2125000000.0,2125000000.0,"€ 2.125.000.000,00",totale,impegno,impegnato,TOTALE,art. 3; [TABELLA pag.5 n.1],"E' autorizzato l'impegno ... sul capitolo 7419, piano gestionale 2 ... per la somma complessiva di € 2.125.000.000,00","art. 1, comma 478, legge 29 dicembre 2022, n. 197",alta,,Importo complessivo disposto dall'art. 3 sul cap. 7419/PG2; dettaglio annualita' indicato in tabella ma non riportato in record separati (quote di un totale gia' registrato).
2025 DD MIT 141-2025.pdf,minimax/minimax-m3,off,141,2025-04-18,Ministero delle infrastrutture e dei trasporti,,impegno,E51I04000010007,True,definitivo,,1,singolo,7419,2,2024,50000000.0,50000000.0,"€ 50.000.000,00",quota,impegno,impegnato,"2024 (conto residui, esercizio di provenienza 2024)",art. 3; [TABELLA pag.5 n.1],"2024 € 50.000.000,00","art. 1, comma 478, legge 29 dicembre 2022, n. 197",alta,,Quota in conto residui 2024; l'art. 3 riporta solo il totale e cita il dato in conto residui senza dettagliare le altre quote annuali (informazione presente nella sola tabella).
2025 DD MIT 141-2025.pdf,minimax/minimax-m3,off,141,2025-04-18,Ministero delle infrastrutture e dei trasporti,,impegno,E51I04000010007,True,definitivo,,1,singolo,7416,1,2027-2028,75000000.0,75000000.0,"€ 75.000.000,00",totale,impegno,impegnato,,art. 4,"E' autorizzato l'impegno ... sul capitolo 7416 piano gestionale 1 ... per la somma complessiva di € 75.000.000,00","art. 1, comma 478, legge 29 dicembre 2022, n. 197",alta,,Importo complessivo disposto dall'art. 4 sul cap. 7416/PG1; le quote annuali (50.000.000 nel 2027 e 25.000.000 nel 2028) non generano record aggiuntivi in quanto quote di un totale gia' registrato.
2022 DD MIT 454-2022.pdf,moonshotai/kimi-k2.6,off,,,Ministero delle infrastrutture e dei trasporti,Ministero dell'economia e delle finanze,impegno,E51I04000010007,True,definitivo,,1,singolo,7426,1,2021,14000000.0,14000000.0,"€ 14.000.000,00",totale,assegnazione,impegnato,,art. 1,"è autorizzato... l'impegno di € 14.000.000,00 in conto residui di lettera F, esercizio di provenienza 2021","decreto del Ministro delle infrastrutture e dei trasporti di concerto con il Ministro dell'economia e delle finanze, n. 498 del 14 novembre 2014",alta,,"impegno in conto residui di lettera F, esercizio di provenienza 2021"
2022 DD MIT 454-2022.pdf,moonshotai/kimi-k2.6,off,,,Ministero delle infrastrutture e dei trasporti,Ministero dell'economia e delle finanze,impegno,E51I04000010007,True,definitivo,,1,singolo,7426,1,2022-2025,131000000.0,131000000.0,"€ 131.000.000,00",totale,assegnazione,impegnato,,art. 2; [TABELLA pag.3 n.1],"è autorizzato l'impegno... per l'importo complessivo di € 131.000.000,00... 2022 35.000.000,00 €; 2023 40.000.000,00 €; 2024 33.500.000,00 €; 2025 22.500.000,00 €","decreto del Ministro delle infrastrutture e dei trasporti di concerto con il Ministro dell'economia e delle finanze, n. 498 del 14 novembre 2014",alta,,"impegno pluriennale ripartito in annualità: 2022-35mln, 2023-40mln, 2024-33,5mln, 2025-22,5mln"
2022 DDG 128 del 02-05-22.pdf,moonshotai/kimi-k2.6,off,,,Ministero delle infrastrutture e della mobilità sostenibili,,impegno,H94I19000130004,True,definitivo,,1,singolo,7400,7,2020-2034,97154124.1,97154124.1,"97.154.124,10",totale,assegnazione,impegnato,Totale,"art. 1 e art. 2; [TABELLA pag.4 n.1], riga 2","Comune di Padova | H94I19000130004 | 7400/PG 7 | ... | 97.154.124,10",Decreto del Ministro delle infrastrutture e della mobilità sostenibili n. 464 del 22 novembre 2021,alta,,"Importo totale pluriennale 2020-2034; art. 1 dispone impegno in conto residui di € 3.000.000,00 (di cui € 1.000.000,00 2020 e € 2.000.000,00 2021), art. 2 dispone impegno in conto competenza per il residuo pluriennale"
2022 DDG 128 del 02-05-22.pdf,moonshotai/kimi-k2.6,off,,,Ministero delle infrastrutture e della mobilità sostenibili,,impegno,J80J18000000001,True,definitivo,,1,singolo,7400,7,2020-2034,159466174.12,159466174.12,"159.466.174,12",totale,assegnazione,impegnato,Totale,"art. 1 e art. 2; [TABELLA pag.4 n.1], riga 3","Roma Capitale | J80J18000000001 | 7400/PG 7 | ... | 159.466.174,12",Decreto del Ministro delle infrastrutture e della mobilità sostenibili n. 464 del 22 novembre 2021,alta,,Importo totale pluriennale 2020-2034; art. 1 e art. 2 dispongono impegni su PG 7
2022 DDG 128 del 02-05-22.pdf,moonshotai/kimi-k2.6,off,,,Ministero delle infrastrutture e della mobilità sostenibili,,impegno,C11B21008720001,True,definitivo,,2,aggregato,7400,7,2020-2034,44494493.04,22247246.52,"44.494.493,04",totale,assegnazione,impegnato,Totale,"art. 1 e art. 2; [TABELLA pag.4 n.1], riga 4","Comune di Torino | C11B21008720001 D81E20000410007 | 7400/PG 7 | ... | 44.494.493,04",Decreto del Ministro delle infrastrutture e della mobilità sostenibili n. 464 del 22 novembre 2021,alta,,Importo aggregato unico per due CUP; l'atto non ripartisce l'importo tra i due CUP
2022 DDG 128 del 02-05-22.pdf,moonshotai/kimi-k2.6,off,,,Ministero delle infrastrutture e della mobilità sostenibili,,impegno,D81E20000410007,True,definitivo,,2,aggregato,7400,7,2020-2034,44494493.04,22247246.52,"44.494.493,04",totale,assegnazione,impegnato,Totale,"art. 1 e art. 2; [TABELLA pag.4 n.1], riga 4","Comune di Torino | C11B21008720001 D81E20000410007 | 7400/PG 7 | ... | 44.494.493,04",Decreto del Ministro delle infrastrutture e della mobilità sostenibili n. 464 del 22 novembre 2021,alta,,Importo aggregato unico per due CUP; l'atto non ripartisce l'importo tra i due CUP
2022 DDG 128 del 02-05-22.pdf,moonshotai/kimi-k2.6,off,,,Ministero delle infrastrutture e della mobilità sostenibili,,impegno,C81B21013200005,True,definitivo,,1,singolo,7400,7,2020-2034,333059208.74,333059208.74,"333.059.208,74",totale,assegnazione,impegnato,Totale,"art. 1 e art. 2; [TABELLA pag.4 n.1], riga 5","Comune di Brescia | C81B21013200005 | 7400/PG 7 | ... | 333.059.208,74",Decreto del Ministro delle infrastrutture e della mobilità sostenibili n. 464 del 22 novembre 2021,alta,,Importo totale pluriennale 2020-2034 su PG 7; art. 1 e art. 2 dispongono impegni
2022 DDG 128 del 02-05-22.pdf,moonshotai/kimi-k2.6,off,,,Ministero delle infrastrutture e della mobilità sostenibili,,impegno,C81B21013200005,True,definitivo,,1,singolo,7400,1,2029-2034,26486678.33,26486678.33,"26.486.678,33",totale,assegnazione,impegnato,Totale,"art. 3; [TABELLA pag.4 n.1], riga 5 (seconda parte)","| | 7400/PG 1 | | | | | | | | | | 4.414.446,39 | 4.414.446,39 | 4.414.446,39 | 4.414.446,39 | 4.414.446,39 | 4.414.446,38 | 26.486.678,33",Decreto del Ministro delle infrastrutture e della mobilità sostenibili n. 464 del 22 novembre 2021,alta,"La riga del Comune di Brescia nella tabella è divisa su due righe fisiche: prima PG 7 con CUP, poi PG 1 senza ripetizione del CUP nella stessa riga ma con stesso beneficiario; il CUP è stato ricostruito dal contesto","Importo totale pluriennale 2029-2034 su PG 1; art. 3 dispone impegno esplicito di € 26.486.678,33 su PG 1 per Brescia"
2022 DI Mims Mef 97 20.04.2022.pdf,moonshotai/kimi-k2.6,off,,,Ministero delle Infrastrutture e della Mobilità Sostenibili,Ministero dell'Economia e delle Finanze,assegnazione,B39J22001360001,True,definitivo,,1,singolo,7400,8,,398000000.0,398000000.0,"398.000.000,00",totale,assegnazione,assegnato,Finanziamento ammesso,"art. 1, comma 1, lett. a); Allegato 1 / [TABELLA pag.10 n.1], riga 1","COMUNE DI GENOVA | SKYMETRO VAL BISAGNO GENOVA | B39J22001360001 | PFTE | 31.03.2023 | 30.06.2025 | 31.12.2027 | 398.000.000,00 | --- | 398.000.000,00",,alta,,"Capitolo 7400 PG 8 dedotto dal contesto (risorse art. 1, c. 393, l. 234/2021 per città metropolitane); cofinanziamento nullo indicato con '---'"
2022 DI Mims Mef 97 20.04.2022.pdf,moonshotai/kimi-k2.6,off,,,Ministero delle Infrastrutture e della Mobilità Sostenibili,Ministero dell'Economia e delle Finanze,assegnazione,B31F20000030005,True,definitivo,,1,singolo,7400,8,,20860000.0,20860000.0,"20.860.000,00",totale,assegnazione,assegnato,Finanziamento ammesso,"art. 1, comma 1, lett. a); Allegato 1 / [TABELLA pag.10 n.1], riga 2","COMUNE DI GENOVA | PROLUNGAMENTO METROPOLITANA DI GENOVA DA BRIN A CANEPARI... | B31F20000030005 | PFTE | 31.03.2023 | 31.12.2023 | 30.09.2024 | 20.860.000,00 | --- | 20.860.000,00",,alta,,Capitolo 7400 PG 8; cofinanziamento nullo
2022 DI Mims Mef 97 20.04.2022.pdf,moonshotai/kimi-k2.6,off,,,Ministero delle Infrastrutture e della Mobilità Sostenibili,Ministero dell'Economia e delle Finanze,assegnazione,B44D20000040001,True,definitivo,,1,singolo,7400,8,,180000000.0,180000000.0,"180.000.000,00",totale,assegnazione,assegnato,Finanziamento ammesso,"art. 1, comma 1, lett. a); Allegato 1 / [TABELLA pag.10 n.1], riga 3","COMUNE DI MILANO | LINEA METROPOLITANA M1 PROLUNGAMENTO QUARTIERE BAGGIO – OLMI - VALSESIA | B44D20000040001 | PROGETTO DEFINITIVO | 31.12.2022 | 31.12.2025 | 31.12.2027 | 398.000.000,00 | 218.000.000,00 | 180.000.000,00",,alta,,"Capitolo 7400 PG 8; cofinanziamento di 218.000.000,00 indicato in colonna COFIN. DISPONIBILE"
2022 DI Mims Mef 97 20.04.2022.pdf,moonshotai/kimi-k2.6,off,,,Ministero delle Infrastrutture e della Mobilità Sostenibili,Ministero dell'Economia e delle Finanze,assegnazione,B91J21000040001,True,definitivo,,1,singolo,7400,8,,420000000.0,420000000.0,"420.000.000,00",totale,assegnazione,assegnato,Finanziamento ammesso,"art. 1, comma 1, lett. a); Allegato 1 / [TABELLA pag.10 n.1], riga 4","COMUNE DI MILANO | PROLUNGAMENTO LINEA METROPOLITANA M4 DA AEROPORTO LINATE A SEGRATE | B91J21000040001 | PFTE | 31.12.2025 | 31.12.2028 | 31.12.2030 | 420.000.000,00 | --- | 420.000.000,00",,alta,,Capitolo 7400 PG 8; cofinanziamento nullo
2022 DI Mims Mef 97 20.04.2022.pdf,moonshotai/kimi-k2.6,off,,,Ministero delle Infrastrutture e della Mobilità Sostenibili,Ministero dell'Economia e delle Finanze,assegnazione,B41J21000050006,True,definitivo,,1,singolo,7400,8,,4500000.0,4500000.0,"4.500.000,00",totale,assegnazione,assegnato,Finanziamento ammesso,"art. 1, comma 1, lett. a); Allegato 1 / [TABELLA pag.10 n.1], riga 5","COMUNE DI MILANO | NUOVA LINEA METROPOLITANA M6 RAMO SUD (PFTE) | B41J21000050006 | --- | 31.03.2023 | 30.06.2024 | 31.12.2025 | 4.500.000,00 | --- | 4.500.000,00",,alta,Il livello di progettazione è indicato come '---' anziché un codice; il CUP è valido,Capitolo 7400 PG 8; cofinanziamento nullo
2022 DI Mims Mef 97 20.04.2022.pdf,moonshotai/kimi-k2.6,off,,,Ministero delle Infrastrutture e della Mobilità Sostenibili,Ministero dell'Economia e delle Finanze,assegnazione,B41C21000010001,True,definitivo,,1,singolo,7400,8,,5500000.0,5500000.0,"5.500.000,00",totale,assegnazione,assegnato,Finanziamento ammesso,"art. 1, comma 1, lett. a); Allegato 1 / [TABELLA pag.10 n.1], riga 6","COMUNE DI MILANO | PROLUNGAMENTO M3 SAN DONATO M. – ASTA PAULLESE (PFTE) | B41C21000010001 | PFTE – 1° FASE | 31.03.2023 | 30.06.2024 | 31.12.2025 | 5.500.000,00 | --- | 5.500.000,00",,alta,,Capitolo 7400 PG 8; cofinanziamento nullo
2022 DI Mims Mef 97 20.04.2022.pdf,moonshotai/kimi-k2.6,off,,,Ministero delle Infrastrutture e della Mobilità Sostenibili,Ministero dell'Economia e delle Finanze,assegnazione,F41B22000740009,True,definitivo,,1,singolo,7400,8,,631373163.0,631373163.0,"631.373.163,00",totale,assegnazione,assegnato,Finanziamento ammesso,"art. 1, comma 1, lett. a); Allegato 1 / [TABELLA pag.10 n.1], riga 7","COMUNE DI NAPOLI / EAV Srl | NUOVO COLLEGAMENTO IN SEDE PROPRIA... LOTTO 1°_STRALCIO I | F41B22000740009 (CUP MASTER) | PFTE | 31.03.2023 | 30.06.2025 | 31.12.2027 | 631.373.163,00 | --- | 631.373.163,00",,media,"La cella CUP riporta 'F41B22000740009 (CUP MASTER)' ma non è presente un CUP dell'intervento separato; trattandosi di unico codice indicato, questo è il CUP della riga","Capitolo 7400 PG 8; cofinanziamento nullo; la dicitura '(CUP MASTER)' potrebbe indicare che questo è un CUP master ma non essendoci altro CUP, è l'unico identificativo disponibile"
2022 DI Mims Mef 97 20.04.2022.pdf,moonshotai/kimi-k2.6,off,,,Ministero delle Infrastrutture e della Mobilità Sostenibili,Ministero dell'Economia e delle Finanze,assegnazione,F41B22000830009,True,definitivo,,1,singolo,7400,8,,163500824.0,163500824.0,"163.500.824,00",totale,assegnazione,assegnato,Finanziamento ammesso,"art. 1, comma 1, lett. a); Allegato 1 / [TABELLA pag.10 n.1], riga 8","COMUNE DI NAPOLI / EAV Srl | NUOVO COLLEGAMENTO IN SEDE PROPRIA... LOTTO 1°_STRALCIO II | F41B22000830009 | PFTE | 31.03.2026 | 31.12.2026 | 31.12.2027 | 163.500.824,00 | --- | 163.500.824,00",,alta,,Capitolo 7400 PG 8; cofinanziamento nullo
2022 DI Mims Mef 97 20.04.2022.pdf,moonshotai/kimi-k2.6,off,,,Ministero delle Infrastrutture e della Mobilità Sostenibili,Ministero dell'Economia e delle Finanze,assegnazione,E51I04000010007,True,definitivo,,1,singolo,7400,8,,610000000.0,610000000.0,"610.000.000,00",totale,assegnazione,assegnato,Finanziamento ammesso,"art. 1, comma 1, lett. a); Allegato 1 / [TABELLA pag.10 n.1], riga 9","ROMA CAPITALE / ROMA METROPOLITANE Srl | LINEA C DELLA METROPOLITANA DI ROMA - SUB-TRATTA FUNZIONALE DA STAZIONE VENEZIA A STAZIONE FORI IMPERIALI | E51I04000010007 | PROGETTO DEFINITIVO | 31.12.2022 | 31.12.2027 | 31.12.2032 | 755.000.000,00 | 145.000.000,00 | 610.000.000,00",,alta,,"Capitolo 7400 PG 8; cofinanziamento di 145.000.000,00"
2022 DI Mims Mef 97 20.04.2022.pdf,moonshotai/kimi-k2.6,off,,,Ministero delle Infrastrutture e della Mobilità Sostenibili,Ministero dell'Economia e delle Finanze,assegnazione,E51I04000010007,True,definitivo,,1,singolo,7400,8,,990000000.0,990000000.0,"990.000.000,00",totale,assegnazione,assegnato,Finanziamento ammesso,"art. 1, comma 1, lett. a); Allegato 1 / [TABELLA pag.10 n.1], riga 10","ROMA CAPITALE / ROMA METROPOLITANE Srl | LINEA C DELLA METROPOLITANA DI ROMA - TRATTA T2 - LOTTO COSTRUTTIVO | E51I04000010007 | PROGETTO PRELIMINARE | 30.06.2023 | 30.09.2024 | 31.12.2026 | 990.000.000,00 | --- | 990.000.000,00",,alta,Stesso CUP E51I04000010007 per due interventi distinti (sub-tratta funzionale e tratta T2); importi separati in righe diverse,Capitolo 7400 PG 8; cofinanziamento nullo; stesso CUP di altro intervento ma riga distinta con importo proprio
2022 DI Mims Mef 97 20.04.2022.pdf,moonshotai/kimi-k2.6,off,,,Ministero delle Infrastrutture e della Mobilità Sostenibili,Ministero dell'Economia e delle Finanze,assegnazione,C71F20000020005,True,definitivo,,1,singolo,7400,8,,1000000000.0,1000000000.0,"1.000.000.000,00",totale,assegnazione,assegnato,Finanziamento ammesso,"art. 1, comma 1, lett. a); Allegato 1 / [TABELLA pag.10 n.1], riga 11","COMUNE DI TORINO | METROPOLITANA AUTOMATICA DI TORINO – LINEA 2 – TRATTA “POLITECNICO – REBAUDENGO” | C71F20000020005 | PROGETTO DEFINITIVO | 31.12.2023 | 30.06.2028 | 31.12.2031 | 1.800.000.000,00 | 800.000.000,00 | 1.000.000.000,00",,alta,,"Capitolo 7400 PG 8; cofinanziamento di 800.000.000,00"
2022 DI Mims Mef 97 20.04.2022.pdf,moonshotai/kimi-k2.6,off,,,Ministero delle Infrastrutture e della Mobilità Sostenibili,Ministero dell'Economia e delle Finanze,assegnazione,J81B21014060001,True,definitivo,,1,singolo,7400,1,,173183831.97,173183831.97,"173.183.831,97",totale,assegnazione,assegnato,Finanziamento ammesso,"art. 1, comma 1, lett. b); Allegato 2 / [TABELLA pag.12 n.1], riga 1","ROMA CAPITALE | LINEA TRANVIARIA TERMINI - VATICANO - AURELIO | J81B21014060001 | TRANVIA | 293.183.831,97 | 120.000.000,00 | 173.183.831,97","decreto ministeriale 16 novembre 2021, n. 448",alta,,"Capitolo 7400 PG 1 (ris residue sez. II); il cofinanziamento di 120.000.000,00 era già stato assegnato con DM 448/2021; questo atto assegna la parte residua"
2022 DI Mims Mef 97 20.04.2022.pdf,moonshotai/kimi-k2.6,off,,,Ministero delle Infrastrutture e della Mobilità Sostenibili,Ministero dell'Economia e delle Finanze,assegnazione,J84E21005150001,True,definitivo,,1,singolo,7400,1,,11284217.84,11284217.84,"11.284.217,84",totale,assegnazione,assegnato,Finanziamento ammesso,"art. 1, comma 1, lett. b); Allegato 2 / [TABELLA pag.12 n.1], riga 2","ROMA CAPITALE | DEPOSITO DI CENTOCELLE EST | J84E21005150001 | TRANVIA | 11.284.217,84 | --- | 11.284.217,84",,alta,,Capitolo 7400 PG 1 (ris residue sez. II); cofinanziamento nullo
2022 DI Mims Mef 97 20.04.2022.pdf,moonshotai/kimi-k2.6,off,,,Ministero delle Infrastrutture e della Mobilità Sostenibili,Ministero dell'Economia e delle Finanze,assegnazione,E31J19000030001,True,definitivo,,1,singolo,7400,1,,26500000.0,26500000.0,"26.500.000,00",totale,assegnazione,assegnato,Finanziamento ammesso,"art. 1, comma 1, lett. b); Allegato 2 / [TABELLA pag.12 n.1], riga 3","COMUNE DI PIACENZA | SISTEMA DI TRASPORTO RAPIDO DI MASSA PER IL COLLEGAMENTO TRA LA STAZIONE FERROVIARIA DI PIACENZA ED IL NUOVO POLO OSPEDALIERO | E31J19000030001 | BUSVIA | 26.500.000,00 | --- | 26.500.000,00",,alta,,Capitolo 7400 PG 1 (ris residue sez. II); cofinanziamento nullo
2022 DI Mims Mef 97 20.04.2022.pdf,moonshotai/kimi-k2.6,off,,,Ministero delle Infrastrutture e della Mobilità Sostenibili,Ministero dell'Economia e delle Finanze,assegnazione,F44I19000530001,True,definitivo,,1,singolo,7400,1,,122200000.0,122200000.0,"122.200.000,00",totale,assegnazione,assegnato,Finanziamento ammesso,"art. 1, comma 1, lett. b); Allegato 2 / [TABELLA pag.12 n.1], riga 4","COMUNE DI MILANO | AMPLIAMENTO DEL DEPOSITO GALLARATESE DEI TRENI DELLA LINEA METROPOLITANA 1 | F44I19000530001 | METRO | 122.200.000,00 | --- | 122.200.000,00",,alta,,Capitolo 7400 PG 1 (ris residue sez. II); cofinanziamento nullo
2023 DM MIT 342-2023.pdf,moonshotai/kimi-k2.6,off,,,Ministero delle infrastrutture e dei trasporti,,rettifica,H49J21005480003,True,definitivo,,1,singolo,7150,3,,256450.0,256450.0,"256.450,00",totale,assegnazione,assegnato,IMPORTO AMMASSO A FINANZIAMENTO POTENZIAMENTO,"art. 3; Allegato 1 / [TABELLA pag.4 n.1], riga 11","FERROVIA GENOVA CASELLA | GENOVA P.ZZA MANIN - CASELLA | AMT SPA GENOVA | INTERSCAMBIO CANOVA | STAZIONE DI TORRAZZA REALIZZAZIONE DI PARCHEGGIO INTERSCAMBIO PER BICICLETTE | 4.025,00 | 0,00 | 4.025,00 | | 256.450,00","decreto del Ministro delle infrastrutture e della mobilità sostenibili del 23 settembre 2021, n. 364",alta,,Importo totale aggregato per 9 interventi della ferrovia Genova-Casella; il CUP H49J21005480003 compare nella prima riga del gruppo. Il presente decreto aggiorna e sostituisce l'Allegato 1 del DM 364/2021
2023 DM MIT 342-2023.pdf,moonshotai/kimi-k2.6,off,,,Ministero delle infrastrutture e dei trasporti,,rettifica,C75B23000000001,True,definitivo,,1,singolo,7150,3,,10543255.0,10543255.0,"10.543.255,00",totale,assegnazione,assegnato,IMPORTO AMMASSO A FINANZIAMENTO POTENZIAMENTO,"art. 3; Allegato 1 / [TABELLA pag.4 n.1], riga 13","Roma - Viterbo | ferrovia Roma – Viterbo nella tratta Catalano – Viterbo | ASTRAL S.p.A | RINNOVO, POTENZIAMENTO E MESSA IN SICUREZZA DELLE TRATTE PIÙ AMMALORATE DELLA LINEA DI CONTATTO DELLA FERROVIA ROMA – VITERBO NELLA TRATTA CATALANO – VITERBO | 10.543.255,00 | 0,00 | 10.543.255,00 | | 10.543.255,00","decreto del Ministro delle infrastrutture e della mobilità sostenibili del 23 settembre 2021, n. 364",alta,,L'atto corrente aggiorna e sostituisce l'Allegato 1 del DM 364/2021
2023 DM MIT 342-2023.pdf,moonshotai/kimi-k2.6,off,,,Ministero delle infrastrutture e dei trasporti,,rettifica,C71G22000090001,True,definitivo,,1,singolo,7150,3,,7000000.0,7000000.0,"7.000.000,00",totale,assegnazione,assegnato,IMPORTO AMMASSO A FINANZIAMENTO POTENZIAMENTO,"art. 3; Allegato 1 / [TABELLA pag.4 n.1], riga 15","Roma - Viterbo | Ferrovia Roma – Viterbo | ASTRAL S.p.A | POTENZIAMENTO DEL SISTEMA DI ALIMENTAZIONE ELETTRICA DELLA LINEA ROMA-VITERBO (SSE E DOTE) | 7.000.000,00 | 0,00 | 7.000.000,00 | | 7.000.000,00","decreto del Ministro delle infrastrutture e della mobilità sostenibili del 23 settembre 2021, n. 364",alta,,L'atto corrente aggiorna e sostituisce l'Allegato 1 del DM 364/2021
2023 DM MIT 342-2023.pdf,moonshotai/kimi-k2.6,off,,,Ministero delle infrastrutture e dei trasporti,,rettifica,E51B21002250001,True,definitivo,,1,singolo,7150,3,,20000000.0,20000000.0,"20.000.000,00",totale,assegnazione,assegnato,IMPORTO AMMASSO A FINANZIAMENTO POTENZIAMENTO,"art. 3; Allegato 1 / [TABELLA pag.4 n.1], riga 17","FERROVIA REGIONALE | Milano -Varese - Laveno. | FERROVIENORD | INTERVENTI SULLA RETE PER STABILIZZAZIONE ORARIO: RADDOPPIO SELETTIVO VARESE - LAVENO E SISTEMAZIONI INCROCI (GEMONIO E CITTIGLIO) | 20.000.000,00 | 0,00 | 20.000.000,00 | | 20.000.000,00","decreto del Ministro delle infrastrutture e della mobilità sostenibili del 23 settembre 2021, n. 364",alta,,L'atto corrente aggiorna e sostituisce l'Allegato 1 del DM 364/2021
2023 DM MIT 342-2023.pdf,moonshotai/kimi-k2.6,off,,,Ministero delle infrastrutture e dei trasporti,,rettifica,B41E04000210001,True,definitivo,,1,singolo,7150,3,,50000000.0,50000000.0,"50.000.000,00",totale,assegnazione,assegnato,IMPORTO AMMASSO A FINANZIAMENTO POTENZIAMENTO,"art. 3; Allegato 1 / [TABELLA pag.5 n.1], riga 2","ENTE AUTONOMO VOLTURNO S.R.L. | LINEE VESUVIANE | Comune di Napoli | LINEA 1 DELLA METROPOLITANA DI NAPOLI – TRATTA CDN –CAPODICHINO. OPERE COMPLEMENTARI PER L'IMPERMEABILIZZAZIONE DELLA ADIACENTE GALLERIA CIRCUMVESUVIANA COMPLETAMENTO | 50.000.000,00 | 50.000.000,00 | 100.000.000,00 | | 50.000.000,00","decreto del Ministro delle infrastrutture e della mobilità sostenibili del 23 settembre 2021, n. 364",alta,,"L'atto corrente aggiorna e sostituisce l'Allegato 1 del DM 364/2021; colonna 'IMPORTO AMMASSO A FINANZIAMENTO POTENZIAMENTO' = 50.000.000,00"
2023 DM MIT 342-2023.pdf,moonshotai/kimi-k2.6,off,,,Ministero delle infrastrutture e dei trasporti,,rettifica,F61B21003640009,True,definitivo,,1,singolo,7150,3,,30000000.0,30000000.0,"30.000.000,00",totale,assegnazione,assegnato,IMPORTO AMMASSO A FINANZIAMENTO POTENZIAMENTO,"art. 3; Allegato 1 / [TABELLA pag.5 n.1], riga 4","ENTE AUTONOMO VOLTURNO S.R.L. | LINEE FLEGREE | EAV S.R.L. | NUOVO TELECOMANDO LINEE FLEGREE CON FORNITURA IN OPERA DI TRE SOTTOSTAZIONI ELETTRICHE ED ADEGUAMENTO TE GALLERIE | 30.000.000,00 | 0,00 | 30.000.000,00 | | 30.000.000,00","decreto del Ministro delle infrastrutture e della mobilità sostenibili del 23 settembre 2021, n. 364",alta,,L'atto corrente aggiorna e sostituisce l'Allegato 1 del DM 364/2021
2023 DM MIT 342-2023.pdf,moonshotai/kimi-k2.6,off,,,Ministero delle infrastrutture e dei trasporti,,rettifica,G31G22000250001,True,definitivo,,1,singolo,7150,3,,2800000.0,2800000.0,"2.800.000,00",totale,assegnazione,assegnato,IMPORTO AMMASSO A FINANZIAMENTO POTENZIAMENTO,"art. 3; Allegato 1 / [TABELLA pag.5 n.1], riga 6","BARI- MATERA | BARI - MATERA | FERROVIE APPULO LUCANE | RIFACIMENTO PENSILINA BARI CENTRALE | Rifacimento pensilina Bari centrale – realizzazione nuova pensilina per il secondo stralcio dell'intervento della linea ferroviaria FAL nell'aggregato urbano della città di Modugno | 2.800.000,00 | 0,00 | 2.800.000,00 | | 2.800.000,00","decreto del Ministro delle infrastrutture e della mobilità sostenibili del 23 settembre 2021, n. 364",alta,,L'atto corrente aggiorna e sostituisce l'Allegato 1 del DM 364/2021
2023 DM MIT 342-2023.pdf,moonshotai/kimi-k2.6,off,,,Ministero delle infrastrutture e dei trasporti,,rettifica,D69D15002090001,True,definitivo,,2,aggregato,7150,3,,50000000.0,25000000.0,"50.000.000,00",totale,assegnazione,assegnato,IMPORTO AMMASSO A FINANZIAMENTO POTENZIAMENTO,"art. 3; Allegato 1 / [TABELLA pag.5 n.1], riga 8","MAGLIE- OTRANTO | MAGLIE- OTRANTO e TRATTA ZOLLINO- GAGLIANO C. | FERROVIE SUD EST | COMPLETAMENTO ELETTRIFICAZIONE DORSALE SALENTO (TRATTA MAGLIE- OTRANTO E ZOLLINO- GAGLIANO) | Lotto 4: Maglie – Otranto... Lotto 3: Zollino - Gagliano... | 50.000.000,00 | 130.000.000,00 | 180.000.000,00 | | 50.000.000,00","decreto del Ministro delle infrastrutture e della mobilità sostenibili del 23 settembre 2021, n. 364",alta,,Importo unico per due lotti/CUP; l'atto non ripartisce. L'atto corrente aggiorna e sostituisce l'Allegato 1 del DM 364/2021
2023 DM MIT 342-2023.pdf,moonshotai/kimi-k2.6,off,,,Ministero delle infrastrutture e dei trasporti,,rettifica,D49D15001920001,True,definitivo,,2,aggregato,7150,3,,50000000.0,25000000.0,"50.000.000,00",totale,assegnazione,assegnato,IMPORTO AMMASSO A FINANZIAMENTO POTENZIAMENTO,"art. 3; Allegato 1 / [TABELLA pag.5 n.1], riga 8","MAGLIE- OTRANTO | MAGLIE- OTRANTO e TRATTA ZOLLINO- GAGLIANO C. | FERROVIE SUD EST | COMPLETAMENTO ELETTRIFICAZIONE DORSALE SALENTO (TRATTA MAGLIE- OTRANTO E ZOLLINO- GAGLIANO) | Lotto 4: Maglie – Otranto... Lotto 3: Zollino - Gagliano... | 50.000.000,00 | 130.000.000,00 | 180.000.000,00 | | 50.000.000,00","decreto del Ministro delle infrastrutture e della mobilità sostenibili del 23 settembre 2021, n. 364",alta,,Importo unico per due lotti/CUP; l'atto non ripartisce. L'atto corrente aggiorna e sostituisce l'Allegato 1 del DM 364/2021
2023 DM MIT 342-2023.pdf,moonshotai/kimi-k2.6,off,,,Ministero delle infrastrutture e dei trasporti,,rettifica,G71B18000620005,True,definitivo,,1,singolo,7150,3,,2500000.0,2500000.0,"2.500.000,00",totale,assegnazione,assegnato,IMPORTO AMMASSO A FINANZIAMENTO POTENZIAMENTO,"art. 3; Allegato 1 / [TABELLA pag.5 n.1], riga 10","BARI- MATERA | STAZIONE ALTAMURA | FERROVIE APPULO LUCANE | REALIZZAZIONE PARCHEGGIO DI INTERSCAMBIO NELLA STAZIONE DI ALTAMURA | L'intervento prevede la realizzazione di un parcheggio di interscambio unitamente alla modifica del piano del ferro necessaria a rendere indipendenti gli itinerari dei treni provenienti da Matera da quelli provenienti da Gravina | 2.500.000,00 | 0,00 | 2.500.000,00 | | 2.500.000,00","decreto del Ministro delle infrastrutture e della mobilità sostenibili del 23 settembre 2021, n. 364",alta,,L'atto corrente aggiorna e sostituisce l'Allegato 1 del DM 364/2021
2023 DM MIT 342-2023.pdf,moonshotai/kimi-k2.6,off,,,Ministero delle infrastrutture e dei trasporti,,rettifica,F81B21005610001,True,definitivo,,1,singolo,7150,3,,18000000.0,18000000.0,"18.000.000,00",totale,assegnazione,assegnato,IMPORTO AMMASSO A FINANZIAMENTO POTENZIAMENTO,"art. 3; Allegato 1 / [TABELLA pag.6 n.1], riga 2","Monserrato - Isili | Monserrato - Isili | ARST | VARIANTE DI TRACCCIATO, REALIZZAZIONE PUNTI DI INCROCIO E RADDOPPIO TRATTA MONSERRATO SETTIMO/SAN PIETRO | Le varianti proposte attengono ad alcune porzioni di tracciato... | 26.400.000,00 | 0,00 | 26.400.000,00 | | 18.000.000,00","decreto del Ministro delle infrastrutture e della mobilità sostenibili del 23 settembre 2021, n. 364",alta,,"L'atto corrente aggiorna e sostituisce l'Allegato 1 del DM 364/2021; importo 'IMPORTO AMMASSO A FINANZIAMENTO POTENZIAMENTO' = 18.000.000,00 diverso da 'IMPORTO TOTALE INTERVENTO' = 26.400.000,00"
2023 DM MIT 342-2023.pdf,moonshotai/kimi-k2.6,off,,,Ministero delle infrastrutture e dei trasporti,,rettifica,I61B21003020001,True,definitivo,,1,singolo,7150,3,,9900000.0,9900000.0,"9.900.000,00",totale,assegnazione,assegnato,IMPORTO AMMASSO A FINANZIAMENTO POTENZIAMENTO,"art. 3; Allegato 1 / [TABELLA pag.6 n.1], riga 4","Ferrovie della Calabria S.r.l | Soveria M. - Catanzaro - Catanzaro Lido | Ferrovie della Calabria S.r.l. | LAVORI DI REALIZZAZIONE DELLA NUOVA STAZIONE FERROVIARIA DI CATANZARO CITTÀ | Realizzazione di una nuova stazione ferroviaria in corrispondenza dell'attuale stazione di Catanzaro Città con contemporanea ricucitura della parte alta e della bassa del centro città di Catanzaro | 9.900.000,00 | 0,00 | 9.900.000,00 | | 9.900.000,00","decreto del Ministro delle infrastrutture e della mobilità sostenibili del 23 settembre 2021, n. 364",alta,,L'atto corrente aggiorna e sostituisce l'Allegato 1 del DM 364/2021
2023 DM MIT 342-2023.pdf,moonshotai/kimi-k2.6,off,,,Ministero delle infrastrutture e dei trasporti,,rettifica,I67H21003160001,True,definitivo,,1,singolo,7150,3,,2900000.0,2900000.0,"2.900.000,00",totale,assegnazione,assegnato,IMPORTO AMMASSO A FINANZIAMENTO POTENZIAMENTO,"art. 3; Allegato 1 / [TABELLA pag.6 n.1], riga 6","Ferrovie della Calabria S.r.l | Soveria M. - Catanzaro - Catanzaro Lido - Germaneto | Ferrovie della Calabria S.r.l. | LAVORI DI MIGLIORAMENTO DELLA FRUIBILITÀ DELLA LINEA FERROVIARIA SULLA TRATTA CATANZARO CITTÀ - CATANZARO - CATANZARO LIDO -GERMANETO | Lavori di inserimento di un posto di scambio in cremagliera... | 2.900.000,00 | 0,00 | 2.900.000,00 | | 2.900.000,00","decreto del Ministro delle infrastrutture e della mobilità sostenibili del 23 settembre 2021, n. 364",alta,,L'atto corrente aggiorna e sostituisce l'Allegato 1 del DM 364/2021
2023 DM MIT 342-2023.pdf,moonshotai/kimi-k2.6,off,,,Ministero delle infrastrutture e dei trasporti,,rettifica,B89J21020930005,True,definitivo,,1,singolo,7150,3,,1200000.0,1200000.0,"1.200.000,00",totale,assegnazione,assegnato,IMPORTO AMMASSO A FINANZIAMENTO POTENZIAMENTO,"art. 3; Allegato 1 / [TABELLA pag.6 n.1], riga 8","Divisione Ferroviaria di TUA S.p.A. | Fossacesia-Saletti | Divisione Ferroviaria di TUA S.p.A. | CREAZIONE POSTO INTERMEDIO LOCALITÀ GUASTACCONCIA NELLA TRATTA FOSSACESIA- SALETTI | Attività funzionale al raddoppio della capacità della tratta Fossacesia - Saletti. | 1.200.000,00 | 0,00 | 1.200.000,00 | | 1.200.000,00","decreto del Ministro delle infrastrutture e della mobilità sostenibili del 23 settembre 2021, n. 364",alta,,L'atto corrente aggiorna e sostituisce l'Allegato 1 del DM 364/2021
2023 DM MIT 342-2023.pdf,moonshotai/kimi-k2.6,off,,,Ministero delle infrastrutture e dei trasporti,,rettifica,I57H21005640001,True,definitivo,,1,singolo,7150,4,,1512215.0,1512215.0,"1.512.215,00",totale,assegnazione,assegnato,SICUREZZA,"art. 3; Allegato 2 / [TABELLA pag.7 n.1], riga 2","ADRIA‐ MESTRE | | INFRASTRUTTRE VENETE SRL | INTERVENTI STRUTTURALI DI RISANAMENTO PONTE IN C.A. AL KM. 14+355 | Intervento strutturale di manutenzione straordinaria con interventi su impalcato ponte e regolazione appoggi | 1.512.215,00 | 0,00 | 1.512.215,00 | 1.512.215,00","decreto del Ministro delle infrastrutture e della mobilità sostenibili del 23 settembre 2021, n. 364",alta,,L'atto corrente aggiorna e sostituisce l'Allegato 2 del DM 364/2021; capitolo 7150 pg 4 (sicurezza)
2023 DM MIT 342-2023.pdf,moonshotai/kimi-k2.6,off,,,Ministero delle infrastrutture e dei trasporti,,rettifica,B19F22013250002,True,definitivo,,1,singolo,7150,4,,2400000.0,2400000.0,"2.400.000,00",totale,assegnazione,assegnato,SICUREZZA,"art. 3; Allegato 2 / [TABELLA pag.7 n.1], riga 4","STIA ‐ AREZZO ‐ SINALUNGA | STIA ‐ AREZZO ‐ SINALUNGA | LA FERROVIARIA ITALIANA SPA | ELIMINAZIONE DI DUE PASSAGGI A LIVELLO DI TIPO AUTOMATICO UBICATI NELLA STAZIONE DI GIOVI DELLA FERROVIA AREZZO - SINALUNGA | L'intervento prevede di eliminare due passaggi a livelli... | 2.400.000,00 | 0,00 | 2.400.000,00 | 2.400.000,00","decreto del Ministro delle infrastrutture e della mobilità sostenibili del 23 settembre 2021, n. 364",alta,,L'atto corrente aggiorna e sostituisce l'Allegato 2 del DM 364/2021; capitolo 7150 pg 4 (sicurezza)
2023 DM MIT 342-2023.pdf,moonshotai/kimi-k2.6,off,,,Ministero delle infrastrutture e dei trasporti,,rettifica,C89F23000050001,True,definitivo,,1,singolo,7150,4,,600000.0,600000.0,"600.000,00",totale,assegnazione,assegnato,SICUREZZA,"art. 3; Allegato 2 / [TABELLA pag.7 n.1], riga 6","Ferrovie dell'Emilia Romagna | Parma- Suzzara - Comune di Brescello (RE) | FERROVIE EMILIA ROMGNA S.R.L. | SOPPRESSIONE DI QUATTRO PASSAGGI A LIVELLO PRIVATI (PLP 39 – PLP 40 – PLP 41 – PLP 42) SULLA TRATTA DELLA LINEA FERROVIARIA PARMA – SUZZARA IN COMUNE DI BRESCELLO (RE) | Il progetto prevede la soppressione di n° 4 passaggi a livello privati... | 600.000,00 | 0,00 | 600.000,00 | 600.000,00","decreto del Ministro delle infrastrutture e della mobilità sostenibili del 23 settembre 2021, n. 364",alta,,L'atto corrente aggiorna e sostituisce l'Allegato 2 del DM 364/2021; capitolo 7150 pg 4 (sicurezza)
2023 DM MIT 342-2023.pdf,moonshotai/kimi-k2.6,off,,,Ministero delle infrastrutture e dei trasporti,,rettifica,C99F23000050001,True,definitivo,,1,singolo,7150,4,,5400000.0,5400000.0,"5.400.000,00",totale,assegnazione,assegnato,SICUREZZA,"art. 3; Allegato 2 / [TABELLA pag.8 n.1], riga 2","Ferrovie dell'Emilia Romagna | Bologna- Portomaggiore - Comune di Castenaso (BO) | FERROVIE EMILIA ROMGNA S.R.L. | LINEA BOLOGNA- PORTOMAGGIORE , SOPPRESSIONE PL IN LOC. CA' DELL'ORBO A SEGUITO RIALZO LINEA | L'intervento prevede la eliminazione dei PL sulla linea Bologna- Portomaggiore... | 5.400.000,00 | 1.600.000,00 | 7.000.000,00 | 5.400.000,00","decreto del Ministro delle infrastrutture e della mobilità sostenibili del 23 settembre 2021, n. 364",alta,,L'atto corrente aggiorna e sostituisce l'Allegato 2 del DM 364/2021; capitolo 7150 pg 4 (sicurezza)
2023 DM MIT 342-2023.pdf,moonshotai/kimi-k2.6,off,,,Ministero delle infrastrutture e dei trasporti,,rettifica,C56G21008730001,True,definitivo,,1,singolo,7150,4,,3400000.0,3400000.0,"3.400.000,00",totale,assegnazione,assegnato,SICUREZZA,"art. 3; Allegato 2 / [TABELLA pag.8 n.1], riga 4","Ferrovie dell'Emilia Romagna | Reggio E. Guastalla | FERROVIE EMILIA ROMGNA S.R.L. | UPGRADE CON IMPIANTI MULTI- ACC | L'intervento riguarda i sistemi di segnalamento delle linee di adduzione al nodo urbano di Reggio Emilia... | 3.400.000,00 | 0,00 | 3.400.000,00 | 3.400.000,00","decreto del Ministro delle infrastrutture e della mobilità sostenibili del 23 settembre 2021, n. 364",alta,,L'atto corrente aggiorna e sostituisce l'Allegato 2 del DM 364/2021; capitolo 7150 pg 4 (sicurezza)
2023 DM MIT 342-2023.pdf,moonshotai/kimi-k2.6,off,,,Ministero delle infrastrutture e dei trasporti,,rettifica,F41B21005790009,True,definitivo,,1,singolo,7150,4,,30000000.0,30000000.0,30.000.000,totale,assegnazione,assegnato,SICUREZZA,"art. 3; Allegato 2 / [TABELLA pag.9 n.1], riga 2","ENTE AUTONOMO VOLTURNO S.R.L. | LINEA SUBURB ANA NAPOLI- PIEDIMO NTE MATESE | EAV S.R.L. | SOPPRESSIONE PP.LL. RETE FERROVIARIA EAV | L'intervento contribuisce alla risoluzione di criticità... | 30.000.000 | € 0,00 | 30.000.000 | 30.000.000","decreto del Ministro delle infrastrutture e della mobilità sostenibili del 23 settembre 2021, n. 364",alta,,L'atto corrente aggiorna e sostituisce l'Allegato 2 del DM 364/2021; capitolo 7150 pg 4 (sicurezza); importo originale '30.000.000 €'
2023 DM MIT 342-2023.pdf,moonshotai/kimi-k2.6,off,,,Ministero delle infrastrutture e dei trasporti,,rettifica,G31G22000260001,True,definitivo,,1,singolo,7150,4,,7200000.0,7200000.0,7.200.000,totale,assegnazione,assegnato,SICUREZZA,"art. 3; Allegato 2 / [TABELLA pag.9 n.1], riga 4",BARI- MATERA | Bari Sant'Andrea - Modugno | FERROVIE APPULO LUCANE S.r.l | RADDOPPIO TRA BARI SANT'ANDREA E MODUGNO | Raddoppio tra Bari Sant'Andrea e Modugno | 7.200.000 | 0 | 7.200.000 | 7.200.000,"decreto del Ministro delle infrastrutture e della mobilità sostenibili del 23 settembre 2021, n. 364",alta,,L'atto corrente aggiorna e sostituisce l'Allegato 2 del DM 364/2021; capitolo 7150 pg 4 (sicurezza)
2023 DM MIT 342-2023.pdf,moonshotai/kimi-k2.6,off,,,Ministero delle infrastrutture e dei trasporti,,rettifica,G11B18000550005,True,definitivo,,1,singolo,7150,4,,3500000.0,3500000.0,"3.500.000,00",totale,assegnazione,assegnato,SICUREZZA,"art. 3; Allegato 2 / [TABELLA pag.10 n.1], riga 2","FERROVIE APPULO LUCANE S.r.l | tratta Matera - Altamura della linea Bari - Matera | FERROVIE APPULO LUCANE S.r.l | Interventi sui piazzali di Matera Serra Rifusa e di Matera Villa Longo... | 3.500.000,00 | 0 | 3.500.000 | 3.500.000","decreto del Ministro delle infrastrutture e della mobilità sostenibili del 23 settembre 2021, n. 364",alta,,L'atto corrente aggiorna e sostituisce l'Allegato 2 del DM 364/2021; capitolo 7150 pg 4 (sicurezza)
2023 DM MIT 342-2023.pdf,moonshotai/kimi-k2.6,off,,,Ministero delle infrastrutture e dei trasporti,,rettifica,B81B21003770005,True,definitivo,,1,singolo,7150,4,,1750000.0,1750000.0,"1.750.000,00 €",totale,assegnazione,assegnato,SICUREZZA,"art. 3; Allegato 2 / [TABELLA pag.10 n.1], riga 4","Divisione Ferroviaria di TUA S.p.A. | Fossacesia- Archi | Divisione Ferroviaria di TUA S.p.A. | TESATURA DEI CONDUTTORI IN RAME DELL'IMPIANTO TE DELLA TRATTA FOSSACESIA - ARCHI E REALIZZAZIONE DELLA PALIFICATA DI SOSTEGNO SUL PONTE FIUME SANGRO | Attività di completamento dell'elettrificazione della tratta Fossacesia - Archi... | 1.750.000,00 € | 0 | 1.750.000 | 1.750.000","decreto del Ministro delle infrastrutture e della mobilità sostenibili del 23 settembre 2021, n. 364",alta,,"L'atto corrente aggiorna e sostituisce l'Allegato 2 del DM 364/2021; capitolo 7150 pg 4 (sicurezza); importo originale '1.750.000,00 €'"
2025 DD MIT 141-2025.pdf,moonshotai/kimi-k2.6,off,153,2025-04-18,Ministero delle infrastrutture e dei trasporti,,impegno,E51I04000010007,True,definitivo,,1,singolo,7419,2,2024-2032,2125000000.0,2125000000.0,"€ 2.125.000.000,00",totale,assegnazione,impegnato,,"art. 3; [TABELLA pag.5 n.1], righe 1-9","È autorizzato l'impegno delle risorse di cui al citato articolo 1, comma 478, della legge 29 dicembre 2022, n. 197, sul capitolo 7419, piano gestionale 2 dello stato di previsione del Ministero delle Infrastrutture e dei Trasporti, per la somma complessiva di € 2.125.000.000,00, di cui € 50.000.000,00 in conto residui, esercizio di provenienza 2024 e 2.075.000.000,00 per gli esercizi finanziari dal 2025 al 2032",,alta,,"Importo complessivo su capitolo 7419/PG2; l'annualità 2024 (€ 50.000.000,00) è in conto residui, esercizio di provenienza 2024"
2025 DD MIT 141-2025.pdf,moonshotai/kimi-k2.6,off,153,2025-04-18,Ministero delle infrastrutture e dei trasporti,,impegno,E51I04000010007,True,definitivo,,1,singolo,7416,1,2027-2028,75000000.0,75000000.0,"€ 75.000.000,00",totale,assegnazione,impegnato,,art. 4,"È autorizzato l'impegno delle risorse di cui al citato art.1, comma 478, della legge 29 dicembre 2022, n.197, sul capitolo 7416 piano gestonale 1 dello stato di previsione del Ministero delle Infrastrutture e dei Trasporti, per la somma complessiva di € 75.000.000,00, di cui 50.000.000,00 per l'esercizio finanziario 2027 e € 25.000.000,00 per l'esercizio finanziario 2028",,alta,,"Importo complessivo su capitolo 7416/PG1; ripartito € 50.000.000,00 per il 2027 e € 25.000.000,00 per il 2028"
2022 DD MIT 454-2022.pdf,qwen/qwen3.6-35b-a3b,off,97,2022-04-20,Ministero delle infrastrutture e dei trasporti,Ministero dell'economia e delle finanze,impegno,E51I04000010007,True,definitivo,,1,singolo,7426,1,2021,14000000.0,14000000.0,"€ 14.000.000,00",totale,assegnazione,impegnato,,art. 1,"è autorizzato... l’impegno di € 14.000.000,00 in conto residui di lettera F, esercizio di provenienza 2021.",,alta,,Impegno in conto residui per esercizio 2021
2022 DD MIT 454-2022.pdf,qwen/qwen3.6-35b-a3b,off,97,2022-04-20,Ministero delle infrastrutture e dei trasporti,Ministero dell'economia e delle finanze,impegno,E51I04000010007,True,definitivo,,1,singolo,7426,1,2022-2025,131000000.0,131000000.0,"€ 131.000.000,00",totale,assegnazione,impegnato,,art. 2,"è autorizzato l’impegno... per l’importo complessivo di € 131.000.000,00... come di seguito riportato: 2022 35.000.000,00 €; 2023 40.000.000,00 €; 2024 33.500.000,00 €; 2025 22.500.000,00 €",,alta,,Impegno ripartito su annualità 2022-2025
2022 DDG 128 del 02-05-22.pdf,qwen/qwen3.6-35b-a3b,off,,,Ministero delle infrastrutture e della mobilità sostenibili,,impegno,H94I19000130004,True,definitivo,,1,singolo,7400,7,2022-2034,97154124.1,97154124.1,"97.154.124,10",totale,assegnazione,impegnato,Totale,"art. 2; Allegato / [TABELLA pag.4 n.1], riga 1","Comune di Padova | H94I19000130004 | 7400/PG 7 | ... | 97.154.124,10","DM MIMS 22 novembre 2021, n. 464",alta,,Impegno in conto competenza per il periodo 2022-2034. L'importo corrisponde alla colonna 'Totale' della tabella allegata.
2022 DDG 128 del 02-05-22.pdf,qwen/qwen3.6-35b-a3b,off,,,Ministero delle infrastrutture e della mobilità sostenibili,,impegno,J80J18000000001,True,definitivo,,1,singolo,7400,7,2022-2034,159466174.12,159466174.12,"159.466.174,12",totale,assegnazione,impegnato,Totale,"art. 2; Allegato / [TABELLA pag.4 n.1], riga 2","Roma Capitale | J80J18000000001 | 7400/PG 7 | ... | 159.466.174,12","DM MIMS 22 novembre 2021, n. 464",alta,,Impegno in conto competenza per il periodo 2022-2034. L'importo corrisponde alla colonna 'Totale' della tabella allegata.
2022 DDG 128 del 02-05-22.pdf,qwen/qwen3.6-35b-a3b,off,,,Ministero delle infrastrutture e della mobilità sostenibili,,impegno,C11B21008720001,True,definitivo,,2,aggregato,7400,7,2022-2034,44494493.04,22247246.52,"44.494.493,04",totale,assegnazione,impegnato,Totale,"art. 2; Allegato / [TABELLA pag.4 n.1], riga 3","Comune di Torino | C11B21008720001 D81E20000410007 | 7400/PG 7 | ... | 44.494.493,04","DM MIMS 22 novembre 2021, n. 464",alta,,Impegno in conto competenza per il periodo 2022-2034. Due CUP nella stessa riga per lo stesso importo totale.
2022 DDG 128 del 02-05-22.pdf,qwen/qwen3.6-35b-a3b,off,,,Ministero delle infrastrutture e della mobilità sostenibili,,impegno,D81E20000410007,True,definitivo,,2,aggregato,7400,7,2022-2034,44494493.04,22247246.52,"44.494.493,04",totale,assegnazione,impegnato,Totale,"art. 2; Allegato / [TABELLA pag.4 n.1], riga 3","Comune di Torino | C11B21008720001 D81E20000410007 | 7400/PG 7 | ... | 44.494.493,04","DM MIMS 22 novembre 2021, n. 464",alta,,Impegno in conto competenza per il periodo 2022-2034. Due CUP nella stessa riga per lo stesso importo totale.
2022 DDG 128 del 02-05-22.pdf,qwen/qwen3.6-35b-a3b,off,,,Ministero delle infrastrutture e della mobilità sostenibili,,impegno,C81B21013200005,True,definitivo,,1,singolo,7400,7,2022-2034,333059208.74,333059208.74,"333.059.208,74",totale,assegnazione,impegnato,Totale,"art. 2; Allegato / [TABELLA pag.4 n.1], riga 4","Comune di Brescia | C81B21013200005 | 7400/PG 7 | ... | 333.059.208,74","DM MIMS 22 novembre 2021, n. 464",alta,,Impegno in conto competenza per il periodo 2022-2034. L'importo corrisponde alla colonna 'Totale' della tabella allegata.
2022 DDG 128 del 02-05-22.pdf,qwen/qwen3.6-35b-a3b,off,,,Ministero delle infrastrutture e della mobilità sostenibili,,impegno,C81B21013200005,True,definitivo,,1,singolo,7400,1,2029-2034,26486678.33,26486678.33,"26.486.678,33",totale,assegnazione,impegnato,Totale,"art. 3; Allegato / [TABELLA pag.4 n.1], riga 5","Comune di Brescia | C81B21013200005 | 7400/PG 1 | ... | 26.486.678,33","DM MIMS 22 novembre 2021, n. 464",alta,,Impegno in conto competenza per il periodo 2029-2034. L'importo corrisponde alla colonna 'Totale' della tabella allegata.
2022 DDG 128 del 02-05-22.pdf,qwen/qwen3.6-35b-a3b,off,,,Ministero delle infrastrutture e della mobilità sostenibili,,impegno,H94I19000130004,True,definitivo,,5,aggregato,7400,7,2020-2021,3000000.0,600000.0,"€ 3.000.000,00",totale,assegnazione,impegnato,,art. 1,"è autorizzato l’impegno di euro 3.000.000,00 in conto residui ... a favore dei Comuni di Padova, Torino e Brescia e della Città metropolitana di Roma come riportato nell’allegato","DM MIMS 22 novembre 2021, n. 464",media,"L'art. 1 non specifica l'importo per singolo CUP ma rimanda all'allegato. L'importo totale di 3M€ è ripartito tra i beneficiari dell'allegato per gli esercizi 2020 e 2021. Poiché l'atto non fornisce la ripartizione esatta per CUP in questo articolo, si registra l'importo aggregato per tutti i CUP coinvolti nell'art. 1 (che coincidono con quelli dell'allegato per le annualità 2020-2021).","Impegno in conto residui. L'importo totale è 3.000.000,00. La ripartizione tra i CUP non è esplicitata nell'art. 1 ma è implicita nell'allegato per le annualità 2020 e 2021. Si registra come aggregato per evitare di inventare ripartizioni non presenti nel testo dell'art. 1."
2022 DDG 128 del 02-05-22.pdf,qwen/qwen3.6-35b-a3b,off,,,Ministero delle infrastrutture e della mobilità sostenibili,,impegno,J80J18000000001,True,definitivo,,5,aggregato,7400,7,2020-2021,3000000.0,600000.0,"€ 3.000.000,00",totale,assegnazione,impegnato,,art. 1,"è autorizzato l’impegno di euro 3.000.000,00 in conto residui ... a favore dei Comuni di Padova, Torino e Brescia e della Città metropolitana di Roma come riportato nell’allegato","DM MIMS 22 novembre 2021, n. 464",media,"L'art. 1 non specifica l'importo per singolo CUP ma rimanda all'allegato. L'importo totale di 3M€ è ripartito tra i beneficiari dell'allegato per gli esercizi 2020 e 2021. Poiché l'atto non fornisce la ripartizione esatta per CUP in questo articolo, si registra l'importo aggregato per tutti i CUP coinvolti nell'art. 1 (che coincidono con quelli dell'allegato per le annualità 2020-2021).","Impegno in conto residui. L'importo totale è 3.000.000,00. La ripartizione tra i CUP non è esplicitata nell'art. 1 ma è implicita nell'allegato per le annualità 2020 e 2021. Si registra come aggregato per evitare di inventare ripartizioni non presenti nel testo dell'art. 1."
2022 DDG 128 del 02-05-22.pdf,qwen/qwen3.6-35b-a3b,off,,,Ministero delle infrastrutture e della mobilità sostenibili,,impegno,C11B21008720001,True,definitivo,,5,aggregato,7400,7,2020-2021,3000000.0,600000.0,"€ 3.000.000,00",totale,assegnazione,impegnato,,art. 1,"è autorizzato l’impegno di euro 3.000.000,00 in conto residui ... a favore dei Comuni di Padova, Torino e Brescia e della Città metropolitana di Roma come riportato nell’allegato","DM MIMS 22 novembre 2021, n. 464",media,"L'art. 1 non specifica l'importo per singolo CUP ma rimanda all'allegato. L'importo totale di 3M€ è ripartito tra i beneficiari dell'allegato per gli esercizi 2020 e 2021. Poiché l'atto non fornisce la ripartizione esatta per CUP in questo articolo, si registra l'importo aggregato per tutti i CUP coinvolti nell'art. 1 (che coincidono con quelli dell'allegato per le annualità 2020-2021).","Impegno in conto residui. L'importo totale è 3.000.000,00. La ripartizione tra i CUP non è esplicitata nell'art. 1 ma è implicita nell'allegato per le annualità 2020 e 2021. Si registra come aggregato per evitare di inventare ripartizioni non presenti nel testo dell'art. 1."
2022 DDG 128 del 02-05-22.pdf,qwen/qwen3.6-35b-a3b,off,,,Ministero delle infrastrutture e della mobilità sostenibili,,impegno,D81E20000410007,True,definitivo,,5,aggregato,7400,7,2020-2021,3000000.0,600000.0,"€ 3.000.000,00",totale,assegnazione,impegnato,,art. 1,"è autorizzato l’impegno di euro 3.000.000,00 in conto residui ... a favore dei Comuni di Padova, Torino e Brescia e della Città metropolitana di Roma come riportato nell’allegato","DM MIMS 22 novembre 2021, n. 464",media,"L'art. 1 non specifica l'importo per singolo CUP ma rimanda all'allegato. L'importo totale di 3M€ è ripartito tra i beneficiari dell'allegato per gli esercizi 2020 e 2021. Poiché l'atto non fornisce la ripartizione esatta per CUP in questo articolo, si registra l'importo aggregato per tutti i CUP coinvolti nell'art. 1 (che coincidono con quelli dell'allegato per le annualità 2020-2021).","Impegno in conto residui. L'importo totale è 3.000.000,00. La ripartizione tra i CUP non è esplicitata nell'art. 1 ma è implicita nell'allegato per le annualità 2020 e 2021. Si registra come aggregato per evitare di inventare ripartizioni non presenti nel testo dell'art. 1."
2022 DDG 128 del 02-05-22.pdf,qwen/qwen3.6-35b-a3b,off,,,Ministero delle infrastrutture e della mobilità sostenibili,,impegno,C81B21013200005,True,definitivo,,5,aggregato,7400,7,2020-2021,3000000.0,600000.0,"€ 3.000.000,00",totale,assegnazione,impegnato,,art. 1,"è autorizzato l’impegno di euro 3.000.000,00 in conto residui ... a favore dei Comuni di Padova, Torino e Brescia e della Città metropolitana di Roma come riportato nell’allegato","DM MIMS 22 novembre 2021, n. 464",media,"L'art. 1 non specifica l'importo per singolo CUP ma rimanda all'allegato. L'importo totale di 3M€ è ripartito tra i beneficiari dell'allegato per gli esercizi 2020 e 2021. Poiché l'atto non fornisce la ripartizione esatta per CUP in questo articolo, si registra l'importo aggregato per tutti i CUP coinvolti nell'art. 1 (che coincidono con quelli dell'allegato per le annualità 2020-2021).","Impegno in conto residui. L'importo totale è 3.000.000,00. La ripartizione tra i CUP non è esplicitata nell'art. 1 ma è implicita nell'allegato per le annualità 2020 e 2021. Si registra come aggregato per evitare di inventare ripartizioni non presenti nel testo dell'art. 1."
2022 DI Mims Mef 97 20.04.2022.pdf,qwen/qwen3.6-35b-a3b,off,464,2021-11-22,Ministero delle Infrastrutture e della Mobilità Sostenibili,Ministero dell'Economia e delle Finanze,assegnazione,B39J22001360001,True,definitivo,,1,singolo,7400,8,,398000000.0,398000000.0,"398.000.000,00",totale,assegnazione,assegnato,Finanziamento disponibile,"art. 1, comma 1, lett. a); Allegato 1 / [TABELLA pag.10 n.1], riga 1","SKYMETRO VAL BISAGNO GENOVA | B39J22001360001 | 398.000.000,00",,alta,,
2022 DI Mims Mef 97 20.04.2022.pdf,qwen/qwen3.6-35b-a3b,off,464,2021-11-22,Ministero delle Infrastrutture e della Mobilità Sostenibili,Ministero dell'Economia e delle Finanze,assegnazione,B31F20000030005,True,definitivo,,1,singolo,7400,8,,20860000.0,20860000.0,"20.860.000,00",totale,assegnazione,assegnato,Finanziamento disponibile,"art. 1, comma 1, lett. a); Allegato 1 / [TABELLA pag.10 n.1], riga 2","PROLUNGAMENTO METROPOLITANA DI GENOVA DA BRIN A CANEPARI... | B31F20000030005 | 20.860.000,00",,alta,,
2022 DI Mims Mef 97 20.04.2022.pdf,qwen/qwen3.6-35b-a3b,off,464,2021-11-22,Ministero delle Infrastrutture e della Mobilità Sostenibili,Ministero dell'Economia e delle Finanze,assegnazione,B44D20000040001,True,definitivo,,1,singolo,7400,8,,180000000.0,180000000.0,"180.000.000,00",totale,assegnazione,assegnato,Finanziamento disponibile,"art. 1, comma 1, lett. a); Allegato 1 / [TABELLA pag.10 n.1], riga 3","LINEA METROPOLITANA M1 PROLUNGAMENTO QUARTIERE BAGGIO... | B44D20000040001 | 180.000.000,00",,alta,,
2022 DI Mims Mef 97 20.04.2022.pdf,qwen/qwen3.6-35b-a3b,off,464,2021-11-22,Ministero delle Infrastrutture e della Mobilità Sostenibili,Ministero dell'Economia e delle Finanze,assegnazione,B91J21000040001,True,definitivo,,1,singolo,7400,8,,420000000.0,420000000.0,"420.000.000,00",totale,assegnazione,assegnato,Finanziamento disponibile,"art. 1, comma 1, lett. a); Allegato 1 / [TABELLA pag.10 n.1], riga 4","PROLUNGAMENTO LINEA METROPOLITANA M4 DA AEROPORTO LINATE A SEGRATE | B91J21000040001 | 420.000.000,00",,alta,,
2022 DI Mims Mef 97 20.04.2022.pdf,qwen/qwen3.6-35b-a3b,off,464,2021-11-22,Ministero delle Infrastrutture e della Mobilità Sostenibili,Ministero dell'Economia e delle Finanze,assegnazione,B41J21000050006,True,definitivo,,1,singolo,7400,8,,4500000.0,4500000.0,"4.500.000,00",totale,assegnazione,assegnato,Finanziamento disponibile,"art. 1, comma 1, lett. a); Allegato 1 / [TABELLA pag.10 n.1], riga 5","NUOVA LINEA METROPOLITANA M6 RAMO SUD (PFTE) | B41J21000050006 | 4.500.000,00",,alta,,
2022 DI Mims Mef 97 20.04.2022.pdf,qwen/qwen3.6-35b-a3b,off,464,2021-11-22,Ministero delle Infrastrutture e della Mobilità Sostenibili,Ministero dell'Economia e delle Finanze,assegnazione,B41C21000010001,True,definitivo,,1,singolo,7400,8,,5500000.0,5500000.0,"5.500.000,00",totale,assegnazione,assegnato,Finanziamento disponibile,"art. 1, comma 1, lett. a); Allegato 1 / [TABELLA pag.10 n.1], riga 6","PROLUNGAMENTO M3 SAN DONATO M. – ASTA PAULLESE (PFTE) | B41C21000010001 | 5.500.000,00",,alta,,
2022 DI Mims Mef 97 20.04.2022.pdf,qwen/qwen3.6-35b-a3b,off,464,2021-11-22,Ministero delle Infrastrutture e della Mobilità Sostenibili,Ministero dell'Economia e delle Finanze,assegnazione,F41B22000740009,True,definitivo,F41B22000740009,1,singolo,7400,8,,631373163.0,631373163.0,"631.373.163,00",totale,assegnazione,assegnato,Finanziamento disponibile,"art. 1, comma 1, lett. a); Allegato 1 / [TABELLA pag.10 n.1], riga 7","NUOVO COLLEGAMENTO IN SEDE PROPRIA... LOTTO 1°_STRALCIO I | F41B22000740009 (CUP MASTER) | 631.373.163,00",,alta,"Il CUP F41B22000740009 è marcato come CUP MASTER nella tabella. Poiché è l'unico codice presente per questa riga/intervento, viene trattato come CUP della riga e inserito anche in cup_master.",
2022 DI Mims Mef 97 20.04.2022.pdf,qwen/qwen3.6-35b-a3b,off,464,2021-11-22,Ministero delle Infrastrutture e della Mobilità Sostenibili,Ministero dell'Economia e delle Finanze,assegnazione,F41B22000830009,True,definitivo,,1,singolo,7400,8,,163500824.0,163500824.0,"163.500.824,00",totale,assegnazione,assegnato,Finanziamento disponibile,"art. 1, comma 1, lett. a); Allegato 1 / [TABELLA pag.10 n.1], riga 8","NUOVO COLLEGAMENTO IN SEDE PROPRIA... LOTTO 1°_STRALCIO II | F41B22000830009 | 163.500.824,00",,alta,,
2022 DI Mims Mef 97 20.04.2022.pdf,qwen/qwen3.6-35b-a3b,off,464,2021-11-22,Ministero delle Infrastrutture e della Mobilità Sostenibili,Ministero dell'Economia e delle Finanze,assegnazione,E51I04000010007,True,definitivo,,1,aggregato,7400,8,,1600000000.0,1600000000.0,"1.600.000.000,00",totale,assegnazione,assegnato,Finanziamento disponibile,"art. 1, comma 1, lett. a); Allegato 1 / [TABELLA pag.10 n.1], righe 9-10","LINEA C DELLA METROPOLITANA DI ROMA... | E51I04000010007 | 755.000.000,00 | 990.000.000,00",,media,"Lo stesso CUP E51I04000010007 appare in due righe distinte dell'Allegato 1 con importi diversi (755.000.000,00 e 990.000.000,00). L'atto assegna risorse per l'intero intervento identificato da tale CUP. La somma degli importi di finanziamento disponibile per questo CUP è 1.600.000.000,00. Non essendo specificata una ripartizione, si registra l'intero importo aggregato per il CUP.",
2022 DI Mims Mef 97 20.04.2022.pdf,qwen/qwen3.6-35b-a3b,off,464,2021-11-22,Ministero delle Infrastrutture e della Mobilità Sostenibili,Ministero dell'Economia e delle Finanze,assegnazione,C71F20000020005,True,definitivo,,1,singolo,7400,8,,1000000000.0,1000000000.0,"1.000.000.000,00",totale,assegnazione,assegnato,Finanziamento disponibile,"art. 1, comma 1, lett. a); Allegato 1 / [TABELLA pag.10 n.1], riga 11","METROPOLITANA AUTOMATICA DI TORINO... | C71F20000020005 | 1.000.000.000,00",,alta,,
2022 DI Mims Mef 97 20.04.2022.pdf,qwen/qwen3.6-35b-a3b,off,464,2021-11-22,Ministero delle Infrastrutture e della Mobilità Sostenibili,Ministero dell'Economia e delle Finanze,assegnazione,J81B21014060001,True,definitivo,,1,singolo,7400,1,,173183831.97,173183831.97,"173.183.831,97",totale,assegnazione,assegnato,Finanziamento disponibile,"art. 1, comma 1, lett. b); Allegato 2 / [TABELLA pag.12 n.1], riga 1","LINEA TRANVIARIA TERMINI - VATICANO - AURELIO | J81B21014060001 | 173.183.831,97",,alta,,
2022 DI Mims Mef 97 20.04.2022.pdf,qwen/qwen3.6-35b-a3b,off,464,2021-11-22,Ministero delle Infrastrutture e della Mobilità Sostenibili,Ministero dell'Economia e delle Finanze,assegnazione,J84E21005150001,True,definitivo,,1,singolo,7400,1,,11284217.84,11284217.84,"11.284.217,84",totale,assegnazione,assegnato,Finanziamento disponibile,"art. 1, comma 1, lett. b); Allegato 2 / [TABELLA pag.12 n.1], riga 2","DEPOSITO DI CENTOCELLE EST | J84E21005150001 | 11.284.217,84",,alta,,
2022 DI Mims Mef 97 20.04.2022.pdf,qwen/qwen3.6-35b-a3b,off,464,2021-11-22,Ministero delle Infrastrutture e della Mobilità Sostenibili,Ministero dell'Economia e delle Finanze,assegnazione,E31J19000030001,True,definitivo,,1,singolo,7400,1,,26500000.0,26500000.0,"26.500.000,00",totale,assegnazione,assegnato,Finanziamento disponibile,"art. 1, comma 1, lett. b); Allegato 2 / [TABELLA pag.12 n.1], riga 3","SISTEMA DI TRASPORTO RAPIDO DI MASSA... | E31J19000030001 | 26.500.000,00",,alta,,
2022 DI Mims Mef 97 20.04.2022.pdf,qwen/qwen3.6-35b-a3b,off,464,2021-11-22,Ministero delle Infrastrutture e della Mobilità Sostenibili,Ministero dell'Economia e delle Finanze,assegnazione,F44I19000530001,True,definitivo,,1,singolo,7400,1,,122200000.0,122200000.0,"122.200.000,00",totale,assegnazione,assegnato,Finanziamento disponibile,"art. 1, comma 1, lett. b); Allegato 2 / [TABELLA pag.12 n.1], riga 4","AMPLIAMENTO DEL DEPOSITO GALLARATESE... | F44I19000530001 | 122.200.000,00",,alta,,
2023 DM MIT 342-2023.pdf,qwen/qwen3.6-35b-a3b,off,,,Ministero delle infrastrutture e dei trasporti,,rettifica,H49J21005480003,True,definitivo,,1,singolo,7150,3,,44275.0,44275.0,"44.275,00",totale,assegnazione,assegnato,Finanziamento Sud,"Allegato 1 / [TABELLA pag.4 n.1], riga 1","GENOVA CASELLA | AMT SPA GENOVA | INTERSCAMBIO CASELLA | H49J21005480003 | 44.275,00",,alta,,
2023 DM MIT 342-2023.pdf,qwen/qwen3.6-35b-a3b,off,,,Ministero delle infrastrutture e dei trasporti,,rettifica,C75B23000000001,True,definitivo,,1,singolo,7150,3,,10543255.0,10543255.0,"10.543.255,00",totale,assegnazione,assegnato,Finanziamento Sud,"Allegato 1 / [TABELLA pag.4 n.1], riga 8","Roma - Viterbo | ASTRAL S.p.A | C75B23000000001 | 10.543.255,00",,alta,,
2023 DM MIT 342-2023.pdf,qwen/qwen3.6-35b-a3b,off,,,Ministero delle infrastrutture e dei trasporti,,rettifica,C71G22000090001,True,definitivo,,1,singolo,7150,3,,7000000.0,7000000.0,"7.000.000,00",totale,assegnazione,assegnato,Finanziamento Sud,"Allegato 1 / [TABELLA pag.4 n.1], riga 9","Roma - Viterbo | ASTRAL S.p.A | C71G22000090001 | 7.000.000,00",,alta,,
2023 DM MIT 342-2023.pdf,qwen/qwen3.6-35b-a3b,off,,,Ministero delle infrastrutture e dei trasporti,,rettifica,E51B21002250001,True,definitivo,,1,singolo,7150,3,,20000000.0,20000000.0,"20.000.000,00",totale,assegnazione,assegnato,Finanziamento Sud,"Allegato 1 / [TABELLA pag.4 n.1], riga 11","Milano -Varese | FERROVIENORD | E51B21002250001 | 20.000.000,00",,alta,,
2023 DM MIT 342-2023.pdf,qwen/qwen3.6-35b-a3b,off,,,Ministero delle infrastrutture e dei trasporti,,rettifica,B41E04000210001,True,definitivo,,1,singolo,7150,3,,50000000.0,50000000.0,"50.000.000,00",totale,assegnazione,assegnato,Finanziamento Sud,"Allegato 1 / [TABELLA pag.5 n.1], riga 1","LINEA 1 DELLA METROPOLITANA... | B41E04000210001 | 50.000.000,00",,alta,,
2023 DM MIT 342-2023.pdf,qwen/qwen3.6-35b-a3b,off,,,Ministero delle infrastrutture e dei trasporti,,rettifica,F61B21003640009,True,definitivo,,1,singolo,7150,3,,30000000.0,30000000.0,"30.000.000,00",totale,assegnazione,assegnato,Finanziamento Sud,"Allegato 1 / [TABELLA pag.5 n.1], riga 2","NUOVO TELECOMANDO LINEE FLEGREE... | F61B21003640009 | 30.000.000,00",,alta,,
2023 DM MIT 342-2023.pdf,qwen/qwen3.6-35b-a3b,off,,,Ministero delle infrastrutture e dei trasporti,,rettifica,G31G22000250001,True,definitivo,,1,singolo,7150,3,,2800000.0,2800000.0,"2.800.000,00",totale,assegnazione,assegnato,Finanziamento Sud,"Allegato 1 / [TABELLA pag.5 n.1], riga 3","RIFACIMENTO PENSILINA BARI CENTRALE | G31G22000250001 | 2.800.000,00",,alta,,
2023 DM MIT 342-2023.pdf,qwen/qwen3.6-35b-a3b,off,,,Ministero delle infrastrutture e dei trasporti,,rettifica,D69D15002090001,True,definitivo,,2,aggregato,7150,3,,50000000.0,25000000.0,"50.000.000,00",totale,assegnazione,assegnato,Finanziamento Sud,"Allegato 1 / [TABELLA pag.5 n.1], riga 4","COMPLETAMENTO ELETTRIFICAZIONE DORSALE SALENTO... Lotto 4 - D69D15002090001 Lotto 3 - D49D15001920001 | 50.000.000,00",,alta,,Importo aggregato per due CUP (Lotto 4 e Lotto 3)
2023 DM MIT 342-2023.pdf,qwen/qwen3.6-35b-a3b,off,,,Ministero delle infrastrutture e dei trasporti,,rettifica,D49D15001920001,True,definitivo,,2,aggregato,7150,3,,50000000.0,25000000.0,"50.000.000,00",totale,assegnazione,assegnato,Finanziamento Sud,"Allegato 1 / [TABELLA pag.5 n.1], riga 4","COMPLETAMENTO ELETTRIFICAZIONE DORSALE SALENTO... Lotto 4 - D69D15002090001 Lotto 3 - D49D15001920001 | 50.000.000,00",,alta,,Importo aggregato per due CUP (Lotto 4 e Lotto 3)
2023 DM MIT 342-2023.pdf,qwen/qwen3.6-35b-a3b,off,,,Ministero delle infrastrutture e dei trasporti,,rettifica,G71B18000620005,True,definitivo,,1,singolo,7150,3,,2500000.0,2500000.0,"2.500.000,00",totale,assegnazione,assegnato,Finanziamento Sud,"Allegato 1 / [TABELLA pag.5 n.1], riga 5","REALIZZAZIONE PARCHEGGIO DI INTERSCAMBIO NELLA STAZIONE DI ALTAMURA | G71B18000620005 | 2.500.000,00",,alta,,
2023 DM MIT 342-2023.pdf,qwen/qwen3.6-35b-a3b,off,,,Ministero delle infrastrutture e dei trasporti,,rettifica,F81B21005610001,True,definitivo,,1,singolo,7150,3,,18000000.0,18000000.0,"18.000.000,00",totale,assegnazione,assegnato,Finanziamento Sud,"Allegato 1 / [TABELLA pag.6 n.1], riga 1","VARIANTE DI TRACCCIATO... | F81B21005610001 | 18.000.000,00",,alta,,
2023 DM MIT 342-2023.pdf,qwen/qwen3.6-35b-a3b,off,,,Ministero delle infrastrutture e dei trasporti,,rettifica,I61B21003020001,True,definitivo,,1,singolo,7150,3,,9900000.0,9900000.0,"9.900.000,00",totale,assegnazione,assegnato,Finanziamento Sud,"Allegato 1 / [TABELLA pag.6 n.1], riga 2","LAVORI DI REALIZZAZIONE DELLA NUOVA STAZIONE FERROVIARIA DI CATANZARO CITTÀ | I61B21003020001 | 9.900.000,00",,alta,,
2023 DM MIT 342-2023.pdf,qwen/qwen3.6-35b-a3b,off,,,Ministero delle infrastrutture e dei trasporti,,rettifica,I67H21003160001,True,definitivo,,1,singolo,7150,3,,2900000.0,2900000.0,"2.900.000,00",totale,assegnazione,assegnato,Finanziamento Sud,"Allegato 1 / [TABELLA pag.6 n.1], riga 3","LAVORI DI MIGLIORAMENTO DELLA FRUIBILITÀ... | I67H21003160001 | 2.900.000,00",,alta,,
2023 DM MIT 342-2023.pdf,qwen/qwen3.6-35b-a3b,off,,,Ministero delle infrastrutture e dei trasporti,,rettifica,B89J21020930005,True,definitivo,,1,singolo,7150,3,,1200000.0,1200000.0,"1.200.000,00",totale,assegnazione,assegnato,Finanziamento Sud,"Allegato 1 / [TABELLA pag.6 n.1], riga 4","CREAZIONE POSTO INTERMEDIO LOCALITÀ GUASTACCONCIA... | B89J21020930005 | 1.200.000,00",,alta,,
2023 DM MIT 342-2023.pdf,qwen/qwen3.6-35b-a3b,off,,,Ministero delle infrastrutture e dei trasporti,,rettifica,I57H21005640001,True,definitivo,,1,singolo,7150,4,,1512215.0,1512215.0,"1.512.215,00",totale,assegnazione,assegnato,Sicurezza,"Allegato 2 / [TABELLA pag.7 n.1], riga 1","INTERVENTI STRUTTURALI DI RISANAMENTO PONTE IN C.A. AL KM. 14+355 | I57H21005640001 | 1.512.215,00",,alta,,
2023 DM MIT 342-2023.pdf,qwen/qwen3.6-35b-a3b,off,,,Ministero delle infrastrutture e dei trasporti,,rettifica,B19F22013250002,True,definitivo,,1,singolo,7150,4,,2400000.0,2400000.0,"2.400.000,00",totale,assegnazione,assegnato,Sicurezza,"Allegato 2 / [TABELLA pag.7 n.1], riga 2","ELIMINAZIONE DI DUE PASSAGGI A LIVELLO... | B19F22013250002 | 2.400.000,00",,alta,,
2023 DM MIT 342-2023.pdf,qwen/qwen3.6-35b-a3b,off,,,Ministero delle infrastrutture e dei trasporti,,rettifica,C89F23000050001,True,definitivo,,1,singolo,7150,4,,600000.0,600000.0,"600.000,00",totale,assegnazione,assegnato,Sicurezza,"Allegato 2 / [TABELLA pag.7 n.1], riga 3","SOPPRESSIONE DI QUATTRO PASSAGGI A LIVELLO PRIVATI... | C89F23000050001 | 600.000,00",,alta,,
2023 DM MIT 342-2023.pdf,qwen/qwen3.6-35b-a3b,off,,,Ministero delle infrastrutture e dei trasporti,,rettifica,C99F23000050001,True,definitivo,,1,singolo,7150,4,,5400000.0,5400000.0,"5.400.000,00",totale,assegnazione,assegnato,Sicurezza,"Allegato 2 / [TABELLA pag.8 n.1], riga 1","SOPPRESSIONE PL IN LOC. CA’ DELL'ORBO... | C99F23000050001 | 5.400.000,00",,alta,,
2023 DM MIT 342-2023.pdf,qwen/qwen3.6-35b-a3b,off,,,Ministero delle infrastrutture e dei trasporti,,rettifica,C56G21008730001,True,definitivo,,1,singolo,7150,4,,3400000.0,3400000.0,"3.400.000,00",totale,assegnazione,assegnato,Sicurezza,"Allegato 2 / [TABELLA pag.8 n.1], riga 2","UPGRADE CON IMPIANTI MULTI‐ ACC | C56G21008730001 | 3.400.000,00",,alta,,
2023 DM MIT 342-2023.pdf,qwen/qwen3.6-35b-a3b,off,,,Ministero delle infrastrutture e dei trasporti,,rettifica,F41B21005790009,True,definitivo,,1,singolo,7150,4,,30000000.0,30000000.0,30.000.000,totale,assegnazione,assegnato,Sicurezza,"Allegato 2 / [TABELLA pag.9 n.1], riga 1",SOPPRESSIONE PP.LL. RETE FERROVIARIA EAV | F41B21005790009 | 30.000.000,,alta,,
2023 DM MIT 342-2023.pdf,qwen/qwen3.6-35b-a3b,off,,,Ministero delle infrastrutture e dei trasporti,,rettifica,G31G22000260001,True,definitivo,,1,singolo,7150,4,,7200000.0,7200000.0,7.200.000,totale,assegnazione,assegnato,Sicurezza,"Allegato 2 / [TABELLA pag.9 n.1], riga 2",RADDOPPIO TRA BARI SANT’ANDREA E MODUGNO | G31G22000260001 | 7.200.000,,alta,,
2023 DM MIT 342-2023.pdf,qwen/qwen3.6-35b-a3b,off,,,Ministero delle infrastrutture e dei trasporti,,rettifica,G11B18000550005,True,definitivo,,1,singolo,7150,4,,3500000.0,3500000.0,"3.500.000,00",totale,assegnazione,assegnato,Sicurezza,"Allegato 2 / [TABELLA pag.10 n.1], riga 1","Interventi sui piazzali di Matera Serra Rifusa... | G11B18000550005 | 3.500.000,00",,alta,,
2023 DM MIT 342-2023.pdf,qwen/qwen3.6-35b-a3b,off,,,Ministero delle infrastrutture e dei trasporti,,rettifica,B81B21003770005,True,definitivo,,1,singolo,7150,4,,1750000.0,1750000.0,"1.750.000,00",totale,assegnazione,assegnato,Sicurezza,"Allegato 2 / [TABELLA pag.10 n.1], riga 2","TESATURA DEI CONDUTTORI IN RAME... | B81B21003770005 | 1.750.000,00",,alta,,
2025 DD MIT 141-2025.pdf,qwen/qwen3.6-35b-a3b,off,,2025-03-10,Ministero delle infrastrutture e dei trasporti,,attuazione,E51I04000010007,True,definitivo,,1,singolo,7419,2,2025-2032,2125000000.0,2125000000.0,"€ 2.125.000.000,00",totale,assegnazione,impegnato,,art. 3,"È autorizzato l’impegno delle risorse di cui al citato articolo 1, comma 478, della legge 29 dicembre 2022, n. 197, sul capitolo 7419, piano gestionale 2 ... per la somma complessiva di € 2.125.000.000,00",,alta,,"L'importo include € 50.000.000,00 in conto residui (2024) e € 2.075.000.000,00 per gli esercizi 2025-2032. Il CUP E51I04000010007 è associato alla Convenzione di cui all'art. 1 che disciplina i contributi per la Linea C."
2025 DD MIT 141-2025.pdf,qwen/qwen3.6-35b-a3b,off,,2025-03-10,Ministero delle infrastrutture e dei trasporti,,attuazione,E51I04000010007,True,definitivo,,1,singolo,7416,1,2027-2028,75000000.0,75000000.0,"€ 75.000.000,00",totale,assegnazione,impegnato,,art. 4,"È autorizzato l’impegno delle risorse di cui al citato art.1, comma 478, della legge 29 dicembre 2022, n.197, sul capitolo 7416 piano gestonale 1 ... per la somma complessiva di € 75.000.000,00",,alta,,"L'importo è ripartito in € 50.000.000,00 per il 2027 e € 25.000.000,00 per il 2028. Il CUP E51I04000010007 è associato alla Convenzione di cui all'art. 1."
2022 DD MIT 454-2022.pdf,z-ai/glm-4.7-flash,off,,,Ministero delle Infrastrutture e dei Trasporti,,impegno,E51I04000010007,True,definitivo,,1,singolo,7426,1,,14000000.0,14000000.0,"€ 14.000.000,00",totale,impegno,impegnato,,art. 1,"è autorizzato, per il corrente esercizio finanziario, a favore di Roma Capitale per l’intervento ""Tratta Colosseo - Piazza Venezia della Linea C della metropolitana di Roma"" CUP E51I04000010007, l’impegno di € 14.000.000,00 in conto residui di lettera F, esercizio di provenienza 2021.",,alta,,
2022 DD MIT 454-2022.pdf,z-ai/glm-4.7-flash,off,,,Ministero delle Infrastrutture e dei Trasporti,,impegno,E51I04000010007,True,definitivo,,1,singolo,7426,1,,131000000.0,131000000.0,"€ 131.000.000,00",totale,impegno,impegnato,,art. 2 / [TABELLA pag.3 n.1],"per l’importo complessivo di € 131.000.000,00 a favore di Roma Capitale, per l’intervento ""Tratta Colosseo - Piazza Venezia della Linea C della metropolitana di Roma"" CUP E51I04000010007, come di seguito riportato: Anno Importo 2022 35.000.000,00 € 2023 40.000.000,00 € 2024 33.500.000,00 € 2025 22.500.000,00 € Totale 131.000.000,00 €",,alta,,
2022 DDG 128 del 02-05-22.pdf,z-ai/glm-4.7-flash,off,464,2021-11-22,Ministero delle Infrastrutture e della mobilità sostenibili,,impegno,H94I19000130004,True,definitivo,,1,singolo,7400,7,,3000000.0,3000000.0,"€ 3.000.000,00",totale,impegno,impegnato,,"art. 1; Allegato 1 / [TABELLA pag.4 n.1], riga 1","Comune di Padova | H94I19000130004 | 7400/PG 7 | 153.197,90 | 306.395,80 | ... | 3.000.000,00",,alta,,
2022 DDG 128 del 02-05-22.pdf,z-ai/glm-4.7-flash,off,464,2021-11-22,Ministero delle Infrastrutture e della mobilità sostenibili,,impegno,J80J18000000001,True,definitivo,,1,singolo,7400,7,,631174000.0,631174000.0,"€ 631.174.000,00",totale,impegno,impegnato,,"art. 2; Allegato 1 / [TABELLA pag.4 n.1], riga 2","Roma Capitale | J80J18000000001 | 7400/PG 7 | 251.454,92 | 502.909,85 | ... | 631.174.000,00",,alta,,
2022 DDG 128 del 02-05-22.pdf,z-ai/glm-4.7-flash,off,464,2021-11-22,Ministero delle Infrastrutture e della mobilità sostenibili,,impegno,C11B21008720001,True,definitivo,,2,aggregato,7400,7,,44494493.04,22247246.52,"€ 44.494.493,04",totale,impegno,impegnato,,"art. 2; Allegato 1 / [TABELLA pag.4 n.1], riga 3","Comune di Torino | C11B21008720001 D81E20000410007 | 7400/PG 7 | 70.161,34 | 140.322,66 | ... | 44.494.493,04",,alta,,
2022 DDG 128 del 02-05-22.pdf,z-ai/glm-4.7-flash,off,464,2021-11-22,Ministero delle Infrastrutture e della mobilità sostenibili,,impegno,D81E20000410007,True,definitivo,,2,aggregato,7400,7,,44494493.04,22247246.52,"€ 44.494.493,04",totale,impegno,impegnato,,"art. 2; Allegato 1 / [TABELLA pag.4 n.1], riga 3","Comune di Torino | C11B21008720001 D81E20000410007 | 7400/PG 7 | 70.161,34 | 140.322,66 | ... | 44.494.493,04",,alta,,
2022 DDG 128 del 02-05-22.pdf,z-ai/glm-4.7-flash,off,464,2021-11-22,Ministero delle Infrastrutture e della mobilità sostenibili,,impegno,C81B21013200005,True,definitivo,,1,singolo,7400,7,,333059208.74,333059208.74,"€ 333.059.208,74",totale,impegno,impegnato,,"art. 2; Allegato 1 / [TABELLA pag.4 n.1], riga 4","Comune di Brescia | C81B21013200005 | 7400/PG 7 | 525.185,84 | 1.050.371,69 | ... | 333.059.208,74",,alta,,
2022 DDG 128 del 02-05-22.pdf,z-ai/glm-4.7-flash,off,464,2021-11-22,Ministero delle Infrastrutture e della mobilità sostenibili,,impegno,C81B21013200005,True,definitivo,,1,singolo,7400,1,,26486678.33,26486678.33,"€ 26.486.678,33",totale,impegno,impegnato,,"art. 3; Allegato 1 / [TABELLA pag.4 n.1], riga 5","Comune di Brescia | C81B21013200005 | 7400/PG 1 | | | | | | | | | | | | 26.486.678,33",,alta,,
2022 DI Mims Mef 97 20.04.2022.pdf,z-ai/glm-4.7-flash,off,,,Ministero delle Infrastrutture e della Mobilità Sostenibili,Ministero dell'Economia e delle Finanze,assegnazione,B39J22001360001,True,definitivo,,1,singolo,7400,8,,398000000.0,398000000.0,"398.000.000,00",totale,assegnazione,assegnato,FINANZIAMENTO DISPONIBILE,"Allegato 1 / [TABELLA pag.10 n.1], riga 1","CITTÀ METROPOLITANA DI GENOVA | SKYMETRO VAL BISAGNO GENOVA | COMUNE DI GENOVA | B39J22001360001 | PFTE | | | | 398.000.000,00 | --- | 398.000.000,00",,alta,,
2022 DI Mims Mef 97 20.04.2022.pdf,z-ai/glm-4.7-flash,off,,,Ministero delle Infrastrutture e della Mobilità Sostenibili,Ministero dell'Economia e delle Finanze,assegnazione,B31F20000030005,True,definitivo,,1,singolo,7400,8,,20860000.0,20860000.0,"20.860.000,00",totale,assegnazione,assegnato,FINANZIAMENTO DISPONIBILE,"Allegato 1 / [TABELLA pag.10 n.1], riga 2","CITTÀ METROPOLITANA DI GENOVA | PROLUNGAMENTO METROPOLITANA DI GENOVA DA BRIN A CANEPARI. OPERE DI ADEGUAMENTO IDRAULICO DEL TRATTO TOMBINATO DI VALLE DEL RIO MALTEMPO, AFFLUENTE DEL TORRENTE POLCEVERA | COMUNE DI GENOVA | B31F20000030005 | PFTE | | | | 20.860.000,00 | --- | 20.860.000,00",,alta,,
2022 DI Mims Mef 97 20.04.2022.pdf,z-ai/glm-4.7-flash,off,,,Ministero delle Infrastrutture e della Mobilità Sostenibili,Ministero dell'Economia e delle Finanze,assegnazione,B44D20000040001,True,definitivo,,1,singolo,7400,8,,180000000.0,180000000.0,"180.000.000,00",totale,assegnazione,assegnato,FINANZIAMENTO AMMESSO,"Allegato 1 / [TABELLA pag.10 n.1], riga 3","CITTÀ METROPOLITANA DI MILANO | LINEA METROPOLITANA M1 PROLUNGAMENTO QUARTIERE BAGGIO – OLMI - VALSESIA | COMUNE DI MILANO | B44D20000040001 | PROGETTO DEFINITIVO | | | | 398.000.000,00 | 218.000.000,00 | 180.000.000,00",,alta,,
2022 DI Mims Mef 97 20.04.2022.pdf,z-ai/glm-4.7-flash,off,,,Ministero delle Infrastrutture e della Mobilità Sostenibili,Ministero dell'Economia e delle Finanze,assegnazione,B91J21000040001,True,definitivo,,1,singolo,7400,8,,420000000.0,420000000.0,"420.000.000,00",totale,assegnazione,assegnato,FINANZIAMENTO DISPONIBILE,"Allegato 1 / [TABELLA pag.10 n.1], riga 4","CITTÀ METROPOLITANA DI MILANO | PROLUNGAMENTO LINEA METROPOLITANA M4 DA AEROPORTO LINATE A SEGRATE | COMUNE DI MILANO | B91J21000040001 | PFTE | | | | 420.000.000,00 | --- | 420.000.000,00",,alta,,
2022 DI Mims Mef 97 20.04.2022.pdf,z-ai/glm-4.7-flash,off,,,Ministero delle Infrastrutture e della Mobilità Sostenibili,Ministero dell'Economia e delle Finanze,assegnazione,B41J21000050006,True,definitivo,,1,singolo,7400,8,,4500000.0,4500000.0,"4.500.000,00",totale,assegnazione,assegnato,FINANZIAMENTO DISPONIBILE,"Allegato 1 / [TABELLA pag.10 n.1], riga 5","CITTÀ METROPOLITANA DI MILANO | NUOVA LINEA METROPOLITANA M6 RAMO SUD (PFTE) | COMUNE DI MILANO | B41J21000050006 | --- | | | | 4.500.000,00 | --- | 4.500.000,00",,alta,,
2022 DI Mims Mef 97 20.04.2022.pdf,z-ai/glm-4.7-flash,off,,,Ministero delle Infrastrutture e della Mobilità Sostenibili,Ministero dell'Economia e delle Finanze,assegnazione,B41C21000010001,True,definitivo,,1,singolo,7400,8,,5500000.0,5500000.0,"5.500.000,00",totale,assegnazione,assegnato,FINANZIAMENTO DISPONIBILE,"Allegato 1 / [TABELLA pag.10 n.1], riga 6","CITTÀ METROPOLITANA DI MILANO | PROLUNGAMENTO M3 SAN DONATO M. – ASTA PAULLESE (PFTE) | COMUNE DI MILANO | B41C21000010001 | PFTE – 1° FASE | | | | 5.500.000,00 | --- | 5.500.000,00",,alta,,
2022 DI Mims Mef 97 20.04.2022.pdf,z-ai/glm-4.7-flash,off,,,Ministero delle Infrastrutture e della Mobilità Sostenibili,Ministero dell'Economia e delle Finanze,assegnazione,F41B22000740009,True,definitivo,,1,singolo,7400,8,,631373163.0,631373163.0,"631.373.163,00",totale,assegnazione,assegnato,FINANZIAMENTO DISPONIBILE,"Allegato 1 / [TABELLA pag.10 n.1], riga 7","CITTÀ METROPOLITANA DI NAPOLI | NUOVO COLLEGAMENTO IN SEDE PROPRIA TRA LA STAZIONE AV DI AFRAGOLA E LA RETE METROPOLITANA DI NAPOLI. LOTTO 1°_STRALCIO I | COMUNE DI NAPOLI / EAV Srl | F41B22000740009 (CUP MASTER) | PFTE | | | | 631.373.163,00 | --- | 631.373.163,00",,alta,,
2022 DI Mims Mef 97 20.04.2022.pdf,z-ai/glm-4.7-flash,off,,,Ministero delle Infrastrutture e della Mobilità Sostenibili,Ministero dell'Economia e delle Finanze,assegnazione,F41B22000830009,True,definitivo,,1,singolo,7400,8,,163500824.0,163500824.0,"163.500.824,00",totale,assegnazione,assegnato,FINANZIAMENTO DISPONIBILE,"Allegato 1 / [TABELLA pag.10 n.1], riga 8","CITTÀ METROPOLITANA DI NAPOLI | NUOVO COLLEGAMENTO IN SEDE PROPRIA TRA LA STAZIONE AV DI AFRAGOLA E LA RETE METROPOLITANA DI NAPOLI. LOTTO 1°_STRALCIO II | COMUNE DI NAPOLI / EAV Srl | F41B22000830009 | PFTE | | | | 163.500.824,00 | --- | 163.500.824,00",,alta,,
2022 DI Mims Mef 97 20.04.2022.pdf,z-ai/glm-4.7-flash,off,,,Ministero delle Infrastrutture e della Mobilità Sostenibili,Ministero dell'Economia e delle Finanze,assegnazione,E51I04000010007,True,definitivo,,1,singolo,7400,8,,610000000.0,610000000.0,"610.000.000,00",totale,assegnazione,assegnato,FINANZIAMENTO AMMESSO,"Allegato 1 / [TABELLA pag.10 n.1], riga 9","CITTÀ METROPOLITANA DI ROMA | LINEA C DELLA METROPOLITANA DI ROMA - SUB-TRATTA FUNZIONALE DA STAZIONE VENEZIA A STAZIONE FORI IMPERIALI | ROMA CAPITALE / ROMA METROPOLITANE Srl | E51I04000010007 | PROGETTO DEFINITIVO | | | | 755.000.000,00 | 145.000.000,00 | 610.000.000,00",,alta,,
2022 DI Mims Mef 97 20.04.2022.pdf,z-ai/glm-4.7-flash,off,,,Ministero delle Infrastrutture e della Mobilità Sostenibili,Ministero dell'Economia e delle Finanze,assegnazione,E51I04000010007,True,definitivo,,1,singolo,7400,8,,990000000.0,990000000.0,"990.000.000,00",totale,assegnazione,assegnato,FINANZIAMENTO DISPONIBILE,"Allegato 1 / [TABELLA pag.10 n.1], riga 10","CITTÀ METROPOLITANA DI ROMA | LINEA C DELLA METROPOLITANA DI ROMA - TRATTA T2 - LOTTO COSTRUTTIVO PRELIMINARE | ROMA CAPITALE / ROMA METROPOLITANE Srl | E51I04000010007 | PROGETTO PRELIMINARE | | | | 990.000.000,00 | --- | 990.000.000,00",,alta,,
2022 DI Mims Mef 97 20.04.2022.pdf,z-ai/glm-4.7-flash,off,,,Ministero delle Infrastrutture e della Mobilità Sostenibili,Ministero dell'Economia e delle Finanze,assegnazione,C71F20000020005,True,definitivo,,1,singolo,7400,8,,1000000000.0,1000000000.0,"1.000.000.000,00",totale,assegnazione,assegnato,FINANZIAMENTO AMMESSO,"Allegato 1 / [TABELLA pag.10 n.1], riga 11","CITTÀ METROPOLITANA DI TORINO | METROPOLITANA AUTOMATICA DI TORINO – LINEA 2 – TRATTA “POLITECNICO – REBAUDENGO” | COMUNE DI TORINO | C71F20000020005 | PROGETTO DEFINITIVO | | | | 1.800.000.000,0 0 | 800.000.000,00 | 1.000.000.000,00",,alta,,
2022 DI Mims Mef 97 20.04.2022.pdf,z-ai/glm-4.7-flash,off,,,Ministero delle Infrastrutture e della Mobilità Sostenibili,Ministero dell'Economia e delle Finanze,assegnazione,J81B21014060001,True,definitivo,,1,singolo,7400,1,,173183831.97,173183831.97,"173.183.831,97",totale,assegnazione,assegnato,FINANZIAMENTO AMMESSO,"Allegato 2 / [TABELLA pag.12 n.1], riga 1","ROMA CAPITALE | LINEA TRANVIARIA TERMINI - VATICANO - AURELIO | J81B21014060001 | TRANVIA | 293.183.831,97 | 120.000.000,00 | 173.183.831,97",,alta,,
2022 DI Mims Mef 97 20.04.2022.pdf,z-ai/glm-4.7-flash,off,,,Ministero delle Infrastrutture e della Mobilità Sostenibili,Ministero dell'Economia e delle Finanze,assegnazione,J84E21005150001,True,definitivo,,1,singolo,7400,1,,11284217.84,11284217.84,"11.284.217,84",totale,assegnazione,assegnato,FINANZIAMENTO AMMESSO,"Allegato 2 / [TABELLA pag.12 n.1], riga 2","ROMA CAPITALE | DEPOSITO DI CENTOCELLE EST | J84E21005150001 | TRANVIA | 11.284.217,84 | --- | 11.284.217,84",,alta,,
2022 DI Mims Mef 97 20.04.2022.pdf,z-ai/glm-4.7-flash,off,,,Ministero delle Infrastrutture e della Mobilità Sostenibili,Ministero dell'Economia e delle Finanze,assegnazione,E31J19000030001,True,definitivo,,1,singolo,7400,1,,26500000.0,26500000.0,"26.500.000,00",totale,assegnazione,assegnato,FINANZIAMENTO AMMESSO,"Allegato 2 / [TABELLA pag.12 n.1], riga 3","COMUNE DI PIACENZA | SISTEMA DI TRASPORTO RAPIDO DI MASSA PER IL COLLEGAMENTO TRA LA STAZIONE FERROVIARIA DI PIACENZA ED IL NUOVO POLO OSPEDALIERO | E31J19000030001 | BUSVIA | 26.500.000,00 | --- | 26.500.000,00",,alta,,
2022 DI Mims Mef 97 20.04.2022.pdf,z-ai/glm-4.7-flash,off,,,Ministero delle Infrastrutture e della Mobilità Sostenibili,Ministero dell'Economia e delle Finanze,assegnazione,F44I19000530001,True,definitivo,,1,singolo,7400,1,,122200000.0,122200000.0,"122.200.000,00",totale,assegnazione,assegnato,FINANZIAMENTO AMMESSO,"Allegato 2 / [TABELLA pag.12 n.1], riga 4","COMUNE DI MILANO | AMPLIAMENTO DEL DEPOSITO GALLARATESE DEI TRENI DELLA LINEA METROPOLITANA 1 | F44I19000530001 | METRO | 122.200.000,00 | --- | 122.200.000,00",,alta,,
2022 DI Mims Mef 97 20.04.2022.pdf,z-ai/glm-4.7-flash,off,,,Ministero delle Infrastrutture e della Mobilità Sostenibili,Ministero dell'Economia e delle Finanze,assegnazione,C11J22000000001,True,definitivo,,1,singolo,7400,1,,221721410.41,221721410.41,"221.721.410,41",totale,assegnazione,assegnato,FINANZIAMENTO AMMESSO,"Allegato 3 / [TABELLA pag.13 n.1], riga 1","COMUNE DI TORINO | PROLUNGAMENTO LINEA TRANVIARIA 12 ALL'ALLIANZ STADIUM E RECUPERO TRINCEA FERROVIA TORINO-CERES | C11J22000000001 | TRANVIA | 221.721.410,41 | --- | 221.721.410,41",,alta,,
2022 DI Mims Mef 97 20.04.2022.pdf,z-ai/glm-4.7-flash,off,,,Ministero delle Infrastrutture e della Mobilità Sostenibili,Ministero dell'Economia e delle Finanze,assegnazione,F47C19000370001,True,definitivo,,4,aggregato,7400,1,,20900000.02,5225000.005,"20.900.000,02",totale,assegnazione,assegnato,FINANZIAMENTO AMMESSO,"Allegato 3 / [TABELLA pag.13 n.1], riga 2","COMUNE DI MILANO | METROPOLITANA LINEA M3: INTERVENTI DI ADEGUAMENTO ANTINCENDIO AI SENSI DEL DM 21.10.2015 | F47C19000370001 F47D17000140005 F47C19000380001 F47C19000390001 | METRO | 25.000.000,02 | 4.100.000,00 | 20.900.000,02",,alta,,
2022 DI Mims Mef 97 20.04.2022.pdf,z-ai/glm-4.7-flash,off,,,Ministero delle Infrastrutture e della Mobilità Sostenibili,Ministero dell'Economia e delle Finanze,assegnazione,F47D17000140005,True,definitivo,,4,aggregato,7400,1,,20900000.02,5225000.005,"20.900.000,02",totale,assegnazione,assegnato,FINANZIAMENTO AMMESSO,"Allegato 3 / [TABELLA pag.13 n.1], riga 2","COMUNE DI MILANO | METROPOLITANA LINEA M3: INTERVENTI DI ADEGUAMENTO ANTINCENDIO AI SENSI DEL DM 21.10.2015 | F47C19000370001 F47D17000140005 F47C19000380001 F47C19000390001 | METRO | 25.000.000,02 | 4.100.000,00 | 20.900.000,02",,alta,,
2022 DI Mims Mef 97 20.04.2022.pdf,z-ai/glm-4.7-flash,off,,,Ministero delle Infrastrutture e della Mobilità Sostenibili,Ministero dell'Economia e delle Finanze,assegnazione,F47C19000380001,True,definitivo,,4,aggregato,7400,1,,20900000.02,5225000.005,"20.900.000,02",totale,assegnazione,assegnato,FINANZIAMENTO AMMESSO,"Allegato 3 / [TABELLA pag.13 n.1], riga 2","COMUNE DI MILANO | METROPOLITANA LINEA M3: INTERVENTI DI ADEGUAMENTO ANTINCENDIO AI SENSI DEL DM 21.10.2015 | F47C19000370001 F47D17000140005 F47C19000380001 F47C19000390001 | METRO | 25.000.000,02 | 4.100.000,00 | 20.900.000,02",,alta,,
2022 DI Mims Mef 97 20.04.2022.pdf,z-ai/glm-4.7-flash,off,,,Ministero delle Infrastrutture e della Mobilità Sostenibili,Ministero dell'Economia e delle Finanze,assegnazione,F47C19000390001,True,definitivo,,4,aggregato,7400,1,,20900000.02,5225000.005,"20.900.000,02",totale,assegnazione,assegnato,FINANZIAMENTO AMMESSO,"Allegato 3 / [TABELLA pag.13 n.1], riga 2","COMUNE DI MILANO | METROPOLITANA LINEA M3: INTERVENTI DI ADEGUAMENTO ANTINCENDIO AI SENSI DEL DM 21.10.2015 | F47C19000370001 F47D17000140005 F47C19000380001 F47C19000390001 | METRO | 25.000.000,02 | 4.100.000,00 | 20.900.000,02",,alta,,
2022 DI Mims Mef 97 20.04.2022.pdf,z-ai/glm-4.7-flash,off,,,Ministero delle Infrastrutture e della Mobilità Sostenibili,Ministero dell'Economia e delle Finanze,assegnazione,F47C19000350001,True,definitivo,,2,aggregato,7400,1,,45000000.07,22500000.035,"45.000.000,07",totale,assegnazione,assegnato,FINANZIAMENTO AMMESSO,"Allegato 3 / [TABELLA pag.13 n.1], riga 3","COMUNE DI MILANO | METROPOLITANA LINEE M1 + M2 - INTERVENTI DI ADEGUAMENTO ANTINCENDI AI SENSI DEL DM 21.10.2015 FASE 2 | F47C19000350001 O F47C19000360001 | METRO | 45.000.000,07 | --- | 45.000.000,07",,alta,,
2022 DI Mims Mef 97 20.04.2022.pdf,z-ai/glm-4.7-flash,off,,,Ministero delle Infrastrutture e della Mobilità Sostenibili,Ministero dell'Economia e delle Finanze,assegnazione,F47C19000360001,True,definitivo,,2,aggregato,7400,1,,45000000.07,22500000.035,"45.000.000,07",totale,assegnazione,assegnato,FINANZIAMENTO AMMESSO,"Allegato 3 / [TABELLA pag.13 n.1], riga 3","COMUNE DI MILANO | METROPOLITANA LINEE M1 + M2 - INTERVENTI DI ADEGUAMENTO ANTINCENDI AI SENSI DEL DM 21.10.2015 FASE 2 | F47C19000350001 O F47C19000360001 | METRO | 45.000.000,07 | --- | 45.000.000,07",,alta,,
2022 DI Mims Mef 97 20.04.2022.pdf,z-ai/glm-4.7-flash,off,,,Ministero delle Infrastrutture e della Mobilità Sostenibili,Ministero dell'Economia e delle Finanze,assegnazione,B34J18000220001,True,definitivo,,2,aggregato,7400,1,,74516124.63,37258062.315,"74.516.124,63",totale,assegnazione,assegnato,FINANZIAMENTO AMMESSO,"Allegato 3 / [TABELLA pag.13 n.1], riga 4","COMUNE DI GENOVA | LINEA METROPOLITANA: PROLUNGAMENTO A RIVAROLO E COMPLETAMENTO DELLA STAZIONE DI MARTINEZ / TERRALBA | B34J18000220001 B34J18000230001 | METRO | 74.516.124,63 | --- | 74.516.124,63",,alta,,
2022 DI Mims Mef 97 20.04.2022.pdf,z-ai/glm-4.7-flash,off,,,Ministero delle Infrastrutture e della Mobilità Sostenibili,Ministero dell'Economia e delle Finanze,assegnazione,B34J18000230001,True,definitivo,,2,aggregato,7400,1,,74516124.63,37258062.315,"74.516.124,63",totale,assegnazione,assegnato,FINANZIAMENTO AMMESSO,"Allegato 3 / [TABELLA pag.13 n.1], riga 4","COMUNE DI GENOVA | LINEA METROPOLITANA: PROLUNGAMENTO A RIVAROLO E COMPLETAMENTO DELLA STAZIONE DI MARTINEZ / TERRALBA | B34J18000220001 B34J18000230001 | METRO | 74.516.124,63 | --- | 74.516.124,63",,alta,,
2023 DM MIT 342-2023.pdf,z-ai/glm-4.7-flash,off,,,Ministero delle Infrastrutture e dei Trasporti,,rimodulazione,H49J21005480003,True,definitivo,,1,singolo,7150,3,,44275.0,44275.0,"44.275,00",totale,rimodulazione,rimodulato,IMPORTO FINANZIAMENTO,"Allegato 1 / [TABELLA pag.4 n.1], riga 1","H49J21005480003 | 44.275,00","decreto del Ministro delle infrastrutture e della mobilità sostenibili del 23 settembre 2021, n. 364",alta,,"Importo corretto da 44.275,00 a 44.275,00 (nessuna variazione numerica rilevata, errore materiale corretto)."
2023 DM MIT 342-2023.pdf,z-ai/glm-4.7-flash,off,,,Ministero delle Infrastrutture e dei Trasporti,,rimodulazione,H49J21005480003,True,definitivo,,1,singolo,7150,3,,6325.0,6325.0,"6.325,00",totale,rimodulazione,rimodulato,IMPORTO FINANZIAMENTO,"Allegato 1 / [TABELLA pag.4 n.1], riga 2","H49J21005480003 | 6.325,00","decreto del Ministro delle infrastrutture e della mobilità sostenibili del 23 settembre 2021, n. 364",alta,,"Importo corretto da 6.325,00 a 6.325,00 (nessuna variazione numerica rilevata, errore materiale corretto)."
2023 DM MIT 342-2023.pdf,z-ai/glm-4.7-flash,off,,,Ministero delle Infrastrutture e dei Trasporti,,rimodulazione,H49J21005480003,True,definitivo,,1,singolo,7150,3,,86250.0,86250.0,"86.250,00",totale,rimodulazione,rimodulato,IMPORTO FINANZIAMENTO,"Allegato 1 / [TABELLA pag.4 n.1], riga 3","H49J21005480003 | 86.250,00","decreto del Ministro delle infrastrutture e della mobilità sostenibili del 23 settembre 2021, n. 364",alta,,"Importo corretto da 86.250,00 a 86.250,00 (nessuna variazione numerica rilevata, errore materiale corretto)."
2023 DM MIT 342-2023.pdf,z-ai/glm-4.7-flash,off,,,Ministero delle Infrastrutture e dei Trasporti,,rimodulazione,H49J21005480003,True,definitivo,,1,singolo,7150,3,,25875.0,25875.0,"25.875,00",totale,rimodulazione,rimodulato,IMPORTO FINANZIAMENTO,"Allegato 1 / [TABELLA pag.4 n.1], riga 4","H49J21005480003 | 25.875,00","decreto del Ministro delle infrastrutture e della mobilità sostenibili del 23 settembre 2021, n. 364",alta,,"Importo corretto da 25.875,00 a 25.875,00 (nessuna variazione numerica rilevata, errore materiale corretto)."
2023 DM MIT 342-2023.pdf,z-ai/glm-4.7-flash,off,,,Ministero delle Infrastrutture e dei Trasporti,,rimodulazione,H49J21005480003,True,definitivo,,1,singolo,7150,3,,47725.0,47725.0,"47.725,00",totale,rimodulazione,rimodulato,IMPORTO FINANZIAMENTO,"Allegato 1 / [TABELLA pag.4 n.1], riga 5","H49J21005480003 | 47.725,00","decreto del Ministro delle infrastrutture e della mobilità sostenibili del 23 settembre 2021, n. 364",alta,,"Importo corretto da 47.725,00 a 47.725,00 (nessuna variazione numerica rilevata, errore materiale corretto)."
2023 DM MIT 342-2023.pdf,z-ai/glm-4.7-flash,off,,,Ministero delle Infrastrutture e dei Trasporti,,rimodulazione,H49J21005480003,True,definitivo,,1,singolo,7150,3,,7475.0,7475.0,"7.475,00",totale,rimodulazione,rimodulato,IMPORTO FINANZIAMENTO,"Allegato 1 / [TABELLA pag.4 n.1], riga 6","H49J21005480003 | 7.475,00","decreto del Ministro delle infrastrutture e della mobilità sostenibili del 23 settembre 2021, n. 364",alta,,"Importo corretto da 7.475,00 a 7.475,00 (nessuna variazione numerica rilevata, errore materiale corretto)."
2023 DM MIT 342-2023.pdf,z-ai/glm-4.7-flash,off,,,Ministero delle Infrastrutture e dei Trasporti,,rimodulazione,H49J21005480003,True,definitivo,,1,singolo,7150,3,,25300.0,25300.0,"25.300,00",totale,rimodulazione,rimodulato,IMPORTO FINANZIAMENTO,"Allegato 1 / [TABELLA pag.4 n.1], riga 7","H49J21005480003 | 25.300,00","decreto del Ministro delle infrastrutture e della mobilità sostenibili del 23 settembre 2021, n. 364",alta,,"Importo corretto da 25.300,00 a 25.300,00 (nessuna variazione numerica rilevata, errore materiale corretto)."
2023 DM MIT 342-2023.pdf,z-ai/glm-4.7-flash,off,,,Ministero delle Infrastrutture e dei Trasporti,,rimodulazione,H49J21005480003,True,definitivo,,1,singolo,7150,3,,9200.0,9200.0,"9.200,00",totale,rimodulazione,rimodulato,IMPORTO FINANZIAMENTO,"Allegato 1 / [TABELLA pag.4 n.1], riga 8","H49J21005480003 | 9.200,00","decreto del Ministro delle infrastrutture e della mobilità sostenibili del 23 settembre 2021, n. 364",alta,,"Importo corretto da 9.200,00 a 9.200,00 (nessuna variazione numerica rilevata, errore materiale corretto)."
2023 DM MIT 342-2023.pdf,z-ai/glm-4.7-flash,off,,,Ministero delle Infrastrutture e dei Trasporti,,rimodulazione,H49J21005480003,True,definitivo,,1,singolo,7150,3,,4025.0,4025.0,"4.025,00",totale,rimodulazione,rimodulato,IMPORTO FINANZIAMENTO,"Allegato 1 / [TABELLA pag.4 n.1], riga 9","H49J21005480003 | 4.025,00","decreto del Ministro delle infrastrutture e della mobilità sostenibili del 23 settembre 2021, n. 364",alta,,"Importo corretto da 4.025,00 a 4.025,00 (nessuna variazione numerica rilevata, errore materiale corretto)."
2023 DM MIT 342-2023.pdf,z-ai/glm-4.7-flash,off,,,Ministero delle Infrastrutture e dei Trasporti,,rimodulazione,C75B23000000001,True,definitivo,,1,singolo,7150,3,,10543255.0,10543255.0,"10.543.255,00",totale,rimodulazione,rimodulato,IMPORTO FINANZIAMENTO,"Allegato 1 / [TABELLA pag.4 n.1], riga 11","C75B23000000001 | 10.543.255,00","decreto del Ministro delle infrastrutture e della mobilità sostenibili del 23 settembre 2021, n. 364",alta,,"Importo corretto da 10.543.255,00 a 10.543.255,00 (nessuna variazione numerica rilevata, errore materiale corretto)."
2023 DM MIT 342-2023.pdf,z-ai/glm-4.7-flash,off,,,Ministero delle Infrastrutture e dei Trasporti,,rimodulazione,C71G22000090001,True,definitivo,,1,singolo,7150,3,,7000000.0,7000000.0,"7.000.000,00",totale,rimodulazione,rimodulato,IMPORTO FINANZIAMENTO,"Allegato 1 / [TABELLA pag.4 n.1], riga 12","C71G22000090001 | 7.000.000,00","decreto del Ministro delle infrastrutture e della mobilità sostenibili del 23 settembre 2021, n. 364",alta,,"Importo corretto da 7.000.000,00 a 7.000.000,00 (nessuna variazione numerica rilevata, errore materiale corretto)."
2023 DM MIT 342-2023.pdf,z-ai/glm-4.7-flash,off,,,Ministero delle Infrastrutture e dei Trasporti,,rimodulazione,E51B21002250001,True,definitivo,,1,singolo,7150,3,,20000000.0,20000000.0,"20.000.000,00",totale,rimodulazione,rimodulato,IMPORTO FINANZIAMENTO,"Allegato 1 / [TABELLA pag.4 n.1], riga 13","E51B21002250001 | 20.000.000,00","decreto del Ministro delle infrastrutture e della mobilità sostenibili del 23 settembre 2021, n. 364",alta,,"Importo corretto da 20.000.000,00 a 20.000.000,00 (nessuna variazione numerica rilevata, errore materiale corretto)."
2023 DM MIT 342-2023.pdf,z-ai/glm-4.7-flash,off,,,Ministero delle Infrastrutture e dei Trasporti,,rimodulazione,B41E04000210001,True,definitivo,,1,singolo,7150,3,,50000000.0,50000000.0,"50.000.000,00",totale,rimodulazione,rimodulato,IMPORTO FINANZIAMENTO,"Allegato 1 / [TABELLA pag.5 n.1], riga 1","B41E04000210001 | 50.000.000,00","decreto del Ministro delle infrastrutture e della mobilità sostenibili del 23 settembre 2021, n. 364",alta,,"Importo corretto da 50.000.000,00 a 50.000.000,00 (nessuna variazione numerica rilevata, errore materiale corretto)."
2023 DM MIT 342-2023.pdf,z-ai/glm-4.7-flash,off,,,Ministero delle Infrastrutture e dei Trasporti,,rimodulazione,F61B21003640009,True,definitivo,,1,singolo,7150,3,,30000000.0,30000000.0,"30.000.000,00",totale,rimodulazione,rimodulato,IMPORTO FINANZIAMENTO,"Allegato 1 / [TABELLA pag.5 n.1], riga 2","F61B21003640009 | 30.000.000,00","decreto del Ministro delle infrastrutture e della mobilità sostenibili del 23 settembre 2021, n. 364",alta,,"Importo corretto da 30.000.000,00 a 30.000.000,00 (nessuna variazione numerica rilevata, errore materiale corretto)."
2023 DM MIT 342-2023.pdf,z-ai/glm-4.7-flash,off,,,Ministero delle Infrastrutture e dei Trasporti,,rimodulazione,G31G22000250001,True,definitivo,,1,singolo,7150,3,,2800000.0,2800000.0,"2.800.000,00",totale,rimodulazione,rimodulato,IMPORTO FINANZIAMENTO,"Allegato 1 / [TABELLA pag.5 n.1], riga 3","G31G22000250001 | 2.800.000,00","decreto del Ministro delle infrastrutture e della mobilità sostenibili del 23 settembre 2021, n. 364",alta,,"Importo corretto da 2.800.000,00 a 2.800.000,00 (nessuna variazione numerica rilevata, errore materiale corretto)."
2023 DM MIT 342-2023.pdf,z-ai/glm-4.7-flash,off,,,Ministero delle Infrastrutture e dei Trasporti,,rimodulazione,D69D15002090001,True,definitivo,,2,aggregato,7150,3,,50000000.0,25000000.0,"50.000.000,00",totale,rimodulazione,rimodulato,IMPORTO FINANZIAMENTO,"Allegato 1 / [TABELLA pag.5 n.1], riga 4","Lotto 4 - D69D15002090001 Lotto 3 - D49D15001920001 | 50.000.000,00","decreto del Ministro delle infrastrutture e della mobilità sostenibili del 23 settembre 2021, n. 364",alta,,"Importo corretto da 50.000.000,00 a 50.000.000,00 (nessuna variazione numerica rilevata, errore materiale corretto)."
2023 DM MIT 342-2023.pdf,z-ai/glm-4.7-flash,off,,,Ministero delle Infrastrutture e dei Trasporti,,rimodulazione,D49D15001920001,True,definitivo,,2,aggregato,7150,3,,50000000.0,25000000.0,"50.000.000,00",totale,rimodulazione,rimodulato,IMPORTO FINANZIAMENTO,"Allegato 1 / [TABELLA pag.5 n.1], riga 4","Lotto 4 - D69D15002090001 Lotto 3 - D49D15001920001 | 50.000.000,00","decreto del Ministro delle infrastrutture e della mobilità sostenibili del 23 settembre 2021, n. 364",alta,,"Importo corretto da 50.000.000,00 a 50.000.000,00 (nessuna variazione numerica rilevata, errore materiale corretto)."
2023 DM MIT 342-2023.pdf,z-ai/glm-4.7-flash,off,,,Ministero delle Infrastrutture e dei Trasporti,,rimodulazione,G71B18000620005,True,definitivo,,1,singolo,7150,3,,2500000.0,2500000.0,"2.500.000,00",totale,rimodulazione,rimodulato,IMPORTO FINANZIAMENTO,"Allegato 1 / [TABELLA pag.5 n.1], riga 5","G71B18000620005 | 2.500.000,00","decreto del Ministro delle infrastrutture e della mobilità sostenibili del 23 settembre 2021, n. 364",alta,,"Importo corretto da 2.500.000,00 a 2.500.000,00 (nessuna variazione numerica rilevata, errore materiale corretto)."
2023 DM MIT 342-2023.pdf,z-ai/glm-4.7-flash,off,,,Ministero delle Infrastrutture e dei Trasporti,,rimodulazione,F81B21005610001,True,definitivo,,1,singolo,7150,3,,26400000.0,26400000.0,"26.400.000,00",totale,rimodulazione,rimodulato,IMPORTO FINANZIAMENTO,"Allegato 1 / [TABELLA pag.6 n.1], riga 1","F81B21005610001 | 26.400.000,00","decreto del Ministro delle infrastrutture e della mobilità sostenibili del 23 settembre 2021, n. 364",alta,,"Importo corretto da 26.400.000,00 a 26.400.000,00 (nessuna variazione numerica rilevata, errore materiale corretto)."
2023 DM MIT 342-2023.pdf,z-ai/glm-4.7-flash,off,,,Ministero delle Infrastrutture e dei Trasporti,,rimodulazione,I61B21003020001,True,definitivo,,1,singolo,7150,3,,9900000.0,9900000.0,"9.900.000,00",totale,rimodulazione,rimodulato,IMPORTO FINANZIAMENTO,"Allegato 1 / [TABELLA pag.6 n.1], riga 2","I61B21003020001 | 9.900.000,00","decreto del Ministro delle infrastrutture e della mobilità sostenibili del 23 settembre 2021, n. 364",alta,,"Importo corretto da 9.900.000,00 a 9.900.000,00 (nessuna variazione numerica rilevata, errore materiale corretto)."
2023 DM MIT 342-2023.pdf,z-ai/glm-4.7-flash,off,,,Ministero delle Infrastrutture e dei Trasporti,,rimodulazione,I67H21003160001,True,definitivo,,1,singolo,7150,3,,2900000.0,2900000.0,"2.900.000,00",totale,rimodulazione,rimodulato,IMPORTO FINANZIAMENTO,"Allegato 1 / [TABELLA pag.6 n.1], riga 3","I67H21003160001 | 2.900.000,00","decreto del Ministro delle infrastrutture e della mobilità sostenibili del 23 settembre 2021, n. 364",alta,,"Importo corretto da 2.900.000,00 a 2.900.000,00 (nessuna variazione numerica rilevata, errore materiale corretto)."
2023 DM MIT 342-2023.pdf,z-ai/glm-4.7-flash,off,,,Ministero delle Infrastrutture e dei Trasporti,,rimodulazione,B89J21020930005,True,definitivo,,1,singolo,7150,3,,1200000.0,1200000.0,"1.200.000,00",totale,rimodulazione,rimodulato,IMPORTO FINANZIAMENTO,"Allegato 1 / [TABELLA pag.6 n.1], riga 4","B89J21020930005 | 1.200.000,00","decreto del Ministro delle infrastrutture e della mobilità sostenibili del 23 settembre 2021, n. 364",alta,,"Importo corretto da 1.200.000,00 a 1.200.000,00 (nessuna variazione numerica rilevata, errore materiale corretto)."
2023 DM MIT 342-2023.pdf,z-ai/glm-4.7-flash,off,,,Ministero delle Infrastrutture e dei Trasporti,,rimodulazione,I57H21005640001,True,definitivo,,1,singolo,7150,4,,1512215.0,1512215.0,"1.512.215,00",totale,rimodulazione,rimodulato,IMPORTO FINANZIAMENTO,"Allegato 2 / [TABELLA pag.7 n.1], riga 1","I57H21005640001 | 1.512.215,00","decreto del Ministro delle infrastrutture e della mobilità sostenibili del 23 settembre 2021, n. 364",alta,,"Importo corretto da 1.512.215,00 a 1.512.215,00 (nessuna variazione numerica rilevata, errore materiale corretto)."
2023 DM MIT 342-2023.pdf,z-ai/glm-4.7-flash,off,,,Ministero delle Infrastrutture e dei Trasporti,,rimodulazione,B19F22013250002,True,definitivo,,1,singolo,7150,4,,2400000.0,2400000.0,"2.400.000,00",totale,rimodulazione,rimodulato,IMPORTO FINANZIAMENTO,"Allegato 2 / [TABELLA pag.7 n.1], riga 2","B19F22013250002 | 2.400.000,00","decreto del Ministro delle infrastrutture e della mobilità sostenibili del 23 settembre 2021, n. 364",alta,,"Importo corretto da 2.400.000,00 a 2.400.000,00 (nessuna variazione numerica rilevata, errore materiale corretto)."
2023 DM MIT 342-2023.pdf,z-ai/glm-4.7-flash,off,,,Ministero delle Infrastrutture e dei Trasporti,,rimodulazione,C89F23000050001,True,definitivo,,1,singolo,7150,4,,600000.0,600000.0,"600.000,00",totale,rimodulazione,rimodulato,IMPORTO FINANZIAMENTO,"Allegato 2 / [TABELLA pag.7 n.1], riga 3","C89F23000050001 | 600.000,00","decreto del Ministro delle infrastrutture e della mobilità sostenibili del 23 settembre 2021, n. 364",alta,,"Importo corretto da 600.000,00 a 600.000,00 (nessuna variazione numerica rilevata, errore materiale corretto)."
2023 DM MIT 342-2023.pdf,z-ai/glm-4.7-flash,off,,,Ministero delle Infrastrutture e dei Trasporti,,rimodulazione,C99F23000050001,True,definitivo,,1,singolo,7150,4,,5400000.0,5400000.0,"5.400.000,00",totale,rimodulazione,rimodulato,IMPORTO FINANZIAMENTO,"Allegato 2 / [TABELLA pag.8 n.1], riga 1","C99F23000050001 | 5.400.000,00","decreto del Ministro delle infrastrutture e della mobilità sostenibili del 23 settembre 2021, n. 364",alta,,"Importo corretto da 5.400.000,00 a 5.400.000,00 (nessuna variazione numerica rilevata, errore materiale corretto)."
2023 DM MIT 342-2023.pdf,z-ai/glm-4.7-flash,off,,,Ministero delle Infrastrutture e dei Trasporti,,rimodulazione,C56G21008730001,True,definitivo,,1,singolo,7150,4,,3400000.0,3400000.0,"3.400.000,00",totale,rimodulazione,rimodulato,IMPORTO FINANZIAMENTO,"Allegato 2 / [TABELLA pag.8 n.1], riga 2","C56G21008730001 | 3.400.000,00","decreto del Ministro delle infrastrutture e della mobilità sostenibili del 23 settembre 2021, n. 364",alta,,"Importo corretto da 3.400.000,00 a 3.400.000,00 (nessuna variazione numerica rilevata, errore materiale corretto)."
2023 DM MIT 342-2023.pdf,z-ai/glm-4.7-flash,off,,,Ministero delle Infrastrutture e dei Trasporti,,rimodulazione,F41B21005790009,True,definitivo,,1,singolo,7150,4,,30000000.0,30000000.0,"30.000.000,00",totale,rimodulazione,rimodulato,IMPORTO FINANZIAMENTO,"Allegato 2 / [TABELLA pag.9 n.1], riga 1","F41B21005790009 | 30.000.000,00","decreto del Ministro delle infrastrutture e della mobilità sostenibili del 23 settembre 2021, n. 364",alta,,"Importo corretto da 30.000.000,00 a 30.000.000,00 (nessuna variazione numerica rilevata, errore materiale corretto)."
2023 DM MIT 342-2023.pdf,z-ai/glm-4.7-flash,off,,,Ministero delle Infrastrutture e dei Trasporti,,rimodulazione,G31G22000260001,True,definitivo,,1,singolo,7150,4,,7200000.0,7200000.0,"7.200.000,00",totale,rimodulazione,rimodulato,IMPORTO FINANZIAMENTO,"Allegato 2 / [TABELLA pag.9 n.1], riga 2","G31G22000260001 | 7.200.000,00","decreto del Ministro delle infrastrutture e della mobilità sostenibili del 23 settembre 2021, n. 364",alta,,"Importo corretto da 7.200.000,00 a 7.200.000,00 (nessuna variazione numerica rilevata, errore materiale corretto)."
2023 DM MIT 342-2023.pdf,z-ai/glm-4.7-flash,off,,,Ministero delle Infrastrutture e dei Trasporti,,rimodulazione,G11B18000550005,True,definitivo,,1,singolo,7150,4,,3500000.0,3500000.0,"3.500.000,00",totale,rimodulazione,rimodulato,IMPORTO FINANZIAMENTO,"Allegato 2 / [TABELLA pag.9 n.1], riga 3","G11B18000550005 | 3.500.000,00","decreto del Ministro delle infrastrutture e della mobilità sostenibili del 23 settembre 2021, n. 364",alta,,"Importo corretto da 3.500.000,00 a 3.500.000,00 (nessuna variazione numerica rilevata, errore materiale corretto)."
2023 DM MIT 342-2023.pdf,z-ai/glm-4.7-flash,off,,,Ministero delle Infrastrutture e dei Trasporti,,rimodulazione,B81B21003770005,True,definitivo,,1,singolo,7150,4,,1750000.0,1750000.0,"1.750.000,00",totale,rimodulazione,rimodulato,IMPORTO FINANZIAMENTO,"Allegato 2 / [TABELLA pag.9 n.1], riga 4","B81B21003770005 | 1.750.000,00","decreto del Ministro delle infrastrutture e della mobilità sostenibili del 23 settembre 2021, n. 364",alta,,"Importo corretto da 1.750.000,00 a 1.750.000,00 (nessuna variazione numerica rilevata, errore materiale corretto)."
2025 DD MIT 141-2025.pdf,z-ai/glm-4.7-flash,off,,,Ministero delle Infrastrutture e dei Trasporti,,impegno,E51I04000010007,True,definitivo,,1,singolo,7419,2,,2125000000.0,2125000000.0,"€ 2.125.000.000,00",totale,impegno,impegnato,,art. 3; [TABELLA pag.5 n.1],"Art. 3. È autorizzato l'impegno delle risorse... per la somma complessiva di € 2.125.000.000,00, di cui € 50.000.000,00 in conto residui, esercizio di provenienza 2024 e 2.075.000.000,00 per gli esercizi finanziari dal 2025 al 2032",,alta,,
2025 DD MIT 141-2025.pdf,z-ai/glm-4.7-flash,off,,,Ministero delle Infrastrutture e dei Trasporti,,impegno,E51I04000010007,True,definitivo,,1,singolo,7416,1,,75000000.0,75000000.0,"€ 75.000.000,00",totale,impegno,impegnato,,art. 4,"Art. 4. È autorizzato l’impegno delle risorse... sul capitolo 7416 piano gestonale 1... per la somma complessiva di € 75.000.000,00",,alta,,
