decree_file,model_slug,thinking,numero_decreto,data_decreto,ministero_1,ministero_2,natura_atto,cup,cup_valido,cup_tipo,cup_master,n_cup,attribuzione_importo,capitolo,piano_gestionale,annualita,importo_eur,importo_quota_eur,importo_originale,livello_importo,tipo_azione,stato_importo,colonna_fonte,riferimento_fonte,passaggio_testuale,atto_riferito,confidenza,ambiguita,note
2022 DD MIT 454-2022.pdf,deepseek/deepseek-v4-flash,off,,,Ministero delle infrastrutture e dei trasporti,,impegno,E51I04000010007,True,definitivo,,1,singolo,7426,1,,14000000.0,14000000.0,"€ 14.000.000,00",totale,assegnazione,impegnato,,art. 1,"è autorizzato, per il corrente esercizio finanziario, a favore di Roma Capitale per l'intervento ""Tratta Colosseo - Piazza Venezia della Linea C della metropolitana di Roma” CUP E51I04000010007, l’impegno di € 14.000.000,00 in conto residui di lettera F, esercizio di provenienza 2021.",,alta,,impegno in conto residui esercizio 2021
2022 DD MIT 454-2022.pdf,deepseek/deepseek-v4-flash,off,,,Ministero delle infrastrutture e dei trasporti,,impegno,E51I04000010007,True,definitivo,,1,singolo,7426,1,2022-2025,131000000.0,131000000.0,"€ 131.000.000,00",totale,assegnazione,impegnato,,art. 2; [TABELLA pag.3 n.1],"è autorizzato l’impegno, sul capitolo 7426, piano di gestione 1, ... per l’importo complessivo di € 131.000.000,00 a favore di Roma Capitale, per l’intervento ""Tratta Colosseo - Piazza Venezia della Linea C della metropolitana di Roma” CUP E51I04000010007, come di seguito riportato: Anno Importo 2022 35.000.000,00 € 2023 40.000.000,00 € 2024 33.500.000,00 € 2025 22.500.000,00 € Totale 131.000.000,00 €",,alta,,importo complessivo pluriennale; le singole annualità non generano record separati
2022 DDG 128 del 02-05-22.pdf,deepseek/deepseek-v4-flash,off,,,Ministero delle infrastrutture e della mobilità sostenibili,,impegno,H94I19000130004,True,definitivo,,1,singolo,7400,7,2020-2034,97154124.1,97154124.1,"97.154.124,10",totale,assegnazione,impegnato,Totale,"art. 2; Allegato / [TABELLA pag.4 n.1], riga 2","Comune di Padova | H94I19000130004 | 7400/PG 7 | ... | 97.154.124,10",,alta,,"Importo complessivo per l'intero arco temporale 2020-2034. L'atto autorizza l'impegno in conto competenza per € 631.174.000,00 (art.2) e in conto residui per € 3.000.000,00 (art.1). Il totale della riga corrisponde alla somma delle annualità."
2022 DDG 128 del 02-05-22.pdf,deepseek/deepseek-v4-flash,off,,,Ministero delle infrastrutture e della mobilità sostenibili,,impegno,J80J18000000001,True,definitivo,,1,singolo,7400,7,2020-2034,159466174.12,159466174.12,"159.466.174,12",totale,assegnazione,impegnato,Totale,"art. 2; Allegato / [TABELLA pag.4 n.1], riga 3","Roma Capitale | J80J18000000001 | 7400/PG 7 | ... | 159.466.174,12",,alta,,
2022 DDG 128 del 02-05-22.pdf,deepseek/deepseek-v4-flash,off,,,Ministero delle infrastrutture e della mobilità sostenibili,,impegno,C11B21008720001,True,definitivo,,2,aggregato,7400,7,2020-2034,44494493.04,22247246.52,"44.494.493,04",totale,assegnazione,impegnato,Totale,"art. 2; Allegato / [TABELLA pag.4 n.1], riga 4","Comune di Torino | C11B21008720001 D81E20000410007 | 7400/PG 7 | ... | 44.494.493,04",,alta,,Importo unico per due CUP (lotti distinti); l'atto non ripartisce l'importo tra i due CUP.
2022 DDG 128 del 02-05-22.pdf,deepseek/deepseek-v4-flash,off,,,Ministero delle infrastrutture e della mobilità sostenibili,,impegno,D81E20000410007,True,definitivo,,2,aggregato,7400,7,2020-2034,44494493.04,22247246.52,"44.494.493,04",totale,assegnazione,impegnato,Totale,"art. 2; Allegato / [TABELLA pag.4 n.1], riga 4","Comune di Torino | C11B21008720001 D81E20000410007 | 7400/PG 7 | ... | 44.494.493,04",,alta,,Importo unico per due CUP (lotti distinti); l'atto non ripartisce l'importo tra i due CUP.
2022 DDG 128 del 02-05-22.pdf,deepseek/deepseek-v4-flash,off,,,Ministero delle infrastrutture e della mobilità sostenibili,,impegno,C81B21013200005,True,definitivo,,1,singolo,7400,7,2020-2034,333059208.74,333059208.74,"333.059.208,74",totale,assegnazione,impegnato,Totale,"art. 2; Allegato / [TABELLA pag.4 n.1], riga 5","Comune di Brescia | C81B21013200005 | 7400/PG 7 | ... | 333.059.208,74",,alta,,
2022 DDG 128 del 02-05-22.pdf,deepseek/deepseek-v4-flash,off,,,Ministero delle infrastrutture e della mobilità sostenibili,,impegno,C81B21013200005,True,definitivo,,1,singolo,7400,1,2029-2034,26486678.33,26486678.33,"26.486.678,33",totale,assegnazione,impegnato,Totale,"art. 3; Allegato / [TABELLA pag.4 n.1], riga 6","Comune di Brescia | | 7400/PG 1 | ... | 26.486.678,33",,alta,,"L'importo è riferito al CUP C81B21013200005 (Comune di Brescia) come da riga precedente. L'atto autorizza l'impegno in conto competenza per € 26.486.678,33 sul PG 1."
2022 DI Mims Mef 97 20.04.2022.pdf,deepseek/deepseek-v4-flash,off,,,Ministero delle Infrastrutture e della Mobilità Sostenibili,Ministero dell'Economia e delle Finanze,assegnazione,B39J22001360001,True,definitivo,,1,singolo,7400,8,,398000000.0,398000000.0,"398.000.000,00",totale,assegnazione,assegnato,FINANZIAMENTO AMMESSO,"art. 1, comma 1, lett. a); Allegato 1 / [TABELLA pag.10 n.1], riga 1","SKYMETRO VAL BISAGNO GENOVA | COMUNE DI GENOVA | B39J22001360001 ... | 398.000.000,00 | --- | 398.000.000,00",,alta,,
2022 DI Mims Mef 97 20.04.2022.pdf,deepseek/deepseek-v4-flash,off,,,Ministero delle Infrastrutture e della Mobilità Sostenibili,Ministero dell'Economia e delle Finanze,assegnazione,B31F20000030005,True,definitivo,,1,singolo,7400,8,,20860000.0,20860000.0,"20.860.000,00",totale,assegnazione,assegnato,FINANZIAMENTO AMMESSO,"art. 1, comma 1, lett. a); Allegato 1 / [TABELLA pag.10 n.1], riga 2","PROLUNGAMENTO METROPOLITANA DI GENOVA DA BRIN A CANEPARI | COMUNE DI GENOVA | B31F20000030005 ... | 20.860.000,00 | --- | 20.860.000,00",,alta,,
2022 DI Mims Mef 97 20.04.2022.pdf,deepseek/deepseek-v4-flash,off,,,Ministero delle Infrastrutture e della Mobilità Sostenibili,Ministero dell'Economia e delle Finanze,assegnazione,B44D20000040001,True,definitivo,,1,singolo,7400,8,,180000000.0,180000000.0,"180.000.000,00",totale,assegnazione,assegnato,FINANZIAMENTO AMMESSO,"art. 1, comma 1, lett. a); Allegato 1 / [TABELLA pag.10 n.1], riga 3","LINEA METROPOLITANA M1 PROLUNGAMENTO QUARTIERE BAGGIO | COMUNE DI MILANO | B44D20000040001 ... | 398.000.000,00 | 218.000.000,00 | 180.000.000,00",,alta,,"Il cofinanziamento di 218.000.000,00 non è un'assegnazione dell'atto corrente."
2022 DI Mims Mef 97 20.04.2022.pdf,deepseek/deepseek-v4-flash,off,,,Ministero delle Infrastrutture e della Mobilità Sostenibili,Ministero dell'Economia e delle Finanze,assegnazione,B91J21000040001,True,definitivo,,1,singolo,7400,8,,420000000.0,420000000.0,"420.000.000,00",totale,assegnazione,assegnato,FINANZIAMENTO AMMESSO,"art. 1, comma 1, lett. a); Allegato 1 / [TABELLA pag.10 n.1], riga 4","PROLUNGAMENTO LINEA METROPOLITANA M4 DA AEROPORTO LINATE A SEGRATE | COMUNE DI MILANO | B91J21000040001 ... | 420.000.000,00 | --- | 420.000.000,00",,alta,,
2022 DI Mims Mef 97 20.04.2022.pdf,deepseek/deepseek-v4-flash,off,,,Ministero delle Infrastrutture e della Mobilità Sostenibili,Ministero dell'Economia e delle Finanze,assegnazione,B41J21000050006,True,definitivo,,1,singolo,7400,8,,4500000.0,4500000.0,"4.500.000,00",totale,assegnazione,assegnato,FINANZIAMENTO AMMESSO,"art. 1, comma 1, lett. a); Allegato 1 / [TABELLA pag.10 n.1], riga 5","NUOVA LINEA METROPOLITANA M6 RAMO SUD (PFTE) | COMUNE DI MILANO | B41J21000050006 ... | 4.500.000,00 | --- | 4.500.000,00",,alta,,
2022 DI Mims Mef 97 20.04.2022.pdf,deepseek/deepseek-v4-flash,off,,,Ministero delle Infrastrutture e della Mobilità Sostenibili,Ministero dell'Economia e delle Finanze,assegnazione,B41C21000010001,True,definitivo,,1,singolo,7400,8,,5500000.0,5500000.0,"5.500.000,00",totale,assegnazione,assegnato,FINANZIAMENTO AMMESSO,"art. 1, comma 1, lett. a); Allegato 1 / [TABELLA pag.10 n.1], riga 6","PROLUNGAMENTO M3 SAN DONATO M. – ASTA PAULLESE (PFTE) | COMUNE DI MILANO | B41C21000010001 ... | 5.500.000,00 | --- | 5.500.000,00",,alta,,
2022 DI Mims Mef 97 20.04.2022.pdf,deepseek/deepseek-v4-flash,off,,,Ministero delle Infrastrutture e della Mobilità Sostenibili,Ministero dell'Economia e delle Finanze,assegnazione,F41B22000740009,True,definitivo,F41B22000740009,1,singolo,7400,8,,631373163.0,631373163.0,"631.373.163,00",totale,assegnazione,assegnato,FINANZIAMENTO AMMESSO,"art. 1, comma 1, lett. a); Allegato 1 / [TABELLA pag.10 n.1], riga 7","NUOVO COLLEGAMENTO IN SEDE PROPRIA TRA LA STAZIONE AV DI AFRAGOLA E LA RETE METROPOLITANA DI NAPOLI. LOTTO 1°_STRALCIO I | COMUNE DI NAPOLI / EAV Srl | F41B22000740009 (CUP MASTER) ... | 631.373.163,00 | --- | 631.373.163,00",,alta,,"Nella tabella il CUP è marcato '(CUP MASTER)'. Poiché è l'unico CUP della riga, lo trattiamo come CUP dell'intervento."
2022 DI Mims Mef 97 20.04.2022.pdf,deepseek/deepseek-v4-flash,off,,,Ministero delle Infrastrutture e della Mobilità Sostenibili,Ministero dell'Economia e delle Finanze,assegnazione,F41B22000830009,True,definitivo,,1,singolo,7400,8,,163500824.0,163500824.0,"163.500.824,00",totale,assegnazione,assegnato,FINANZIAMENTO AMMESSO,"art. 1, comma 1, lett. a); Allegato 1 / [TABELLA pag.10 n.1], riga 8","NUOVO COLLEGAMENTO IN SEDE PROPRIA TRA LA STAZIONE AV DI AFRAGOLA E LA RETE METROPOLITANA DI NAPOLI. LOTTO 1°_STRALCIO II | COMUNE DI NAPOLI / EAV Srl | F41B22000830009 ... | 163.500.824,00 | --- | 163.500.824,00",,alta,,
2022 DI Mims Mef 97 20.04.2022.pdf,deepseek/deepseek-v4-flash,off,,,Ministero delle Infrastrutture e della Mobilità Sostenibili,Ministero dell'Economia e delle Finanze,assegnazione,E51I04000010007,True,definitivo,,1,singolo,7400,8,,610000000.0,610000000.0,"610.000.000,00",totale,assegnazione,assegnato,FINANZIAMENTO AMMESSO,"art. 1, comma 1, lett. a); Allegato 1 / [TABELLA pag.10 n.1], riga 9","LINEA C DELLA METROPOLITANA DI ROMA - SUB-TRATTA FUNZIONALE DA STAZIONE VENEZIA A STAZIONE FORI IMPERIALI | ROMA CAPITALE / ROMA METROPOLITANE Srl | E51I04000010007 ... | 755.000.000,00 | 145.000.000,00 | 610.000.000,00",,alta,,"Il cofinanziamento di 145.000.000,00 non è un'assegnazione dell'atto corrente."
2022 DI Mims Mef 97 20.04.2022.pdf,deepseek/deepseek-v4-flash,off,,,Ministero delle Infrastrutture e della Mobilità Sostenibili,Ministero dell'Economia e delle Finanze,assegnazione,E51I04000010007,True,definitivo,,1,singolo,7400,8,,990000000.0,990000000.0,"990.000.000,00",totale,assegnazione,assegnato,FINANZIAMENTO AMMESSO,"art. 1, comma 1, lett. a); Allegato 1 / [TABELLA pag.10 n.1], riga 10","LINEA C DELLA METROPOLITANA DI ROMA - TRATTA T2 - LOTTO COSTRUTTIVO | ROMA CAPITALE / ROMA METROPOLITANE Srl | E51I04000010007 ... | 990.000.000,00 | --- | 990.000.000,00",,alta,,"Stesso CUP della riga precedente, ma intervento differente (Tratta T2)."
2022 DI Mims Mef 97 20.04.2022.pdf,deepseek/deepseek-v4-flash,off,,,Ministero delle Infrastrutture e della Mobilità Sostenibili,Ministero dell'Economia e delle Finanze,assegnazione,C71F20000020005,True,definitivo,,1,singolo,7400,8,,1000000000.0,1000000000.0,"1.000.000.000,00",totale,assegnazione,assegnato,FINANZIAMENTO AMMESSO,"art. 1, comma 1, lett. a); Allegato 1 / [TABELLA pag.10 n.1], riga 11","METROPOLITANA AUTOMATICA DI TORINO – LINEA 2 – TRATTA “POLITECNICO – REBAUDENGO” | COMUNE DI TORINO | C71F20000020005 ... | 1.800.000.000,00 | 800.000.000,00 | 1.000.000.000,00",,alta,,"Il cofinanziamento di 800.000.000,00 non è un'assegnazione dell'atto corrente."
2022 DI Mims Mef 97 20.04.2022.pdf,deepseek/deepseek-v4-flash,off,,,Ministero delle Infrastrutture e della Mobilità Sostenibili,Ministero dell'Economia e delle Finanze,assegnazione,J81B21014060001,True,definitivo,,1,singolo,7400,1,,173183831.97,173183831.97,"173.183.831,97",totale,assegnazione,assegnato,FINANZIAMENTO AMMESSO,"art. 1, comma 1, lett. b); Allegato 2 / [TABELLA pag.12 n.1], riga 1","ROMA CAPITALE | LINEA TRANVIARIA TERMINI - VATICANO - AURELIO | J81B21014060001 | TRANVIA | 293.183.831,97 | 120.000.000,00 | 173.183.831,97",,alta,,
2022 DI Mims Mef 97 20.04.2022.pdf,deepseek/deepseek-v4-flash,off,,,Ministero delle Infrastrutture e della Mobilità Sostenibili,Ministero dell'Economia e delle Finanze,assegnazione,J84E21005150001,True,definitivo,,1,singolo,7400,1,,11284217.84,11284217.84,"11.284.217,84",totale,assegnazione,assegnato,FINANZIAMENTO AMMESSO,"art. 1, comma 1, lett. b); Allegato 2 / [TABELLA pag.12 n.1], riga 2","ROMA CAPITALE | DEPOSITO DI CENTOCELLE EST | J84E21005150001 | TRANVIA | 11.284.217,84 | --- | 11.284.217,84",,alta,,
2022 DI Mims Mef 97 20.04.2022.pdf,deepseek/deepseek-v4-flash,off,,,Ministero delle Infrastrutture e della Mobilità Sostenibili,Ministero dell'Economia e delle Finanze,assegnazione,E31J19000030001,True,definitivo,,1,singolo,7400,1,,26500000.0,26500000.0,"26.500.000,00",totale,assegnazione,assegnato,FINANZIAMENTO AMMESSO,"art. 1, comma 1, lett. b); Allegato 2 / [TABELLA pag.12 n.1], riga 3","COMUNE DI PIACENZA | SISTEMA DI TRASPORTO RAPIDO DI MASSA PER IL COLLEGAMENTO TRA LA STAZIONE FERROVIARIA DI PIACENZA ED IL NUOVO POLO OSPEDALIERO | E31J19000030001 | BUSVIA | 26.500.000,00 | --- | 26.500.000,00",,alta,,
2022 DI Mims Mef 97 20.04.2022.pdf,deepseek/deepseek-v4-flash,off,,,Ministero delle Infrastrutture e della Mobilità Sostenibili,Ministero dell'Economia e delle Finanze,assegnazione,F44I19000530001,True,definitivo,,1,singolo,7400,1,,122200000.0,122200000.0,"122.200.000,00",totale,assegnazione,assegnato,FINANZIAMENTO AMMESSO,"art. 1, comma 1, lett. b); Allegato 2 / [TABELLA pag.12 n.1], riga 4","COMUNE DI MILANO | AMPLIAMENTO DEL DEPOSITO GALLARATESE DEI TRENI DELLA LINEA METROPOLITANA 1 | F44I19000530001 | METRO | 122.200.000,00 | --- | 122.200.000,00",,alta,,
2023 DM MIT 342-2023.pdf,deepseek/deepseek-v4-flash,off,,,Ministero delle Infrastrutture e dei Trasporti,,rettifica,H49J21005480003,True,definitivo,,1,singolo,7150,3,,44275.0,44275.0,"44.275,00",totale,assegnazione,assegnato,IMPORTO AMMASSO A FINANZIAMENTO CENTRO - NORD - POTENZIAMENTO,"Allegato 1 / [TABELLA pag.4 n.1], riga 1","44.275,00 | 0,00 | 44.275,00 | 44.275,00 | H49J21005480003",,alta,,
2023 DM MIT 342-2023.pdf,deepseek/deepseek-v4-flash,off,,,Ministero delle Infrastrutture e dei Trasporti,,rettifica,H49J21005480003,True,definitivo,,1,singolo,7150,3,,6325.0,6325.0,"6.325,00",totale,assegnazione,assegnato,IMPORTO AMMASSO A FINANZIAMENTO CENTRO - NORD - POTENZIAMENTO,"Allegato 1 / [TABELLA pag.4 n.1], riga 2","6.325,00 | 0,00 | 6.325,00 | 6.325,00",,alta,,
2023 DM MIT 342-2023.pdf,deepseek/deepseek-v4-flash,off,,,Ministero delle Infrastrutture e dei Trasporti,,rettifica,H49J21005480003,True,definitivo,,1,singolo,7150,3,,86250.0,86250.0,"86.250,00",totale,assegnazione,assegnato,IMPORTO AMMASSO A FINANZIAMENTO CENTRO - NORD - POTENZIAMENTO,"Allegato 1 / [TABELLA pag.4 n.1], riga 3","86.250,00 | 0,00 | 86.250,00 | 86.250,00",,alta,,
2023 DM MIT 342-2023.pdf,deepseek/deepseek-v4-flash,off,,,Ministero delle Infrastrutture e dei Trasporti,,rettifica,H49J21005480003,True,definitivo,,1,singolo,7150,3,,25875.0,25875.0,"25.875,00",totale,assegnazione,assegnato,IMPORTO AMMASSO A FINANZIAMENTO CENTRO - NORD - POTENZIAMENTO,"Allegato 1 / [TABELLA pag.4 n.1], riga 4","25.875,00 | 0,00 | 25.875,00 | 25.875,00",,alta,,
2023 DM MIT 342-2023.pdf,deepseek/deepseek-v4-flash,off,,,Ministero delle Infrastrutture e dei Trasporti,,rettifica,H49J21005480003,True,definitivo,,1,singolo,7150,3,,47725.0,47725.0,"47.725,00",totale,assegnazione,assegnato,IMPORTO AMMASSO A FINANZIAMENTO CENTRO - NORD - POTENZIAMENTO,"Allegato 1 / [TABELLA pag.4 n.1], riga 5","47.725,00 | 0,00 | 47.725,00 | 47.725,00",,alta,,
2023 DM MIT 342-2023.pdf,deepseek/deepseek-v4-flash,off,,,Ministero delle Infrastrutture e dei Trasporti,,rettifica,H49J21005480003,True,definitivo,,1,singolo,7150,3,,7475.0,7475.0,"7.475,00",totale,assegnazione,assegnato,IMPORTO AMMASSO A FINANZIAMENTO CENTRO - NORD - POTENZIAMENTO,"Allegato 1 / [TABELLA pag.4 n.1], riga 6","7.475,00 | 0,00 | 7.475,00 | 7.475,00",,alta,,
2023 DM MIT 342-2023.pdf,deepseek/deepseek-v4-flash,off,,,Ministero delle Infrastrutture e dei Trasporti,,rettifica,H49J21005480003,True,definitivo,,1,singolo,7150,3,,25300.0,25300.0,"25.300,00",totale,assegnazione,assegnato,IMPORTO AMMASSO A FINANZIAMENTO CENTRO - NORD - POTENZIAMENTO,"Allegato 1 / [TABELLA pag.4 n.1], riga 7","25.300,00 | 0,00 | 25.300,00 | 25.300,00",,alta,,
2023 DM MIT 342-2023.pdf,deepseek/deepseek-v4-flash,off,,,Ministero delle Infrastrutture e dei Trasporti,,rettifica,H49J21005480003,True,definitivo,,1,singolo,7150,3,,9200.0,9200.0,"9.200,00",totale,assegnazione,assegnato,IMPORTO AMMASSO A FINANZIAMENTO CENTRO - NORD - POTENZIAMENTO,"Allegato 1 / [TABELLA pag.4 n.1], riga 8","9.200,00 | 0,00 | 9.200,00 | 9.200,00",,alta,,
2023 DM MIT 342-2023.pdf,deepseek/deepseek-v4-flash,off,,,Ministero delle Infrastrutture e dei Trasporti,,rettifica,H49J21005480003,True,definitivo,,1,singolo,7150,3,,4025.0,4025.0,"4.025,00",totale,assegnazione,assegnato,IMPORTO AMMASSO A FINANZIAMENTO CENTRO - NORD - POTENZIAMENTO,"Allegato 1 / [TABELLA pag.4 n.1], riga 9","4.025,00 | 0,00 | 4.025,00 | 4.025,00",,alta,,
2023 DM MIT 342-2023.pdf,deepseek/deepseek-v4-flash,off,,,Ministero delle Infrastrutture e dei Trasporti,,rettifica,C75B23000000001,True,definitivo,,1,singolo,7150,3,,10543255.0,10543255.0,"10.543.255,00",totale,assegnazione,assegnato,IMPORTO AMMASSO A FINANZIAMENTO CENTRO - NORD - POTENZIAMENTO,"Allegato 1 / [TABELLA pag.4 n.1], riga 10","10.543.255,00 | 0,00 | 10.543.255,00 | 10.543.255,00 | C75B23000000001",,alta,,
2023 DM MIT 342-2023.pdf,deepseek/deepseek-v4-flash,off,,,Ministero delle Infrastrutture e dei Trasporti,,rettifica,C71G22000090001,True,definitivo,,1,singolo,7150,3,,7000000.0,7000000.0,"7.000.000,00",totale,assegnazione,assegnato,IMPORTO AMMASSO A FINANZIAMENTO CENTRO - NORD - POTENZIAMENTO,"Allegato 1 / [TABELLA pag.4 n.1], riga 11","7.000.000,00 | 0,00 | 7.000.000,00 | 7.000.000,00 | C71G22000090001",,alta,,
2023 DM MIT 342-2023.pdf,deepseek/deepseek-v4-flash,off,,,Ministero delle Infrastrutture e dei Trasporti,,rettifica,E51B21002250001,True,definitivo,,1,singolo,7150,3,,20000000.0,20000000.0,"20.000.000,00",totale,assegnazione,assegnato,IMPORTO AMMASSO A FINANZIAMENTO CENTRO - NORD - POTENZIAMENTO,"Allegato 1 / [TABELLA pag.4 n.1], riga 12","20.000.000,00 | 0,00 | 20.000.000,00 | 20.000.000,00 | E51B21002250001",,alta,,
2023 DM MIT 342-2023.pdf,deepseek/deepseek-v4-flash,off,,,Ministero delle Infrastrutture e dei Trasporti,,rettifica,B41E04000210001,True,definitivo,,1,singolo,7150,3,,50000000.0,50000000.0,"50.000.000,00",totale,assegnazione,assegnato,IMPORTO AMMASSO A FINANZIAMENTO SUD - POTENZIAMENTO,"Allegato 1 / [TABELLA pag.5 n.1], riga 1","50.000.000,00 | 50.000.000,00 | 100.000.000,00 | 50.000.000,00 | B41E04000210001",,alta,,
2023 DM MIT 342-2023.pdf,deepseek/deepseek-v4-flash,off,,,Ministero delle Infrastrutture e dei Trasporti,,rettifica,F61B21003640009,True,definitivo,,1,singolo,7150,3,,30000000.0,30000000.0,"30.000.000,00",totale,assegnazione,assegnato,IMPORTO AMMASSO A FINANZIAMENTO SUD - POTENZIAMENTO,"Allegato 1 / [TABELLA pag.5 n.1], riga 2","30.000.000,00 | 0,00 | 30.000.000,00 | 30.000.000,00 | F61B21003640009",,alta,,
2023 DM MIT 342-2023.pdf,deepseek/deepseek-v4-flash,off,,,Ministero delle Infrastrutture e dei Trasporti,,rettifica,G31G22000250001,True,definitivo,,1,singolo,7150,3,,2800000.0,2800000.0,"2.800.000,00",totale,assegnazione,assegnato,IMPORTO AMMASSO A FINANZIAMENTO SUD - POTENZIAMENTO,"Allegato 1 / [TABELLA pag.5 n.1], riga 3","2.800.000,00 | 0,00 | 2.800.000,00 | 2.800.000,00 | G31G22000250001",,alta,,
2023 DM MIT 342-2023.pdf,deepseek/deepseek-v4-flash,off,,,Ministero delle Infrastrutture e dei Trasporti,,rettifica,D69D15002090001,True,definitivo,,2,aggregato,7150,3,,50000000.0,25000000.0,"50.000.000,00",totale,assegnazione,assegnato,IMPORTO AMMASSO A FINANZIAMENTO SUD - POTENZIAMENTO,"Allegato 1 / [TABELLA pag.5 n.1], riga 4","50.000.000,00 | 130.000.000,00 | 180.000.000,00 | 50.000.000,00 | Lotto 4 - D69D15002090001 Lotto 3 - D49D15001920001",,alta,,Importo unico per due lotti/CUP; l'atto non ripartisce.
2023 DM MIT 342-2023.pdf,deepseek/deepseek-v4-flash,off,,,Ministero delle Infrastrutture e dei Trasporti,,rettifica,D49D15001920001,True,definitivo,,2,aggregato,7150,3,,50000000.0,25000000.0,"50.000.000,00",totale,assegnazione,assegnato,IMPORTO AMMASSO A FINANZIAMENTO SUD - POTENZIAMENTO,"Allegato 1 / [TABELLA pag.5 n.1], riga 4","50.000.000,00 | 130.000.000,00 | 180.000.000,00 | 50.000.000,00 | Lotto 4 - D69D15002090001 Lotto 3 - D49D15001920001",,alta,,Importo unico per due lotti/CUP; l'atto non ripartisce.
2023 DM MIT 342-2023.pdf,deepseek/deepseek-v4-flash,off,,,Ministero delle Infrastrutture e dei Trasporti,,rettifica,G71B18000620005,True,definitivo,,1,singolo,7150,3,,2500000.0,2500000.0,"2.500.000,00",totale,assegnazione,assegnato,IMPORTO AMMASSO A FINANZIAMENTO SUD - POTENZIAMENTO,"Allegato 1 / [TABELLA pag.5 n.1], riga 5","2.500.000,00 | 0,00 | 2.500.000,00 | 2.500.000,00 | G71B18000620005",,alta,,
2023 DM MIT 342-2023.pdf,deepseek/deepseek-v4-flash,off,,,Ministero delle Infrastrutture e dei Trasporti,,rettifica,F81B21005610001,True,definitivo,,1,singolo,7150,3,,18000000.0,18000000.0,"18.000.000,00",totale,assegnazione,assegnato,IMPORTO AMMASSO A FINANZIAMENTO SUD - POTENZIAMENTO,"Allegato 1 / [TABELLA pag.6 n.1], riga 1","26.400.000,00 | 0,00 | 26.400.000,00 | 18.000.000,00 | F81B21005610001",,alta,,
2023 DM MIT 342-2023.pdf,deepseek/deepseek-v4-flash,off,,,Ministero delle Infrastrutture e dei Trasporti,,rettifica,I61B21003020001,True,definitivo,,1,singolo,7150,3,,9900000.0,9900000.0,"9.900.000,00",totale,assegnazione,assegnato,IMPORTO AMMASSO A FINANZIAMENTO SUD - POTENZIAMENTO,"Allegato 1 / [TABELLA pag.6 n.1], riga 2","9.900.000,00 | 0,00 | 9.900.000,00 | 9.900.000,00 | I61B21003020001",,alta,,
2023 DM MIT 342-2023.pdf,deepseek/deepseek-v4-flash,off,,,Ministero delle Infrastrutture e dei Trasporti,,rettifica,I67H21003160001,True,definitivo,,1,singolo,7150,3,,2900000.0,2900000.0,"2.900.000,00",totale,assegnazione,assegnato,IMPORTO AMMASSO A FINANZIAMENTO SUD - POTENZIAMENTO,"Allegato 1 / [TABELLA pag.6 n.1], riga 3","2.900.000,00 | 0,00 | 2.900.000,00 | 2.900.000,00 | I67H21003160001",,alta,,
2023 DM MIT 342-2023.pdf,deepseek/deepseek-v4-flash,off,,,Ministero delle Infrastrutture e dei Trasporti,,rettifica,B89J21020930005,True,definitivo,,1,singolo,7150,3,,1200000.0,1200000.0,"1.200.000,00",totale,assegnazione,assegnato,IMPORTO AMMASSO A FINANZIAMENTO SUD - POTENZIAMENTO,"Allegato 1 / [TABELLA pag.6 n.1], riga 4","1.200.000,00 | 0,00 | 1.200.000,00 | 1.200.000,00 | B89J21020930005",,alta,,
2023 DM MIT 342-2023.pdf,deepseek/deepseek-v4-flash,off,,,Ministero delle Infrastrutture e dei Trasporti,,rettifica,I57H21005640001,True,definitivo,,1,singolo,7150,4,,1512215.0,1512215.0,"1.512.215,00",totale,assegnazione,assegnato,SICUREZZA (€),"Allegato 2 / [TABELLA pag.7 n.1], riga 1","1.512.215,00 | 0,00 | 1.512.215,00 | 1.512.215,00 | I57H21005640001",,alta,,
2023 DM MIT 342-2023.pdf,deepseek/deepseek-v4-flash,off,,,Ministero delle Infrastrutture e dei Trasporti,,rettifica,B19F22013250002,True,definitivo,,1,singolo,7150,4,,2400000.0,2400000.0,"2.400.000,00",totale,assegnazione,assegnato,SICUREZZA (€),"Allegato 2 / [TABELLA pag.7 n.1], riga 2","2.400.000,00 | 0,00 | 2.400.000,00 | 2.400.000,00 | B19F22013250002",,alta,,
2023 DM MIT 342-2023.pdf,deepseek/deepseek-v4-flash,off,,,Ministero delle Infrastrutture e dei Trasporti,,rettifica,C89F23000050001,True,definitivo,,1,singolo,7150,4,,600000.0,600000.0,"600.000,00",totale,assegnazione,assegnato,SICUREZZA (€),"Allegato 2 / [TABELLA pag.7 n.1], riga 3","600.000,00 | 0,00 | 600.000,00 | 600.000,00 | C89F23000050001",,alta,,
2023 DM MIT 342-2023.pdf,deepseek/deepseek-v4-flash,off,,,Ministero delle Infrastrutture e dei Trasporti,,rettifica,C99F23000050001,True,definitivo,,1,singolo,7150,4,,5400000.0,5400000.0,"5.400.000,00",totale,assegnazione,assegnato,SICUREZZA (€),"Allegato 2 / [TABELLA pag.8 n.1], riga 1","5.400.000,00 | 1.600.000,00 | 7.000.000,00 | 5.400.000,00 | C99F23000050001",,alta,,
2023 DM MIT 342-2023.pdf,deepseek/deepseek-v4-flash,off,,,Ministero delle Infrastrutture e dei Trasporti,,rettifica,C56G21008730001,True,definitivo,,1,singolo,7150,4,,3400000.0,3400000.0,"3.400.000,00",totale,assegnazione,assegnato,SICUREZZA (€),"Allegato 2 / [TABELLA pag.8 n.1], riga 2","3.400.000,00 | 0,00 | 3.400.000,00 | 3.400.000,00 | C56G21008730001",,alta,,
2023 DM MIT 342-2023.pdf,deepseek/deepseek-v4-flash,off,,,Ministero delle Infrastrutture e dei Trasporti,,rettifica,F41B21005790009,True,definitivo,,1,singolo,7150,4,,30000000.0,30000000.0,30.000.000,totale,assegnazione,assegnato,SICUREZZA (€),"Allegato 2 / [TABELLA pag.9 n.1], riga 1","30.000.000 | € 0,00 | 30.000.000 | 30.000.000 | F41B21005790009",,alta,,
2023 DM MIT 342-2023.pdf,deepseek/deepseek-v4-flash,off,,,Ministero delle Infrastrutture e dei Trasporti,,rettifica,G31G22000260001,True,definitivo,,1,singolo,7150,4,,7200000.0,7200000.0,7.200.000,totale,assegnazione,assegnato,SICUREZZA (€),"Allegato 2 / [TABELLA pag.9 n.1], riga 2",7.200.000 | 0 | 7.200.000 | 7.200.000 | G31G22000260001,,alta,,
2023 DM MIT 342-2023.pdf,deepseek/deepseek-v4-flash,off,,,Ministero delle Infrastrutture e dei Trasporti,,rettifica,G11B18000550005,True,definitivo,,1,singolo,7150,4,,3500000.0,3500000.0,3.500.000,totale,assegnazione,assegnato,SICUREZZA (€),"Allegato 2 / [TABELLA pag.10 n.1], riga 1","3.500.000,00 | 0 | 3.500.000 | 3.500.000 | G11B18000550005",,alta,,
2023 DM MIT 342-2023.pdf,deepseek/deepseek-v4-flash,off,,,Ministero delle Infrastrutture e dei Trasporti,,rettifica,B81B21003770005,True,definitivo,,1,singolo,7150,4,,1750000.0,1750000.0,1.750.000,totale,assegnazione,assegnato,SICUREZZA (€),"Allegato 2 / [TABELLA pag.10 n.1], riga 2","1.750.000,00 € | 0 | 1.750.000 | 1.750.000 | B81B21003770005",,alta,,
2023 DM MIT 342-2023.pdf,deepseek/deepseek-v4-flash,off,,,Ministero delle Infrastrutture e dei Trasporti,,rettifica,,False,,,0,singolo,7150,4,2033,217585.0,217585.0,217.585,totale,assegnazione,assegnato,VENETO,"art. 1; Allegato 3 / [TABELLA pag.11 n.1], riga 2033","2033 | 4.642.914 | 0,083 | 0 | 0 | 0 | 217.585 | 0 | 0 | 0 | 199.831 | 0 | 690.994 | 2.497.882 | 599.492 | 0 | 0 | 0 | 291.420 | 145.710",,media,Importo regionale senza CUP specifico; l'atto assegna per annualità 2033 alla Regione Veneto 217.585 euro in luogo dei precedenti 117.585.,"Rettifica dell'Allegato 3 del DM 364/2021: per l'annualità 2033, Veneto 217.585 (precedente 117.585), Emilia-Romagna 690.994 (precedente 790.994)."
2023 DM MIT 342-2023.pdf,deepseek/deepseek-v4-flash,off,,,Ministero delle Infrastrutture e dei Trasporti,,rettifica,,False,,,0,singolo,7150,4,2033,690994.0,690994.0,690.994,totale,assegnazione,assegnato,EMILIA ROMAGNA,"art. 1; Allegato 3 / [TABELLA pag.11 n.1], riga 2033","2033 | 4.642.914 | 0,083 | 0 | 0 | 0 | 217.585 | 0 | 0 | 0 | 199.831 | 0 | 690.994 | 2.497.882 | 599.492 | 0 | 0 | 0 | 291.420 | 145.710",,media,Importo regionale senza CUP specifico; l'atto assegna per annualità 2033 alla Regione Emilia-Romagna 690.994 euro in luogo dei precedenti 790.994.,"Rettifica dell'Allegato 3 del DM 364/2021: per l'annualità 2033, Emilia-Romagna 690.994 (precedente 790.994)."
2023 DM MIT 342-2023.pdf,deepseek/deepseek-v4-flash,off,,,Ministero delle Infrastrutture e dei Trasporti,,rettifica,,False,,,0,singolo,7150,4,2032,125266.0,125266.0,125.266,totale,assegnazione,assegnato,VENETO,"art. 1; Allegato 3 / [TABELLA pag.11 n.1], riga 2032","2032 | 4.946.287 | 0,089 | 0 | 0 | 0 | 125.266 | 0 | 0 | 0 | 212.888 | 0 | 842.682 | 2.661.096 | 638.663 | 0 | 0 | 0 | 310.461 | 155.231",,media,Importo regionale senza CUP specifico; l'atto assegna per annualità 2032 alla Regione Veneto 125.266 euro in luogo dei precedenti 125.268.,"Rettifica dell'Allegato 3 del DM 364/2021: per l'annualità 2032, Veneto 125.266 (precedente 125.268)."
2023 DM MIT 342-2023.pdf,deepseek/deepseek-v4-flash,off,,,Ministero delle Infrastrutture e dei Trasporti,,rettifica,,False,,,0,singolo,7150,4,2032,842682.0,842682.0,842.682,totale,assegnazione,assegnato,EMILIA ROMAGNA,"art. 1; Allegato 3 / [TABELLA pag.11 n.1], riga 2032","2032 | 4.946.287 | 0,089 | 0 | 0 | 0 | 125.266 | 0 | 0 | 0 | 212.888 | 0 | 842.682 | 2.661.096 | 638.663 | 0 | 0 | 0 | 310.461 | 155.231",,media,Importo regionale senza CUP specifico; l'atto assegna per annualità 2032 alla Regione Emilia-Romagna 842.682 euro in luogo dei precedenti 842.680.,"Rettifica dell'Allegato 3 del DM 364/2021: per l'annualità 2032, Emilia-Romagna 842.682 (precedente 842.680)."
2022 DD MIT 454-2022.pdf,deepseek/deepseek-v4-pro-0813,off,,,Ministero delle infrastrutture e dei trasporti,,impegno,E51I04000010007,True,definitivo,,1,singolo,7426,1,2021,14000000.0,14000000.0,"€ 14.000.000,00",totale,assegnazione,impegnato,,Art. 1,"è autorizzato, sul capitolo 7426, piano di gestione 1 ... a favore di Roma Capitale per l’intervento ""Tratta Colosseo - Piazza Venezia della Linea C della metropolitana di Roma” CUP E51I04000010007, l’impegno di € 14.000.000,00 in conto residui di lettera F, esercizio di provenienza 2021.",DM MIT di concerto con MEF n. 498 del 14 novembre 2014,alta,,"Impegno in conto residui di lettera F, esercizio di provenienza 2021."
2022 DD MIT 454-2022.pdf,deepseek/deepseek-v4-pro-0813,off,,,Ministero delle infrastrutture e dei trasporti,,impegno,CUPE51I04000010007,False,definitivo,,1,singolo,7426,1,2022-2025,131000000.0,131000000.0,"€ 131.000.000,00",totale,assegnazione,impegnato,,Art. 2; [TABELLA pag.3 n.1],"è autorizzato l’impegno, sul capitolo 7426, piano di gestione 1, ... per l’importo complessivo di € 131.000.000,00 a favore di Roma Capitale, per l’intervento “Tratta Colosseo - Piazza Venezia della Linea C della metropolitana di Roma” CUP E51I04000010007",DM MIT di concerto con MEF n. 498 del 14 novembre 2014,alta,,"Importo complessivo impegnato, ripartito in annualità 2022-2025 come da tabella."
2022 DDG 128 del 02-05-22.pdf,deepseek/deepseek-v4-pro-0813,off,,,Ministero delle infrastrutture e della mobilità sostenibili,,impegno,H94I19000130004,True,definitivo,,1,singolo,7400,7,2020-2034,97154124.1,97154124.1,"97.154.124,10",totale,assegnazione,impegnato,Totale,"Art. 1 e Art. 2; Allegato 1 / [TABELLA pag.4 n.1], riga 1","Comune di Padova | H94I19000130004 | 7400/PG 7 | ... | 97.154.124,10",Decreto del Ministro delle infrastrutture e della mobilità sostenibili n. 464 del 22 novembre 2021,alta,,L'importo totale comprende sia la quota in conto residui (art. 1) sia la quota in conto competenza (art. 2) per il beneficiario.
2022 DDG 128 del 02-05-22.pdf,deepseek/deepseek-v4-pro-0813,off,,,Ministero delle infrastrutture e della mobilità sostenibili,,impegno,J80J18000000001,True,definitivo,,1,singolo,7400,7,2020-2034,159466174.12,159466174.12,"159.466.174,12",totale,assegnazione,impegnato,Totale,"Art. 2; Allegato 1 / [TABELLA pag.4 n.1], riga 2","Roma Capitale | J80J18000000001 | 7400/PG 7 | ... | 159.466.174,12",Decreto del Ministro delle infrastrutture e della mobilità sostenibili n. 464 del 22 novembre 2021,alta,,L'importo totale comprende anche la quota in conto residui di cui all'art. 1.
2022 DDG 128 del 02-05-22.pdf,deepseek/deepseek-v4-pro-0813,off,,,Ministero delle infrastrutture e della mobilità sostenibili,,impegno,C11B21008720001,True,definitivo,,2,aggregato,7400,7,2020-2034,44494493.04,22247246.52,"44.494.493,04",totale,assegnazione,impegnato,Totale,"Art. 2; Allegato 1 / [TABELLA pag.4 n.1], riga 3","Comune di Torino | C11B21008720001 D81E20000410007 | 7400/PG 7 | ... | 44.494.493,04",Decreto del Ministro delle infrastrutture e della mobilità sostenibili n. 464 del 22 novembre 2021,alta,,Importo unico per due CUP del Comune di Torino; l'atto non ripartisce l'importo tra i due CUP.
2022 DDG 128 del 02-05-22.pdf,deepseek/deepseek-v4-pro-0813,off,,,Ministero delle infrastrutture e della mobilità sostenibili,,impegno,D81E20000410007,True,definitivo,,2,aggregato,7400,7,2020-2034,44494493.04,22247246.52,"44.494.493,04",totale,assegnazione,impegnato,Totale,"Art. 2; Allegato 1 / [TABELLA pag.4 n.1], riga 3","Comune di Torino | C11B21008720001 D81E20000410007 | 7400/PG 7 | ... | 44.494.493,04",Decreto del Ministro delle infrastrutture e della mobilità sostenibili n. 464 del 22 novembre 2021,alta,,Importo unico per due CUP del Comune di Torino; l'atto non ripartisce l'importo tra i due CUP.
2022 DDG 128 del 02-05-22.pdf,deepseek/deepseek-v4-pro-0813,off,,,Ministero delle infrastrutture e della mobilità sostenibili,,impegno,C81B21013200005,True,definitivo,,1,singolo,7400,7,2020-2034,333059208.74,333059208.74,"333.059.208,74",totale,assegnazione,impegnato,Totale,"Art. 2; Allegato 1 / [TABELLA pag.4 n.1], riga 4","Comune di Brescia | C81B21013200005 | 7400/PG 7 | ... | 333.059.208,74",Decreto del Ministro delle infrastrutture e della mobilità sostenibili n. 464 del 22 novembre 2021,alta,,L'importo totale comprende anche la quota in conto residui di cui all'art. 1.
2022 DDG 128 del 02-05-22.pdf,deepseek/deepseek-v4-pro-0813,off,,,Ministero delle infrastrutture e della mobilità sostenibili,,impegno,C81B21013200005,True,definitivo,,1,singolo,7400,1,2029-2034,26486678.33,26486678.33,"26.486.678,33",totale,assegnazione,impegnato,Totale,"Art. 3; Allegato 1 / [TABELLA pag.4 n.1], riga 5","Comune di Brescia | C81B21013200005 | 7400/PG 1 | ... | 26.486.678,33",Decreto del Ministro delle infrastrutture e della mobilità sostenibili n. 464 del 22 novembre 2021,alta,,Impegno in conto competenza per gli esercizi finanziari dal 2029 al 2034.
2022 DI Mims Mef 97 20.04.2022.pdf,deepseek/deepseek-v4-pro-0813,off,,,Ministero delle Infrastrutture e della Mobilità Sostenibili,Ministero dell'Economia e delle Finanze,assegnazione,B39J22001360001,True,definitivo,,1,singolo,7400,8,,398000000.0,398000000.0,"398.000.000,00",totale,assegnazione,assegnato,FINANZIAMENTO AMMESSO,"art. 1, comma 1, lettera a); Allegato 1 / [TABELLA pag.10 n.1], riga 1","SKYMETRO VAL BISAGNO GENOVA | COMUNE DI GENOVA | B39J22001360001 | PFTE | 31.03.2023 | 30.06.2025 | 31.12.2027 | 398.000.000,00 | --- | 398.000.000,00",,alta,,
2022 DI Mims Mef 97 20.04.2022.pdf,deepseek/deepseek-v4-pro-0813,off,,,Ministero delle Infrastrutture e della Mobilità Sostenibili,Ministero dell'Economia e delle Finanze,assegnazione,B31F20000030005,True,definitivo,,1,singolo,7400,8,,20860000.0,20860000.0,"20.860.000,00",totale,assegnazione,assegnato,FINANZIAMENTO AMMESSO,"art. 1, comma 1, lettera a); Allegato 1 / [TABELLA pag.10 n.1], riga 2","PROLUNGAMENTO METROPOLITANA DI GENOVA DA BRIN A CANEPARI. OPERE DI ADEGUAMENTO IDRAULICO DEL TRATTO TOMBINATO DI VALLE DEL RIO MALTEMPO, AFFLUENTE DEL TORRENTE POLCEVERA | COMUNE DI GENOVA | B31F20000030005 | PFTE | 31.03.2023 | 31.12.2023 | 30.09.2024 | 20.860.000,00 | --- | 20.860.000,00",,alta,,
2022 DI Mims Mef 97 20.04.2022.pdf,deepseek/deepseek-v4-pro-0813,off,,,Ministero delle Infrastrutture e della Mobilità Sostenibili,Ministero dell'Economia e delle Finanze,assegnazione,B44D20000040001,True,definitivo,,1,singolo,7400,8,,180000000.0,180000000.0,"180.000.000,00",totale,assegnazione,assegnato,FINANZIAMENTO AMMESSO,"art. 1, comma 1, lettera a); Allegato 1 / [TABELLA pag.10 n.1], riga 3","LINEA METROPOLITANA M1 PROLUNGAMENTO QUARTIERE BAGGIO – OLMI - VALSESIA | COMUNE DI MILANO | B44D20000040001 | PROGETTO DEFINITIVO | 31.12.2022 | 31.12.2025 | 31.12.2027 | 398.000.000,00 | 218.000.000,00 | 180.000.000,00",,alta,,
2022 DI Mims Mef 97 20.04.2022.pdf,deepseek/deepseek-v4-pro-0813,off,,,Ministero delle Infrastrutture e della Mobilità Sostenibili,Ministero dell'Economia e delle Finanze,assegnazione,B91J21000040001,True,definitivo,,1,singolo,7400,8,,420000000.0,420000000.0,"420.000.000,00",totale,assegnazione,assegnato,FINANZIAMENTO AMMESSO,"art. 1, comma 1, lettera a); Allegato 1 / [TABELLA pag.10 n.1], riga 4","PROLUNGAMENTO LINEA METROPOLITANA M4 DA AEROPORTO LINATE A SEGRATE | COMUNE DI MILANO | B91J21000040001 | PFTE | 31.12.2025 | 31.12.2028 | 31.12.2030 | 420.000.000,00 | --- | 420.000.000,00",,alta,,
2022 DI Mims Mef 97 20.04.2022.pdf,deepseek/deepseek-v4-pro-0813,off,,,Ministero delle Infrastrutture e della Mobilità Sostenibili,Ministero dell'Economia e delle Finanze,assegnazione,B41J21000050006,True,definitivo,,1,singolo,7400,8,,4500000.0,4500000.0,"4.500.000,00",totale,assegnazione,assegnato,FINANZIAMENTO AMMESSO,"art. 1, comma 1, lettera a); Allegato 1 / [TABELLA pag.10 n.1], riga 5","NUOVA LINEA METROPOLITANA M6 RAMO SUD (PFTE) | COMUNE DI MILANO | B41J21000050006 | --- | 31.03.2023 | 30.06.2024 | 31.12.2025 | 4.500.000,00 | --- | 4.500.000,00",,alta,,
2022 DI Mims Mef 97 20.04.2022.pdf,deepseek/deepseek-v4-pro-0813,off,,,Ministero delle Infrastrutture e della Mobilità Sostenibili,Ministero dell'Economia e delle Finanze,assegnazione,B41C21000010001,True,definitivo,,1,singolo,7400,8,,5500000.0,5500000.0,"5.500.000,00",totale,assegnazione,assegnato,FINANZIAMENTO AMMESSO,"art. 1, comma 1, lettera a); Allegato 1 / [TABELLA pag.10 n.1], riga 6","PROLUNGAMENTO M3 SAN DONATO M. – ASTA PAULLESE (PFTE) | COMUNE DI MILANO | B41C21000010001 | PFTE – 1° FASE | 31.03.2023 | 30.06.2024 | 31.12.2025 | 5.500.000,00 | --- | 5.500.000,00",,alta,,
2022 DI Mims Mef 97 20.04.2022.pdf,deepseek/deepseek-v4-pro-0813,off,,,Ministero delle Infrastrutture e della Mobilità Sostenibili,Ministero dell'Economia e delle Finanze,assegnazione,F41B22000740009,True,definitivo,,1,singolo,7400,8,,631373163.0,631373163.0,"631.373.163,00",totale,assegnazione,assegnato,FINANZIAMENTO AMMESSO,"art. 1, comma 1, lettera a); Allegato 1 / [TABELLA pag.10 n.1], riga 7","NUOVO COLLEGAMENTO IN SEDE PROPRIA TRA LA STAZIONE AV DI AFRAGOLA E LA RETE METROPOLITANA DI NAPOLI. LOTTO 1°_STRALCIO I | COMUNE DI NAPOLI / EAV Srl | F41B22000740009 (CUP MASTER) | PFTE | 31.03.2023 | 30.06.2025 | 31.12.2027 | 631.373.163,00 | --- | 631.373.163,00",,alta,,"Il CUP F41B22000740009 è indicato come CUP MASTER nella cella CUP. Poiché non è presente un CUP dell'intervento distinto, è trattato come CUP della riga."
2022 DI Mims Mef 97 20.04.2022.pdf,deepseek/deepseek-v4-pro-0813,off,,,Ministero delle Infrastrutture e della Mobilità Sostenibili,Ministero dell'Economia e delle Finanze,assegnazione,F41B22000830009,True,definitivo,,1,singolo,7400,8,,163500824.0,163500824.0,"163.500.824,00",totale,assegnazione,assegnato,FINANZIAMENTO AMMESSO,"art. 1, comma 1, lettera a); Allegato 1 / [TABELLA pag.10 n.1], riga 8","NUOVO COLLEGAMENTO IN SEDE PROPRIA TRA LA STAZIONE AV DI AFRAGOLA E LA RETE METROPOLITANA DI NAPOLI. LOTTO 1°_STRALCIO II | COMUNE DI NAPOLI / EAV Srl | F41B22000830009 | PFTE | 31.03.2026 | 31.12.2026 | 31.12.2027 | 163.500.824,00 | --- | 163.500.824,00",,alta,,
2022 DI Mims Mef 97 20.04.2022.pdf,deepseek/deepseek-v4-pro-0813,off,,,Ministero delle Infrastrutture e della Mobilità Sostenibili,Ministero dell'Economia e delle Finanze,assegnazione,E51I04000010007,True,definitivo,,1,singolo,7400,8,,610000000.0,610000000.0,"610.000.000,00",totale,assegnazione,assegnato,FINANZIAMENTO AMMESSO,"art. 1, comma 1, lettera a); Allegato 1 / [TABELLA pag.10 n.1], riga 9","LINEA C DELLA METROPOLITANA DI ROMA - SUB-TRATTA FUNZIONALE DA STAZIONE VENEZIA A STAZIONE FORI IMPERIALI | ROMA CAPITALE / ROMA METROPOLITANE Srl | E51I04000010007 | PROGETTO DEFINITIVO | 31.12.2022 | 31.12.2027 | 31.12.2032 | 755.000.000,00 | 145.000.000,00 | 610.000.000,00",,alta,,
2022 DI Mims Mef 97 20.04.2022.pdf,deepseek/deepseek-v4-pro-0813,off,,,Ministero delle Infrastrutture e della Mobilità Sostenibili,Ministero dell'Economia e delle Finanze,assegnazione,E51I04000010007,True,definitivo,,1,singolo,7400,8,,990000000.0,990000000.0,"990.000.000,00",totale,assegnazione,assegnato,FINANZIAMENTO AMMESSO,"art. 1, comma 1, lettera a); Allegato 1 / [TABELLA pag.10 n.1], riga 10","LINEA C DELLA METROPOLITANA DI ROMA - TRATTA T2 - LOTTO COSTRUTTIVO PRELIMINARE | ROMA CAPITALE / ROMA METROPOLITANE Srl | E51I04000010007 | PROGETTO PRELIMINARE | 30.06.2023 | 30.09.2024 | 31.12.2026 | 990.000.000,00 | --- | 990.000.000,00",,alta,,
2022 DI Mims Mef 97 20.04.2022.pdf,deepseek/deepseek-v4-pro-0813,off,,,Ministero delle Infrastrutture e della Mobilità Sostenibili,Ministero dell'Economia e delle Finanze,assegnazione,C71F20000020005,True,definitivo,,1,singolo,7400,8,,1000000000.0,1000000000.0,"1.000.000.000,00",totale,assegnazione,assegnato,FINANZIAMENTO AMMESSO,"art. 1, comma 1, lettera a); Allegato 1 / [TABELLA pag.10 n.1], riga 10","METROPOLITANA AUTOMATICA DI TORINO – LINEA 2 – TRATTA “POLITECNICO – REBAUDENGO” | COMUNE DI TORINO | C71F20000020005 | PROGETTO DEFINITIVO | 31.12.2023 | 30.06.2028 | 31.12.2031 | 1.800.000.000,00 | 800.000.000,00 | 1.000.000.000,00",,alta,,
2022 DI Mims Mef 97 20.04.2022.pdf,deepseek/deepseek-v4-pro-0813,off,,,Ministero delle Infrastrutture e della Mobilità Sostenibili,Ministero dell'Economia e delle Finanze,assegnazione,J81B21014060001,True,definitivo,,1,singolo,7400,1,,173183831.97,173183831.97,"173.183.831,97",totale,assegnazione,assegnato,FINANZIAMENTO AMMESSO,"art. 1, comma 1, lettera b); Allegato 2 / [TABELLA pag.12 n.1], riga 1","ROMA CAPITALE | LINEA TRANVIARIA TERMINI - VATICANO - AURELIO | J81B21014060001 | TRANVIA | 293.183.831,97 | 120.000.000,00 | 173.183.831,97",,alta,,
2022 DI Mims Mef 97 20.04.2022.pdf,deepseek/deepseek-v4-pro-0813,off,,,Ministero delle Infrastrutture e della Mobilità Sostenibili,Ministero dell'Economia e delle Finanze,assegnazione,J84E21005150001,True,definitivo,,1,singolo,7400,1,,11284217.84,11284217.84,"11.284.217,84",totale,assegnazione,assegnato,FINANZIAMENTO AMMESSO,"art. 1, comma 1, lettera b); Allegato 2 / [TABELLA pag.12 n.1], riga 2","ROMA CAPITALE | DEPOSITO DI CENTOCELLE EST | J84E21005150001 | TRANVIA | 11.284.217,84 | --- | 11.284.217,84",,alta,,
2022 DI Mims Mef 97 20.04.2022.pdf,deepseek/deepseek-v4-pro-0813,off,,,Ministero delle Infrastrutture e della Mobilità Sostenibili,Ministero dell'Economia e delle Finanze,assegnazione,E31J19000030001,True,definitivo,,1,singolo,7400,1,,26500000.0,26500000.0,"26.500.000,00",totale,assegnazione,assegnato,FINANZIAMENTO AMMESSO,"art. 1, comma 1, lettera b); Allegato 2 / [TABELLA pag.12 n.1], riga 3","COMUNE DI PIACENZA | SISTEMA DI TRASPORTO RAPIDO DI MASSA PER IL COLLEGAMENTO TRA LA STAZIONE FERROVIARIA DI PIACENZA ED IL NUOVO POLO OSPEDALIERO | E31J19000030001 | BUSVIA | 26.500.000,00 | --- | 26.500.000,00",,alta,,
2022 DI Mims Mef 97 20.04.2022.pdf,deepseek/deepseek-v4-pro-0813,off,,,Ministero delle Infrastrutture e della Mobilità Sostenibili,Ministero dell'Economia e delle Finanze,assegnazione,F44I19000530001,True,definitivo,,1,singolo,7400,1,,122200000.0,122200000.0,"122.200.000,00",totale,assegnazione,assegnato,FINANZIAMENTO AMMESSO,"art. 1, comma 1, lettera b); Allegato 2 / [TABELLA pag.12 n.1], riga 4","COMUNE DI MILANO | AMPLIAMENTO DEL DEPOSITO GALLARATESE DEI TRENI DELLA LINEA METROPOLITANA 1 | F44I19000530001 | METRO | 122.200.000,00 | --- | 122.200.000,00",,alta,,
2023 DM MIT 342-2023.pdf,deepseek/deepseek-v4-pro-0813,off,,,Ministero delle Infrastrutture e dei Trasporti,,rettifica,,False,,,0,singolo,7150,4,2033,217585.0,217585.0,217.585,quota,rimodulazione,rimodulato,,"art. 1, comma 1","assegna, per l’annualità 2033, alla Regione Veneto risorse pari a 217.585 euro, in luogo dei precedenti 117.585 euro","decreto del Ministro delle infrastrutture e della mobilità sostenibili del 23 settembre 2021, n. 364",alta,,Rettifica Allegato 3 DM 364/2021. Valore originario 117.585 euro.
2023 DM MIT 342-2023.pdf,deepseek/deepseek-v4-pro-0813,off,,,Ministero delle Infrastrutture e dei Trasporti,,rettifica,,False,,,0,singolo,7150,4,2033,690994.0,690994.0,690.994,quota,rimodulazione,rimodulato,,"art. 1, comma 1","assegna, per l’annualità 2033, alla Regione Emilia Romagna risorse pari a 690.994 euro, in luogo dei precedenti 790.994 euro","decreto del Ministro delle infrastrutture e della mobilità sostenibili del 23 settembre 2021, n. 364",alta,,Rettifica Allegato 3 DM 364/2021. Valore originario 790.994 euro.
2023 DM MIT 342-2023.pdf,deepseek/deepseek-v4-pro-0813,off,,,Ministero delle Infrastrutture e dei Trasporti,,rettifica,,False,,,0,singolo,7150,4,2032,125266.0,125266.0,125.266,quota,rimodulazione,rimodulato,,"art. 1, comma 1","per l’annualità 2032, assegna alla Regione Veneto risorse pari a 125.266 euro, in luogo dei precedenti 125.268 euro","decreto del Ministro delle infrastrutture e della mobilità sostenibili del 23 settembre 2021, n. 364",alta,,Rettifica Allegato 3 DM 364/2021. Valore originario 125.268 euro.
2023 DM MIT 342-2023.pdf,deepseek/deepseek-v4-pro-0813,off,,,Ministero delle Infrastrutture e dei Trasporti,,rettifica,,False,,,0,singolo,7150,4,2032,842682.0,842682.0,842.682,quota,rimodulazione,rimodulato,,"art. 1, comma 1","alla Regione Emilia Romagna risorse pari a 842.682 euro, in luogo dei precedenti 842.680 euro","decreto del Ministro delle infrastrutture e della mobilità sostenibili del 23 settembre 2021, n. 364",alta,,Rettifica Allegato 3 DM 364/2021. Valore originario 842.680 euro.
2025 DD MIT 141-2025.pdf,deepseek/deepseek-v4-pro-0813,off,141,2025-04-18,Ministero delle Infrastrutture e dei Trasporti,,impegno,E51I04000010007,True,definitivo,,1,singolo,7419,2,2024-2032,2125000000.0,2125000000.0,"€ 2.125.000.000,00",totale,assegnazione,impegnato,,art. 3; [TABELLA pag.5 n.1],"È autorizzato l’impegno delle risorse di cui al citato articolo 1, comma 478, della legge 29 dicembre 2022, n. 197, sul capitolo 7419, piano gestionale 2 ... per la somma complessiva di € 2.125.000.000,00, di cui € 50.000.000,00 in conto residui, esercizio di provenienza 2024 e 2.075.000.000,00 per gli esercizi finanziari dal 2025 al 2032","Legge 29 dicembre 2022, n. 197, art. 1, comma 478",alta,,"L'importo complessivo di € 2.125.000.000,00 è impegnato sul capitolo 7419/PG2. La tabella riporta la ripartizione per annualità (2024-2032), che non genera record separati."
2025 DD MIT 141-2025.pdf,deepseek/deepseek-v4-pro-0813,off,141,2025-04-18,Ministero delle Infrastrutture e dei Trasporti,,impegno,E51I04000010007,True,definitivo,,1,singolo,7416,1,2027-2028,75000000.0,75000000.0,"€ 75.000.000,00",totale,assegnazione,impegnato,,art. 4,"È autorizzato l’impegno delle risorse di cui al citato art.1, comma 478, della legge 29 dicembre 2022, n.197, sul capitolo 7416 piano gestonale 1 ... per la somma complessiva di € 75.000.000,00, di cui 50.000.000,00 per l’esercizio finanziario 2027 e € 25.000.000,00 per l’esercizio finanziario 2028.","Legge 29 dicembre 2022, n. 197, art. 1, comma 478",alta,,
2022 DD MIT 454-2022.pdf,google/gemma-4-26b-a4b-it,off,,,Ministero delle infrastrutture e dei trasporti,,impegno,E51I04000010007,True,definitivo,,1,singolo,7426,1,,14000000.0,14000000.0,"€ 14.000.000,00",totale,impegno,impegnato,,art. 1,"è autorizzato, per il corrente esercizio finanziario, a favore di Roma Capitale per l’intervento ""Tratta Colosseo - Piazza Venezia della Linea C della metropolitana di Roma” CUP E51I04000010007, l’impegno di € 14.000.000,00 in conto residui di lettera F, esercizio di provenienza 2021.",,alta,,"impegno in conto residui di lettera F, esercizio di provenienza 2021"
2022 DD MIT 454-2022.pdf,google/gemma-4-26b-a4b-it,off,,,Ministero delle infrastrutture e dei trasporti,,impegno,E51I04000010007,True,definitivo,,1,singolo,7426,1,2022-2025,131000000.0,131000000.0,"€ 131.000.000,00",totale,impegno,impegnato,,art. 2; [TABELLA pag.3 n.1],"è autorizzato l’impegno, sul capitolo 7426, piano di gestione 1 [...] per l’importo complessivo di € 131.000.000,00 a favore di Roma Capitale, per l’intervento ""Tratta Colosseo - Piazza Venezia della Linea C della metropolitana di Roma” CUP E51I04000010007",,alta,,"L'importo è ripartito tra gli anni 2022, 2023, 2024 e 2025 come indicato in tabella."
2022 DDG 128 del 02-05-22.pdf,google/gemma-4-26b-a4b-it,off,,,Ministero delle infrastrutture e della mobilità sostenibili,,impegno,H94I19000130004,True,definitivo,,4,aggregato,7400,7,2022-2034,631174000.0,157793500.0,"631.174.000,00",totale,impegno,impegnato,,art. 2,"è autorizzato l’impegno in conto competenza per complessivi € 631.174.000,00 per gli esercizi finanziari dal 2022 al 2034... sul capitolo 7400, piano di gestione 7",,alta,,importo ripartito tra i beneficiari indicati nell'allegato
2022 DDG 128 del 02-05-22.pdf,google/gemma-4-26b-a4b-it,off,,,Ministero delle infrastrutture e della mobilità sostenibili,,impegno,J80J18000000001,True,definitivo,,4,aggregato,7400,7,2022-2034,631174000.0,157793500.0,"631.174.000,00",totale,impegno,impegnato,,art. 2,"è autorizzato l’impegno in conto competenza per complessivi € 631.174.000,00 per gli esercizi finanziari dal 2022 al 2034... sul capitolo 7400, piano di gestione 7",,alta,,importo ripartito tra i beneficiari indicati nell'allegato
2022 DDG 128 del 02-05-22.pdf,google/gemma-4-26b-a4b-it,off,,,Ministero delle infrastrutture e della mobilità sostenibili,,impegno,C11B21008720001,True,definitivo,,4,aggregato,7400,7,2022-2034,631174000.0,157793500.0,"631.174.000,00",totale,impegno,impegnato,,art. 2,"è autorizzato l’impegno in conto competenza per complessivi € 631.174.000,00 per gli esercizi finanziari dal 2022 al 2034... sul capitolo 7400, piano di gestione 7",,alta,,importo ripartito tra i beneficiari indicati nell'allegato
2022 DDG 128 del 02-05-22.pdf,google/gemma-4-26b-a4b-it,off,,,Ministero delle infrastrutture e della mobilità sostenibili,,impegno,D81E20000410007,True,definitivo,,4,aggregato,7400,7,2022-2034,631174000.0,157793500.0,"631.174.000,00",totale,impegno,impegnato,,art. 2,"è autorizzato l’impegno in conto competenza per complessivi € 631.174.000,00 per gli esercizi finanziari dal 2022 al 2034... sul capitolo 7400, piano di gestione 7",,alta,,importo ripartito tra i beneficiari indicati nell'allegato
2022 DDG 128 del 02-05-22.pdf,google/gemma-4-26b-a4b-it,off,,,Ministero delle infrastrutture e della mobilità sostenibili,,impegno,C81B21013200005,True,definitivo,,1,singolo,7400,1,2029-2034,26486678.33,26486678.33,"€ 26.486.678,33",totale,impegno,impegnato,,art. 3,"è autorizzato l’impegno in conto competenza per complessivi € 26.486.678,33, per gli esercizi finanziari dal 2029 al 2034, sul capitolo 7400, piano di gestione 1",,alta,,a favore del Comune di Brescia
2022 DDG 128 del 02-05-22.pdf,google/gemma-4-26b-a4b-it,off,,,Ministero delle infrastrutture e della mobilità sostenibili,,impegno,H94I19000130004,True,definitivo,,4,aggregato,7400,7,2020-2021,3000000.0,750000.0,"€ 3.000.000,00",totale,impegno,impegnato,,art. 1,"è autorizzato l’impegno di euro 3.000.000,00 in conto residui di stanziamento, di cui euro 1.000.000,00 esercizio di provenienza 2020 ed euro 2.000.000,00 esercizio di provenienza 2021, sul capitolo 7400, piano di gestione 7",,alta,,impegno in conto residui
2022 DDG 128 del 02-05-22.pdf,google/gemma-4-26b-a4b-it,off,,,Ministero delle infrastrutture e della mobilità sostenibili,,impegno,J80J18000000001,True,definitivo,,4,aggregato,7400,7,2020-2021,3000000.0,750000.0,"€ 3.000.000,00",totale,impegno,impegnato,,art. 1,"è autorizzato l’impegno di euro 3.000.000,00 in conto residui di stanziamento, di cui euro 1.000.000,00 esercizio di provenienza 2020 ed euro 2.000.000,00 esercizio di provenienza 2021, sul capitolo 7400, piano di gestione 7",,alta,,impegno in conto residui
2022 DDG 128 del 02-05-22.pdf,google/gemma-4-26b-a4b-it,off,,,Ministero delle infrastrutture e della mobilità sostenibili,,impegno,C11B21008720001,True,definitivo,,4,aggregato,7400,7,2020-2021,3000000.0,750000.0,"€ 3.000.000,00",totale,impegno,impegnato,,art. 1,"è autorizzato l’impegno di euro 3.000.000,00 in conto residui di stanziamento, di cui euro 1.000.000,00 esercizio di provenienza 2020 ed euro 2.000.000,00 esercizio di provenienza 2021, sul capitolo 7400, piano di gestione 7",,alta,,impegno in conto residui
2022 DDG 128 del 02-05-22.pdf,google/gemma-4-26b-a4b-it,off,,,Ministero delle infrastrutture e della mobilità sostenibili,,impegno,D81E20000410007,True,definitivo,,4,aggregato,7400,7,2020-2021,3000000.0,750000.0,"€ 3.000.000,00",totale,impegno,impegnato,,art. 1,"è autorizzato l’impegno di euro 3.000.000,00 in conto residui di stanziamento, di cui euro 1.000.000,00 esercizio di provenienza 2020 ed euro 2.000.000,00 esercizio di provenienza 2021, sul capitolo 7400, piano di gestione 7",,alta,,impegno in conto residui
2022 DI Mims Mef 97 20.04.2022.pdf,google/gemma-4-26b-a4b-it,off,,,Ministero delle Infrastrutture e della Mobilità Sostenibili,Ministero dell'Economia e delle Finanze,assegnazione,B39J22001360001,True,definitivo,,1,singolo,7400,8,,398000000.0,398000000.0,"398.000.000,00",totale,assegnazione,assegnato,FINANZIAMENTO AMMESSO,"Allegato 1 / [TABELLA pag.10 n.1], riga 1","SKYMETRO VAL BISAGNO GENOVA | B39J22001360001 | 398.000.000,00",,alta,,
2022 DI Mims Mef 97 20.04.2022.pdf,google/gemma-4-26b-a4b-it,off,,,Ministero delle Infrastrutture e della Mobilità Sostenibili,Ministero dell'Economia e delle Finanze,assegnazione,B31F20000030005,True,definitivo,,1,singolo,7400,8,,20860000.0,20860000.0,"20.860.000,00",totale,assegnazione,assegnato,FINANZIAMENTO AMMESSO,"Allegato 1 / [TABELLA pag.10 n.1], riga 2","PROLUNGAMENTO METROPOLITANA DI GENOVA DA BRIN A CANEPARI... | B31F20000030005 | 20.860.000,00",,alta,,
2022 DI Mims Mef 97 20.04.2022.pdf,google/gemma-4-26b-a4b-it,off,,,Ministero delle Infrastrutture e della Mobilità Sostenibili,Ministero dell'Economia e delle Finanze,assegnazione,B44D20000040001,True,definitivo,,1,singolo,7400,8,,180000000.0,180000000.0,"180.000.000,00",totale,assegnazione,assegnato,FINANZIAMENTO AMMESSO,"Allegato 1 / [TABELLA pag.10 n.1], riga 3","LINEA METROPOLITANA M1 PROLUNGAMENTO QUARTIERE BAGGIO... | B44D20000040001 | 180.000.000,00",,alta,,
2022 DI Mims Mef 97 20.04.2022.pdf,google/gemma-4-26b-a4b-it,off,,,Ministero delle Infrastrutture e della Mobilità Sostenibili,Ministero dell'Economia e delle Finanze,assegnazione,B91J21000040001,True,definitivo,,1,singolo,7400,8,,420000000.0,420000000.0,"420.000.000,00",totale,assegnazione,assegnato,FINANZIAMENTO AMMESSO,"Allegato 1 / [TABELLA pag.10 n.1], riga 4","PROLUNGAMENTO LINEA METROPOLITANA M4 DA AEROPORTO LINATE A SEGRATE | B91J21000040001 | 420.000.000,00",,alta,,
2022 DI Mims Mef 97 20.04.2022.pdf,google/gemma-4-26b-a4b-it,off,,,Ministero delle Infrastrutture e della Mobilità Sostenibili,Ministero dell'Economia e delle Finanze,assegnazione,B41J21000050006,True,definitivo,,1,singolo,7400,8,,4500000.0,4500000.0,"4.500.000,00",totale,assegnazione,assegnato,FINANZIAMENTO AMMESSO,"Allegato 1 / [TABELLA pag.10 n.1], riga 5","NUOVA LINEA METROPOLITANA M6 RAMO SUD (PFTE) | B41J21000050006 | 4.500.000,00",,alta,,
2022 DI Mims Mef 97 20.04.2022.pdf,google/gemma-4-26b-a4b-it,off,,,Ministero delle Infrastrutture e della Mobilità Sostenibili,Ministero dell'Economia e delle Finanze,assegnazione,B41C21000010001,True,definitivo,,1,singolo,7400,8,,5500000.0,5500000.0,"5.500.000,00",totale,assegnazione,assegnato,FINANZIAMENTO AMMESSO,"Allegato 1 / [TABELLA pag.10 n.1], riga 6","PROLUNGAMENTO M3 SAN DONATO M. – ASTA PAULLESE (PFTE) | B41C21000010001 | 5.500.000,00",,alta,,
2022 DI Mims Mef 97 20.04.2022.pdf,google/gemma-4-26b-a4b-it,off,,,Ministero delle Infrastrutture e della Mobilità Sostenibili,Ministero dell'Economia e delle Finanze,assegnazione,F41B22000740009,True,definitivo,F41B22000740009,1,singolo,7400,8,,631373163.0,631373163.0,"631.373.163,00",totale,assegnazione,assegnato,FINANZIAMENTO AMMESSO,"Allegato 1 / [TABELLA pag.10 n.1], riga 7","NUOVO COLLEGAMENTO... AFRAGOLA... | F41B22000740009 (CUP MASTER) | 631.373.163,00",,alta,,Il testo indica il codice come CUP MASTER per il lotto 1
2022 DI Mims Mef 97 20.04.2022.pdf,google/gemma-4-26b-a4b-it,off,,,Ministero delle Infrastrutture e della Mobilità Sostenibili,Ministero dell'Economia e delle Finanze,assegnazione,F41B22000830009,True,definitivo,,1,singolo,7400,8,,163500824.0,163500824.0,"163.500.824,00",totale,assegnazione,assegnato,FINANZIAMENTO AMMESSO,"Allegato 1 / [TABELLA pag.10 n.1], riga 8","NUOVO COLLEGAMENTO... AFRAGOLA... LOTTO 1°_STRALCIO II | F41B22000830009 | 163.500.824,00",,alta,,
2022 DI Mims Mef 97 20.04.2022.pdf,google/gemma-4-26b-a4b-it,off,,,Ministero delle Infrastrutture e della Mobilità Sostenibili,Ministero dell'Economia e delle Finanze,assegnazione,E51I04000010007,True,definitivo,,1,singolo,7400,8,,610000000.0,610000000.0,"610.000.000,00",totale,assegnazione,assegnato,FINANZIAMENTO AMMESSO,"Allegato 1 / [TABELLA pag.10 n.1], riga 9","LINEA C DELLA METROPOLITANA DI ROMA - SUB-TRATTA... | E51I04000010007 | 610.000.000,00",,alta,,L'importo è riferito alla sub-tratta funzionale
2022 DI Mims Mef 97 20.04.2022.pdf,google/gemma-4-26b-a4b-it,off,,,Ministero delle Infrastrutture e della Mobilità Sostenibili,Ministero dell'Economia e delle Finanze,assegnazione,E51I04000010007,True,definitivo,,1,singolo,7400,8,,990000000.0,990000000.0,"990.000.000,00",totale,assegnazione,assegnato,FINANZIAMENTO AMMESSO,"Allegato 1 / [TABELLA pag.10 n.1], riga 10","LINEA C DELLA METROPOLITANA DI ROMA - TRATTA T2... | E51I04000010007 | 990.000.000,00",,alta,,
2022 DI Mims Mef 97 20.04.2022.pdf,google/gemma-4-26b-a4b-it,off,,,Ministero delle Infrastrutture e della Mobilità Sostenibili,Ministero dell'Economia e delle Finanze,assegnazione,C71F20000020005,True,definitivo,,1,singolo,7400,8,,1000000000.0,1000000000.0,"1.000.000.000,00",totale,assegnazione,assegnato,FINANZIAMENTO AMMESSO,"Allegato 1 / [TABELLA pag.10 n.1], riga 11","METROPOLITANA AUTOMATICA DI TORINO... | C71F20000020005 | 1.000.000.000,00",,alta,,
2022 DI Mims Mef 97 20.04.2022.pdf,google/gemma-4-26b-a4b-it,off,,,Ministero delle Infrastrutture e della Mobilità Sostenibili,Ministero dell'Economia e delle Finanze,assegnazione,J81B21014060001,True,definitivo,,1,singolo,7400,1,,173183831.97,173183831.97,"173.183.831,97",totale,assegnazione,assegnato,FINANZIAMENTO AMMESSO,"Allegato 2 / [TABELLA pag.12 n.1], riga 1","LINEA TRANVIARIA TERMINI - VATICANO - AURELIO | J81B21014060001 | 173.183.831,97",,alta,,
2022 DI Mims Mef 97 20.04.2022.pdf,google/gemma-4-26b-a4b-it,off,,,Ministero delle Infrastrutture e della Mobilità Sostenibili,Ministero dell'Economia e delle Finanze,assegnazione,J84E21005150001,True,definitivo,,1,singolo,7400,1,,11284217.84,11284217.84,"11.284.217,84",totale,assegnazione,assegnato,FINANZIAMENTO AMMESSO,"Allegato 2 / [TABELLA pag.12 n.1], riga 2","DEPOSITO DI CENTOCELLE EST | J84E21005150001 | 11.284.217,84",,alta,,
2022 DI Mims Mef 97 20.04.2022.pdf,google/gemma-4-26b-a4b-it,off,,,Ministero delle Infrastrutture e della Mobilità Sostenibili,Ministero dell'Economia e delle Finanze,assegnazione,E31J19000030001,True,definitivo,,1,singolo,7400,1,,26500000.0,26500000.0,"26.500.000,00",totale,assegnazione,assegnato,FINANZIAMENTO AMMESSO,"Allegato 2 / [TABELLA pag.12 n.1], riga 3","SISTEMA DI TRASPORTO RAPIDO DI MASSA... PIACENZA | E31J19000030001 | 26.500.000,00",,alta,,
2022 DI Mims Mef 97 20.04.2022.pdf,google/gemma-4-26b-a4b-it,off,,,Ministero delle Infrastrutture e della Mobilità Sostenibili,Ministero dell'Economia e delle Finanze,assegnazione,F44I19000530001,True,definitivo,,1,singolo,7400,1,,122200000.0,122200000.0,"122.200.000,00",totale,assegnazione,assegnato,FINANZIAMENTO AMMESSO,"Allegato 2 / [TABELLA pag.12 n.1], riga 4","AMPLIAMENTO DEL DEPOSITO GALLARATESE... MILANO | F44I19000530001 | 122.200.000,00",,alta,,
2022 DI Mims Mef 97 20.04.2022.pdf,google/gemma-4-26b-a4b-it,off,,,Ministero delle Infrastrutture e della Mobilità Sostenibili,Ministero dell'Economia e delle Finanze,assegnazione,C11J22000000001,True,definitivo,,1,singolo,7400,1,,221721410.41,221721410.41,"221.721.410,41",totale,assegnazione,ammesso,FINANZIAMENTO AMMESSO,"Allegato 3 / [TABELLA pag.13 n.1], riga 1","PROLUNGAMENTO LINEA TRANVIARIA 12... | C11J22000000001 | 221.721.410,41",,alta,,
2022 DI Mims Mef 97 20.04.2022.pdf,google/gemma-4-26b-a4b-it,off,,,Ministero delle Infrastrutture e della Mobilità Sostenibili,Ministero dell'Economia e delle Finanze,assegnazione,F47C19000370001,True,definitivo,,4,aggregato,7400,1,,20900000.02,5225000.005,"20.900.000,02",totale,assegnazione,ammesso,FINANZIAMENTO AMMESSO,"Allegato 3 / [TABELLA pag.13 n.1], riga 2","METROPOLITANA LINEA M3... | F47C19000370001 F47D17000140005 F47C19000380001 F47C19000390001 | 20.900.000,02",,alta,,Importo aggregato per più CUP relativi a interventi di adeguamento antincendio
2022 DI Mims Mef 97 20.04.2022.pdf,google/gemma-4-26b-a4b-it,off,,,Ministero delle Infrastrutture e della Mobilità Sostenibili,Ministero dell'Economia e delle Finanze,assegnazione,F47D17000140005,True,definitivo,,4,aggregato,7400,1,,20900000.02,5225000.005,"20.900.000,02",totale,assegnazione,ammesso,FINANZIAMENTO AMMESSO,"Allegato 3 / [TABELLA pag.13 n.1], riga 2","METROPOLITANA LINEA M3... | F47C19000370001 F47D17000140005 F47C19000380001 F47C19000390001 | 20.900.000,02",,alta,,Importo aggregato per più CUP relativi a interventi di adeguamento antincendio
2022 DI Mims Mef 97 20.04.2022.pdf,google/gemma-4-26b-a4b-it,off,,,Ministero delle Infrastrutture e della Mobilità Sostenibili,Ministero dell'Economia e delle Finanze,assegnazione,F47C19000380001,True,definitivo,,4,aggregato,7400,1,,20900000.02,5225000.005,"20.900.000,02",totale,assegnazione,ammesso,FINANZIAMENTO AMMESSO,"Allegato 3 / [TABELLA pag.13 n.1], riga 2","METROPOLITANA LINEA M3... | F47C19000370001 F47D17000140005 F47C19000380001 F47C19000390001 | 20.900.000,02",,alta,,Importo aggregato per più CUP relativi a interventi di adeguamento antincendio
2022 DI Mims Mef 97 20.04.2022.pdf,google/gemma-4-26b-a4b-it,off,,,Ministero delle Infrastrutture e della Mobilità Sostenibili,Ministero dell'Economia e delle Finanze,assegnazione,F47C19000390001,True,definitivo,,4,aggregato,7400,1,,20900000.02,5225000.005,"20.900.000,02",totale,assegnazione,ammesso,FINANZIAMENTO AMMESSO,"Allegato 3 / [TABELLA pag.13 n.1], riga 2","METROPOLITANA LINEA M3... | F47C19000370001 F47D17000140005 F47C19000380001 F47C19000390001 | 20.900.000,02",,alta,,Importo aggregato per più CUP relativi a interventi di adeguamento antincendio
2022 DI Mims Mef 97 20.04.2022.pdf,google/gemma-4-26b-a4b-it,off,,,Ministero delle Infrastrutture e della Mobilità Sostenibili,Ministero dell'Economia e delle Finanze,assegnazione,F47C19000350001,True,definitivo,,2,aggregato,7400,1,,45000000.07,22500000.035,"45.000.000,07",totale,assegnazione,ammesso,FINANZIAMENTO AMMESSO,"Allegato 3 / [TABELLA pag.13 n.1], riga 3","METROPOLITANA LINEE M1 + M2... | F47C19000350001 O F47C19000360001 | 45.000.000,07",,alta,,Importo aggregato per due CUP
2022 DI Mims Mef 97 20.04.2022.pdf,google/gemma-4-26b-a4b-it,off,,,Ministero delle Infrastrutture e della Mobilità Sostenibili,Ministero dell'Economia e delle Finanze,assegnazione,F47C19000360001,True,definitivo,,2,aggregato,7400,1,,45000000.07,22500000.035,"45.000.000,07",totale,assegnazione,ammesso,FINANZIAMENTO AMMESSO,"Allegato 3 / [TABELLA pag.13 n.1], riga 3","METROPOLITANA LINEE M1 + M2... | F47C19000350001 O F47C19000360001 | 45.000.000,07",,alta,,Importo aggregato per due CUP
2022 DI Mims Mef 97 20.04.2022.pdf,google/gemma-4-26b-a4b-it,off,,,Ministero delle Infrastrutture e della Mobilità Sostenibili,Ministero dell'Economia e delle Finanze,assegnazione,B34J18000220001,True,definitivo,,2,aggregato,7400,1,,74516124.63,37258062.315,"74.516.124,63",totale,assegnazione,ammesso,FINANZIAMENTO AMMESSO,"Allegato 3 / [TABELLA pag.13 n.1], riga 4","LINEA METROPOLITANA: PROLUNGAMENTO A RIVAROLO... | B34J18000220001 B34J18000230001 | 74.516.124,63",,alta,,Importo aggregato per due CUP
2022 DI Mims Mef 97 20.04.2022.pdf,google/gemma-4-26b-a4b-it,off,,,Ministero delle Infrastrutture e della Mobilità Sostenibili,Ministero dell'Economia e delle Finanze,assegnazione,B34J18000230001,True,definitivo,,2,aggregato,7400,1,,74516124.63,37258062.315,"74.516.124,63",totale,assegnazione,ammesso,FINANZIAMENTO AMMESSO,"Allegato 3 / [TABELLA pag.13 n.1], riga 4","LINEA METROPOLITANA: PROLUNGAMENTO A RIVAROLO... | B34J18000220001 B34J18000230001 | 74.516.124,63",,alta,,Importo aggregato per due CUP
2023 DM MIT 342-2023.pdf,google/gemma-4-26b-a4b-it,off,,,Ministero delle infrastrutture e dei trasporti,,rettifica,H49J21005480003,True,definitivo,,1,singolo,7150,3,2033,217585.0,217585.0,217.585 euro,totale,assegnazione,assegnato,,"art. 1, comma 1","assegna, per l’annualità 2033, alla Regione Veneto risorse pari a 217.585 euro, in luogo dei precedenti 117.585 euro",,media,"Il CUP non è esplicitamente associato al testo dell'art. 1, ma è presente nell'Allegato 1 per la stessa tratta/regione (Veneto/Genova Casella).",Rettifica valore per l'annualità 2033. Valore originario 117.585 euro.
2023 DM MIT 342-2023.pdf,google/gemma-4-26b-a4b-it,off,,,Ministero delle infrastrutture e dei trasporti,,rettifica,H49J21005480003,True,definitivo,,1,singolo,7150,3,2032,125266.0,125266.0,125.266 euro,totale,assegnazione,assegnato,,"art. 1, comma 1","assegna alla Regione Veneto risorse pari a 125.266 euro, in luogo dei precedenti 125.268 euro",,media,"Il CUP non è esplicitamente associato al testo dell'art. 1, ma è presente nell'Allegato 1 per la stessa tratta/regione (Veneto/Genova Casella).",Rettifica valore per l'annualità 2032. Valore originario 125.268 euro.
2023 DM MIT 342-2023.pdf,google/gemma-4-26b-a4b-it,off,,,Ministero delle infrastrutture e dei trasporti,,rettifica,C75B23000000001,True,definitivo,,1,singolo,7150,3,,10543255.0,10543255.0,"10.543.255,00",totale,assegnazione,assegnato,IMPORTO FINANZIAMENTO,"Allegato 1 / [TABELLA pag.4 n.1], riga 2","10.543.255,00 | 0,00 | 10.543.255,00 | 10.543.255,00 | C75B23000000001",,alta,,
2023 DM MIT 342-2023.pdf,google/gemma-4-26b-a4b-it,off,,,Ministero delle infrastrutture e dei trasporti,,rettifica,C71G22000090001,True,definitivo,,1,singolo,7150,3,,7000000.0,7000000.0,"7.000.000,00",totale,assegnazione,assegnato,IMPORTO FINANZIAMENTO,"Allegato 1 / [TABELLA pag.4 n.1], riga 3","7.000,00 | 0,00 | 7.000.000,00 | 7.000.000,00 | C71G22000090001",,alta,,
2023 DM MIT 342-2023.pdf,google/gemma-4-26b-a4b-it,off,,,Ministero delle infrastrutture e dei trasporti,,rettifica,E51B21002250001,True,definitivo,,1,singolo,7150,3,,20000000.0,20000000.0,"20.000.000,00",totale,assegnazione,assegnato,IMPORTO FINANZIAMENTO,"Allegato 1 / [TABELLA pag.4 n.1], riga 4","20.000.000,00 | 0,00 | 20.000.000,00 | 20.000.000,00 | E51B21002250001",,alta,,
2023 DM MIT 342-2023.pdf,google/gemma-4-26b-a4b-it,off,,,Ministero delle infrastrutture e dei trasporti,,rettifica,B41E04000210001,True,definitivo,,1,singolo,7150,4,,50000000.0,50000000.0,"50.000.000,00",totale,assegnazione,assegnato,IMPORTO FINANZIAMENTO,"Allegato 1 / [TABELLA pag.5 n.1], riga 1","50.000.000,00 | 50.000.000,00 | 100.000.000,00 | 50.000.000,00 | B41E04000210001",,alta,,
2023 DM MIT 342-2023.pdf,google/gemma-4-26b-a4b-it,off,,,Ministero delle infrastrutture e dei trasporti,,rettifica,F61B21003640009,True,definitivo,,1,singolo,7150,4,,30000000.0,30000000.0,"30.000.000,00",totale,assegnazione,assegnato,IMPORTO FINANZIAMENTO,"Allegato 1 / [TABELLA pag.5 n.1], riga 2","30.000, 00 | 0,0 | 30.000. 000,00 | 30.000. 000,00 | F61B2100 3640009",,alta,,
2023 DM MIT 342-2023.pdf,google/gemma-4-26b-a4b-it,off,,,Ministero delle infrastrutture e dei trasporti,,rettifica,G31G22000250001,True,definitivo,,1,singolo,7150,4,,2800000.0,2800000.0,"2.800.000,00",totale,assegnazione,assegnato,IMPORTO FINANZIAMENTO,"Allegato 1 / [TABELLA pag.5 n.1], riga 3","2.800.000,00 | 0,00 | 2.800.000,00 | 2.800.000,00 | G31G22000250001",,alta,,
2023 DM MIT 342-2023.pdf,google/gemma-4-26b-a4b-it,off,,,Ministero delle infrastrutture e dei trasporti,,rettifica,D69D15002090001,True,definitivo,,2,aggregato,7150,4,,50000000.0,25000000.0,"50.000.000,00",totale,assegnazione,assegnato,IMPORTO FINANZIAMENTO,"Allegato 1 / [TABELLA pag.5 n.1], riga 4","50.000,00 | 130.000.000,00 | 180.000.000,00 | Lotto 4 - D69D15002090001 Lotto 3 - D49D15001920001",,alta,,Importo aggregato per due lotti/CUP.
2023 DM MIT 342-2023.pdf,google/gemma-4-26b-a4b-it,off,,,Ministero delle infrastrutture e dei trasporti,,rettifica,D49D15001920001,True,definitivo,,2,aggregato,7150,4,,50000000.0,25000000.0,"50.000.000,00",totale,assegnazione,assegnato,IMPORTO FINANZIAMENTO,"Allegato 1 / [TABELLA pag.5 n.1], riga 4","50.000,00 | 130.000.000,00 | 180.000.000,00 | Lotto 4 - D69D15002090001 Lotto 3 - D49D15001920001",,alta,,Importo aggregato per due lotti/CUP.
2023 DM MIT 342-2023.pdf,google/gemma-4-26b-a4b-it,off,,,Ministero delle infrastrutture e dei trasporti,,rettifica,G71B18000620005,True,definitivo,,1,singolo,7150,4,,2500000.0,2500000.0,"2.500.000,00",totale,assegnazione,assegnato,IMPORTO FINANZIAMENTO,"Allegato 1 / [TABELLA pag.5 n.1], riga 5","2.500.000,00 | 0,00 | 2.500.000,00 | 2.500.000,00 | G71B18000620005",,alta,,
2023 DM MIT 342-2023.pdf,google/gemma-4-26b-a4b-it,off,,,Ministero delle infrastrutture e dei trasporti,,rettifica,F81B21005610001,True,definitivo,,1,singolo,7150,4,,26400000.0,26400000.0,"26.400.000,00",totale,assegnazione,assegnato,IMPORTO FINANZIAMENTO,"Allegato 1 / [TABELLA pag.6 n.1], riga 1","26.400.000,00 | 0,00 | 26.400.000,00 | F81B21005610001",,alta,,
2023 DM MIT 342-2023.pdf,google/gemma-4-26b-a4b-it,off,,,Ministero delle infrastrutture e dei trasporti,,rettifica,I61B21003020001,True,definitivo,,1,singolo,7150,4,,9900000.0,9900000.0,"9.900.000,00",totale,assegnazione,assegnato,IMPORTO FINANZIAMENTO,"Allegato 1 / [TABELLA pag.6 n.1], riga 2","9.900.000,00 | 0,00 | 9.900.000,00 | 9.900.000,00 | I61B21003020001",,alta,,
2023 DM MIT 342-2023.pdf,google/gemma-4-26b-a4b-it,off,,,Ministero delle infrastrutture e dei trasporti,,rettifica,I67H21003160001,True,definitivo,,1,singolo,7150,4,,2900000.0,2900000.0,"2.900.00,00",totale,assegnazione,assegnato,IMPORTO FINANZIAMENTO,"Allegato 1 / [TABELLA pag.6 n.1], riga 3","2.900.0 00,00 | 0,0 | 2.900.0 00,00 | 2.900.0 00,00 | I67H21003160001",,alta,,
2023 DM MIT 342-2023.pdf,google/gemma-4-26b-a4b-it,off,,,Ministero delle infrastrutture e dei trasporti,,rettifica,B89J21020930005,True,definitivo,,1,singolo,7150,4,,1200000.0,1200000.0,"1.200.000,00",totale,assegnazione,assegnato,IMPORTO FINANZIAMENTO,"Allegato 1 / [TABELLA pag.6 n.1], riga 4","1.200,00 | 0,00 | 1.200,00 | 1.200,00 | B89J21020930005",,alta,,
2023 DM MIT 342-2023.pdf,google/gemma-4-26b-a4b-it,off,,,Ministero delle infrastrutture e dei trasporti,,rettifica,B81B21003770005,True,definitivo,,1,singolo,7150,4,,1750000.0,1750000.0,"1.750.000,00",totale,assegnazione,assegnato,IMPORTO FINANZIAMENTO,"Allegato 1 / [TABELLA pag.10 n.1], riga 1","1.750.000,00 | € 0 | 1.750.000 | 1.750.000 | B81B21003770005",,alta,,
2023 DM MIT 342-2023.pdf,google/gemma-4-26b-a4b-it,off,,,Ministero delle infrastrutture e dei trasporti,,rettifica,G11B18000550005,True,definitivo,,1,singolo,7150,4,,3500000.0,3500000.0,"3.500.000,00",totale,assegnazione,assegnato,IMPORTO FINANZIAMENTO,"Allegato 1 / [TABELLA pag.10 n.1], riga 2","3.500.000,00 | 0 | 3.500.000 | 3.500.000 | G11B18000550005",,alta,,
2025 DD MIT 141-2025.pdf,google/gemma-4-26b-a4b-it,off,R.0000141,2025-04-18,Ministero delle Infrastrutture e dei Trasporti,,attuazione,E51I04000010007,True,definitivo,,1,singolo,7426,1,,145000000.0,145000000.0,"€ 145.000.000,00",totale,assegnazione,assegnato,,art. 2,"per € 145.000.000,00 nelle risorse stanziate dall’articolo 3, comma 1, del decreto-legge 12 settembre 2014, n. 133... impegnate con decreto dirigenziale n. 454 del 22 dicembre 2022 sul pertinente capitolo di bilancio n. 7426-piano di gestione 1",,alta,,
2025 DD MIT 141-2025.pdf,google/gemma-4-26b-a4b-it,off,R.0000141,2025-04-18,Ministero delle Infrastrutture e dei Trasporti,,attuazione,E51I04000010007,True,definitivo,,1,singolo,7400,1,2022-2035,113733987.0,113733987.0,"€ 113.733.987,00",totale,assegnazione,assegnato,,art. 2,"per € 113.733.987,00 dal 2022 al 2035: piano gestionale 1",,alta,,
2025 DD MIT 141-2025.pdf,google/gemma-4-26b-a4b-it,off,R.0000141,2025-04-18,Ministero delle Infrastrutture e dei Trasporti,,attuazione,E51I04000010007,True,definitivo,,1,singolo,7400,8,2022-2036,1486266013.0,1486266013.0,"€ 1.486.266.013,00",totale,assegnazione,assegnato,,art. 2,"piano gestionale 8:€ 1.486.266.013,00 dal 2022 al 2036",,alta,,
2025 DD MIT 141-2025.pdf,google/gemma-4-26b-a4b-it,off,R.0000141,2025-04-18,Ministero delle Infrastrutture e dei Trasporti,,attuazione,E51I04000010007,True,definitivo,,1,singolo,7419,2,2023-2032,2200000000.0,2200000000.0,"€ 2.200.000.000,00",totale,assegnazione,assegnato,,art. 2,"per € 2.200.000.000,00 nelle risorse stanziate dall’articolo 1, comma 478, dalla legge 29 dicembre 2022, n.197, sul capitolo n. 7419-piano gestionale 2",,alta,,
2025 DD MIT 141-2025.pdf,google/gemma-4-26b-a4b-it,off,R.0000141,2025-04-18,Ministero delle Infrastrutture e dei Trasporti,,attuazione,E51I04000010007,True,definitivo,,1,singolo,7419,2,2024,50000000.0,50000000.0,"€ 50.000.000,00",quota,impegno,impegnato,,"art. 3; [TABELLA pag.5 n.1], riga 1","2024 | € 50.000.000,00",,alta,,in conto residui
2025 DD MIT 141-2025.pdf,google/gemma-4-26b-a4b-it,off,R.0000141,2025-04-18,Ministero delle Infrastrutture e dei Trasporti,,attuazione,E51I04000010007,True,definitivo,,1,singolo,7419,2,2025,25000000.0,25000000.0,"€ 25.000.000,00",quota,impegno,impegnato,,"art. 3; [TABELLA pag.5 n.1], riga 2","2025 | € 25.000.000,00",,alta,,
2025 DD MIT 141-2025.pdf,google/gemma-4-26b-a4b-it,off,R.0000141,2025-04-18,Ministero delle Infrastrutture e dei Trasporti,,attuazione,E51I04000010007,True,definitivo,,1,singolo,7419,2,2026,50000000.0,50000000.0,"€ 50.000.000,00",quota,impegno,impegnato,,"art. 3; [TABELLA pag.5 n.1], riga 3","2026 | € 50.000.000,00",,alta,,
2025 DD MIT 141-2025.pdf,google/gemma-4-26b-a4b-it,off,R.0000141,2025-04-18,Ministero delle Infrastrutture e dei Trasporti,,attuazione,E51I04000010007,True,definitivo,,1,singolo,7419,2,2027,350000000.0,350000000.0,"€ 350.000.000,00",quota,impegno,impegnato,,"art. 3; [TABELLA pag.5 n.1], riga 4","2027 | € 350.000.000,00",,alta,,
2025 DD MIT 141-2025.pdf,google/gemma-4-26b-a4b-it,off,R.0000141,2025-04-18,Ministero delle Infrastrutture e dei Trasporti,,attuazione,E51I04000010007,True,definitivo,,1,singolo,7419,2,2028,200000000.0,200000000.0,"€ 200.000.000,00",quota,impegno,impegnato,,"art. 3; [TABELLA pag.5 n.1], riga 5","2028 | € 200.000.000,00",,alta,,
2025 DD MIT 141-2025.pdf,google/gemma-4-26b-a4b-it,off,R.0000141,2025-04-18,Ministero delle Infrastrutture e dei Trasporti,,attuazione,E51I04000010007,True,definitivo,,1,singolo,7419,2,2029,150000000.0,150000000.0,"€ 150.000.000,00",quota,impegno,impegnato,,"art. 3; [TABELLA pag.5 n.1], riga 6","2029 | € 150.000.000,00",,alta,,
2025 DD MIT 141-2025.pdf,google/gemma-4-26b-a4b-it,off,R.0000141,2025-04-18,Ministero delle Infrastrutture e dei Trasporti,,attuazione,E51I04000010007,True,definitivo,,1,singolo,7419,2,2030,450000000.0,450000000.0,"€ 450.000.000,00",quota,impegno,impegnato,,"art. 3; [TABELLA pag.5 n.1], riga 7","2030 | € 450.000.000,00",,alta,,
2025 DD MIT 141-2025.pdf,google/gemma-4-26b-a4b-it,off,R.0000141,2025-04-18,Ministero delle Infrastrutture e dei Trasporti,,attuazione,E51I04000010007,True,definitivo,,1,singolo,7419,2,2031,450000000.0,450000000.0,"€ 450.000.000,00",quota,impegno,impegnato,,"art. 3; [TABELLA pag.5 n.1], riga 8","2031 | € 450.000.000,00",,alta,,
2025 DD MIT 141-2025.pdf,google/gemma-4-26b-a4b-it,off,R.0000141,2025-04-18,Ministero delle Infrastrutture e dei Trasporti,,attuazione,E51I04000010007,True,definitivo,,1,singolo,7419,2,2032,400000000.0,400000000.0,"€ 400.000.000,00",quota,impegno,impegnato,,"art. 3; [TABELLA pag.5 n.1], riga 9","2032 | € 400.000.000,00",,alta,,
2025 DD MIT 141-2025.pdf,google/gemma-4-26b-a4b-it,off,R.0000141,2025-04-18,Ministero delle Infrastrutture e dei Trasporti,,attuazione,E51I04000010007,True,definitivo,,1,singolo,7416,1,2027-2028,75000000.0,75000000.0,"€ 75.000.000,00",totale,impegno,impegnato,,art. 4,"È autorizzato l’impegno... sul capitolo 7416 piano gestionale 1... per la somma complessiva di € 75.000.000,00",,alta,,"di cui 50.000.000,00 per l'esercizio 2027 e 25.000.000,00 per l'esercizio 2028"
2022 DD MIT 454-2022.pdf,google/gemma-4-31b-it,off,,,Ministero delle infrastrutture e dei trasporti,,impegno,E51I04000010007,True,definitivo,,1,singolo,7426,1,2021,14000000.0,14000000.0,"€ 14.000.000,00",totale,assegnazione,impegnato,,Articolo 1,"a favore di Roma Capitale per l’intervento ""Tratta Colosseo - Piazza Venezia della Linea C della metropolitana di Roma” CUP E51I04000010007, l’impegno di € 14.000.000,00",DM MIT MEF n. 498 del 14 novembre 2014,alta,,impegno in conto residui di lettera F
2022 DD MIT 454-2022.pdf,google/gemma-4-31b-it,off,,,Ministero delle infrastrutture e dei trasporti,,impegno,E51I04000010007,True,definitivo,,1,singolo,7426,1,2022-2025,131000000.0,131000000.0,"€ 131.000.000,00",totale,assegnazione,impegnato,Totale,"Articolo 2; [TABELLA pag.3 n.1], riga 5","per l’importo complessivo di € 131.000.000,00 a favore di Roma Capitale, per l’intervento ""Tratta Colosseo - Piazza Venezia della Linea C della metropolitana di Roma” CUP E51I04000010007",DM MIT MEF n. 498 del 14 novembre 2014,alta,,
2022 DI Mims Mef 97 20.04.2022.pdf,google/gemma-4-31b-it,off,,,Ministero delle Infrastrutture e della Mobilità Sostenibili,Ministero dell'Economia e delle Finanze,assegnazione,B39J22001360001,True,definitivo,,1,singolo,7400,8,,398000000.0,398000000.0,"398.000.000,00",totale,assegnazione,assegnato,FINANZIAMENTO AMMESSO,"art. 1, lett. a); Allegato 1 / [TABELLA pag.10 n.1], riga 1","SKYMETRO VAL BISAGNO GENOVA | B39J22001360001 | 398.000.000,00",,alta,,
2022 DI Mims Mef 97 20.04.2022.pdf,google/gemma-4-31b-it,off,,,Ministero delle Infrastrutture e della Mobilità Sostenibili,Ministero dell'Economia e delle Finanze,assegnazione,B31F20000030005,True,definitivo,,1,singolo,7400,8,,20860000.0,20860000.0,"20.860.000,00",totale,assegnazione,assegnato,FINANZIAMENTO AMMESSO,"art. 1, lett. a); Allegato 1 / [TABELLA pag.10 n.1], riga 2","PROLUNGAMENTO METROPOLITANA DI GENOVA DA BRIN A CANEPARI... | B31F20000030005 | 20.860.000,00",,alta,,
2022 DI Mims Mef 97 20.04.2022.pdf,google/gemma-4-31b-it,off,,,Ministero delle Infrastrutture e della Mobilità Sostenibili,Ministero dell'Economia e delle Finanze,assegnazione,B44D20000040001,True,definitivo,,1,singolo,7400,8,,180000000.0,180000000.0,"180.000.000,00",totale,assegnazione,assegnato,FINANZIAMENTO AMMESSO,"art. 1, lett. a); Allegato 1 / [TABELLA pag.10 n.1], riga 3","LINEA METROPOLITANA M1 PROLUNGAMENTO QUARTIERE BAGGIO – OLMI - VALSESIA | B44D20000040001 | 180.000.000,00",,alta,,
2022 DI Mims Mef 97 20.04.2022.pdf,google/gemma-4-31b-it,off,,,Ministero delle Infrastrutture e della Mobilità Sostenibili,Ministero dell'Economia e delle Finanze,assegnazione,B91J21000040001,True,definitivo,,1,singolo,7400,8,,420000000.0,420000000.0,"420.000.000,00",totale,assegnazione,assegnato,FINANZIAMENTO AMMESSO,"art. 1, lett. a); Allegato 1 / [TABELLA pag.10 n.1], riga 4","PROLUNGAMENTO LINEA METROPOLITANA M4 DA AEROPORTO LINATE A SEGRATE | B91J21000040001 | 420.000.000,00",,alta,,
2022 DI Mims Mef 97 20.04.2022.pdf,google/gemma-4-31b-it,off,,,Ministero delle Infrastrutture e della Mobilità Sostenibili,Ministero dell'Economia e delle Finanze,assegnazione,B41J21000050006,True,definitivo,,1,singolo,7400,8,,4500000.0,4500000.0,"4.500.000,00",totale,assegnazione,assegnato,FINANZIAMENTO AMMESSO,"art. 1, lett. a); Allegato 1 / [TABELLA pag.10 n.1], riga 5","NUOVA LINEA METROPOLITANA M6 RAMO SUD (PFTE) | B41J21000050006 | 4.500.000,00",,alta,,
2022 DI Mims Mef 97 20.04.2022.pdf,google/gemma-4-31b-it,off,,,Ministero delle Infrastrutture e della Mobilità Sostenibili,Ministero dell'Economia e delle Finanze,assegnazione,B41C21000010001,True,definitivo,,1,singolo,7400,8,,5500000.0,5500000.0,"5.500.000,00",totale,assegnazione,assegnato,FINANZIAMENTO AMMESSO,"art. 1, lett. a); Allegato 1 / [TABELLA pag.10 n.1], riga 6","PROLUNGAMENTO M3 SAN DONATO M. – ASTA PAULLESE (PFTE) | B41C21000010001 | 5.500.000,00",,alta,,
2022 DI Mims Mef 97 20.04.2022.pdf,google/gemma-4-31b-it,off,,,Ministero delle Infrastrutture e della Mobilità Sostenibili,Ministero dell'Economia e delle Finanze,assegnazione,F41B22000740009,True,definitivo,F41B22000740009,1,singolo,7400,8,,631373163.0,631373163.0,"631.373.163,00",totale,assegnazione,assegnato,FINANZIAMENTO AMMESSO,"art. 1, lett. a); Allegato 1 / [TABELLA pag.10 n.1], riga 7","NUOVO COLLEGAMENTO... LOTTO 1°_STRALCIO I | F41B22000740009 (CUP MASTER) | 631.373.163,00",,alta,,Il CUP è indicato esplicitamente come CUP MASTER
2022 DI Mims Mef 97 20.04.2022.pdf,google/gemma-4-31b-it,off,,,Ministero delle Infrastrutture e della Mobilità Sostenibili,Ministero dell'Economia e delle Finanze,assegnazione,F41B22000830009,True,definitivo,,1,singolo,7400,8,,163500824.0,163500824.0,"163.500.824,00",totale,assegnazione,assegnato,FINANZIAMENTO AMMESSO,"art. 1, lett. a); Allegato 1 / [TABELLA pag.10 n.1], riga 8","NUOVO COLLEGAMENTO... LOTTO 1°_STRALCIO II | F41B22000830009 | 163.500.824,00",,alta,,
2022 DI Mims Mef 97 20.04.2022.pdf,google/gemma-4-31b-it,off,,,Ministero delle Infrastrutture e della Mobilità Sostenibili,Ministero dell'Economia e delle Finanze,assegnazione,E51I04000010007,True,definitivo,,1,singolo,7400,8,,610000000.0,610000000.0,"610.000.000,00",totale,assegnazione,assegnato,FINANZIAMENTO AMMESSO,"art. 1, lett. a); Allegato 1 / [TABELLA pag.10 n.1], riga 9","LINEA C... SUB-TRATTA FUNZIONALE DA STAZIONE VENEZIA A STAZIONE FORI IMPERIALI | E51I04000010007 | 610.000.000,00",,alta,,
2022 DI Mims Mef 97 20.04.2022.pdf,google/gemma-4-31b-it,off,,,Ministero delle Infrastrutture e della Mobilità Sostenibili,Ministero dell'Economia e delle Finanze,assegnazione,E51I04000010007,True,definitivo,,1,singolo,7400,8,,990000000.0,990000000.0,"990.000.000,00",totale,assegnazione,assegnato,FINANZIAMENTO AMMESSO,"art. 1, lett. a); Allegato 1 / [TABELLA pag.10 n.1], riga 10","LINEA C... TRATTA T2 - LOTTO COSTRUTTIVO | E51I04000010007 | 990.000.000,00",,alta,,
2022 DI Mims Mef 97 20.04.2022.pdf,google/gemma-4-31b-it,off,,,Ministero delle Infrastrutture e della Mobilità Sostenibili,Ministero dell'Economia e delle Finanze,assegnazione,C71F20000020005,True,definitivo,,1,singolo,7400,8,,1000000000.0,1000000000.0,"1.000.000.000,00",totale,assegnazione,assegnato,FINANZIAMENTO AMMESSO,"art. 1, lett. a); Allegato 1 / [TABELLA pag.10 n.1], riga 11","METROPOLITANA AUTOMATICA DI TORINO – LINEA 2 – TRATTA “POLITECNICO – REBAUDENGO” | C71F20000020005 | 1.000.000.000,00",,alta,,
2022 DI Mims Mef 97 20.04.2022.pdf,google/gemma-4-31b-it,off,,,Ministero delle Infrastrutture e della Mobilità Sostenibili,Ministero dell'Economia e delle Finanze,assegnazione,J81B21014060001,True,definitivo,,1,singolo,7400,1,,173183831.97,173183831.97,"173.183.831,97",totale,assegnazione,assegnato,FINANZIAMENTO AMMESSO,"art. 1, lett. b); Allegato 2 / [TABELLA pag.12 n.1], riga 1","LINEA TRANVIARIA TERMINI - VATICANO - AURELIO | J81B21014060001 | 173.183.831,97",,alta,,
2022 DI Mims Mef 97 20.04.2022.pdf,google/gemma-4-31b-it,off,,,Ministero delle Infrastrutture e della Mobilità Sostenibili,Ministero dell'Economia e delle Finanze,assegnazione,J84E21005150001,True,definitivo,,1,singolo,7400,1,,11284217.84,11284217.84,"11.284.217,84",totale,assegnazione,assegnato,FINANZIAMENTO AMMESSO,"art. 1, lett. b); Allegato 2 / [TABELLA pag.12 n.1], riga 2","DEPOSITO DI CENTOCELLE EST | J84E21005150001 | 11.284.217,84",,alta,,
2022 DI Mims Mef 97 20.04.2022.pdf,google/gemma-4-31b-it,off,,,Ministero delle Infrastrutture e della Mobilità Sostenibili,Ministero dell'Economia e delle Finanze,assegnazione,E31J19000030001,True,definitivo,,1,singolo,7400,1,,26500000.0,26500000.0,"26.500.000,00",totale,assegnazione,assegnato,FINANZIAMENTO AMMESSO,"art. 1, lett. b); Allegato 2 / [TABELLA pag.12 n.1], riga 3","SISTEMA DI TRASPORTO RAPIDO DI MASSA... PIACENZA | E31J19000030001 | 26.500.000,00",,alta,,
2022 DI Mims Mef 97 20.04.2022.pdf,google/gemma-4-31b-it,off,,,Ministero delle Infrastrutture e della Mobilità Sostenibili,Ministero dell'Economia e delle Finanze,assegnazione,F44I19000530001,True,definitivo,,1,singolo,7400,1,,122200000.0,122200000.0,"122.200.000,00",totale,assegnazione,assegnato,FINANZIAMENTO AMMESSO,"art. 1, lett. b); Allegato 2 / [TABELLA pag.12 n.1], riga 4","AMPLIAMENTO DEL DEPOSITO GALLARATESE... | F44I19000530001 | 122.200.000,00",,alta,,
2022 DI Mims Mef 97 20.04.2022.pdf,google/gemma-4-31b-it,off,,,Ministero delle Infrastrutture e della Mobilità Sostenibili,Ministero dell'Economia e delle Finanze,assegnazione,C11J22000000001,True,definitivo,,1,singolo,,,,221721410.41,221721410.41,"221.721.410,41",totale,altro,ammesso,FINANZIAMENTO AMMESSO,"art. 2; Allegato 3 / [TABELLA pag.13 n.1], riga 1","PROLUNGAMENTO LINEA TRANVIARIA 12... | C11J22000000001 | 221.721.410,41",,alta,,Intervento inserito in graduatoria come ammissibile ma non ancora finanziato
2022 DI Mims Mef 97 20.04.2022.pdf,google/gemma-4-31b-it,off,,,Ministero delle Infrastrutture e della Mobilità Sostenibili,Ministero dell'Economia e delle Finanze,assegnazione,F47C19000370001,True,definitivo,,4,aggregato,,,,20900000.02,5225000.005,"20.900.000,02",totale,altro,ammesso,FINANZIAMENTO AMMESSO,"art. 2; Allegato 3 / [TABELLA pag.13 n.1], riga 2","METROPOLITANA LINEA M3... | F47C19000370001 F47D17000140005 F47C19000380001 F47C19000390001 | 20.900.000,02",,alta,,Intervento inserito in graduatoria come ammissibile ma non ancora finanziato
2022 DI Mims Mef 97 20.04.2022.pdf,google/gemma-4-31b-it,off,,,Ministero delle Infrastrutture e della Mobilità Sostenibili,Ministero dell'Economia e delle Finanze,assegnazione,F47D17000140005,True,definitivo,,4,aggregato,,,,20900000.02,5225000.005,"20.900.000,02",totale,altro,ammesso,FINANZIAMENTO AMMESSO,"art. 2; Allegato 3 / [TABELLA pag.13 n.1], riga 2","METROPOLITANA LINEA M3... | F47C19000370001 F47D17000140005 F47C19000380001 F47C19000390001 | 20.900.000,02",,alta,,Intervento inserito in graduatoria come ammissibile ma non ancora finanziato
2022 DI Mims Mef 97 20.04.2022.pdf,google/gemma-4-31b-it,off,,,Ministero delle Infrastrutture e della Mobilità Sostenibili,Ministero dell'Economia e delle Finanze,assegnazione,F47C19000380001,True,definitivo,,4,aggregato,,,,20900000.02,5225000.005,"20.900.000,02",totale,altro,ammesso,FINANZIAMENTO AMMESSO,"art. 2; Allegato 3 / [TABELLA pag.13 n.1], riga 2","METROPOLITANA LINEA M3... | F47C19000370001 F47D17000140005 F47C19000380001 F47C19000390001 | 20.900.000,02",,alta,,Intervento inserito in graduatoria come ammissibile ma non ancora finanziato
2022 DI Mims Mef 97 20.04.2022.pdf,google/gemma-4-31b-it,off,,,Ministero delle Infrastrutture e della Mobilità Sostenibili,Ministero dell'Economia e delle Finanze,assegnazione,F47C19000390001,True,definitivo,,4,aggregato,,,,20900000.02,5225000.005,"20.900.000,02",totale,altro,ammesso,FINANZIAMENTO AMMESSO,"art. 2; Allegato 3 / [TABELLA pag.13 n.1], riga 2","METROPOLITANA LINEA M3... | F47C19000370001 F47D17000140005 F47C19000380001 F47C19000390001 | 20.900.000,02",,alta,,Intervento inserito in graduatoria come ammissibile ma non ancora finanziato
2022 DI Mims Mef 97 20.04.2022.pdf,google/gemma-4-31b-it,off,,,Ministero delle Infrastrutture e della Mobilità Sostenibili,Ministero dell'Economia e delle Finanze,assegnazione,F47C19000350001,True,definitivo,,2,aggregato,,,,45000000.07,22500000.035,"45.000.000,07",totale,altro,ammesso,FINANZIAMENTO AMMESSO,"art. 2; Allegato 3 / [TABELLA pag.13 n.1], riga 3","METROPOLITANA LINEE M1 + M2... | F47C19000350001 O F47C19000360001 | 45.000.000,07",,alta,,Intervento inserito in graduatoria come ammissibile ma non ancora finanziato
2022 DI Mims Mef 97 20.04.2022.pdf,google/gemma-4-31b-it,off,,,Ministero delle Infrastrutture e della Mobilità Sostenibili,Ministero dell'Economia e delle Finanze,assegnazione,F47C19000360001,True,definitivo,,2,aggregato,,,,45000000.07,22500000.035,"45.000.000,07",totale,altro,ammesso,FINANZIAMENTO AMMESSO,"art. 2; Allegato 3 / [TABELLA pag.13 n.1], riga 3","METROPOLITANA LINEE M1 + M2... | F47C19000350001 O F47C19000360001 | 45.000.000,07",,alta,,Intervento inserito in graduatoria come ammissibile ma non ancora finanziato
2022 DI Mims Mef 97 20.04.2022.pdf,google/gemma-4-31b-it,off,,,Ministero delle Infrastrutture e della Mobilità Sostenibili,Ministero dell'Economia e delle Finanze,assegnazione,B34J18000220001,True,definitivo,,2,aggregato,,,,74516124.63,37258062.315,"74.516.124,63",totale,altro,ammesso,FINANZIAMENTO AMMESSO,"art. 2; Allegato 3 / [TABELLA pag.13 n.1], riga 4","LINEA METROPOLITANA: PROLUNGAMENTO A RIVAROLO... | B34J18000220001 B34J18000230001 | 74.516.124,63",,alta,,Intervento inserito in graduatoria come ammissibile ma non ancora finanziato
2022 DI Mims Mef 97 20.04.2022.pdf,google/gemma-4-31b-it,off,,,Ministero delle Infrastrutture e della Mobilità Sostenibili,Ministero dell'Economia e delle Finanze,assegnazione,B34J18000230001,True,definitivo,,2,aggregato,,,,74516124.63,37258062.315,"74.516.124,63",totale,altro,ammesso,FINANZIAMENTO AMMESSO,"art. 2; Allegato 3 / [TABELLA pag.13 n.1], riga 4","LINEA METROPOLITANA: PROLUNGAMENTO A RIVAROLO... | B34J18000220001 B34J18000230001 | 74.516.124,63",,alta,,Intervento inserito in graduatoria come ammissibile ma non ancora finanziato
2023 DM MIT 342-2023.pdf,google/gemma-4-31b-it,off,,,Ministero delle infrastrutture e dei trasporti,,rettifica,,False,,,0,singolo,,,2033,217585.0,217585.0,217.585 euro,totale,assegnazione,rimodulato,,"ARTICOLO 1, comma 1","assegna, per l’annualità 2033, alla Regione Veneto risorse pari a 217.585 euro, in luogo dei precedenti 117.585 euro","DM 23 settembre 2021, n. 364",alta,,Rettifica di errore materiale; valore originario 117.585 euro
2023 DM MIT 342-2023.pdf,google/gemma-4-31b-it,off,,,Ministero delle infrastrutture e dei trasporti,,rettifica,,False,,,0,singolo,,,2033,690994.0,690994.0,690.994 euro,totale,assegnazione,rimodulato,,"ARTICOLO 1, comma 1","alla Regione Emilia Romagna risorse pari a 690.994 euro, in luogo dei precedenti 790.994 euro","DM 23 settembre 2021, n. 364",alta,,Rettifica di errore materiale; valore originario 790.994 euro
2023 DM MIT 342-2023.pdf,google/gemma-4-31b-it,off,,,Ministero delle infrastrutture e dei trasporti,,rettifica,,False,,,0,singolo,,,2032,125266.0,125266.0,125.266 euro,totale,assegnazione,rimodulato,,"ARTICOLO 1, comma 1","per l’annualità 2032, assegna alla Regione Veneto risorse pari a 125.266 euro, in luogo dei precedenti 125.268 euro","DM 23 settembre 2021, n. 364",alta,,Rettifica di errore materiale; valore originario 125.268 euro
2023 DM MIT 342-2023.pdf,google/gemma-4-31b-it,off,,,Ministero delle infrastrutture e dei trasporti,,rettifica,,False,,,0,singolo,,,2032,842682.0,842682.0,842.682 euro,totale,assegnazione,rimodulato,,"ARTICOLO 1, comma 1","alla Regione Emilia Romagna risorse pari a 842.682 euro, in luogo dei precedenti 842.680 euro","DM 23 settembre 2021, n. 364",alta,,Rettifica di errore materiale; valore originario 842.680 euro
2025 DD MIT 141-2025.pdf,google/gemma-4-31b-it,off,R.0000141,2025-04-18,Ministero delle infrastrutture e dei trasporti,,impegno,E51I04000010007,True,definitivo,,1,singolo,7419,2,2024-2032,2125000000.0,2125000000.0,"€ 2.125.000.000,00",totale,impegno,impegnato,TOTALE,"art. 3; [TABELLA pag.5 n.1], riga TOTALE","È autorizzato l’impegno delle risorse... sul capitolo 7419, piano gestionale 2... per la somma complessiva di € 2.125.000.000,00","Legge 29 dicembre 2022, n. 197, art. 1, comma 478",alta,,
2025 DD MIT 141-2025.pdf,google/gemma-4-31b-it,off,R.0000141,2025-04-18,Ministero delle infrastrutture e dei trasporti,,impegno,E51I04000010007,True,definitivo,,1,singolo,7416,1,2027-2028,75000000.0,75000000.0,"€ 75.000.000,00",totale,impegno,impegnato,,art. 4,"È autorizzato l’impegno delle risorse... sul capitolo 7416 piano gestonale 1... per la somma complessiva di € 75.000.000,00","Legge 29 dicembre 2022, n. 197, art. 1, comma 478",alta,,
2022 DD MIT 454-2022.pdf,minimax/minimax-m3,off,,,Ministero delle infrastrutture e dei trasporti,,impegno,E51I04000010007,True,definitivo,,1,singolo,7426,1,2021,14000000.0,14000000.0,"€ 14.000.000,00",totale,assegnazione,impegnato,,art. 1,"è autorizzato, per il corrente esercizio finanziario, a favore di Roma Capitale per l'intervento ""Tratta Colosseo - Piazza Venezia della Linea C della metropolitana di Roma"" CUP E51I04000010007, l'impegno di € 14.000.000,00 in conto residui di lettera F, esercizio di provenienza 2021.",DM MIT/MEF n. 498 del 14 novembre 2014,alta,,"Impegno in conto residui di lettera F, esercizio di provenienza 2021; cap. 7426 pg 1; Missione 13, programma 6, Azione 4, CDR 3."
2022 DD MIT 454-2022.pdf,minimax/minimax-m3,off,,,Ministero delle infrastrutture e dei trasporti,,impegno,E51I04000010007,True,definitivo,,1,singolo,7426,1,2022-2025,131000000.0,131000000.0,"€ 131.000.000,00",totale,assegnazione,impegnato,,art. 2; [TABELLA pag.3 n.1],"è autorizzato l'impegno, sul capitolo 7426, piano di gestione 1 ... per l'importo complessivo di € 131.000.000,00 a favore di Roma Capitale, per l'intervento ""Tratta Colosseo - Piazza Venezia della Linea C della metropolitana di Roma"" CUP E51I04000010007",DM MIT/MEF n. 498 del 14 novembre 2014,alta,,"Ripartizione per annualità: 2022 € 35.000.000,00; 2023 € 40.000.000,00; 2024 € 33.500.000,00; 2025 € 22.500.000,00 (quote annuali non registrate come record separati, R5). Cap. 7426 pg 1; Missione 13, programma 6, Azione 4, CDR 3."
2022 DDG 128 del 02-05-22.pdf,minimax/minimax-m3,off,,,Ministero delle infrastrutture e della mobilità sostenibili,,impegno,H94I19000130004,True,definitivo,,1,singolo,7400,7,2020-2021,153197.9,153197.9,"153.197,90",quota,impegno,impegnato,Esercizio di provenienza 2020 (in conto residui),"art. 1; Allegato / [TABELLA pag.4 n.1], riga 'Comune di Padova' (colonna 2020)","Comune di Padova | H94I19000130004 | 7400/PG 7 | 153.197,90 | ...",DM MIMS n. 464 del 22/11/2021,media,L'art. 1 dispone un impegno cumulativo di € 3.000.000 in conto residui sul 7400/PG 7 a favore dei quattro beneficiari; la tabella riporta importi distinti per annualità 2020 e 2021 per ciascun CUP. Il dato di riga 2020 del Comune di Padova è estratto come quota riferibile a quell'esercizio di provenienza.,Quota parte dell'impegno in conto residui 2020 disposto dall'art. 1 sul 7400/PG 7
2022 DDG 128 del 02-05-22.pdf,minimax/minimax-m3,off,,,Ministero delle infrastrutture e della mobilità sostenibili,,impegno,H94I19000130004,True,definitivo,,1,singolo,7400,7,2020-2021,306395.8,306395.8,"306.395,80",quota,impegno,impegnato,Esercizio di provenienza 2021 (in conto residui),"art. 1; Allegato / [TABELLA pag.4 n.1], riga 'Comune di Padova' (colonna 2021)","Comune di Padova | H94I19000130004 | 7400/PG 7 | ... | 306.395,80 | ...",DM MIMS n. 464 del 22/11/2021,media,Quota parte dell'impegno in conto residui 2021 (art. 1).,Quota parte dell'impegno in conto residui 2021 disposto dall'art. 1 sul 7400/PG 7
2022 DDG 128 del 02-05-22.pdf,minimax/minimax-m3,off,,,Ministero delle infrastrutture e della mobilità sostenibili,,impegno,H94I19000130004,True,definitivo,,1,singolo,7400,7,2022-2034,97154124.1,97154124.1,"97.154.124,10",totale,impegno,impegnato,Totale (annualità 2022-2034),"art. 2; Allegato / [TABELLA pag.4 n.1], riga 'Comune di Padova' (colonna Totale)","Comune di Padova | H94I19000130004 | 7400/PG 7 | ... | 97.154.124,10",DM MIMS n. 464 del 22/11/2021,alta,,Impegno in conto competenza 2022-2034 disposto dall'art. 2 sul 7400/PG 7
2022 DDG 128 del 02-05-22.pdf,minimax/minimax-m3,off,,,Ministero delle infrastrutture e della mobilità sostenibili,,impegno,J80J18000000001,True,definitivo,,1,singolo,7400,7,2020-2021,251454.92,251454.92,"251.454,92",quota,impegno,impegnato,Esercizio di provenienza 2020 (in conto residui),"art. 1; Allegato / [TABELLA pag.4 n.1], riga 'Roma Capitale' (colonna 2020)","Roma Capitale | J80J18000000001 | 7400/PG 7 | 251.454,92 | ...",DM MIMS n. 464 del 22/11/2021,media,Quota parte residui 2020 (art. 1).,
2022 DDG 128 del 02-05-22.pdf,minimax/minimax-m3,off,,,Ministero delle infrastrutture e della mobilità sostenibili,,impegno,J80J18000000001,True,definitivo,,1,singolo,7400,7,2020-2021,502909.85,502909.85,"502.909,85",quota,impegno,impegnato,Esercizio di provenienza 2021 (in conto residui),"art. 1; Allegato / [TABELLA pag.4 n.1], riga 'Roma Capitale' (colonna 2021)","Roma Capitale | J80J18000000001 | 7400/PG 7 | ... | 502.909,85 | ...",DM MIMS n. 464 del 22/11/2021,media,Quota parte residui 2021 (art. 1).,
2022 DDG 128 del 02-05-22.pdf,minimax/minimax-m3,off,,,Ministero delle infrastrutture e della mobilità sostenibili,,impegno,J80J18000000001,True,definitivo,,1,singolo,7400,7,2022-2034,159466174.12,159466174.12,"159.466.174,12",totale,impegno,impegnato,Totale (annualità 2022-2034),"art. 2; Allegato / [TABELLA pag.4 n.1], riga 'Roma Capitale' (colonna Totale)","Roma Capitale | J80J18000000001 | 7400/PG 7 | ... | 159.466.174,12",DM MIMS n. 464 del 22/11/2021,alta,,Impegno in conto competenza 2022-2034 disposto dall'art. 2 sul 7400/PG 7
2022 DDG 128 del 02-05-22.pdf,minimax/minimax-m3,off,,,Ministero delle infrastrutture e della mobilità sostenibili,,impegno,C11B21008720001,True,definitivo,,2,aggregato,7400,7,2020-2021,70161.34,35080.67,"70.161,34",quota,impegno,impegnato,Esercizio di provenienza 2020 (in conto residui),"art. 1; Allegato / [TABELLA pag.4 n.1], riga 'Comune di Torino' (colonna 2020)","Comune di Torino | C11B21008720001 D81E20000410007 | 7400/PG 7 | 70.161,34 | ...",DM MIMS n. 464 del 22/11/2021,media,Importo unico per due CUP del Comune di Torino (R6): l'atto non ripartisce.,Quota parte residui 2020 (art. 1). I due CUP sono gestiti come aggregato.
2022 DDG 128 del 02-05-22.pdf,minimax/minimax-m3,off,,,Ministero delle infrastrutture e della mobilità sostenibili,,impegno,D81E20000410007,True,definitivo,,2,aggregato,7400,7,2020-2021,70161.34,35080.67,"70.161,34",quota,impegno,impegnato,Esercizio di provenienza 2020 (in conto residui),"art. 1; Allegato / [TABELLA pag.4 n.1], riga 'Comune di Torino' (colonna 2020)","Comune di Torino | C11B21008720001 D81E20000410007 | 7400/PG 7 | 70.161,34 | ...",DM MIMS n. 464 del 22/11/2021,media,Importo unico per due CUP del Comune di Torino (R6): l'atto non ripartisce.,Quota parte residui 2020 (art. 1). I due CUP sono gestiti come aggregato.
2022 DDG 128 del 02-05-22.pdf,minimax/minimax-m3,off,,,Ministero delle infrastrutture e della mobilità sostenibili,,impegno,C11B21008720001,True,definitivo,,2,aggregato,7400,7,2020-2021,140322.66,70161.33,"140.322,66",quota,impegno,impegnato,Esercizio di provenienza 2021 (in conto residui),"art. 1; Allegato / [TABELLA pag.4 n.1], riga 'Comune di Torino' (colonna 2021)","Comune di Torino | C11B21008720001 D81E20000410007 | 7400/PG 7 | ... | 140.322,66 | ...",DM MIMS n. 464 del 22/11/2021,media,Importo unico per due CUP (R6).,Quota parte residui 2021 (art. 1).
2022 DDG 128 del 02-05-22.pdf,minimax/minimax-m3,off,,,Ministero delle infrastrutture e della mobilità sostenibili,,impegno,D81E20000410007,True,definitivo,,2,aggregato,7400,7,2020-2021,140322.66,70161.33,"140.322,66",quota,impegno,impegnato,Esercizio di provenienza 2021 (in conto residui),"art. 1; Allegato / [TABELLA pag.4 n.1], riga 'Comune di Torino' (colonna 2021)","Comune di Torino | C11B21008720001 D81E20000410007 | 7400/PG 7 | ... | 140.322,66 | ...",DM MIMS n. 464 del 22/11/2021,media,Importo unico per due CUP (R6).,Quota parte residui 2021 (art. 1).
2022 DDG 128 del 02-05-22.pdf,minimax/minimax-m3,off,,,Ministero delle infrastrutture e della mobilità sostenibili,,impegno,C11B21008720001,True,definitivo,,2,aggregato,7400,7,2022-2034,44494493.04,22247246.52,"44.494.493,04",totale,impegno,impegnato,Totale (annualità 2022-2034),"art. 2; Allegato / [TABELLA pag.4 n.1], riga 'Comune di Torino' (colonna Totale)","Comune di Torino | C11B21008720001 D81E20000410007 | 7400/PG 7 | ... | 44.494.493,04",DM MIMS n. 464 del 22/11/2021,alta,Importo unico per due CUP (R6).,Impegno in conto competenza 2022-2034 disposto dall'art. 2 sul 7400/PG 7.
2022 DDG 128 del 02-05-22.pdf,minimax/minimax-m3,off,,,Ministero delle infrastrutture e della mobilità sostenibili,,impegno,D81E20000410007,True,definitivo,,2,aggregato,7400,7,2022-2034,44494493.04,22247246.52,"44.494.493,04",totale,impegno,impegnato,Totale (annualità 2022-2034),"art. 2; Allegato / [TABELLA pag.4 n.1], riga 'Comune di Torino' (colonna Totale)","Comune di Torino | C11B21008720001 D81E20000410007 | 7400/PG 7 | ... | 44.494.493,04",DM MIMS n. 464 del 22/11/2021,alta,Importo unico per due CUP (R6).,Impegno in conto competenza 2022-2034 disposto dall'art. 2 sul 7400/PG 7.
2022 DDG 128 del 02-05-22.pdf,minimax/minimax-m3,off,,,Ministero delle infrastrutture e della mobilità sostenibili,,impegno,C81B21013200005,True,definitivo,,1,singolo,7400,7,2020-2021,525185.84,525185.84,"525.185,84",quota,impegno,impegnato,Esercizio di provenienza 2020 (in conto residui),"art. 1; Allegato / [TABELLA pag.4 n.1], riga 'Comune di Brescia' 7400/PG 7 (colonna 2020)","Comune di Brescia | C81B21013200005 | 7400/PG 7 | 525.185,84 | ...",DM MIMS n. 464 del 22/11/2021,media,Quota parte residui 2020 (art. 1).,
2022 DDG 128 del 02-05-22.pdf,minimax/minimax-m3,off,,,Ministero delle infrastrutture e della mobilità sostenibili,,impegno,C81B21013200005,True,definitivo,,1,singolo,7400,7,2020-2021,1050371.69,1050371.69,"1.050.371,69",quota,impegno,impegnato,Esercizio di provenienza 2021 (in conto residui),"art. 1; Allegato / [TABELLA pag.4 n.1], riga 'Comune di Brescia' 7400/PG 7 (colonna 2021)","Comune di Brescia | C81B21013200005 | 7400/PG 7 | ... | 1.050.371,69 | ...",DM MIMS n. 464 del 22/11/2021,media,Quota parte residui 2021 (art. 1).,
2022 DDG 128 del 02-05-22.pdf,minimax/minimax-m3,off,,,Ministero delle infrastrutture e della mobilità sostenibili,,impegno,C81B21013200005,True,definitivo,,1,singolo,7400,7,2022-2034,333059208.74,333059208.74,"333.059.208,74",totale,impegno,impegnato,Totale (annualità 2022-2034),"art. 2; Allegato / [TABELLA pag.4 n.1], riga 'Comune di Brescia' 7400/PG 7 (colonna Totale)","Comune di Brescia | C81B21013200005 | 7400/PG 7 | ... | 333.059.208,74",DM MIMS n. 464 del 22/11/2021,alta,,Impegno in conto competenza 2022-2034 disposto dall'art. 2 sul 7400/PG 7
2022 DDG 128 del 02-05-22.pdf,minimax/minimax-m3,off,,,Ministero delle infrastrutture e della mobilità sostenibili,,impegno,C81B21013200005,True,definitivo,,1,singolo,7400,1,2029-2034,26486678.33,26486678.33,"26.486.678,33",totale,impegno,impegnato,Totale (annualità 2029-2034),"art. 3; Allegato / [TABELLA pag.4 n.1], riga 'Comune di Brescia' 7400/PG 1 (colonna Totale)","Comune di Brescia | C81B21013200005 | 7400/PG 1 | ... | 26.486.678,33",DM MIMS n. 464 del 22/11/2021,alta,,Impegno in conto competenza 2029-2034 disposto dall'art. 3 sul 7400/PG 1
2022 DI Mims Mef 97 20.04.2022.pdf,minimax/minimax-m3,off,,,Ministero delle Infrastrutture e della Mobilità Sostenibili,Ministero dell'Economia e delle Finanze,assegnazione,B39J22001360001,True,definitivo,,1,singolo,7400,8,,398000000.0,398000000.0,"398.000.000,00",totale,assegnazione,assegnato,FINANZIAMENTO AMMESSO,"art. 1, comma 1, lett. a); Allegato 1 / [TABELLA pag.10 n.1], riga 1","SKYMETRO VAL BISAGNO GENOVA | COMUNE DI GENOVA | B39J22001360001 | 398.000.000,00",,alta,,"Intervento finanziato sul cap. 7400/8 (art. 1 c. 393 L. 234/2021) e/o quota parte sul 7400/1 (art. 1 c. 1 lett. a, sez. II L. 234/2021); l'atto dispone cumulativamente sulle due fonti"
2022 DI Mims Mef 97 20.04.2022.pdf,minimax/minimax-m3,off,,,Ministero delle Infrastrutture e della Mobilità Sostenibili,Ministero dell'Economia e delle Finanze,assegnazione,B31F20000030005,True,definitivo,,1,singolo,7400,8,,20860000.0,20860000.0,"20.860.000,00",totale,assegnazione,assegnato,FINANZIAMENTO AMMESSO,"art. 1, comma 1, lett. a); Allegato 1 / [TABELLA pag.10 n.1], riga 2","PROLUNGAMENTO METROPOLITANA DI GENOVA DA BRIN A CANEPARI... | B31F20000030005 | 20.860.000,00",,alta,,Beneficiario: Città Metropolitana di Genova / Comune di Genova
2022 DI Mims Mef 97 20.04.2022.pdf,minimax/minimax-m3,off,,,Ministero delle Infrastrutture e della Mobilità Sostenibili,Ministero dell'Economia e delle Finanze,assegnazione,B44D20000040001,True,definitivo,,1,singolo,7400,8,,180000000.0,180000000.0,"180.000.000,00",totale,assegnazione,assegnato,FINANZIAMENTO AMMESSO,"art. 1, comma 1, lett. a); Allegato 1 / [TABELLA pag.10 n.1], riga 3","LINEA METROPOLITANA M1 PROLUNGAMENTO QUARTIERE BAGGIO – OLMI - VALSESIA | B44D20000040001 | 180.000.000,00",,alta,,"Cofinanziamento disponibile € 218.000.000,00 a carico del Comune di Milano"
2022 DI Mims Mef 97 20.04.2022.pdf,minimax/minimax-m3,off,,,Ministero delle Infrastrutture e della Mobilità Sostenibili,Ministero dell'Economia e delle Finanze,assegnazione,B91J21000040001,True,definitivo,,1,singolo,7400,8,,420000000.0,420000000.0,"420.000.000,00",totale,assegnazione,assegnato,FINANZIAMENTO AMMESSO,"art. 1, comma 1, lett. a); Allegato 1 / [TABELLA pag.10 n.1], riga 4","PROLUNGAMENTO LINEA METROPOLITANA M4 DA AEROPORTO LINATE A SEGRATE | B91J21000040001 | 420.000.000,00",,alta,,Beneficiario: Comune di Milano / Città Metropolitana di Milano
2022 DI Mims Mef 97 20.04.2022.pdf,minimax/minimax-m3,off,,,Ministero delle Infrastrutture e della Mobilità Sostenibili,Ministero dell'Economia e delle Finanze,assegnazione,B41J21000050006,True,definitivo,,1,singolo,7400,8,,4500000.0,4500000.0,"4.500.000,00",totale,assegnazione,assegnato,FINANZIAMENTO AMMESSO,"art. 1, comma 1, lett. a); Allegato 1 / [TABELLA pag.10 n.1], riga 5","NUOVA LINEA METROPOLITANA M6 RAMO SUD (PFTE) | B41J21000050006 | 4.500.000,00",,alta,,
2022 DI Mims Mef 97 20.04.2022.pdf,minimax/minimax-m3,off,,,Ministero delle Infrastrutture e della Mobilità Sostenibili,Ministero dell'Economia e delle Finanze,assegnazione,B41C21000010001,True,definitivo,,1,singolo,7400,8,,5500000.0,5500000.0,"5.500.000,00",totale,assegnazione,assegnato,FINANZIAMENTO AMMESSO,"art. 1, comma 1, lett. a); Allegato 1 / [TABELLA pag.10 n.1], riga 6","PROLUNGAMENTO M3 SAN DONATO M. – ASTA PAULLESE (PFTE) | B41C21000010001 | 5.500.000,00",,alta,,
2022 DI Mims Mef 97 20.04.2022.pdf,minimax/minimax-m3,off,,,Ministero delle Infrastrutture e della Mobilità Sostenibili,Ministero dell'Economia e delle Finanze,assegnazione,F41B22000740009,True,definitivo,,1,singolo,7400,8,,631373163.0,631373163.0,"631.373.163,00",totale,assegnazione,assegnato,FINANZIAMENTO AMMESSO,"art. 1, comma 1, lett. a); Allegato 1 / [TABELLA pag.10 n.1], riga 7","NUOVO COLLEGAMENTO IN SEDE PROPRIA TRA LA STAZIONE AV DI AFRAGOLA... LOTTO 1°_STRALCIO I | F41B22000740009 | 631.373.163,00",,alta,,Il CUP Master F41B22000740009 in tabella è di fatto il CUP dell'intervento (è l'unico codice indicato nella riga); beneficiario Comune di Napoli / EAV Srl
2022 DI Mims Mef 97 20.04.2022.pdf,minimax/minimax-m3,off,,,Ministero delle Infrastrutture e della Mobilità Sostenibili,Ministero dell'Economia e delle Finanze,assegnazione,F41B22000830009,True,definitivo,,1,singolo,7400,8,,163500824.0,163500824.0,"163.500.824,00",totale,assegnazione,assegnato,FINANZIAMENTO AMMESSO,"art. 1, comma 1, lett. a); Allegato 1 / [TABELLA pag.10 n.1], riga 8","NUOVO COLLEGAMENTO IN SEDE PROPRIA TRA LA STAZIONE AV DI AFRAGOLA... LOTTO 1°_STRALCIO II | F41B22000830009 | 163.500.824,00",,alta,,Beneficiario Comune di Napoli / EAV Srl
2022 DI Mims Mef 97 20.04.2022.pdf,minimax/minimax-m3,off,,,Ministero delle Infrastrutture e della Mobilità Sostenibili,Ministero dell'Economia e delle Finanze,assegnazione,E51I04000010007,True,definitivo,,1,singolo,7400,8,,610000000.0,610000000.0,"610.000.000,00",totale,assegnazione,assegnato,FINANZIAMENTO AMMESSO,"art. 1, comma 1, lett. a); Allegato 1 / [TABELLA pag.10 n.1], riga 9","LINEA C DELLA METROPOLITANA DI ROMA - SUB-TRATTA FUNZIONALE DA STAZIONE VENEZIA A STAZIONE FORI IMPERIALI | E51I04000010007 | 610.000.000,00",,alta,,"Cofinanziamento € 145.000.000,00; beneficiario Roma Capitale / Roma Metropolitane Srl"
2022 DI Mims Mef 97 20.04.2022.pdf,minimax/minimax-m3,off,,,Ministero delle Infrastrutture e della Mobilità Sostenibili,Ministero dell'Economia e delle Finanze,assegnazione,E51I04000010007,True,definitivo,,1,singolo,7400,8,,990000000.0,990000000.0,"990.000.000,00",totale,assegnazione,assegnato,FINANZIAMENTO AMMESSO,"art. 1, comma 1, lett. a); Allegato 1 / [TABELLA pag.10 n.1], riga 10","LINEA C DELLA METROPOLITANA DI ROMA - TRATTA T2 - LOTTO COSTRUTTIVO | E51I04000010007 | 990.000.000,00",,alta,,"Stesso CUP E51I04000010007, intervento distinto (Tratta T2); due record come da R4"
2022 DI Mims Mef 97 20.04.2022.pdf,minimax/minimax-m3,off,,,Ministero delle Infrastrutture e della Mobilità Sostenibili,Ministero dell'Economia e delle Finanze,assegnazione,C71F20000020005,True,definitivo,,1,singolo,7400,8,,1000000000.0,1000000000.0,"1.000.000.000,00",totale,assegnazione,assegnato,FINANZIAMENTO AMMESSO,"art. 1, comma 1, lett. a); Allegato 1 / [TABELLA pag.10 n.1], riga 11","METROPOLITANA AUTOMATICA DI TORINO – LINEA 2 – TRATTA ""POLITECNICO – REBAUDENGO"" | C71F20000020005 | 1.000.000.000,00",,alta,,"Costo intervento € 1.800.000.000,00; cofinanziamento € 800.000.000,00 (Comune di Torino)"
2022 DI Mims Mef 97 20.04.2022.pdf,minimax/minimax-m3,off,,,Ministero delle Infrastrutture e della Mobilità Sostenibili,Ministero dell'Economia e delle Finanze,assegnazione,J81B21014060001,True,definitivo,,1,singolo,7400,1,,173183831.97,173183831.97,"173.183.831,97",totale,assegnazione,assegnato,FINANZIAMENTO AMMESSO,"art. 1, comma 1, lett. b); Allegato 2 / [TABELLA pag.12 n.1], riga 1","ROMA CAPITALE | LINEA TRANVIARIA TERMINI - VATICANO - AURELIO | J81B21014060001 | 173.183.831,97","decreto ministeriale 16 novembre 2021, n. 448 (PNRR - quota € 120.000.000 già assegnata)",alta,,"Costo totale € 293.183.831,97; cofinanziamento € 120.000.000,00 già riconosciuto con DM 448/2021 (PNRR M2C2-I 4.2); integrazione disposta dall'atto corrente"
2022 DI Mims Mef 97 20.04.2022.pdf,minimax/minimax-m3,off,,,Ministero delle Infrastrutture e della Mobilità Sostenibili,Ministero dell'Economia e delle Finanze,assegnazione,J84E21005150001,True,definitivo,,1,singolo,7400,1,,11284217.84,11284217.84,"11.284.217,84",totale,assegnazione,assegnato,FINANZIAMENTO AMMESSO,"art. 1, comma 1, lett. b); Allegato 2 / [TABELLA pag.12 n.1], riga 2","ROMA CAPITALE | DEPOSITO DI CENTOCELLE EST | J84E21005150001 | 11.284.217,84",,alta,,
2022 DI Mims Mef 97 20.04.2022.pdf,minimax/minimax-m3,off,,,Ministero delle Infrastrutture e della Mobilità Sostenibili,Ministero dell'Economia e delle Finanze,assegnazione,E31J19000030001,True,definitivo,,1,singolo,7400,1,,26500000.0,26500000.0,"26.500.000,00",totale,assegnazione,assegnato,FINANZIAMENTO AMMESSO,"art. 1, comma 1, lett. b); Allegato 2 / [TABELLA pag.12 n.1], riga 3","COMUNE DI PIACENZA | SISTEMA DI TRASPORTO RAPIDO DI MASSA... | E31J19000030001 | 26.500.000,00",,alta,,
2022 DI Mims Mef 97 20.04.2022.pdf,minimax/minimax-m3,off,,,Ministero delle Infrastrutture e della Mobilità Sostenibili,Ministero dell'Economia e delle Finanze,assegnazione,F44I19000530001,True,definitivo,,1,singolo,7400,1,,122200000.0,122200000.0,"122.200.000,00",totale,assegnazione,assegnato,FINANZIAMENTO AMMESSO,"art. 1, comma 1, lett. b); Allegato 2 / [TABELLA pag.12 n.1], riga 4","COMUNE DI MILANO | AMPLIAMENTO DEL DEPOSITO GALLARATESE... | F44I19000530001 | 122.200.000,00",,alta,,
2023 DM MIT 342-2023.pdf,minimax/minimax-m3,off,,,Ministero delle infrastrutture e dei trasporti,,rettifica,,False,,,0,singolo,7150,3,2033,217585.0,217585.0,217.585,totale,rimodulazione,rimodulato,Risorse assegnate alla Regione Veneto per l'annualità 2033,"art. 1, comma 1","assegna, per l'annualità 2033, alla Regione Veneto risorse pari a 217.585 euro, in luogo dei precedenti 117.585 euro","Allegato 3 del decreto del Ministro delle infrastrutture e della mobilità sostenibili del 23 settembre 2021, n. 364",alta,Nell'atto il CUP non è associato direttamente all'importo Veneto; l'Allegato 3 è una tabella per regione senza colonna CUP. Il valore originario 117.585 euro è citato nell'art. 1 c. 1.,Rettifica per mero errore materiale: Veneto passa da 1.412.215 a 1.512.215 euro complessivi (All. 2); la quota 2033 è rideterminata in 217.585 euro.
2023 DM MIT 342-2023.pdf,minimax/minimax-m3,off,,,Ministero delle infrastrutture e dei trasporti,,rettifica,,False,,,0,singolo,7150,4,2033,690994.0,690994.0,690.994,totale,rimodulazione,rimodulato,Risorse assegnate alla Regione Emilia-Romagna per l'annualità 2033,"art. 1, comma 1","alla Regione Emilia Romagna risorse pari a 690.994 euro, in luogo dei precedenti 790.994 euro","Allegato 3 del decreto del Ministro delle infrastrutture e della mobilità sostenibili del 23 settembre 2021, n. 364",alta,Nell'atto il CUP non è associato direttamente all'importo Emilia-Romagna; l'Allegato 3 è una tabella per regione senza colonna CUP. Il valore originario 790.994 euro è citato nell'art. 1 c. 1.,Rettifica per mero errore materiale: Emilia-Romagna passa da 9.500.000 a 9.400.000 euro complessivi (All. 2); la quota 2033 è rideterminata in 690.994 euro.
2023 DM MIT 342-2023.pdf,minimax/minimax-m3,off,,,Ministero delle infrastrutture e dei trasporti,,rettifica,,False,,,0,singolo,7150,3,2032,125266.0,125266.0,125.266,totale,rimodulazione,rimodulato,Risorse assegnate alla Regione Veneto per l'annualità 2032,"art. 1, comma 1","per l'annualità 2032, assegna alla Regione Veneto risorse pari a 125.266 euro, in luogo dei precedenti 125.268 euro","Allegato 3 del decreto del Ministro delle infrastrutture e della mobilità sostenibili del 23 settembre 2021, n. 364",alta,Nell'atto il CUP non è associato direttamente all'importo Veneto; Allegato 3 è una tabella per regione senza colonna CUP.,Correzione di arrotondamento di 2 euro (da 125.268 a 125.266).
2023 DM MIT 342-2023.pdf,minimax/minimax-m3,off,,,Ministero delle infrastrutture e dei trasporti,,rettifica,,False,,,0,singolo,7150,4,2032,842682.0,842682.0,842.682,totale,rimodulazione,rimodulato,Risorse assegnate alla Regione Emilia-Romagna per l'annualità 2032,"art. 1, comma 1","alla Regione Emilia Romagna risorse pari a 842.682 euro, in luogo dei precedenti 842.680 euro","Allegato 3 del decreto del Ministro delle infrastrutture e della mobilità sostenibili del 23 settembre 2021, n. 364",alta,Nell'atto il CUP non è associato direttamente all'importo Emilia-Romagna; Allegato 3 è una tabella per regione senza colonna CUP.,Correzione di arrotondamento di 2 euro (da 842.680 a 842.682).
2025 DD MIT 141-2025.pdf,minimax/minimax-m3,off,141,2025-04-18,Ministero delle infrastrutture e dei trasporti,,impegno,E51I04000010007,True,definitivo,,1,singolo,7419,2,2024-2032,2125000000.0,2125000000.0,"€ 2.125.000.000,00",totale,assegnazione,impegnato,,art. 3; [TABELLA pag.5 n.1],"È autorizzato l’impegno ... sul capitolo 7419, piano gestionale 2 ... per la somma complessiva di € 2.125.000.000,00, di cui € 50.000.000,00 in conto residui, esercizio di provenienza 2024 e 2.075.000.000,00 per gli esercizi finanziari dal 2025 al 2032","art. 1, comma 478, legge 29 dicembre 2022, n. 197",alta,,Impegno disposto dall'atto corrente sul cap. 7419/PG2. L'importo complessivo è già stanziato dalla L. 197/2022 (richiamata); il dato innovativo è l'impegno contabile disposto dall'art. 3. CUP individuato nelle premesse (CONSIDERATO/Convenzione).
2025 DD MIT 141-2025.pdf,minimax/minimax-m3,off,141,2025-04-18,Ministero delle infrastrutture e dei trasporti,,impegno,E51I04000010007,True,definitivo,,1,singolo,7416,1,2027-2028,75000000.0,75000000.0,"€ 75.000.000,00",totale,assegnazione,impegnato,,art. 4,"È autorizzato l’impegno ... sul capitolo 7416 piano gestionale 1 ... per la somma complessiva di € 75.000.000,00, di cui 50.000.000,00 per l’esercizio finanziario 2027 e € 25.000.000,00 per l’esercizio finanziario 2028","art. 1, comma 478, legge 29 dicembre 2022, n. 197",alta,,Impegno disposto dall'atto corrente sul cap. 7416/PG1. L'importo è parte dello stanziamento della L. 197/2022 (richiamata). CUP individuato nelle premesse (Convenzione).
2022 DD MIT 454-2022.pdf,moonshotai/kimi-k2.6,off,,,Ministero delle infrastrutture e dei trasporti,Ministero dell'economia e delle finanze,impegno,E51I04000010007,True,definitivo,,1,singolo,7426,1,2021,14000000.0,14000000.0,"€ 14.000.000,00",totale,assegnazione,impegnato,,art. 1,"è autorizzato, per il corrente esercizio finanziario, a favore di Roma Capitale per l'intervento ""Tratta Colosseo - Piazza Venezia della Linea C della metropolitana di Roma"" CUP E51I04000010007, l'impegno di € 14.000.000,00 in conto residui di lettera F, esercizio di provenienza 2021","decreto del Ministro delle infrastrutture e dei trasporti di concerto con il Ministro dell'economia e delle finanze, n. 498 del 14 novembre 2014",alta,,"impegno in conto residui di lettera F, esercizio di provenienza 2021"
2022 DD MIT 454-2022.pdf,moonshotai/kimi-k2.6,off,,,Ministero delle infrastrutture e dei trasporti,Ministero dell'economia e delle finanze,impegno,E51I04000010007,True,definitivo,,1,singolo,7426,1,2022-2025,131000000.0,131000000.0,"€ 131.000.000,00",totale,assegnazione,impegnato,,art. 2; [TABELLA pag.3 n.1],"è autorizzato l'impegno, sul capitolo 7426, piano di gestione 1, per l'importo complessivo di € 131.000.000,00 a favore di Roma Capitale, per l'intervento ""Tratta Colosseo - Piazza Venezia della Linea C della metropolitana di Roma"" CUP E51I04000010007","decreto del Ministro delle infrastrutture e dei trasporti di concerto con il Ministro dell'economia e delle finanze, n. 498 del 14 novembre 2014",alta,,"ripartizione annuale: 2022 € 35.000.000,00; 2023 € 40.000.000,00; 2024 € 33.500.000,00; 2025 € 22.500.000,00"
2022 DDG 128 del 02-05-22.pdf,moonshotai/kimi-k2.6,off,,,Ministero delle infrastrutture e della mobilità sostenibili,,impegno,H94I19000130004,True,definitivo,,1,singolo,7400,7,2020-2034,97154124.1,97154124.1,"97.154.124,10",totale,assegnazione,impegnato,Totale,"art. 1 e art. 2; Allegato / [TABELLA pag.4 n.1], riga 2 (Comune di Padova)","Comune di Padova | H94I19000130004 | 7400/PG 7 | ... | 97.154.124,10",Decreto del Ministro delle infrastrutture e della mobilità sostenibili n. 464 del 22 novembre 2021,alta,,"Impegno in conto residui € 3.000.000,00 (art.1: € 1.000.000,00 2020 + € 2.000.000,00 2021) + impegno in conto competenza € 631.174.000,00 (art.2) sullo stesso PG 7. Il totale per Padova è la somma delle annualità indicate."
2022 DDG 128 del 02-05-22.pdf,moonshotai/kimi-k2.6,off,,,Ministero delle infrastrutture e della mobilità sostenibili,,impegno,J80J18000000001,True,definitivo,,1,singolo,7400,7,2020-2034,159466174.12,159466174.12,"159.466.174,12",totale,assegnazione,impegnato,Totale,"art. 1 e art. 2; Allegato / [TABELLA pag.4 n.1], riga 3 (Roma Capitale)","Roma Capitale | J80J18000000001 | 7400/PG 7 | ... | 159.466.174,12",Decreto del Ministro delle infrastrutture e della mobilità sostenibili n. 464 del 22 novembre 2021,alta,,"Impegno in conto residui + impegno in conto competenza sullo stesso PG 7. Nota: nel testo prima della tabella appare anche 'C11B21008720001' sotto Roma Capitale, ma nella tabella strutturata [TABELLA pag.4 n.1] questo CUP non è associato a Roma Capitale. Seguo la tabella strutturata."
2022 DDG 128 del 02-05-22.pdf,moonshotai/kimi-k2.6,off,,,Ministero delle infrastrutture e della mobilità sostenibili,,impegno,C11B21008720001,True,definitivo,,2,aggregato,7400,7,2020-2034,44494493.04,22247246.52,"44.494.493,04",totale,assegnazione,impegnato,Totale,"art. 1 e art. 2; Allegato / [TABELLA pag.4 n.1], riga 4 (Comune di Torino)","Comune di Torino | C11B21008720001 D81E20000410007 | 7400/PG 7 | ... | 44.494.493,04",Decreto del Ministro delle infrastrutture e della mobilità sostenibili n. 464 del 22 novembre 2021,alta,,Importo unico per due CUP; l'atto non ripartisce l'importo tra i due CUP. Impegno in conto residui + impegno in conto competenza sullo stesso PG 7.
2022 DDG 128 del 02-05-22.pdf,moonshotai/kimi-k2.6,off,,,Ministero delle infrastrutture e della mobilità sostenibili,,impegno,D81E20000410007,True,definitivo,,2,aggregato,7400,7,2020-2034,44494493.04,22247246.52,"44.494.493,04",totale,assegnazione,impegnato,Totale,"art. 1 e art. 2; Allegato / [TABELLA pag.4 n.1], riga 4 (Comune di Torino)","Comune di Torino | C11B21008720001 D81E20000410007 | 7400/PG 7 | ... | 44.494.493,04",Decreto del Ministro delle infrastrutture e della mobilità sostenibili n. 464 del 22 novembre 2021,alta,,Importo unico per due CUP; l'atto non ripartisce l'importo tra i due CUP. Impegno in conto residui + impegno in conto competenza sullo stesso PG 7.
2022 DDG 128 del 02-05-22.pdf,moonshotai/kimi-k2.6,off,,,Ministero delle infrastrutture e della mobilità sostenibili,,impegno,C81B21013200005,True,definitivo,,1,singolo,7400,7,2020-2034,333059208.74,333059208.74,"333.059.208,74",totale,assegnazione,impegnato,Totale,"art. 1 e art. 2; Allegato / [TABELLA pag.4 n.1], riga 5 (Comune di Brescia PG 7)","Comune di Brescia | C81B21013200005 | 7400/PG 7 | ... | 333.059.208,74",Decreto del Ministro delle infrastrutture e della mobilità sostenibili n. 464 del 22 novembre 2021,alta,,Impegno in conto residui + impegno in conto competenza sullo stesso PG 7.
2022 DDG 128 del 02-05-22.pdf,moonshotai/kimi-k2.6,off,,,Ministero delle infrastrutture e della mobilità sostenibili,,impegno,C81B21013200005,True,definitivo,,1,singolo,7400,1,2029-2034,26486678.33,26486678.33,"26.486.678,33",totale,assegnazione,impegnato,Totale,"art. 3; Allegato / [TABELLA pag.4 n.1], riga 6 (Comune di Brescia PG 1)","Comune di Brescia | C81B21013200005 | 7400/PG 1 | | | | | | | | | 4.414.446,39 | 4.414.446,39 | 4.414.446,39 | 4.414.446,39 | 4.414.446,39 | 4.414.446,38 | 26.486.678,33",Decreto del Ministro delle infrastrutture e della mobilità sostenibili n. 464 del 22 novembre 2021,alta,,"Impegno in conto competenza distinto sul PG 1, per annualità 2029-2034. Stesso CUP C81B21013200005 che ha anche finanziamento su PG 7."
2022 DI Mims Mef 97 20.04.2022.pdf,moonshotai/kimi-k2.6,off,,,Ministero delle Infrastrutture e della Mobilità Sostenibili,Ministero dell'Economia e delle Finanze,assegnazione,B39J22001360001,True,definitivo,,1,singolo,7400,8,,398000000.0,398000000.0,"398.000.000,00",totale,assegnazione,assegnato,FINANZIAMENTO AMMESSO,"Allegato 1 / [TABELLA pag.10 n.1], riga 2","COMUNE DI GENOVA | SKYMETRO VAL BISAGNO GENOVA | B39J22001360001 | PFTE | 398.000.000,00 | --- | 398.000.000,00",,alta,,"Capitolo 7400 PG 8 derivante da art. 1, comma 393, legge 234/2021; cofinanziamento assente (---)"
2022 DI Mims Mef 97 20.04.2022.pdf,moonshotai/kimi-k2.6,off,,,Ministero delle Infrastrutture e della Mobilità Sostenibili,Ministero dell'Economia e delle Finanze,assegnazione,B31F20000030005,True,definitivo,,1,singolo,7400,8,,20860000.0,20860000.0,"20.860.000,00",totale,assegnazione,assegnato,FINANZIAMENTO AMMESSO,"Allegato 1 / [TABELLA pag.10 n.1], riga 4","COMUNE DI GENOVA | PROLUNGAMENTO METROPOLITANA DI GENOVA DA BRIN A CANEPARI... | B31F20000030005 | PFTE | 20.860.000,00 | --- | 20.860.000,00",,alta,,Capitolo 7400 PG 8; cofinanziamento assente (---)
2022 DI Mims Mef 97 20.04.2022.pdf,moonshotai/kimi-k2.6,off,,,Ministero delle Infrastrutture e della Mobilità Sostenibili,Ministero dell'Economia e delle Finanze,assegnazione,B44D20000040001,True,definitivo,,1,singolo,7400,8,,180000000.0,180000000.0,"180.000.000,00",totale,assegnazione,assegnato,FINANZIAMENTO AMMESSO,"Allegato 1 / [TABELLA pag.10 n.1], riga 6","COMUNE DI MILANO | LINEA METROPOLITANA M1 PROLUNGAMENTO QUARTIERE BAGGIO – OLMI - VALSESIA | B44D20000040001 | PROGETTO DEFINITIVO | 398.000.000,00 | 218.000.000,00 | 180.000.000,00",,alta,,"Capitolo 7400 PG 8; costo totale 398.000.000,00, cofinanziamento 218.000.000,00, finanziamento ammesso 180.000.000,00"
2022 DI Mims Mef 97 20.04.2022.pdf,moonshotai/kimi-k2.6,off,,,Ministero delle Infrastrutture e della Mobilità Sostenibili,Ministero dell'Economia e delle Finanze,assegnazione,B91J21000040001,True,definitivo,,1,singolo,7400,8,,420000000.0,420000000.0,"420.000.000,00",totale,assegnazione,assegnato,FINANZIAMENTO AMMESSO,"Allegato 1 / [TABELLA pag.10 n.1], riga 8","COMUNE DI MILANO | PROLUNGAMENTO LINEA METROPOLITANA M4 DA AEROPORTO LINATE A SEGRATE | B91J21000040001 | PFTE | 420.000.000,00 | --- | 420.000.000,00",,alta,,Capitolo 7400 PG 8; cofinanziamento assente (---)
2022 DI Mims Mef 97 20.04.2022.pdf,moonshotai/kimi-k2.6,off,,,Ministero delle Infrastrutture e della Mobilità Sostenibili,Ministero dell'Economia e delle Finanze,assegnazione,B41J21000050006,True,definitivo,,1,singolo,7400,8,,4500000.0,4500000.0,"4.500.000,00",totale,assegnazione,assegnato,FINANZIAMENTO AMMESSO,"Allegato 1 / [TABELLA pag.10 n.1], riga 10","COMUNE DI MILANO | NUOVA LINEA METROPOLITANA M6 RAMO SUD (PFTE) | B41J21000050006 | --- | 4.500.000,00 | --- | 4.500.000,00",,alta,,Capitolo 7400 PG 8; livello progettazione non specificato (---); cofinanziamento assente (---)
2022 DI Mims Mef 97 20.04.2022.pdf,moonshotai/kimi-k2.6,off,,,Ministero delle Infrastrutture e della Mobilità Sostenibili,Ministero dell'Economia e delle Finanze,assegnazione,B41C21000010001,True,definitivo,,1,singolo,7400,8,,5500000.0,5500000.0,"5.500.000,00",totale,assegnazione,assegnato,FINANZIAMENTO AMMESSO,"Allegato 1 / [TABELLA pag.10 n.1], riga 12","COMUNE DI MILANO | PROLUNGAMENTO M3 SAN DONATO M. – ASTA PAULLESE (PFTE) | B41C21000010001 | PFTE – 1° FASE | 5.500.000,00 | --- | 5.500.000,00",,alta,,Capitolo 7400 PG 8; cofinanziamento assente (---)
2022 DI Mims Mef 97 20.04.2022.pdf,moonshotai/kimi-k2.6,off,,,Ministero delle Infrastrutture e della Mobilità Sostenibili,Ministero dell'Economia e delle Finanze,assegnazione,F41B22000740009,True,definitivo,,1,singolo,7400,8,,631373163.0,631373163.0,"631.373.163,00",totale,assegnazione,assegnato,FINANZIAMENTO AMMESSO,"Allegato 1 / [TABELLA pag.10 n.1], riga 14","COMUNE DI NAPOLI / EAV Srl | NUOVO COLLEGAMENTO IN SEDE PROPRIA TRA LA STAZIONE AV DI AFRAGOLA E LA RETE METROPOLITANA DI NAPOLI. LOTTO 1°_STRALCIO I | F41B22000740009 (CUP MASTER) | PFTE | 631.373.163,00 | --- | 631.373.163,00",,media,"Il testo indica '(CUP MASTER)' accanto al CUP F41B22000740009, ma non è presente un CUP distinto per l'intervento; il CUP indicato sembra essere sia il CUP dell'intervento sia il CUP Master. Non essendoci un CUP separato, il CUP va nella lista cup e cup_master è null.","Capitolo 7400 PG 8; cofinanziamento assente (---). Nota: l'indicazione '(CUP MASTER)' potrebbe essere un refuso o indicare che questo CUP aggrega più sotto-progetti, ma non è presente un CUP dell'intervento distinto"
2022 DI Mims Mef 97 20.04.2022.pdf,moonshotai/kimi-k2.6,off,,,Ministero delle Infrastrutture e della Mobilità Sostenibili,Ministero dell'Economia e delle Finanze,assegnazione,F41B22000830009,True,definitivo,,1,singolo,7400,8,,163500824.0,163500824.0,"163.500.824,00",totale,assegnazione,assegnato,FINANZIAMENTO AMMESSO,"Allegato 1 / [TABELLA pag.10 n.1], riga 16","COMUNE DI NAPOLI / EAV Srl | NUOVO COLLEGAMENTO IN SEDE PROPRIA TRA LA STAZIONE AV DI AFRAGOLA E LA RETE METROPOLITANA DI NAPOLI. LOTTO 1°_STRALCIO II | F41B22000830009 | PFTE | 163.500.824,00 | --- | 163.500.824,00",,alta,,Capitolo 7400 PG 8; cofinanziamento assente (---)
2022 DI Mims Mef 97 20.04.2022.pdf,moonshotai/kimi-k2.6,off,,,Ministero delle Infrastrutture e della Mobilità Sostenibili,Ministero dell'Economia e delle Finanze,assegnazione,E51I04000010007,True,definitivo,,1,singolo,7400,8,,610000000.0,610000000.0,"610.000.000,00",totale,assegnazione,assegnato,FINANZIAMENTO AMMESSO,"Allegato 1 / [TABELLA pag.10 n.1], riga 18","ROMA CAPITALE / ROMA METROPOLITANE Srl | LINEA C DELLA METROPOLITANA DI ROMA - SUB-TRATTA FUNZIONALE DA STAZIONE VENEZIA A STAZIONE FORI IMPERIALI | E51I04000010007 | PROGETTO DEFINITIVO | 755.000.000,00 | 145.000.000,00 | 610.000.000,00",,alta,,"Capitolo 7400 PG 8; costo totale 755.000.000,00, cofinanziamento 145.000.000,00"
2022 DI Mims Mef 97 20.04.2022.pdf,moonshotai/kimi-k2.6,off,,,Ministero delle Infrastrutture e della Mobilità Sostenibili,Ministero dell'Economia e delle Finanze,assegnazione,E51I04000010007,True,definitivo,,1,singolo,7400,8,,990000000.0,990000000.0,"990.000.000,00",totale,assegnazione,assegnato,FINANZIAMENTO AMMESSO,"Allegato 1 / [TABELLA pag.10 n.1], riga 20","ROMA CAPITALE / ROMA METROPOLITANE Srl | LINEA C DELLA METROPOLITANA DI ROMA - TRATTA T2 - LOTTO COSTRUTTIVO | E51I04000010007 | PROGETTO PRELIMINARE | 990.000.000,00 | --- | 990.000.000,00",,alta,,Capitolo 7400 PG 8; stesso CUP E51I04000010007 con diverso intervento (TRATTA T2 - LOTTO COSTRUTTIVO vs SUB-TRATTA FUNZIONALE); cofinanziamento assente (---)
2022 DI Mims Mef 97 20.04.2022.pdf,moonshotai/kimi-k2.6,off,,,Ministero delle Infrastrutture e della Mobilità Sostenibili,Ministero dell'Economia e delle Finanze,assegnazione,C71F20000020005,True,definitivo,,1,singolo,7400,8,,1000000000.0,1000000000.0,"1.000.000.000,00",totale,assegnazione,assegnato,FINANZIAMENTO AMMESSO,"Allegato 1 / [TABELLA pag.10 n.1], riga 22","COMUNE DI TORINO | METROPOLITANA AUTOMATICA DI TORINO – LINEA 2 – TRATTA ""POLITECNICO – REBAUDENGO"" | C71F20000020005 | PROGETTO DEFINITIVO | 1.800.000.000,00 | 800.000.000,00 | 1.000.000.000,00",,alta,,"Capitolo 7400 PG 8; costo totale 1.800.000.000,00, cofinanziamento 800.000.000,00"
2022 DI Mims Mef 97 20.04.2022.pdf,moonshotai/kimi-k2.6,off,,,Ministero delle Infrastrutture e della Mobilità Sostenibili,Ministero dell'Economia e delle Finanze,assegnazione,J81B21014060001,True,definitivo,,1,singolo,7400,1,,173183831.97,173183831.97,"173.183.831,97",totale,assegnazione,assegnato,FINANZIAMENTO AMMESSO,"Allegato 2 / [TABELLA pag.12 n.1], riga 2","ROMA CAPITALE | LINEA TRANVIARIA TERMINI - VATICANO - AURELIO | J81B21014060001 | TRANVIA | 293.183.831,97 | 120.000.000,00 | 173.183.831,97",,alta,,"Capitolo 7400 PG 1 (risorse residue sez. II legge 234/2021); costo totale 293.183.831,97, cofinanziamento 120.000.000,00. Nota: il cofinanziamento di 120.000.000,00 è quello già assegnato con DM 448/2021 (PNRR M2C2-4.2), non assegnato dal presente atto"
2022 DI Mims Mef 97 20.04.2022.pdf,moonshotai/kimi-k2.6,off,,,Ministero delle Infrastrutture e della Mobilità Sostenibili,Ministero dell'Economia e delle Finanze,assegnazione,J84E21005150001,True,definitivo,,1,singolo,7400,1,,11284217.84,11284217.84,"11.284.217,84",totale,assegnazione,assegnato,FINANZIAMENTO AMMESSO,"Allegato 2 / [TABELLA pag.12 n.1], riga 4","ROMA CAPITALE | DEPOSITO DI CENTOCELLE EST | J84E21005150001 | TRANVIA | 11.284.217,84 | --- | 11.284.217,84",,alta,,Capitolo 7400 PG 1; cofinanziamento assente (---)
2022 DI Mims Mef 97 20.04.2022.pdf,moonshotai/kimi-k2.6,off,,,Ministero delle Infrastrutture e della Mobilità Sostenibili,Ministero dell'Economia e delle Finanze,assegnazione,E31J19000030001,True,definitivo,,1,singolo,7400,1,,26500000.0,26500000.0,"26.500.000,00",totale,assegnazione,assegnato,FINANZIAMENTO AMMESSO,"Allegato 2 / [TABELLA pag.12 n.1], riga 6","COMUNE DI PIACENZA | SISTEMA DI TRASPORTO RAPIDO DI MASSA PER IL COLLEGAMENTO TRA LA STAZIONE FERROVIARIA DI PIACENZA ED IL NUOVO POLO OSPEDALIERO | E31J19000030001 | BUSVIA | 26.500.000,00 | --- | 26.500.000,00",,alta,,Capitolo 7400 PG 1; cofinanziamento assente (---)
2022 DI Mims Mef 97 20.04.2022.pdf,moonshotai/kimi-k2.6,off,,,Ministero delle Infrastrutture e della Mobilità Sostenibili,Ministero dell'Economia e delle Finanze,assegnazione,F44I19000530001,True,definitivo,,1,singolo,7400,1,,122200000.0,122200000.0,"122.200.000,00",totale,assegnazione,assegnato,FINANZIAMENTO AMMESSO,"Allegato 2 / [TABELLA pag.12 n.1], riga 8","COMUNE DI MILANO | AMPLIAMENTO DEL DEPOSITO GALLARATESE DEI TRENI DELLA LINEA METROPOLITANA 1 | F44I19000530001 | METRO | 122.200.000,00 | --- | 122.200.000,00",,alta,,Capitolo 7400 PG 1; cofinanziamento assente (---)
2023 DM MIT 342-2023.pdf,moonshotai/kimi-k2.6,off,,,Ministero delle infrastrutture e dei trasporti,,rettifica,H49J21005480003,True,definitivo,,1,singolo,7150,3,,256450.0,256450.0,"256.450,00",totale,assegnazione,assegnato,IMPORTO AMMASSO A FINANZIAMENTO POTENZIAMENTO,"art. 1; Allegato 1 / [TABELLA pag.4 n.1], riga 11 (totale Liguria)","TOTALE | | | | | | 256.450,00 | 0,00 | 256.450,00 | 256.450,00","decreto del Ministro delle infrastrutture e della mobilità sostenibili del 23 settembre 2021, n. 364",alta,,Importo aggregato per 9 interventi della ferrovia Genova-Casella; CUP presente nella riga Sant'Olcese Tullo
2023 DM MIT 342-2023.pdf,moonshotai/kimi-k2.6,off,,,Ministero delle infrastrutture e dei trasporti,,rettifica,C75B23000000001,True,definitivo,,1,singolo,7150,3,,10543255.0,10543255.0,"10.543.255,00",totale,assegnazione,assegnato,IMPORTO AMMASSO A FINANZIAMENTO POTENZIAMENTO,"art. 1; Allegato 1 / [TABELLA pag.4 n.1], riga 13","Roma - Viterbo | ferrovia Roma – Viterbo nella tratta Catalano – Viterbo | ASTRAL S.p.A | ... | 10.543.255,00 | 0,00 | 10.543.255,00 | 10.543.255,00","decreto del Ministro delle infrastrutture e della mobilità sostenibili del 23 settembre 2021, n. 364",alta,,
2023 DM MIT 342-2023.pdf,moonshotai/kimi-k2.6,off,,,Ministero delle infrastrutture e dei trasporti,,rettifica,C71G22000090001,True,definitivo,,1,singolo,7150,3,,7000000.0,7000000.0,"7.000.000,00",totale,assegnazione,assegnato,IMPORTO AMMASSO A FINANZIAMENTO POTENZIAMENTO,"art. 1; Allegato 1 / [TABELLA pag.4 n.1], riga 15","Roma - Viterbo | Ferrovia Roma – Viterbo | ASTRAL S.p.A | POTENZIAMENTO DEL SISTEMA DI ALIMENTAZIONE ELETTRICA | ... | 7.000.000,00 | 0,00 | 7.000.000,00 | 7.000.000,00","decreto del Ministro delle infrastrutture e della mobilità sostenibili del 23 settembre 2021, n. 364",alta,,
2023 DM MIT 342-2023.pdf,moonshotai/kimi-k2.6,off,,,Ministero delle infrastrutture e dei trasporti,,rettifica,E51B21002250001,True,definitivo,,1,singolo,7150,3,,20000000.0,20000000.0,"20.000.000,00",totale,assegnazione,assegnato,IMPORTO AMMASSO A FINANZIAMENTO POTENZIAMENTO,"art. 1; Allegato 1 / [TABELLA pag.4 n.1], riga 18","Milano -Varese - Laveno. | FERROVIENORD | INTERVENTI SULLA RETE PER STABILIZZAZIONE ORARIO | ... | 20.000.000,00 | 0,00 | 20.000.000,00 | 20.000.000,00","decreto del Ministro delle infrastrutture e della mobilità sostenibili del 23 settembre 2021, n. 364",alta,,
2023 DM MIT 342-2023.pdf,moonshotai/kimi-k2.6,off,,,Ministero delle infrastrutture e dei trasporti,,rettifica,B41E04000210001,True,definitivo,,1,singolo,7150,3,,50000000.0,50000000.0,"50.000.000,00",totale,assegnazione,assegnato,IMPORTO AMMASSO A FINANZIAMENTO POTENZIAMENTO,"art. 1; Allegato 1 / [TABELLA pag.5 n.1], riga 2","ENTE AUTONOMO VOLTURNO S.R.L. | LINEE VESUVIANE | Comune di Napoli | LINEA 1 DELLA METROPOLITANA DI NAPOLI | ... | 50.000.000,00 | 50.000.000,00 | 100.000.000,00 | 50.000.000,00","decreto del Ministro delle infrastrutture e della mobilità sostenibili del 23 settembre 2021, n. 364",alta,,"Importo richiesto 50.000.000,00; cofinanziamento 50.000.000,00; totale 100.000.000,00; finanziamento ammesso 50.000.000,00"
2023 DM MIT 342-2023.pdf,moonshotai/kimi-k2.6,off,,,Ministero delle infrastrutture e dei trasporti,,rettifica,F61B21003640009,True,definitivo,,1,singolo,7150,3,,30000000.0,30000000.0,"30.000.000,00",totale,assegnazione,assegnato,IMPORTO AMMASSO A FINANZIAMENTO POTENZIAMENTO,"art. 1; Allegato 1 / [TABELLA pag.5 n.1], riga 4","ENTE AUTONOMO VOLTURNO S.R.L. | LINEE FLEGREE | EAV S.R.L. | NUOVO TELECOMANDO LINEE FLEGREE | ... | 30.000.000,00 | 0,00 | 30.000.000,00 | 30.000.000,00","decreto del Ministro delle infrastrutture e della mobilità sostenibili del 23 settembre 2021, n. 364",alta,,
2023 DM MIT 342-2023.pdf,moonshotai/kimi-k2.6,off,,,Ministero delle infrastrutture e dei trasporti,,rettifica,G31G22000250001,True,definitivo,,1,singolo,7150,3,,2800000.0,2800000.0,"2.800.000,00",totale,assegnazione,assegnato,IMPORTO AMMASSO A FINANZIAMENTO POTENZIAMENTO,"art. 1; Allegato 1 / [TABELLA pag.5 n.1], riga 6","BARI- MATERA | BARI - MATERA | FERROVIE APPULO LUCANE | RIFACIMENTO PENSILINA BARI CENTRALE | ... | 2.800.000,00 | 0,00 | 2.800.000,00 | 2.800.000,00","decreto del Ministro delle infrastrutture e della mobilità sostenibili del 23 settembre 2021, n. 364",alta,,
2023 DM MIT 342-2023.pdf,moonshotai/kimi-k2.6,off,,,Ministero delle infrastrutture e dei trasporti,,rettifica,D69D15002090001,True,definitivo,,2,aggregato,7150,3,,50000000.0,25000000.0,"50.000.000,00",totale,assegnazione,assegnato,IMPORTO AMMASSO A FINANZIAMENTO POTENZIAMENTO,"art. 1; Allegato 1 / [TABELLA pag.5 n.1], riga 8","MAGLIE- OTRANTO | MAGLIE- OTRANTO e TRATTA ZOLLINO- GAGLIANO C. | FERROVIE SUD EST | COMPLETAMENTO ELETTRIFICAZIONE DORSALE SALENTO | ... | 50.000.000,00 | 130.000.000,00 | 180.000.000,00 | 50.000.000,00","decreto del Ministro delle infrastrutture e della mobilità sostenibili del 23 settembre 2021, n. 364",alta,,Importo unico per Lotto 3 (D49D15001920001) e Lotto 4 (D69D15002090001); l'atto non ripartisce tra i due lotti
2023 DM MIT 342-2023.pdf,moonshotai/kimi-k2.6,off,,,Ministero delle infrastrutture e dei trasporti,,rettifica,D49D15001920001,True,definitivo,,2,aggregato,7150,3,,50000000.0,25000000.0,"50.000.000,00",totale,assegnazione,assegnato,IMPORTO AMMASSO A FINANZIAMENTO POTENZIAMENTO,"art. 1; Allegato 1 / [TABELLA pag.5 n.1], riga 8","MAGLIE- OTRANTO | MAGLIE- OTRANTO e TRATTA ZOLLINO- GAGLIANO C. | FERROVIE SUD EST | COMPLETAMENTO ELETTRIFICAZIONE DORSALE SALENTO | ... | 50.000.000,00 | 130.000.000,00 | 180.000.000,00 | 50.000.000,00","decreto del Ministro delle infrastrutture e della mobilità sostenibili del 23 settembre 2021, n. 364",alta,,Importo unico per Lotto 3 (D49D15001920001) e Lotto 4 (D69D15002090001); l'atto non ripartisce tra i due lotti
2023 DM MIT 342-2023.pdf,moonshotai/kimi-k2.6,off,,,Ministero delle infrastrutture e dei trasporti,,rettifica,G71B18000620005,True,definitivo,,1,singolo,7150,3,,2500000.0,2500000.0,"2.500.000,00",totale,assegnazione,assegnato,IMPORTO AMMASSO A FINANZIAMENTO POTENZIAMENTO,"art. 1; Allegato 1 / [TABELLA pag.5 n.1], riga 10","BARI- MATERA | STAZIONE ALTAMURA | FERROVIE APPULO LUCANE | REALIZZAZIONE PARCHEGGIO DI INTERSCAMBIO | ... | 2.500.000,00 | 0,00 | 2.500.000,00 | 2.500.000,00","decreto del Ministro delle infrastrutture e della mobilità sostenibili del 23 settembre 2021, n. 364",alta,,
2023 DM MIT 342-2023.pdf,moonshotai/kimi-k2.6,off,,,Ministero delle infrastrutture e dei trasporti,,rettifica,F81B21005610001,True,definitivo,,1,singolo,7150,3,,18000000.0,18000000.0,"18.000.000,00",totale,assegnazione,assegnato,IMPORTO AMMASSO A FINANZIAMENTO POTENZIAMENTO,"art. 1; Allegato 1 / [TABELLA pag.6 n.1], riga 2","Monserrato - Isili | Monserrato - Isili | ARST | VARIANTE DI TRACCCIATO, REALIZZAZIONE PUNTI DI INCROCIO | ... | 26.400.000,00 | 0,00 | 26.400.000,00 | 18.000.000,00","decreto del Ministro delle infrastrutture e della mobilità sostenibili del 23 settembre 2021, n. 364",alta,,"Importo totale 26.400.000,00; finanziamento ammesso 18.000.000,00"
2023 DM MIT 342-2023.pdf,moonshotai/kimi-k2.6,off,,,Ministero delle infrastrutture e dei trasporti,,rettifica,I61B21003020001,True,definitivo,,1,singolo,7150,3,,9900000.0,9900000.0,"9.900.000,00",totale,assegnazione,assegnato,IMPORTO AMMASSO A FINANZIAMENTO POTENZIAMENTO,"art. 1; Allegato 1 / [TABELLA pag.6 n.1], riga 4","Ferrovie della Calabria S.r.l | Soveria M. - Catanzaro - Catanzaro Lido | Ferrovie della Calabria S.r.l. | LAVORI DI REALIZZAZIONE DELLA NUOVA STAZIONE FERROVIARIA DI CATANZARO CITTÀ | ... | 9.900.000,00 | 0,00 | 9.900.000,00 | 9.900.000,00","decreto del Ministro delle infrastrutture e della mobilità sostenibili del 23 settembre 2021, n. 364",alta,,
2023 DM MIT 342-2023.pdf,moonshotai/kimi-k2.6,off,,,Ministero delle infrastrutture e dei trasporti,,rettifica,I67H21003160001,True,definitivo,,1,singolo,7150,3,,2900000.0,2900000.0,"2.900.000,00",totale,assegnazione,assegnato,IMPORTO AMMASSO A FINANZIAMENTO POTENZIAMENTO,"art. 1; Allegato 1 / [TABELLA pag.6 n.1], riga 6","Ferrovie della Calabria S.r.l | Soveria M. - Catanzaro - Catanzaro Lido - Germaneto | Ferrovie della Calabria S.r.l. | LAVORI DI MIGLIORAMENTO DELLA FRUIBILITÀ | ... | 2.900.000,00 | 0,00 | 2.900.000,00 | 2.900.000,00","decreto del Ministro delle infrastrutture e della mobilità sostenibili del 23 settembre 2021, n. 364",alta,,
2023 DM MIT 342-2023.pdf,moonshotai/kimi-k2.6,off,,,Ministero delle infrastrutture e dei trasporti,,rettifica,B89J21020930005,True,definitivo,,1,singolo,7150,3,,1200000.0,1200000.0,"1.200.000,00",totale,assegnazione,assegnato,IMPORTO AMMASSO A FINANZIAMENTO POTENZIAMENTO,"art. 1; Allegato 1 / [TABELLA pag.6 n.1], riga 8","Divisione Ferroviaria di TUA S.p.A. | Fossacesia-Saletti | Divisione Ferroviaria di TUA S.p.A. | CREAZIONE POSTO INTERMEDIO LOCALITÀ GUASTACCONCIA | ... | 1.200.000,00 | 0,00 | 1.200.000,00 | 1.200.000,00","decreto del Ministro delle infrastrutture e della mobilità sostenibili del 23 settembre 2021, n. 364",alta,,
2023 DM MIT 342-2023.pdf,moonshotai/kimi-k2.6,off,,,Ministero delle infrastrutture e dei trasporti,,rettifica,I57H21005640001,True,definitivo,,1,singolo,7150,4,,1512215.0,1512215.0,"1.512.215,00",totale,assegnazione,assegnato,SICUREZZA,"art. 1; Allegato 2 / [TABELLA pag.7 n.1], riga 2","ADRIA‐ MESTRE | INFRASTRUTTRE VENETE SRL | INTERVENTI STRUTTURALI DI RISANAMENTO PONTE | ... | 1.512.215,00 | 0,00 | 1.512.215,00 | 1.512.215,00","decreto del Ministro delle infrastrutture e della mobilità sostenibili del 23 settembre 2021, n. 364",alta,,"Valore rettificato: originariamente 1.412.215,00 nel DM 364/2021"
2023 DM MIT 342-2023.pdf,moonshotai/kimi-k2.6,off,,,Ministero delle infrastrutture e dei trasporti,,rettifica,B19F22013250002,True,definitivo,,1,singolo,7150,4,,2400000.0,2400000.0,"2.400.000,00",totale,assegnazione,assegnato,SICUREZZA,"art. 1; Allegato 2 / [TABELLA pag.7 n.1], riga 4","STIA ‐ AREZZO ‐ SINALUNGA | LA FERROVIARIA ITALIANA SPA | ELIMINAZIONE DI DUE PASSAGGI A LIVELLO | ... | 2.400.000,00 | 0,00 | 2.400.000,00 | 2.400.000,00","decreto del Ministro delle infrastrutture e della mobilità sostenibili del 23 settembre 2021, n. 364",alta,,
2023 DM MIT 342-2023.pdf,moonshotai/kimi-k2.6,off,,,Ministero delle infrastrutture e dei trasporti,,rettifica,C89F23000050001,True,definitivo,,1,singolo,7150,4,,600000.0,600000.0,"600.000,00",totale,assegnazione,assegnato,SICUREZZA,"art. 1; Allegato 2 / [TABELLA pag.7 n.1], riga 6","Parma- Suzzara - Comune di Brescello (RE) | FERROVIE EMILIA ROMGNA S.R.L. | SOPPRESSIONE DI QUATTRO PASSAGGI A LIVELLO PRIVATI | ... | 600.000,00 | 0,00 | 600.000,00 | 600.000,00","decreto del Ministro delle infrastrutture e della mobilità sostenibili del 23 settembre 2021, n. 364",alta,,
2023 DM MIT 342-2023.pdf,moonshotai/kimi-k2.6,off,,,Ministero delle infrastrutture e dei trasporti,,rettifica,C99F23000050001,True,definitivo,,1,singolo,7150,4,,5400000.0,5400000.0,"5.400.000,00",totale,assegnazione,assegnato,SICUREZZA,"art. 1; Allegato 2 / [TABELLA pag.8 n.1], riga 2","Bologna- Portomaggiore - Comune di Castenaso (BO) | FERROVIE EMILIA ROMGNA S.R.L. | LINEA BOLOGNA- PORTOMAGGIORE, SOPPRESSIONE PL IN LOC. CA' DELL'ORBO | ... | 5.400.000,00 | 1.600.000,00 | 7.000.000,00 | 5.400.000,00","decreto del Ministro delle infrastrutture e della mobilità sostenibili del 23 settembre 2021, n. 364",alta,,
2023 DM MIT 342-2023.pdf,moonshotai/kimi-k2.6,off,,,Ministero delle infrastrutture e dei trasporti,,rettifica,C56G21008730001,True,definitivo,,1,singolo,7150,4,,3400000.0,3400000.0,"3.400.000,00",totale,assegnazione,assegnato,SICUREZZA,"art. 1; Allegato 2 / [TABELLA pag.8 n.1], riga 4","Reggio E. Guastalla | FERROVIE EMILIA ROMGNA S.R.L. | UPGRADE CON IMPIANTI MULTI-ACC | ... | 3.400.000,00 | 0,00 | 3.400.000,00 | 3.400.000,00","decreto del Ministro delle infrastrutture e della mobilità sostenibili del 23 settembre 2021, n. 364",alta,,
2023 DM MIT 342-2023.pdf,moonshotai/kimi-k2.6,off,,,Ministero delle infrastrutture e dei trasporti,,rettifica,F41B21005790009,True,definitivo,,1,singolo,7150,4,,30000000.0,30000000.0,30.000.000,totale,assegnazione,assegnato,SICUREZZA,"art. 1; Allegato 2 / [TABELLA pag.9 n.1], riga 2","ENTE AUTONOMO VOLTURNO S.R.L. | LINEA SUBURBANA NAPOLI-PIEDIMONTE MATESE | EAV S.R.L. | SOPPRESSIONE PP.LL. RETE FERROVIARIA EAV | ... | 30.000.000 | € 0,00 | 30.000.000 | 30.000.000","decreto del Ministro delle infrastrutture e della mobilità sostenibili del 23 settembre 2021, n. 364",alta,,
2023 DM MIT 342-2023.pdf,moonshotai/kimi-k2.6,off,,,Ministero delle infrastrutture e dei trasporti,,rettifica,G31G22000260001,True,definitivo,,1,singolo,7150,4,,7200000.0,7200000.0,7.200.000,totale,assegnazione,assegnato,SICUREZZA,"art. 1; Allegato 2 / [TABELLA pag.9 n.1], riga 4",BARI- MATERA | Bari Sant'Andrea - Modugno | FERROVIE APPULO LUCANE S.r.l | RADDOPPIO TRA BARI SANT'ANDREA E MODUGNO | ... | 7.200.000 | 0 | 7.200.000 | 7.200.000,"decreto del Ministro delle infrastrutture e della mobilità sostenibili del 23 settembre 2021, n. 364",alta,,
2023 DM MIT 342-2023.pdf,moonshotai/kimi-k2.6,off,,,Ministero delle infrastrutture e dei trasporti,,rettifica,G11B18000550005,True,definitivo,,1,singolo,7150,4,,3500000.0,3500000.0,"3.500.000,00",totale,assegnazione,assegnato,SICUREZZA,"art. 1; Allegato 2 / [TABELLA pag.10 n.1], riga 2","FERROVIE APPULO LUCANE S.r.l | tratta Matera - Altamura della linea Bari - Matera | FERROVIE APPULO LUCANE S.r.l | Interventi sui piazzali di Matera Serra Rifusa | ... | 3.500.000,00 | 0 | 3.500.000 | 3.500.000","decreto del Ministro delle infrastrutture e della mobilità sostenibili del 23 settembre 2021, n. 364",alta,,
2023 DM MIT 342-2023.pdf,moonshotai/kimi-k2.6,off,,,Ministero delle infrastrutture e dei trasporti,,rettifica,B81B21003770005,True,definitivo,,1,singolo,7150,4,,1750000.0,1750000.0,"1.750.000,00 €",totale,assegnazione,assegnato,SICUREZZA,"art. 1; Allegato 2 / [TABELLA pag.10 n.1], riga 4","Divisione Ferroviaria di TUA S.p.A. | Fossacesia-Archi | Divisione Ferroviaria di TUA S.p.A. | TESATURA DEI CONDUTTORI IN RAME | ... | 1.750.000,00 € | 0 | 1.750.000 | 1.750.000","decreto del Ministro delle infrastrutture e della mobilità sostenibili del 23 settembre 2021, n. 364",alta,,
2025 DD MIT 141-2025.pdf,moonshotai/kimi-k2.6,off,141,2025-04-18,Ministero delle infrastrutture e dei trasporti,,impegno,E51I04000010007,True,definitivo,,1,singolo,7419,2,2024,50000000.0,50000000.0,"€ 50.000.000,00",quota,assegnazione,impegnato,,"art. 3; [TABELLA pag.5 n.1], riga 1","2024 | € 50.000.000,00",,alta,,"quota annuale dell'impegno complessivo di € 2.125.000.000,00; importo in conto residui, esercizio di provenienza 2024"
2025 DD MIT 141-2025.pdf,moonshotai/kimi-k2.6,off,141,2025-04-18,Ministero delle infrastrutture e dei trasporti,,impegno,E51I04000010007,True,definitivo,,1,singolo,7419,2,2025,25000000.0,25000000.0,"€ 25.000.000,00",quota,assegnazione,impegnato,,"art. 3; [TABELLA pag.5 n.1], riga 2","2025 | € 25.000.000,00",,alta,,"quota annuale dell'impegno complessivo di € 2.125.000.000,00"
2025 DD MIT 141-2025.pdf,moonshotai/kimi-k2.6,off,141,2025-04-18,Ministero delle infrastrutture e dei trasporti,,impegno,E51I04000010007,True,definitivo,,1,singolo,7419,2,2026,50000000.0,50000000.0,"€ 50.000.000,00",quota,assegnazione,impegnato,,"art. 3; [TABELLA pag.5 n.1], riga 3","2026 | € 50.000.000,00",,alta,,"quota annuale dell'impegno complessivo di € 2.125.000.000,00"
2025 DD MIT 141-2025.pdf,moonshotai/kimi-k2.6,off,141,2025-04-18,Ministero delle infrastrutture e dei trasporti,,impegno,E51I04000010007,True,definitivo,,1,singolo,7419,2,2027,350000000.0,350000000.0,"€ 350.000.000,00",quota,assegnazione,impegnato,,"art. 3; [TABELLA pag.5 n.1], riga 4","2027 | € 350.000.000,00",,alta,,"quota annuale dell'impegno complessivo di € 2.125.000.000,00"
2025 DD MIT 141-2025.pdf,moonshotai/kimi-k2.6,off,141,2025-04-18,Ministero delle infrastrutture e dei trasporti,,impegno,E51I04000010007,True,definitivo,,1,singolo,7419,2,2028,200000000.0,200000000.0,"€ 200.000.000,00",quota,assegnazione,impegnato,,"art. 3; [TABELLA pag.5 n.1], riga 5","2028 | € 200.000.000,00",,alta,,"quota annuale dell'impegno complessivo di € 2.125.000.000,00"
2025 DD MIT 141-2025.pdf,moonshotai/kimi-k2.6,off,141,2025-04-18,Ministero delle infrastrutture e dei trasporti,,impegno,E51I04000010007,True,definitivo,,1,singolo,7419,2,2029,150000000.0,150000000.0,"€ 150.000.000,00",quota,assegnazione,impegnato,,"art. 3; [TABELLA pag.5 n.1], riga 6","2029 | € 150.000.000,00",,alta,,"quota annuale dell'impegno complessivo di € 2.125.000.000,00"
2025 DD MIT 141-2025.pdf,moonshotai/kimi-k2.6,off,141,2025-04-18,Ministero delle infrastrutture e dei trasporti,,impegno,E51I04000010007,True,definitivo,,1,singolo,7419,2,2030,450000000.0,450000000.0,"€ 450.000.000,00",quota,assegnazione,impegnato,,"art. 3; [TABELLA pag.5 n.1], riga 7","2030 | € 450.000.000,00",,alta,,"quota annuale dell'impegno complessivo di € 2.125.000.000,00"
2025 DD MIT 141-2025.pdf,moonshotai/kimi-k2.6,off,141,2025-04-18,Ministero delle infrastrutture e dei trasporti,,impegno,E51I04000010007,True,definitivo,,1,singolo,7419,2,2031,450000000.0,450000000.0,"€ 450.000.000,00",quota,assegnazione,impegnato,,"art. 3; [TABELLA pag.5 n.1], riga 8","2031 | € 450.000.000,00",,alta,,"quota annuale dell'impegno complessivo di € 2.125.000.000,00"
2025 DD MIT 141-2025.pdf,moonshotai/kimi-k2.6,off,141,2025-04-18,Ministero delle infrastrutture e dei trasporti,,impegno,E51I04000010007,True,definitivo,,1,singolo,7419,2,2032,400000000.0,400000000.0,"€ 400.000.000,00",quota,assegnazione,impegnato,,"art. 3; [TABELLA pag.5 n.1], riga 9","2032 | € 400.000.000,00",,alta,,"quota annuale dell'impegno complessivo di € 2.125.000.000,00"
2025 DD MIT 141-2025.pdf,moonshotai/kimi-k2.6,off,141,2025-04-18,Ministero delle infrastrutture e dei trasporti,,impegno,E51I04000010007,True,definitivo,,1,singolo,7416,1,2027,50000000.0,50000000.0,"€ 50.000.000,00",quota,assegnazione,impegnato,,art. 4,"È autorizzato l'impegno ... sul capitolo 7416 piano gestionale 1 ... per la somma complessiva di € 75.000.000,00, di cui 50.000.000,00 per l'esercizio finanziario 2027",,alta,,"quota annuale dell'impegno complessivo di € 75.000.000,00"
2025 DD MIT 141-2025.pdf,moonshotai/kimi-k2.6,off,141,2025-04-18,Ministero delle infrastrutture e dei trasporti,,impegno,E51I04000010007,True,definitivo,,1,singolo,7416,1,2028,25000000.0,25000000.0,"€ 25.000.000,00",quota,assegnazione,impegnato,,art. 4,"È autorizzato l'impegno ... sul capitolo 7416 piano gestionale 1 ... per la somma complessiva di € 75.000.000,00, ... e € 25.000.000,00 per l'esercizio finanziario 2028",,alta,,"quota annuale dell'impegno complessivo di € 75.000.000,00"
2022 DD MIT 454-2022.pdf,qwen/qwen3.6-35b-a3b,off,,,Ministero delle infrastrutture e dei trasporti,,impegno,E51I04000010007,True,definitivo,,1,singolo,7426,1,2021,14000000.0,14000000.0,"€ 14.000.000,00",totale,impegno,impegnato,Importo,art. 1,"è autorizzato, per il corrente esercizio finanziario, a favore di Roma Capitale per l’intervento ""Tratta Colosseo - Piazza Venezia della Linea C della metropolitana di Roma” CUP E51I04000010007, l’impegno di € 14.000.000,00 in conto residui di lettera F, esercizio di provenienza 2021.",,alta,,Importo in conto residui (lettera F) dell'esercizio 2021.
2022 DD MIT 454-2022.pdf,qwen/qwen3.6-35b-a3b,off,,,Ministero delle infrastrutture e dei trasporti,,impegno,E51I04000010007,True,definitivo,,1,singolo,7426,1,2022-2025,131000000.0,131000000.0,"€ 131.000.000,00",totale,impegno,impegnato,Totale,art. 2; [TABELLA pag.3 n.1],"è autorizzato l’impegno, sul capitolo 7426, piano di gestione 1... per l’importo complessivo di € 131.000.000,00 a favore di Roma Capitale, per l’intervento ""Tratta Colosseo - Piazza Venezia della Linea C della metropolitana di Roma” CUP E51I04000010007, come di seguito riportato: ... Totale 131.000.000,00 €",,alta,,Importo ripartito in annualità 2022-2025. Il totale è registrato come un unico record con livello_importo 'totale' e annualita indicata come arco temporale.
2022 DI Mims Mef 97 20.04.2022.pdf,qwen/qwen3.6-35b-a3b,off,125,2022-04-29,Ministero delle Infrastrutture e della Mobilità Sostenibili,Ministero dell'Economia e delle Finanze,assegnazione,B39J22001360001,True,definitivo,,1,singolo,7400,8,2022-2036,398000000.0,398000000.0,"398.000.000,00",totale,assegnazione,assegnato,Finanziamento disponibile,"art. 1, comma 1, lett. a); Allegato 1 / [TABELLA pag.10 n.1], riga 1","COMUNE DI GENOVA | SKYMETRO VAL BISAGNO GENOVA | B39J22001360001 | 398.000.000,00",,alta,,
2022 DI Mims Mef 97 20.04.2022.pdf,qwen/qwen3.6-35b-a3b,off,125,2022-04-29,Ministero delle Infrastrutture e della Mobilità Sostenibili,Ministero dell'Economia e delle Finanze,assegnazione,B31F20000030005,True,definitivo,,1,singolo,7400,8,2022-2036,20860000.0,20860000.0,"20.860.000,00",totale,assegnazione,assegnato,Finanziamento disponibile,"art. 1, comma 1, lett. a); Allegato 1 / [TABELLA pag.10 n.1], riga 2","COMUNE DI GENOVA | PROLUNGAMENTO METROPOLITANA DI GENOVA DA BRIN A CANEPARI... | B31F20000030005 | 20.860.000,00",,alta,,
2022 DI Mims Mef 97 20.04.2022.pdf,qwen/qwen3.6-35b-a3b,off,125,2022-04-29,Ministero delle Infrastrutture e della Mobilità Sostenibili,Ministero dell'Economia e delle Finanze,assegnazione,B44D20000040001,True,definitivo,,1,singolo,7400,8,2022-2036,180000000.0,180000000.0,"180.000.000,00",totale,assegnazione,assegnato,Finanziamento disponibile,"art. 1, comma 1, lett. a); Allegato 1 / [TABELLA pag.10 n.1], riga 3","COMUNE DI MILANO | LINEA METROPOLITANA M1 PROLUNGAMENTO QUARTIERE BAGGIO... | B44D20000040001 | 180.000.000,00",,alta,,
2022 DI Mims Mef 97 20.04.2022.pdf,qwen/qwen3.6-35b-a3b,off,125,2022-04-29,Ministero delle Infrastrutture e della Mobilità Sostenibili,Ministero dell'Economia e delle Finanze,assegnazione,B91J21000040001,True,definitivo,,1,singolo,7400,8,2022-2036,420000000.0,420000000.0,"420.000.000,00",totale,assegnazione,assegnato,Finanziamento disponibile,"art. 1, comma 1, lett. a); Allegato 1 / [TABELLA pag.10 n.1], riga 4","COMUNE DI MILANO | PROLUNGAMENTO LINEA METROPOLITANA M4 DA AEROPORTO LINATE A SEGRATE | B91J21000040001 | 420.000.000,00",,alta,,
2022 DI Mims Mef 97 20.04.2022.pdf,qwen/qwen3.6-35b-a3b,off,125,2022-04-29,Ministero delle Infrastrutture e della Mobilità Sostenibili,Ministero dell'Economia e delle Finanze,assegnazione,B41J21000050006,True,definitivo,,1,singolo,7400,8,2022-2036,4500000.0,4500000.0,"4.500.000,00",totale,assegnazione,assegnato,Finanziamento disponibile,"art. 1, comma 1, lett. a); Allegato 1 / [TABELLA pag.10 n.1], riga 5","COMUNE DI MILANO | NUOVA LINEA METROPOLITANA M6 RAMO SUD (PFTE) | B41J21000050006 | 4.500.000,00",,alta,,
2022 DI Mims Mef 97 20.04.2022.pdf,qwen/qwen3.6-35b-a3b,off,125,2022-04-29,Ministero delle Infrastrutture e della Mobilità Sostenibili,Ministero dell'Economia e delle Finanze,assegnazione,B41C21000010001,True,definitivo,,1,singolo,7400,8,2022-2036,5500000.0,5500000.0,"5.500.000,00",totale,assegnazione,assegnato,Finanziamento disponibile,"art. 1, comma 1, lett. a); Allegato 1 / [TABELLA pag.10 n.1], riga 6","COMUNE DI MILANO | PROLUNGAMENTO M3 SAN DONATO M. – ASTA PAULLESE (PFTE) | B41C21000010001 | 5.500.000,00",,alta,,
2022 DI Mims Mef 97 20.04.2022.pdf,qwen/qwen3.6-35b-a3b,off,125,2022-04-29,Ministero delle Infrastrutture e della Mobilità Sostenibili,Ministero dell'Economia e delle Finanze,assegnazione,F41B22000740009,True,definitivo,,1,singolo,7400,8,2022-2036,631373163.0,631373163.0,"631.373.163,00",totale,assegnazione,assegnato,Finanziamento disponibile,"art. 1, comma 1, lett. a); Allegato 1 / [TABELLA pag.10 n.1], riga 7","COMUNE DI NAPOLI / EAV Srl | NUOVO COLLEGAMENTO IN SEDE PROPRIA TRA LA STAZIONE AV DI AFRAGOLA... LOTTO 1°_STRALCIO I | F41B22000740009 | 631.373.163,00",,alta,,
2022 DI Mims Mef 97 20.04.2022.pdf,qwen/qwen3.6-35b-a3b,off,125,2022-04-29,Ministero delle Infrastrutture e della Mobilità Sostenibili,Ministero dell'Economia e delle Finanze,assegnazione,F41B22000830009,True,definitivo,,1,singolo,7400,8,2022-2036,163500824.0,163500824.0,"163.500.824,00",totale,assegnazione,assegnato,Finanziamento disponibile,"art. 1, comma 1, lett. a); Allegato 1 / [TABELLA pag.10 n.1], riga 8","COMUNE DI NAPOLI / EAV Srl | NUOVO COLLEGAMENTO IN SEDE PROPRIA TRA LA STAZIONE AV DI AFRAGOLA... LOTTO 1°_STRALCIO II | F41B22000830009 | 163.500.824,00",,alta,,
2022 DI Mims Mef 97 20.04.2022.pdf,qwen/qwen3.6-35b-a3b,off,125,2022-04-29,Ministero delle Infrastrutture e della Mobilità Sostenibili,Ministero dell'Economia e delle Finanze,assegnazione,E51I04000010007,True,definitivo,,1,singolo,7400,8,2022-2036,610000000.0,610000000.0,"610.000.000,00",totale,assegnazione,assegnato,Finanziamento disponibile,"art. 1, comma 1, lett. a); Allegato 1 / [TABELLA pag.10 n.1], riga 9","ROMA CAPITALE / ROMA METROPOLITANE Srl | LINEA C DELLA METROPOLITANA DI ROMA - SUB-TRATTA FUNZIONALE... | E51I04000010007 | 610.000.000,00",,alta,,
2022 DI Mims Mef 97 20.04.2022.pdf,qwen/qwen3.6-35b-a3b,off,125,2022-04-29,Ministero delle Infrastrutture e della Mobilità Sostenibili,Ministero dell'Economia e delle Finanze,assegnazione,E51I04000010007,True,definitivo,,1,singolo,7400,8,2022-2036,990000000.0,990000000.0,"990.000.000,00",totale,assegnazione,assegnato,Finanziamento disponibile,"art. 1, comma 1, lett. a); Allegato 1 / [TABELLA pag.10 n.1], riga 10","ROMA CAPITALE / ROMA METROPOLITANE Srl | LINEA C DELLA METROPOLITANA DI ROMA - TRATTA T2 - LOTTO COSTRUTTIVO | E51I04000010007 | 990.000.000,00",,alta,,
2022 DI Mims Mef 97 20.04.2022.pdf,qwen/qwen3.6-35b-a3b,off,125,2022-04-29,Ministero delle Infrastrutture e della Mobilità Sostenibili,Ministero dell'Economia e delle Finanze,assegnazione,C71F20000020005,True,definitivo,,1,singolo,7400,8,2022-2036,800000000.0,800000000.0,"800.000.000,00",totale,assegnazione,assegnato,Finanziamento disponibile,"art. 1, comma 1, lett. a); Allegato 1 / [TABELLA pag.10 n.1], riga 11","COMUNE DI TORINO | METROPOLITANA AUTOMATICA DI TORINO – LINEA 2 – TRATTA “POLITECNICO – REBAUDENGO” | C71F20000020005 | 800.000.000,00",,alta,,
2022 DI Mims Mef 97 20.04.2022.pdf,qwen/qwen3.6-35b-a3b,off,125,2022-04-29,Ministero delle Infrastrutture e della Mobilità Sostenibili,Ministero dell'Economia e delle Finanze,assegnazione,J81B21014060001,True,definitivo,,1,singolo,7400,1,2021-2035,173183831.97,173183831.97,"173.183.831,97",totale,assegnazione,assegnato,Finanziamento disponibile,"art. 1, comma 1, lett. b); Allegato 2 / [TABELLA pag.12 n.1], riga 1","ROMA CAPITALE | LINEA TRANVIARIA TERMINI - VATICANO - AURELIO | J81B21014060001 | 173.183.831,97",,alta,,
2022 DI Mims Mef 97 20.04.2022.pdf,qwen/qwen3.6-35b-a3b,off,125,2022-04-29,Ministero delle Infrastrutture e della Mobilità Sostenibili,Ministero dell'Economia e delle Finanze,assegnazione,J84E21005150001,True,definitivo,,1,singolo,7400,1,2021-2035,11284217.84,11284217.84,"11.284.217,84",totale,assegnazione,assegnato,Finanziamento disponibile,"art. 1, comma 1, lett. b); Allegato 2 / [TABELLA pag.12 n.1], riga 2","ROMA CAPITALE | DEPOSITO DI CENTOCELLE EST | J84E21005150001 | 11.284.217,84",,alta,,
2022 DI Mims Mef 97 20.04.2022.pdf,qwen/qwen3.6-35b-a3b,off,125,2022-04-29,Ministero delle Infrastrutture e della Mobilità Sostenibili,Ministero dell'Economia e delle Finanze,assegnazione,E31J19000030001,True,definitivo,,1,singolo,7400,1,2021-2035,26500000.0,26500000.0,"26.500.000,00",totale,assegnazione,assegnato,Finanziamento disponibile,"art. 1, comma 1, lett. b); Allegato 2 / [TABELLA pag.12 n.1], riga 3","COMUNE DI PIACENZA | SISTEMA DI TRASPORTO RAPIDO DI MASSA PER IL COLLEGAMENTO... | E31J19000030001 | 26.500.000,00",,alta,,
2022 DI Mims Mef 97 20.04.2022.pdf,qwen/qwen3.6-35b-a3b,off,125,2022-04-29,Ministero delle Infrastrutture e della Mobilità Sostenibili,Ministero dell'Economia e delle Finanze,assegnazione,F44I19000530001,True,definitivo,,1,singolo,7400,1,2021-2035,122200000.0,122200000.0,"122.200.000,00",totale,assegnazione,assegnato,Finanziamento disponibile,"art. 1, comma 1, lett. b); Allegato 2 / [TABELLA pag.12 n.1], riga 4","COMUNE DI MILANO | AMPLIAMENTO DEL DEPOSITO GALLARATESE DEI TRENI DELLA LINEA METROPOLITANA 1 | F44I19000530001 | 122.200.000,00",,alta,,
2023 DM MIT 342-2023.pdf,qwen/qwen3.6-35b-a3b,off,182,2024-03-28,Ministero delle infrastrutture e dei trasporti,,rettifica,D69D15002090001,True,definitivo,,2,aggregato,7150,3,2033,50000000.0,25000000.0,"50.000.000,00",totale,assegnazione,assegnato,Finanziamento Sud,"Allegato 1 / [TABELLA pag.5 n.1], riga Maglie-Otranto","MAGLIE- OTRANTO | LOTTO 4 - D69D15002090001 LOTTO 3 - D49D15001920001 | 50.000.000,00 | 130.000.000,00 | 180.000.000,00 | 50.000.000,00",,alta,,Importo assegnato alla Regione Puglia per il completamento elettrificazione dorsale Salento (Lotto 4 e Lotto 3). L'atto rettifica l'importo assegnato in precedenza.
2023 DM MIT 342-2023.pdf,qwen/qwen3.6-35b-a3b,off,182,2024-03-28,Ministero delle infrastrutture e dei trasporti,,rettifica,D49D15001920001,True,definitivo,,2,aggregato,7150,3,2033,50000000.0,25000000.0,"50.000.000,00",totale,assegnazione,assegnato,Finanziamento Sud,"Allegato 1 / [TABELLA pag.5 n.1], riga Maglie-Otranto","MAGLIE- OTRANTO | LOTTO 4 - D69D15002090001 LOTTO 3 - D49D15001920001 | 50.000.000,00 | 130.000.000,00 | 180.000.000,00 | 50.000.000,00",,alta,,Importo assegnato alla Regione Puglia per il completamento elettrificazione dorsale Salento (Lotto 4 e Lotto 3). L'atto rettifica l'importo assegnato in precedenza.
2023 DM MIT 342-2023.pdf,qwen/qwen3.6-35b-a3b,off,182,2024-03-28,Ministero delle infrastrutture e dei trasporti,,rettifica,G31G22000250001,True,definitivo,,1,singolo,7150,3,2033,2800000.0,2800000.0,"2.800.000,00",totale,assegnazione,assegnato,Finanziamento Sud,"Allegato 1 / [TABELLA pag.5 n.1], riga Bari-Matera Pensilina","BARI- MATERA | RIFACIMENTO PENSILINA BARI CENTRALE | 2.800.000,00 | 0,00 | 2.800.000,00 | 2.800.000,00 | G31G22000250001",,alta,,Importo assegnato alla Regione Puglia per rifacimento pensilina Bari Centrale.
2023 DM MIT 342-2023.pdf,qwen/qwen3.6-35b-a3b,off,182,2024-03-28,Ministero delle infrastrutture e dei trasporti,,rettifica,G71B18000620005,True,definitivo,,1,singolo,7150,3,2033,2500000.0,2500000.0,"2.500.000,00",totale,assegnazione,assegnato,Finanziamento Sud,"Allegato 1 / [TABELLA pag.5 n.1], riga Altamura","BARI- MATERA | REALIZZAZIONE PARCHEGGIO DI INTERSCAMBIO NELLA STAZIONE DI ALTAMURA | 2.500.000,00 | 0,00 | 2.500.000,00 | 2.500.000,00 | G71B18000620005",,alta,,Importo assegnato alla Regione Puglia per parcheggio di interscambio Altamura.
2023 DM MIT 342-2023.pdf,qwen/qwen3.6-35b-a3b,off,182,2024-03-28,Ministero delle infrastrutture e dei trasporti,,rettifica,F81B21005610001,True,definitivo,,1,singolo,7150,3,2033,18000000.0,18000000.0,"18.000.000,00",totale,assegnazione,assegnato,Finanziamento Sud,"Allegato 1 / [TABELLA pag.6 n.1], riga Monserrato-Isili","Monserrato - Isili | VARIANTE DI TRACCCIATO... | 26.400.000,00 | 0,00 | 26.400.000,00 | 18.000.000,00 | F81B21005610001",,alta,,Importo assegnato alla Regione Sardegna per variante tracciato e raddoppio. L'importo assegnato (18M) è inferiore al totale intervento (26.4M) per presenza di cofinanziamento o altre fonti non specificate in questa colonna.
2023 DM MIT 342-2023.pdf,qwen/qwen3.6-35b-a3b,off,182,2024-03-28,Ministero delle infrastrutture e dei trasporti,,rettifica,I61B21003020001,True,definitivo,,1,singolo,7150,3,2033,9900000.0,9900000.0,"9.900.000,00",totale,assegnazione,assegnato,Finanziamento Sud,"Allegato 1 / [TABELLA pag.6 n.1], riga Catanzaro Città","Ferrovie della Calabria S.r.l | LAVORI DI REALIZZAZIONE DELLA NUOVA STAZIONE FERROVIARIA DI CATANZARO CITTÀ | 9.900.000,00 | 0,00 | 9.900.000,00 | 9.900.000,00 | I61B21003020001",,alta,,Importo assegnato alla Regione Calabria per nuova stazione Catanzaro Città.
2023 DM MIT 342-2023.pdf,qwen/qwen3.6-35b-a3b,off,182,2024-03-28,Ministero delle infrastrutture e dei trasporti,,rettifica,I67H21003160001,True,definitivo,,1,singolo,7150,3,2033,2900000.0,2900000.0,"2.900.000,00",totale,assegnazione,assegnato,Finanziamento Sud,"Allegato 1 / [TABELLA pag.6 n.1], riga Catanzaro Lido","Ferrovie della Calabria S.r.l | LAVORI DI MIGLIORAMENTO DELLA FRUIBILITÀ... | 2.900.000,00 | 0,00 | 2.900.000,00 | 2.900.000,00 | I67H21003160001",,alta,,Importo assegnato alla Regione Calabria per miglioramento fruibilità linea Catanzaro.
2023 DM MIT 342-2023.pdf,qwen/qwen3.6-35b-a3b,off,182,2024-03-28,Ministero delle infrastrutture e dei trasporti,,rettifica,B89J21020930005,True,definitivo,,1,singolo,7150,3,2033,1200000.0,1200000.0,"1.200.000,00",totale,assegnazione,assegnato,Finanziamento Sud,"Allegato 1 / [TABELLA pag.6 n.1], riga Fossacesia-Saletti","Divisione Ferroviari a di TUA S.p.A. | CREAZIONE POSTO INTERMEDIO LOCALITÀ GUASTACCONCIA... | 1.200.000,00 | 0,00 | 1.200.000,00 | 1.200.000,00 | B89J21020930005",,alta,,Importo assegnato alla Regione Abruzzo per creazione posto intermedio Guastacconcia.
2023 DM MIT 342-2023.pdf,qwen/qwen3.6-35b-a3b,off,182,2024-03-28,Ministero delle infrastrutture e dei trasporti,,rettifica,I57H21005640001,True,definitivo,,1,singolo,7150,4,2033,1512215.0,1512215.0,"1.512.215,00",totale,assegnazione,assegnato,Finanziamento Nord-Centro,"Allegato 2 / [TABELLA pag.7 n.1], riga Adria-Mestre","ADRIA‐ MESTRE | INTERVENTI STRUTTURALI DI RISANAMENTO PONTE IN C.A. AL KM. 14+355 | 1.512.215,00 | 0,00 | 1.512.215,00 | 1.512.215,00 | I57H21005640001",,alta,,Importo assegnato alla Regione Veneto per risanamento ponte. Rettifica dell'importo da 1.412.215 a 1.512.215 euro come da premesse.
2023 DM MIT 342-2023.pdf,qwen/qwen3.6-35b-a3b,off,182,2024-03-28,Ministero delle infrastrutture e dei trasporti,,rettifica,B19F22013250002,True,definitivo,,1,singolo,7150,4,2033,2400000.0,2400000.0,"2.400.000,00",totale,assegnazione,assegnato,Finanziamento Nord-Centro,"Allegato 2 / [TABELLA pag.7 n.1], riga Stia-Arezzo","STIA ‐ AREZZO ‐ SINALUNGA | ELIMINAZIONE DI DUE PASSAGGI A LIVELLO... | 2.400.000,00 | 0,00 | 2.400.000,00 | 2.400.000,00 | B19F22013250002",,alta,,Importo assegnato alla Regione Toscana per eliminazione passaggi a livello.
2023 DM MIT 342-2023.pdf,qwen/qwen3.6-35b-a3b,off,182,2024-03-28,Ministero delle infrastrutture e dei trasporti,,rettifica,C89F23000050001,True,definitivo,,1,singolo,7150,4,2033,600000.0,600000.0,"600.000,00",totale,assegnazione,assegnato,Finanziamento Nord-Centro,"Allegato 2 / [TABELLA pag.7 n.1], riga Parma-Suzzara","Ferrovie dell’Emilia Romagna | SOPPRESSIONE DI QUATTRO PASSAGGI A LIVELLO PRIVATI... | 600.000,00 | 0,00 | 600.000,00 | 600.000,00 | C89F23000050001",,alta,,Importo assegnato alla Regione Emilia-Romagna per soppressione passaggi a livello.
2023 DM MIT 342-2023.pdf,qwen/qwen3.6-35b-a3b,off,182,2024-03-28,Ministero delle infrastrutture e dei trasporti,,rettifica,C99F23000050001,True,definitivo,,1,singolo,7150,4,2033,5400000.0,5400000.0,"5.400.000,00",totale,assegnazione,assegnato,Finanziamento Nord-Centro,"Allegato 2 / [TABELLA pag.8 n.1], riga Bologna-Portomaggiore","Ferrovie Bologna- Portomaggiore | LINEA BOLOGNA- PORTOMAGGIORE , SOPPRESSIONE PL... | 5.400.000,00 | 1.600.000,00 | 7.000.000,00 | 5.400.000,00 | C99F23000050001",,alta,,Importo assegnato alla Regione Emilia-Romagna per soppressione PL. L'importo assegnato (5.4M) è la quota di finanziamento statale sul totale (7M).
2023 DM MIT 342-2023.pdf,qwen/qwen3.6-35b-a3b,off,182,2024-03-28,Ministero delle infrastrutture e dei trasporti,,rettifica,C56G21008730001,True,definitivo,,1,singolo,7150,4,2033,3400000.0,3400000.0,"3.400.000,00",totale,assegnazione,assegnato,Finanziamento Nord-Centro,"Allegato 2 / [TABELLA pag.8 n.1], riga Reggio E. Guastalla","Ferrovie Reggio E. dell’Emilia | UPGRADE CON IMPIANTI MULTI‐ ACC | 3.400.000,00 | 0,00 | 3.400.000,00 | 3.400.000,00 | C56G21008730001",,alta,,Importo assegnato alla Regione Emilia-Romagna per upgrade impianti segnalamento.
2023 DM MIT 342-2023.pdf,qwen/qwen3.6-35b-a3b,off,182,2024-03-28,Ministero delle infrastrutture e dei trasporti,,rettifica,F41B21005790009,True,definitivo,,1,singolo,7150,4,2033,30000000.0,30000000.0,30.000.000,totale,assegnazione,assegnato,Finanziamento Sud,"Allegato 2 / [TABELLA pag.9 n.1], riga Napoli-Piedimonte","ENTE LINEA AUTONOMO VOLTURNO S.R.L. | SOPPRESSIONE PP.LL. RETE FERROVIARIA EAV | 30.000.000 € | 0,00 | 30.000.000 | 30.000.000 | F41B21005790009",,alta,,Importo assegnato alla Regione Campania per soppressione passaggi a livello rete EAV.
2023 DM MIT 342-2023.pdf,qwen/qwen3.6-35b-a3b,off,182,2024-03-28,Ministero delle infrastrutture e dei trasporti,,rettifica,G31G22000260001,True,definitivo,,1,singolo,7150,4,2033,7200000.0,7200000.0,7.200.000,totale,assegnazione,assegnato,Finanziamento Sud,"Allegato 2 / [TABELLA pag.9 n.1], riga Bari-Sant'Andrea",BARI‐ MATERA | RADDOPPIO TRA BARI SANT’ANDREA E MODUGNO | 7.200.000 | 0 | 7.200.000 | 7.200.000 | G31G22000260001,,alta,,Importo assegnato alla Regione Puglia per raddoppio Bari-Sant'Andrea.
2023 DM MIT 342-2023.pdf,qwen/qwen3.6-35b-a3b,off,182,2024-03-28,Ministero delle infrastrutture e dei trasporti,,rettifica,G11B18000550005,True,definitivo,,1,singolo,7150,4,2033,3500000.0,3500000.0,"3.500.000,00",totale,assegnazione,assegnato,Finanziamento Sud,"Allegato 2 / [TABELLA pag.10 n.1], riga Matera Serra Rifusa","FERROVIE APPULO LUCANE S.r.l | Interventi sui piazzali di Matera Serra Rifusa... | 3.500.000,00 | 0 | 3.500.000 | 3.500.000 | G11B18000550005",,alta,,Importo assegnato alla Regione Puglia per ripristino officina ferroviaria Serra Rifusa.
2023 DM MIT 342-2023.pdf,qwen/qwen3.6-35b-a3b,off,182,2024-03-28,Ministero delle infrastrutture e dei trasporti,,rettifica,B81B21003770005,True,definitivo,,1,singolo,7150,4,2033,1750000.0,1750000.0,"1.750.000,00",totale,assegnazione,assegnato,Finanziamento Sud,"Allegato 2 / [TABELLA pag.10 n.1], riga Fossacesia-Archi","Divisione Ferroviaria di TUA S.p.A. | TESATURA DEI CONDUTTORI IN RAME... | 1.750.000,00 € | 0 | 1.750.000 | 1.750.000 | B81B21003770005",,alta,,Importo assegnato alla Regione Abruzzo per tesatura conduttori in rame.
2025 DD MIT 141-2025.pdf,qwen/qwen3.6-35b-a3b,off,,,Ministero delle infrastrutture e dei trasporti,,attuazione,E51I04000010007,True,definitivo,,1,singolo,7419,2,2025-2032,2075000000.0,2075000000.0,"€ 2.075.000.000,00",totale,assegnazione,impegnato,,art. 3,"È autorizzato l’impegno ... per la somma complessiva di € 2.125.000.000,00, di cui ... 2.075.000.000,00 per gli esercizi finanziari dal 2025 al 2032","Legge 29 dicembre 2022, n. 197, art. 1, comma 478",alta,,"Importo impegnato per gli esercizi 2025-2032. Include anche € 50.000.000,00 in conto residui 2024."
2025 DD MIT 141-2025.pdf,qwen/qwen3.6-35b-a3b,off,,,Ministero delle infrastrutture e dei trasporti,,attuazione,E51I04000010007,True,definitivo,,1,singolo,7416,1,2027-2028,75000000.0,75000000.0,"€ 75.000.000,00",totale,assegnazione,impegnato,,art. 4,"È autorizzato l’impegno ... sul capitolo 7416 piano gestionale 1 ... per la somma complessiva di € 75.000.000,00, di cui 50.000.000,00 per l’esercizio finanziario 2027 e € 25.000.000,00 per l’esercizio finanziario 2028.","Legge 29 dicembre 2022, n. 197, art. 1, comma 478",alta,,
2022 DD MIT 454-2022.pdf,z-ai/glm-4.7-flash,off,220,2020-07-10,Ministero delle Infrastrutture e dei Trasporti,,impegno,E51I04000010007,True,definitivo,,1,singolo,7426,1,,14000000.0,14000000.0,"€ 14.000.000,00",totale,impegno,impegnato,,art. 1,"è autorizzato, per il corrente esercizio finanziario, a favore di Roma Capitale per l’intervento ... CUP E51I04000010007, l’impegno di € 14.000.000,00 in conto residui di lettera F, esercizio di provenienza 2021",,alta,,
2022 DD MIT 454-2022.pdf,z-ai/glm-4.7-flash,off,220,2020-07-10,Ministero delle Infrastrutture e dei Trasporti,,impegno,E51I04000010007,True,definitivo,,1,singolo,7426,1,2022-2025,131000000.0,131000000.0,"€ 131.000.000,00",totale,impegno,impegnato,,art. 2; [TABELLA pag.3 n.1],"per l’importo complessivo di € 131.000.000,00 a favore di Roma Capitale, per l’intervento ... CUP E51I04000010007, come di seguito riportato: Anno Importo 2022 35.000.000,00 € ... Totale 131.000.000,00 €",,alta,,
2022 DDG 128 del 02-05-22.pdf,z-ai/glm-4.7-flash,off,464,2021-11-22,Ministero delle infrastrutture e della mobilità sostenibili,,impegno,H94I19000130004,True,definitivo,,1,singolo,7400,7,,3000000.0,3000000.0,"€ 3.000.000,00",totale,impegno,impegnato,,"art. 1; Allegato 1 / [TABELLA pag.4 n.1], riga 1","Comune di Padova | H94I19000130004 | 7400/PG 7 | 153.197,90 | 306.395,80 | 612.791,59 | 1.302.182,14 | 1.685.176,88 | 6.970.504,38 | 8.732.280,22 | 10.597.311,43 | 11.030.248,69 | 12.255.831,88 | 12.255.831,88 | 7.659.894,93 | 7.506.697,03 | 7.659.894,93 | 8.425.884,42 | 97.154.124,10",,alta,,
2022 DDG 128 del 02-05-22.pdf,z-ai/glm-4.7-flash,off,464,2021-11-22,Ministero delle infrastrutture e della mobilità sostenibili,,impegno,J80J18000000001,True,definitivo,,1,singolo,7400,7,,631174000.0,631174000.0,"€ 631.174.000,00",totale,impegno,impegnato,,"art. 2; Allegato 1 / [TABELLA pag.4 n.1], riga 2","Roma Capitale | J80J18000000001 | 7400/PG 7 | 251.454,92 | 502.909,85 | 1.005.819,69 | 2.137.366,84 | 2.766.004,15 | 11.441.198,98 | 14.332.930,59 | 17.394.142,82 | 18.104.754,43 | 20.116.393,81 | 20.116.393,81 | 12.572.746,13 | 12.321.291,21 | 12.572.746,13 | 13.830.020,76 | 159.466.174,12",,alta,,
2022 DDG 128 del 02-05-22.pdf,z-ai/glm-4.7-flash,off,464,2021-11-22,Ministero delle infrastrutture e della mobilità sostenibili,,impegno,C11B21008720001,True,definitivo,,1,singolo,7400,7,,44494493.04,44494493.04,"€ 44.494.493,04",totale,impegno,impegnato,,"art. 2; Allegato 1 / [TABELLA pag.4 n.1], riga 3","Comune di Torino | C11B21008720001 D81E20000410007 | 7400/PG 7 | 70.161,34 | 140.322,66 | 280.645,33 | 596.371,33 | 771.774,66 | 3.192.340,64 | 3.999.195,96 | 4.853.340,04 | 5.051.615,96 | 5.612.906,63 | 5.612.906,63 | 3.508.066,64 | 3.437.905,30 | 3.508.066,64 | 3.858.873,28 | 44.494.493,04",,alta,,
2022 DDG 128 del 02-05-22.pdf,z-ai/glm-4.7-flash,off,464,2021-11-22,Ministero delle infrastrutture e della mobilità sostenibili,,impegno,D81E20000410007,True,definitivo,,1,singolo,7400,7,,333059208.74,333059208.74,"€ 333.059.208,74",totale,impegno,impegnato,,"art. 2; Allegato 1 / [TABELLA pag.4 n.1], riga 3","Comune di Torino | C11B21008720001 D81E20000410007 | 7400/PG 7 | 70.161,34 | 140.322,66 | 280.645,33 | 596.371,33 | 771.774,66 | 3.192.340,64 | 3.999.195,96 | 4.853.340,04 | 5.051.615,96 | 5.612.906,63 | 5.612.906,63 | 3.508.066,64 | 3.437.905,30 | 3.508.066,64 | 3.858.873,28 | 44.494.493,04",,alta,,
2022 DDG 128 del 02-05-22.pdf,z-ai/glm-4.7-flash,off,464,2021-11-22,Ministero delle infrastrutture e della mobilità sostenibili,,impegno,C81B21013200005,True,definitivo,,1,singolo,7400,7,,333059208.74,333059208.74,"€ 333.059.208,74",totale,impegno,impegnato,,"art. 2; Allegato 1 / [TABELLA pag.4 n.1], riga 4","Comune di Brescia | C81B21013200005 | 7400/PG 7 | 525.185,84 | 1.050.371,69 | 2.100.743,39 | 4.464.079,69 | 5.777.044,31 | 23.895.956,00 | 29.935.593,23 | 36.329.205,71 | 37.813.380,92 | 42.014.867,68 | 42.014.867,68 | 26.259.292,30 | 25.734.106,46 | 26.259.292,30 | 28.885.221,54 | 333.059.208,74",,alta,,
2022 DDG 128 del 02-05-22.pdf,z-ai/glm-4.7-flash,off,464,2021-11-22,Ministero delle infrastrutture e della mobilità sostenibili,,impegno,C81B21013200005,True,definitivo,,1,singolo,7400,1,,26486678.33,26486678.33,"€ 26.486.678,33",totale,impegno,impegnato,,"art. 3; Allegato 1 / [TABELLA pag.4 n.1], riga 5","Comune di Brescia | C81B21013200005 | 7400/PG 1 | | | | | | | | | | | | | | 4.414.446,39 | 4.414.446,39 | 4.414.446,39 | 4.414.446,39 | 4.414.446,39 | 4.414.446,38 | 26.486.678,33",,alta,,
2022 DI Mims Mef 97 20.04.2022.pdf,z-ai/glm-4.7-flash,off,,,Ministero delle Infrastrutture e della Mobilità Sostenibili,Ministero dell'Economia e delle Finanze,assegnazione,B39J22001360001,True,definitivo,,1,singolo,7400,8,,398000000.0,398000000.0,"398.000.000,00",totale,assegnazione,assegnato,FINANZIAMENTO DISPONIBILE,"Allegato 1 / [TABELLA pag.10 n.1], riga 1","COMUNE DI GENOVA | SKYMETRO VAL BISAGNO GENOVA | B39J22001360001 | PFTE | 31.03.2023 | 30.06.2025 | 31.12.2027 | 398.000.000,00 | --- | 398.000.000,00",,alta,,
2022 DI Mims Mef 97 20.04.2022.pdf,z-ai/glm-4.7-flash,off,,,Ministero delle Infrastrutture e della Mobilità Sostenibili,Ministero dell'Economia e delle Finanze,assegnazione,B31F20000030005,True,definitivo,,1,singolo,7400,8,,20860000.0,20860000.0,"20.860.000,00",totale,assegnazione,assegnato,FINANZIAMENTO DISPONIBILE,"Allegato 1 / [TABELLA pag.10 n.1], riga 2","COMUNE DI GENOVA | PROLUNGAMENTO METROPOLITANA DI GENOVA DA BRIN A CANEPARI. OPERE DI ADEGUAMENTO IDRAULICO DEL TRATTO TOMBINATO DI VALLE DEL RIO MALTEMPO, AFFLUENTE DEL TORRENTE POLCEVERA | B31F20000030005 | PFTE | 31.03.2023 | 31.12.2023 | 30.09.2024 | 20.860.000,00 | --- | 20.860.000,00",,alta,,
2022 DI Mims Mef 97 20.04.2022.pdf,z-ai/glm-4.7-flash,off,,,Ministero delle Infrastrutture e della Mobilità Sostenibili,Ministero dell'Economia e delle Finanze,assegnazione,B44D20000040001,True,definitivo,,1,singolo,7400,8,,180000000.0,180000000.0,"180.000.000,00",totale,assegnazione,assegnato,FINANZIAMENTO AMMESSO,"Allegato 1 / [TABELLA pag.10 n.1], riga 3","COMUNE DI MILANO | LINEA METROPOLITANA M1 PROLUNGAMENTO QUARTIERE BAGGIO – OLMI - VALSESIA | B44D20000040001 | PROGETTO DEFINITIVO | 31.12.2022 | 31.12.2025 | 31.12.2027 | 398.000.000,00 | 218.000.000,00 | 180.000.000,00",,alta,,
2022 DI Mims Mef 97 20.04.2022.pdf,z-ai/glm-4.7-flash,off,,,Ministero delle Infrastrutture e della Mobilità Sostenibili,Ministero dell'Economia e delle Finanze,assegnazione,B91J21000040001,True,definitivo,,1,singolo,7400,8,,420000000.0,420000000.0,"420.000.000,00",totale,assegnazione,assegnato,FINANZIAMENTO DISPONIBILE,"Allegato 1 / [TABELLA pag.10 n.1], riga 4","COMUNE DI MILANO | PROLUNGAMENTO LINEA METROPOLITANA M4 DA AEROPORTO LINATE A SEGRATE | B91J21000040001 | PFTE | 31.12.2025 | 31.12.2028 | 31.12.2030 | 420.000.000,00 | --- | 420.000.000,00",,alta,,
2022 DI Mims Mef 97 20.04.2022.pdf,z-ai/glm-4.7-flash,off,,,Ministero delle Infrastrutture e della Mobilità Sostenibili,Ministero dell'Economia e delle Finanze,assegnazione,B41J21000050006,True,definitivo,,1,singolo,7400,8,,4500000.0,4500000.0,"4.500.000,00",totale,assegnazione,assegnato,FINANZIAMENTO DISPONIBILE,"Allegato 1 / [TABELLA pag.10 n.1], riga 5","COMUNE DI MILANO | NUOVA LINEA METROPOLITANA M6 RAMO SUD (PFTE) | B41J21000050006 | --- | 31.03.2023 | 30.06.2024 | 31.12.2025 | 4.500.000,00 | --- | 4.500.000,00",,alta,,
2022 DI Mims Mef 97 20.04.2022.pdf,z-ai/glm-4.7-flash,off,,,Ministero delle Infrastrutture e della Mobilità Sostenibili,Ministero dell'Economia e delle Finanze,assegnazione,B41C21000010001,True,definitivo,,1,singolo,7400,8,,5500000.0,5500000.0,"5.500.000,00",totale,assegnazione,assegnato,FINANZIAMENTO DISPONIBILE,"Allegato 1 / [TABELLA pag.10 n.1], riga 6","COMUNE DI MILANO | PROLUNGAMENTO M3 SAN DONATO M. – ASTA PAULLESE (PFTE) | B41C21000010001 | PFTE – 1° FASE | 31.03.2023 | 30.06.2024 | 31.12.2025 | 5.500.000,00 | --- | 5.500.000,00",,alta,,
2022 DI Mims Mef 97 20.04.2022.pdf,z-ai/glm-4.7-flash,off,,,Ministero delle Infrastrutture e della Mobilità Sostenibili,Ministero dell'Economia e delle Finanze,assegnazione,F41B22000740009,True,definitivo,,1,singolo,7400,8,,631373163.0,631373163.0,"631.373.163,00",totale,assegnazione,assegnato,FINANZIAMENTO DISPONIBILE,"Allegato 1 / [TABELLA pag.10 n.1], riga 7","COMUNE DI NAPOLI / EAV Srl | NUOVO COLLEGAMENTO IN SEDE PROPRIA TRA LA STAZIONE AV DI AFRAGOLA E LA RETE METROPOLITANA DI NAPOLI. LOTTO 1°_STRALCIO I | F41B22000740009 (CUP MASTER) | PFTE | 31.03.2023 | 30.06.2025 | 31.12.2027 | 631.373.163,00 | --- | 631.373.163,00",,alta,,
2022 DI Mims Mef 97 20.04.2022.pdf,z-ai/glm-4.7-flash,off,,,Ministero delle Infrastrutture e della Mobilità Sostenibili,Ministero dell'Economia e delle Finanze,assegnazione,F41B22000830009,True,definitivo,,1,singolo,7400,8,,163500824.0,163500824.0,"163.500.824,00",totale,assegnazione,assegnato,FINANZIAMENTO DISPONIBILE,"Allegato 1 / [TABELLA pag.10 n.1], riga 8","COMUNE DI NAPOLI / EAV Srl | NUOVO COLLEGAMENTO IN SEDE PROPRIA TRA LA STAZIONE AV DI AFRAGOLA E LA RETE METROPOLITANA DI NAPOLI. LOTTO 1°_STRALCIO II | F41B22000830009 | PFTE | 31.03.2026 | 31.12.2026 | 31.12.2027 | 163.500.824,00 | --- | 163.500.824,00",,alta,,
2022 DI Mims Mef 97 20.04.2022.pdf,z-ai/glm-4.7-flash,off,,,Ministero delle Infrastrutture e della Mobilità Sostenibili,Ministero dell'Economia e delle Finanze,assegnazione,E51I04000010007,True,definitivo,,1,singolo,7400,8,,610000000.0,610000000.0,"610.000.000,00",totale,assegnazione,assegnato,FINANZIAMENTO AMMESSO,"Allegato 1 / [TABELLA pag.10 n.1], riga 9","ROMA CAPITALE / ROMA METROPOLITANE Srl | LINEA C DELLA METROPOLITANA DI ROMA - SUB-TRATTA FUNZIONALE DA STAZIONE VENEZIA A STAZIONE FORI IMPERIALI | E51I04000010007 | PROGETTO DEFINITIVO | 31.12.2022 | 31.12.2027 | 31.12.2032 | 755.000.000,00 | 145.000.000,00 | 610.000.000,00",,alta,,
2022 DI Mims Mef 97 20.04.2022.pdf,z-ai/glm-4.7-flash,off,,,Ministero delle Infrastrutture e della Mobilità Sostenibili,Ministero dell'Economia e delle Finanze,assegnazione,E51I04000010007,True,definitivo,,1,singolo,7400,8,,990000000.0,990000000.0,"990.000.000,00",totale,assegnazione,assegnato,FINANZIAMENTO DISPONIBILE,"Allegato 1 / [TABELLA pag.10 n.1], riga 10","ROMA CAPITALE / ROMA METROPOLITANE Srl | LINEA C DELLA METROPOLITANA DI ROMA - TRATTA T2 - LOTTO COSTRUTTIVO PRELIMINARE | E51I04000010007 | PROGETTO PRELIMINARE | 30.06.2023 | 30.09.2024 | 31.12.2026 | 990.000.000,00 | --- | 990.000.000,00",,alta,,
2022 DI Mims Mef 97 20.04.2022.pdf,z-ai/glm-4.7-flash,off,,,Ministero delle Infrastrutture e della Mobilità Sostenibili,Ministero dell'Economia e delle Finanze,assegnazione,C71F20000020005,True,definitivo,,1,singolo,7400,8,,1000000000.0,1000000000.0,"1.000.000.000,00",totale,assegnazione,assegnato,FINANZIAMENTO AMMESSO,"Allegato 1 / [TABELLA pag.10 n.1], riga 11","COMUNE DI TORINO | METROPOLITANA AUTOMATICA DI TORINO – LINEA 2 – TRATTA “POLITECNICO – REBAUDENGO” | C71F20000020005 | PROGETTO DEFINITIVO | 31.12.2023 | 30.06.2028 | 31.12.2031 | 1.800.000.000,0 0 | 800.000.000,00 | 1.000.000.000,00",,alta,,
2022 DI Mims Mef 97 20.04.2022.pdf,z-ai/glm-4.7-flash,off,,,Ministero delle Infrastrutture e della Mobilità Sostenibili,Ministero dell'Economia e delle Finanze,assegnazione,J81B21014060001,True,definitivo,,1,singolo,7400,1,,173183831.97,173183831.97,"173.183.831,97",totale,assegnazione,assegnato,FINANZIAMENTO AMMESSO,"Allegato 2 / [TABELLA pag.12 n.1], riga 1","ROMA CAPITALE | LINEA TRANVIARIA TERMINI - VATICANO - AURELIO | J81B21014060001 | TRANVIA | 293.183.831,97 | 120.000.000,00 | 173.183.831,97",,alta,,
2022 DI Mims Mef 97 20.04.2022.pdf,z-ai/glm-4.7-flash,off,,,Ministero delle Infrastrutture e della Mobilità Sostenibili,Ministero dell'Economia e delle Finanze,assegnazione,J84E21005150001,True,definitivo,,1,singolo,7400,1,,11284217.84,11284217.84,"11.284.217,84",totale,assegnazione,assegnato,FINANZIAMENTO AMMESSO,"Allegato 2 / [TABELLA pag.12 n.1], riga 2","ROMA CAPITALE | DEPOSITO DI CENTOCELLE EST | J84E21005150001 | TRANVIA | 11.284.217,84 | --- | 11.284.217,84",,alta,,
2022 DI Mims Mef 97 20.04.2022.pdf,z-ai/glm-4.7-flash,off,,,Ministero delle Infrastrutture e della Mobilità Sostenibili,Ministero dell'Economia e delle Finanze,assegnazione,E31J19000030001,True,definitivo,,1,singolo,7400,1,,26500000.0,26500000.0,"26.500.000,00",totale,assegnazione,assegnato,FINANZIAMENTO AMMESSO,"Allegato 2 / [TABELLA pag.12 n.1], riga 3","COMUNE DI PIACENZA | SISTEMA DI TRASPORTO RAPIDO DI MASSA PER IL COLLEGAMENTO TRA LA STAZIONE FERROVIARIA DI PIACENZA ED IL NUOVO POLO OSPEDALIERO | E31J19000030001 | BUSVIA | 26.500.000,00 | --- | 26.500.000,00",,alta,,
2022 DI Mims Mef 97 20.04.2022.pdf,z-ai/glm-4.7-flash,off,,,Ministero delle Infrastrutture e della Mobilità Sostenibili,Ministero dell'Economia e delle Finanze,assegnazione,F44I19000530001,True,definitivo,,1,singolo,7400,1,,122200000.0,122200000.0,"122.200.000,00",totale,assegnazione,assegnato,FINANZIAMENTO AMMESSO,"Allegato 2 / [TABELLA pag.12 n.1], riga 4","COMUNE DI MILANO | AMPLIAMENTO DEL DEPOSITO GALLARATESE DEI TRENI DELLA LINEA METROPOLITANA 1 | F44I19000530001 | METRO | 122.200.000,00 | --- | 122.200.000,00",,alta,,
2022 DI Mims Mef 97 20.04.2022.pdf,z-ai/glm-4.7-flash,off,,,Ministero delle Infrastrutture e della Mobilità Sostenibili,Ministero dell'Economia e delle Finanze,assegnazione,C11J22000000001,True,definitivo,,1,singolo,7400,1,,221721410.41,221721410.41,"221.721.410,41",totale,assegnazione,assegnato,FINANZIAMENTO AMMESSO,"Allegato 3 / [TABELLA pag.13 n.1], riga 1","COMUNE DI TORINO | PROLUNGAMENTO LINEA TRANVIARIA 12 ALL'ALLIANZ STADIUM E RECUPERO TRINCEA FERROVIA TORINO-CERES | C11J22000000001 | TRANVIA | 221.721.410,41 | --- | 221.721.410,41",,alta,,
2022 DI Mims Mef 97 20.04.2022.pdf,z-ai/glm-4.7-flash,off,,,Ministero delle Infrastrutture e della Mobilità Sostenibili,Ministero dell'Economia e delle Finanze,assegnazione,F47C19000370001,True,definitivo,,4,aggregato,7400,1,,20900000.02,5225000.005,"20.900.000,02",totale,assegnazione,assegnato,FINANZIAMENTO AMMESSO,"Allegato 3 / [TABELLA pag.13 n.1], riga 2","COMUNE DI MILANO | METROPOLITANA LINEA M3: INTERVENTI DI ADEGUAMENTO ANTINCENDIO AI SENSI DEL DM 21.10.2015 | F47C19000370001 F47D17000140005 F47C19000380001 F47C19000390001 | METRO | 25.000.000,02 | 4.100.000,00 | 20.900.000,02",,alta,,
2022 DI Mims Mef 97 20.04.2022.pdf,z-ai/glm-4.7-flash,off,,,Ministero delle Infrastrutture e della Mobilità Sostenibili,Ministero dell'Economia e delle Finanze,assegnazione,F47D17000140005,True,definitivo,,4,aggregato,7400,1,,20900000.02,5225000.005,"20.900.000,02",totale,assegnazione,assegnato,FINANZIAMENTO AMMESSO,"Allegato 3 / [TABELLA pag.13 n.1], riga 2","COMUNE DI MILANO | METROPOLITANA LINEA M3: INTERVENTI DI ADEGUAMENTO ANTINCENDIO AI SENSI DEL DM 21.10.2015 | F47C19000370001 F47D17000140005 F47C19000380001 F47C19000390001 | METRO | 25.000.000,02 | 4.100.000,00 | 20.900.000,02",,alta,,
2022 DI Mims Mef 97 20.04.2022.pdf,z-ai/glm-4.7-flash,off,,,Ministero delle Infrastrutture e della Mobilità Sostenibili,Ministero dell'Economia e delle Finanze,assegnazione,F47C19000380001,True,definitivo,,4,aggregato,7400,1,,20900000.02,5225000.005,"20.900.000,02",totale,assegnazione,assegnato,FINANZIAMENTO AMMESSO,"Allegato 3 / [TABELLA pag.13 n.1], riga 2","COMUNE DI MILANO | METROPOLITANA LINEA M3: INTERVENTI DI ADEGUAMENTO ANTINCENDIO AI SENSI DEL DM 21.10.2015 | F47C19000370001 F47D17000140005 F47C19000380001 F47C19000390001 | METRO | 25.000.000,02 | 4.100.000,00 | 20.900.000,02",,alta,,
2022 DI Mims Mef 97 20.04.2022.pdf,z-ai/glm-4.7-flash,off,,,Ministero delle Infrastrutture e della Mobilità Sostenibili,Ministero dell'Economia e delle Finanze,assegnazione,F47C19000390001,True,definitivo,,4,aggregato,7400,1,,20900000.02,5225000.005,"20.900.000,02",totale,assegnazione,assegnato,FINANZIAMENTO AMMESSO,"Allegato 3 / [TABELLA pag.13 n.1], riga 2","COMUNE DI MILANO | METROPOLITANA LINEA M3: INTERVENTI DI ADEGUAMENTO ANTINCENDIO AI SENSI DEL DM 21.10.2015 | F47C19000370001 F47D17000140005 F47C19000380001 F47C19000390001 | METRO | 25.000.000,02 | 4.100.000,00 | 20.900.000,02",,alta,,
2022 DI Mims Mef 97 20.04.2022.pdf,z-ai/glm-4.7-flash,off,,,Ministero delle Infrastrutture e della Mobilità Sostenibili,Ministero dell'Economia e delle Finanze,assegnazione,F47C19000350001,True,definitivo,,2,aggregato,7400,1,,45000000.07,22500000.035,"45.000.000,07",totale,assegnazione,assegnato,FINANZIAMENTO AMMESSO,"Allegato 3 / [TABELLA pag.13 n.1], riga 3","COMUNE DI MILANO | METROPOLITANA LINEE M1 + M2 - INTERVENTI DI ADEGUAMENTO ANTINCENDI AI SENSI DEL DM 21.10.2015 FASE 2 | F47C19000350001 O F47C19000360001 | METRO | 45.000.000,07 | --- | 45.000.000,07",,alta,,
2022 DI Mims Mef 97 20.04.2022.pdf,z-ai/glm-4.7-flash,off,,,Ministero delle Infrastrutture e della Mobilità Sostenibili,Ministero dell'Economia e delle Finanze,assegnazione,F47C19000360001,True,definitivo,,2,aggregato,7400,1,,45000000.07,22500000.035,"45.000.000,07",totale,assegnazione,assegnato,FINANZIAMENTO AMMESSO,"Allegato 3 / [TABELLA pag.13 n.1], riga 3","COMUNE DI MILANO | METROPOLITANA LINEE M1 + M2 - INTERVENTI DI ADEGUAMENTO ANTINCENDI AI SENSI DEL DM 21.10.2015 FASE 2 | F47C19000350001 O F47C19000360001 | METRO | 45.000.000,07 | --- | 45.000.000,07",,alta,,
2022 DI Mims Mef 97 20.04.2022.pdf,z-ai/glm-4.7-flash,off,,,Ministero delle Infrastrutture e della Mobilità Sostenibili,Ministero dell'Economia e delle Finanze,assegnazione,B34J18000220001,True,definitivo,,2,aggregato,7400,1,,74516124.63,37258062.315,"74.516.124,63",totale,assegnazione,assegnato,FINANZIAMENTO AMMESSO,"Allegato 3 / [TABELLA pag.13 n.1], riga 4","COMUNE DI GENOVA | LINEA METROPOLITANA: PROLUNGAMENTO A RIVAROLO E COMPLETAMENTO DELLA STAZIONE DI MARTINEZ / TERRALBA | B34J18000220001 B34J18000230001 | METRO | 74.516.124,63 | --- | 74.516.124,63",,alta,,
2022 DI Mims Mef 97 20.04.2022.pdf,z-ai/glm-4.7-flash,off,,,Ministero delle Infrastrutture e della Mobilità Sostenibili,Ministero dell'Economia e delle Finanze,assegnazione,B34J18000230001,True,definitivo,,2,aggregato,7400,1,,74516124.63,37258062.315,"74.516.124,63",totale,assegnazione,assegnato,FINANZIAMENTO AMMESSO,"Allegato 3 / [TABELLA pag.13 n.1], riga 4","COMUNE DI GENOVA | LINEA METROPOLITANA: PROLUNGAMENTO A RIVAROLO E COMPLETAMENTO DELLA STAZIONE DI MARTINEZ / TERRALBA | B34J18000220001 B34J18000230001 | METRO | 74.516.124,63 | --- | 74.516.124,63",,alta,,
2023 DM MIT 342-2023.pdf,z-ai/glm-4.7-flash,off,,,Ministero delle Infrastrutture e dei Trasporti,,rimodulazione,I57H21005640001,True,definitivo,,1,singolo,7150,3,2033,1512215.0,1512215.0,"1.512.215,00",totale,rimodulazione,rimodulato,,"art. 1; Allegato 3 / [TABELLA pag.11 n.1], riga 'totale sic.'",totale sic. 55.762.215 1 0 0 0 1.512.215 0 0 0 2.400.000 0 9.400.000 30.000.000 7.200.000 0 0 0 3.500.000 1.750.000,"decreto del Ministro delle infrastrutture e della mobilità sostenibili del 23 settembre 2021, n. 364",alta,,Importo confermato (correzione errore materiale).
2023 DM MIT 342-2023.pdf,z-ai/glm-4.7-flash,off,,,Ministero delle Infrastrutture e dei Trasporti,,rimodulazione,B19F22013250002,True,definitivo,,1,singolo,7150,3,2033,2400000.0,2400000.0,"2.400.000,00",totale,rimodulazione,rimodulato,,"art. 1; Allegato 3 / [TABELLA pag.11 n.1], riga 'totale sic.'",totale sic. 55.762.215 1 0 0 0 1.512.215 0 0 0 2.400.000 0 9.400.000 30.000.000 7.200.000 0 0 0 3.500.000 1.750.000,"decreto del Ministro delle infrastrutture e della mobilità sostenibili del 23 settembre 2021, n. 364",alta,,Importo confermato (correzione errore materiale).
2023 DM MIT 342-2023.pdf,z-ai/glm-4.7-flash,off,,,Ministero delle Infrastrutture e dei Trasporti,,rimodulazione,C89F23000050001,True,definitivo,,1,singolo,7150,3,2033,600000.0,600000.0,"600.000,00",totale,rimodulazione,rimodulato,,"art. 1; Allegato 3 / [TABELLA pag.11 n.1], riga 'totale sic.'",totale sic. 55.762.215 1 0 0 0 1.512.215 0 0 0 2.400.000 0 9.400.000 30.000.000 7.200.000 0 0 0 3.500.000 1.750.000,"decreto del Ministro delle infrastrutture e della mobilità sostenibili del 23 settembre 2021, n. 364",alta,,Importo confermato (correzione errore materiale).
2023 DM MIT 342-2023.pdf,z-ai/glm-4.7-flash,off,,,Ministero delle Infrastrutture e dei Trasporti,,rimodulazione,C99F23000050001,True,definitivo,,1,singolo,7150,3,2033,5400000.0,5400000.0,"5.400.000,00",totale,rimodulazione,rimodulato,,"art. 1; Allegato 3 / [TABELLA pag.11 n.1], riga 'totale sic.'",totale sic. 55.762.215 1 0 0 0 1.512.215 0 0 0 2.400.000 0 9.400.000 30.000.000 7.200.000 0 0 0 3.500.000 1.750.000,"decreto del Ministro delle infrastrutture e della mobilità sostenibili del 23 settembre 2021, n. 364",alta,,Importo confermato (correzione errore materiale).
2023 DM MIT 342-2023.pdf,z-ai/glm-4.7-flash,off,,,Ministero delle Infrastrutture e dei Trasporti,,rimodulazione,C56G21008730001,True,definitivo,,1,singolo,7150,3,2033,3400000.0,3400000.0,"3.400.000,00",totale,rimodulazione,rimodulato,,"art. 1; Allegato 3 / [TABELLA pag.11 n.1], riga 'totale sic.'",totale sic. 55.762.215 1 0 0 0 1.512.215 0 0 0 2.400.000 0 9.400.000 30.000.000 7.200.000 0 0 0 3.500.000 1.750.000,"decreto del Ministro delle infrastrutture e della mobilità sostenibili del 23 settembre 2021, n. 364",alta,,Importo confermato (correzione errore materiale).
2023 DM MIT 342-2023.pdf,z-ai/glm-4.7-flash,off,,,Ministero delle Infrastrutture e dei Trasporti,,rimodulazione,F41B21005790009,True,definitivo,,1,singolo,7150,3,2033,30000000.0,30000000.0,"30.000.000,00",totale,rimodulazione,rimodulato,,"art. 1; Allegato 3 / [TABELLA pag.11 n.1], riga 'totale sic.'",totale sic. 55.762.215 1 0 0 0 1.512.215 0 0 0 2.400.000 0 9.400.000 30.000.000 7.200.000 0 0 0 3.500.000 1.750.000,"decreto del Ministro delle infrastrutture e della mobilità sostenibili del 23 settembre 2021, n. 364",alta,,Importo confermato (correzione errore materiale).
2023 DM MIT 342-2023.pdf,z-ai/glm-4.7-flash,off,,,Ministero delle Infrastrutture e dei Trasporti,,rimodulazione,G31G22000260001,True,definitivo,,1,singolo,7150,3,2033,7200000.0,7200000.0,"7.200.000,00",totale,rimodulazione,rimodulato,,"art. 1; Allegato 3 / [TABELLA pag.11 n.1], riga 'totale sic.'",totale sic. 55.762.215 1 0 0 0 1.512.215 0 0 0 2.400.000 0 9.400.000 30.000.000 7.200.000 0 0 0 3.500.000 1.750.000,"decreto del Ministro delle infrastrutture e della mobilità sostenibili del 23 settembre 2021, n. 364",alta,,Importo confermato (correzione errore materiale).
2023 DM MIT 342-2023.pdf,z-ai/glm-4.7-flash,off,,,Ministero delle Infrastrutture e dei Trasporti,,rimodulazione,G11B18000550005,True,definitivo,,1,singolo,7150,3,2033,3500000.0,3500000.0,"3.500.000,00",totale,rimodulazione,rimodulato,,"art. 1; Allegato 3 / [TABELLA pag.11 n.1], riga 'totale sic.'",totale sic. 55.762.215 1 0 0 0 1.512.215 0 0 0 2.400.000 0 9.400.000 30.000.000 7.200.000 0 0 0 3.500.000 1.750.000,"decreto del Ministro delle infrastrutture e della mobilità sostenibili del 23 settembre 2021, n. 364",alta,,Importo confermato (correzione errore materiale).
2023 DM MIT 342-2023.pdf,z-ai/glm-4.7-flash,off,,,Ministero delle Infrastrutture e dei Trasporti,,rimodulazione,B81B21003770005,True,definitivo,,1,singolo,7150,3,2033,1750000.0,1750000.0,"1.750.000,00",totale,rimodulazione,rimodulato,,"art. 1; Allegato 3 / [TABELLA pag.11 n.1], riga 'totale sic.'",totale sic. 55.762.215 1 0 0 0 1.512.215 0 0 0 2.400.000 0 9.400.000 30.000.000 7.200.000 0 0 0 3.500.000 1.750.000,"decreto del Ministro delle infrastrutture e della mobilità sostenibili del 23 settembre 2021, n. 364",alta,,Importo confermato (correzione errore materiale).
2023 DM MIT 342-2023.pdf,z-ai/glm-4.7-flash,off,,,Ministero delle Infrastrutture e dei Trasporti,,rimodulazione,D69D15002090001,True,definitivo,,2,aggregato,7150,3,2033,50000000.0,25000000.0,"50.000.000,00",totale,rimodulazione,rimodulato,,"art. 1; Allegato 3 / [TABELLA pag.11 n.1], riga 'totale pot.'",totale pot. 205.099.705 1 0 0 256.450 0 17.543.255 0 0 0 20.000.000 0 80.000.000 55.300.000 0 18.000.00012.800.000 0 1.200.000,"decreto del Ministro delle infrastrutture e della mobilità sostenibili del 23 settembre 2021, n. 364",alta,,Importo confermato (correzione errore materiale).
2023 DM MIT 342-2023.pdf,z-ai/glm-4.7-flash,off,,,Ministero delle Infrastrutture e dei Trasporti,,rimodulazione,D49D15001920001,True,definitivo,,2,aggregato,7150,3,2033,50000000.0,25000000.0,"50.000.000,00",totale,rimodulazione,rimodulato,,"art. 1; Allegato 3 / [TABELLA pag.11 n.1], riga 'totale pot.'",totale pot. 205.099.705 1 0 0 256.450 0 17.543.255 0 0 0 20.000.000 0 80.000.000 55.300.000 0 18.000.00012.800.000 0 1.200.000,"decreto del Ministro delle infrastrutture e della mobilità sostenibili del 23 settembre 2021, n. 364",alta,,Importo confermato (correzione errore materiale).
2023 DM MIT 342-2023.pdf,z-ai/glm-4.7-flash,off,,,Ministero delle Infrastrutture e dei Trasporti,,rimodulazione,J70J19000000001,True,definitivo,,1,singolo,7150,3,2033,12000000.0,12000000.0,"12.000.000,00",totale,rimodulazione,rimodulato,,"art. 1; Allegato 3 / [TABELLA pag.11 n.1], riga 'totale pot.'",totale pot. 205.099.705 1 0 0 256.450 0 17.543.255 0 0 0 20.000.000 0 80.000.000 55.300.000 0 18.000.00012.800.000 0 1.200.000,"decreto del Ministro delle infrastrutture e della mobilità sostenibili del 23 settembre 2021, n. 364",alta,,Importo confermato (correzione errore materiale).
2025 DD MIT 141-2025.pdf,z-ai/glm-4.7-flash,off,,,Ministero delle Infrastrutture e dei Trasporti,,impegno,E51I04000010007,True,definitivo,,1,singolo,7419,2,,2125000000.0,2125000000.0,"€ 2.125.000.000,00",totale,impegno,impegnato,,"art. 3; [TABELLA pag.5 n.1], riga 1","È autorizzato l'impegno delle risorse di cui al citato art.1, comma 478, della legge 29 dicembre 2022, n.197, sul capitolo 7419, piano gestionale 2 ... per la somma complessiva di € 2.125.000.000,00",,alta,,
2025 DD MIT 141-2025.pdf,z-ai/glm-4.7-flash,off,,,Ministero delle Infrastrutture e dei Trasporti,,impegno,E51I04000010007,True,definitivo,,1,singolo,7416,1,,75000000.0,75000000.0,"€ 75.000.000,00",totale,impegno,impegnato,,art. 4,"È autorizzato l’impegno delle risorse di cui al citato art.1, comma 478, della legge 29 dicembre 2022, n.197, sul capitolo 7416 piano gestonale 1 ... per la somma complessiva di € 75.000.000,00",,alta,,
