,CUP,Finanziamento,"Anno
2017","Anno
2018","Anno
2019","Anno
2020","Anno
2021","Anno
2022","Anno
2023","Anno
2024","Anno
2025","Anno
2026","Anno
2027","Anno
2028","Anno
2029","Anno
2030","Anno
2031","Anno
2032","Anno
2033","Anno
2034","Anno
2035","Anno
2036","Oltre
2036",2028 - 2036,stat-cap-pg,Capitolo,PG,CAP-PG,Norma primaria,Legge,n.,del,art.,c.,Decreto attuativo,Tipo decreto,n..1,del.1,Città,"Tipologia
infrastruttura",Descrizione,Nuovo fondo unico,Unnamed: 42,Unnamed: 43,Unnamed: 44,Unnamed: 45,Unnamed: 46
0,B19F22013250002,2105434.0,0.0,0.0,0.0,0.0,0.0,0.170296,0.170936,0.173072,0.175503,0.168669,0.183707,0.18843,0.206711,0.212787,0.2129,0.212888,0.029535,0.0,0.0,0.0,0,1.0632510000000002,10-7150-4,7150,4,7150-4,"Legge n. 145 del 2018, art. 1 , comma 95",Legge,145,2018,1,95.0,DM n. 332 del 2024,DM,332.0,2024.0,Arezzo,Ferrovia regionale,Ferrovia Stia-Sinalunga - Eliminazione passaggi a livelli stazione di Giovi,NO,,B19F22013250002_7150-4_DM n. 332 del 2024,,,
1,B20F23000000005,30175000.0,0.0,0.0,0.0,0.0,2.9195532626882317,7.0092502788622415,7.885048940323481,7.337590630228667,4.830019520356944,0.19353736754043502,0.0,0.0,0.0,0.0,0.0,0.0,0.0,0.0,0.0,0.0,0,0.0,10-7150-5,7150,5,7150-5,"DL n. 59 del 2021, art. 1 , comma 2",DL,59,2021,1,2.0,DM n. 265 del 2023,DM,265.0,2023.0,Chieti,Ferrovia regionale,Ferrovia Adriatico-Sangritana - Interventi di potenziamento,NO,,B20F23000000005_7150-5_DM n. 265 del 2023,,,
2,B20F23000010005,5685000.0,0.0,0.0,0.0,0.0,0.550046737311768,1.320549721137758,1.4855510596765198,1.3824093697713329,0.9099804796430563,0.03646263245956498,0.0,0.0,0.0,0.0,0.0,0.0,0.0,0.0,0.0,0.0,0,0.0,10-7150-5,7150,5,7150-5,"DL n. 59 del 2021, art. 1 , comma 2",DL,59,2021,1,2.0,DM n. 265 del 2023,DM,265.0,2023.0,Chieti,Ferrovia regionale,Ferrovia Adriatico-Sangritana - Interventi di potenziamento,NO,,B20F23000010005_7150-5_DM n. 265 del 2023,,,
3,B21F19000040009,900000000.0,0.0,0.0,15.0,10.0,25.0,95.0,180.0,245.0,200.0,120.0,10.0,0.0,0.0,0.0,0.0,0.0,0.0,0.0,0.0,0.0,0,0.0,10-7418-4,7418,4,7418-4,"Legge n. 145 del 2018, art. 1 , comma 96",Legge,145,2018,1,96.0,DD n. 131 del 2025,DD,131.0,2025.0,Milano,Metropolitana,Linea M5 - Prolungamento Bignami - Monza,NUOVO FONDO UNICO TRM,,B21F19000040009_7418-4_DD n. 131 del 2025,,,
4,B21F19000040009,15000000.0,0.0,0.0,0.0,0.0,0.0,3.0,3.0,3.0,3.0,3.0,0.0,0.0,0.0,0.0,0.0,0.0,0.0,0.0,0.0,0.0,0,0.0,10-7418-4,7418,4,7418-4,"Legge n. 234 del 2021,  Sezione II",Legge,234,2021,,,DD n. 131 del 2025,DD,131.0,2025.0,Milano,Metropolitana,Linea M5 - Prolungamento Bignami - Monza,NUOVO FONDO UNICO TRM,,B21F19000040009_7418-4_DD n. 131 del 2025,,,
5,B24C17000320005,8840000.0,0.1317407694055282,0.7089679999999999,0.7956,0.6601158147166477,1.4809649880095923,1.3460498296099963,1.539491746055787,1.5463471811182632,0.6307216710841853,0.0,0.0,0.0,0.0,0.0,0.0,0.0,0.0,0.0,0.0,0.0,0,0.0,10-7400-2,7400,2,7400-2,"Legge n. 232 del 2016, art. 1 , comma 140",Legge,232,2016,1,140.0,DM n. 360 del 2018,DM,360.0,2018.0,Milano,Metrotranvia,Milano - Limbiate 1° lotto - Milano Comasina - Varedo,NUOVO FONDO UNICO TRM,,B24C17000320005_7400-2_DM n. 360 del 2018,,,
6,B24C17000320005,16006667.637829646,0.0,0.0,0.0,0.0,0.0,0.06198592434070434,0.46923408158886165,1.1040950040950042,1.6289926289926289,1.018120393120393,1.6289926289926289,2.4434889434889433,5.734026460728911,1.9177315724815724,0.0,0.0,0.0,0.0,0.0,0.0,0,10.095246976699427,10-7400-1,7400,1,7400-1,"Legge n. 197 del 2022,  Sezione II",Legge,197,2022,,,DM n. 346 del 2023,DM,346.0,2023.0,Milano,Metrotranvia,Milano - Limbiate 1° lotto - Milano Comasina - Varedo,NUOVO FONDO UNICO TRM,,B24C17000320005_7400-1_DM n. 346 del 2023,,,
7,B30E19000030001,55000000.0,0.7865,4.411,4.95,3.9996506041636333,9.9,7.700000000000001,10.417391541709128,8.8,4.035457854127238,0.0,0.0,0.0,0.0,0.0,0.0,0.0,0.0,0.0,0.0,0.0,0,0.0,10-7400-2,7400,2,7400-2,"Legge n. 232 del 2016, art. 1 , comma 140",Legge,232,2016,1,140.0,DM n. 360 del 2018,DM,360.0,2018.0,Genova,Metropolitana,Fornitura 4 Unità di Trazione,NUOVO FONDO UNICO TRM,,B30E19000030001_7400-2_DM n. 360 del 2018,,,
8,B30E19000040001,15000000.0,5.891292,2.198654,3.7691190000000003,0.6281869999999999,0.6281869999999999,0.6281869999999999,0.6281869999999999,0.6281869999999999,0.0,0.0,0.0,0.0,0.0,0.0,0.0,0.0,0.0,0.0,0.0,0.0,0,0.0,10-7423-1,7423,1,7423-1,"Legge n. 147 del 2013, art. 1 , comma 88",Legge,147,2013,1,88.0,DM n. 86 del 2018,DM,86.0,2018.0,Genova,Metropolitana,Fornitura 3 Unità di Trazione,NO,,B30E19000040001_7423-1_DM n. 86 del 2018,,,
9,B31E20000230001,471645087.12,0.0,0.0,0.0,0.68460074,4.6042621399999994,19.411442219999998,30.236616,45.496571509999995,40.174059039999996,36.7585319,38.14961564,39.12781099,42.91437301,44.17656085,44.20811532,44.20811532,41.49441244,0.0,0.0,0.0,0,256.12938793,10-7400-4,7400,4,7400-4,"Legge n. 145 del 2018, art. 1 , comma 95",Legge,145,2018,1,95.0,DM n. 350 del 2020,DM,350.0,2020.0,Genova,Filovia,Sistema degli assi di forza per il TPL,NUOVO FONDO UNICO TRM,,B31E20000230001_7400-4_DM n. 350 del 2020,,,
10,B31E20000230001,-112869623.65293781,0.0,0.0,0.0,0.0,0.0,0.0,0.0,0.0,0.0,0.0,0.0,-5.889891474283184,-26.13329998673547,-17.17472555946441,-23.6140102721051,-20.675498870187518,-19.38219749016214,0.0,0.0,0.0,0,-112.86962365293782,10-7400-4,7400,4,7400-4,"DL n. 68 del 2022, art. 9 , comma 2",DL,68,2022,9,2.0,DD n. 263 del 2022,DD,263.0,2022.0,Genova,Filovia,Sistema degli assi di forza per il TPL,NUOVO FONDO UNICO TRM,,B31E20000230001_7400-4_DD n. 263 del 2022,,,666.0
11,B31E20000230001,112869623.64999999,0.0,0.0,0.0,0.0,0.0,5.889891469999999,26.133299989999998,17.17472556,23.614010269999998,20.675498870000002,19.38219749,0.0,0.0,0.0,0.0,0.0,0.0,0.0,0.0,0.0,0,0.0,10-7400-4,7400,4,7400-4,"DL n. 68 del 2022, art. 9 , comma 2",DL,68,2022,9,2.0,DD n. 334 del 2022,DD,334.0,2022.0,Genova,Filovia,Sistema degli assi di forza per il TPL,NUOVO FONDO UNICO TRM,,B31E20000230001_7400-4_DD n. 334 del 2022,,,
12,B31E20000230001,-143259764.28,0.0,0.0,0.0,0.0,0.0,0.0,0.0,0.0,0.0,0.0,0.0,-33.23791952,-16.78107302,-27.00183529,-20.59410505,-23.53261645,-22.11221495,0.0,0.0,0.0,0,-143.25976428,10-7400-4,7400,4,7400-4,"Legge n. 197 del 2022,  Sezione II",Legge,197,2022,,,DD n. 343 del 2022,DD,343.0,2022.0,Genova,Filovia,Sistema degli assi di forza per il TPL,NUOVO FONDO UNICO TRM,,B31E20000230001_7400-4_DD n. 343 del 2022,,,
13,B31E20000230001,143259764.282,0.0,0.0,0.0,0.0,0.0,0.0,45.456581590000006,17.3824628,29.86709883,50.553621062,0.0,0.0,0.0,0.0,0.0,0.0,0.0,0.0,0.0,0.0,0,0.0,10-7400-4,7400,4,7400-4,"Legge n. 197 del 2022,  Sezione II",Legge,197,2022,,,DD n. 127 del 2023,DD,127.0,2023.0,Genova,Filovia,Sistema degli assi di forza per il TPL,NUOVO FONDO UNICO TRM,,B31E20000230001_7400-4_DD n. 127 del 2023,,,
14,B31F20000030005,20860000.0,0.0,0.0,0.0,0.0,0.0,0.761968199398367,0.16753013467459293,0.7532716297402473,1.6295911772592273,2.245349419977558,2.4949384952590363,2.4903182388296803,1.806937931517452,1.529904678068567,1.2317982518144486,1.1496783686921646,1.1496783686921646,1.1496783686921646,1.1496783686921646,1.1496783686921646,0,12.80735094369097,10-7400-8,7400,8,7400-8,"Legge n. 234 del 2021, art. 1 , comma 393",Legge,234,2021,1,393.0,DI n. 97 del 2022,DI,97.0,2022.0,Genova,Metropolitana,Tratta Brin - Canepari,NUOVO FONDO UNICO TRM,,B31F20000030005_7400-8_DI n. 97 del 2022,,,
15,B31J23000240001,64158886.29,0.0,0.0,0.0,0.0,0.0,0.0,0.0,6.457550624972698,3.6185570805011555,8.647044579981168,19.392250343033332,17.620063284767195,6.202626742737265,2.220793634007173,0.0,0.0,0.0,0.0,0.0,0.0,0,26.043483661511633,10-7400-1,7400,1,7400-1,"Legge n. 197 del 2022,  Sezione II",Legge,197,2022,,,DM n. 191 del 2023,DM,191.0,2023.0,Genova,Metropolitana,Tratta Canepari - Rivarolo,NUOVO FONDO UNICO TRM,,B31J23000240001_7400-1_DM n. 191 del 2023,,,
16,B34J18000220001,64280000.0,0.919204,5.155256,5.7852,4.674500742466152,11.5704,8.999200000000002,12.175089605473868,10.2848,4.71634965205998,0.0,0.0,0.0,0.0,0.0,0.0,0.0,0.0,0.0,0.0,0.0,0,0.0,10-7400-2,7400,2,7400-2,"Legge n. 232 del 2016, art. 1 , comma 140",Legge,232,2016,1,140.0,DM n. 360 del 2018,DM,360.0,2018.0,Genova,Metropolitana,Tratta Brin - Canepari,NUOVO FONDO UNICO TRM,,B34J18000220001_7400-2_DM n. 360 del 2018,,,
17,B34J18000230001,10357238.34,0.0,0.0,0.0,0.0,0.0,0.0,0.0,1.0424493750273014,0.5841475794988435,1.3959017500188307,3.130511926966664,2.844425855232799,1.0012967372627335,0.3585051159928266,0.0,0.0,0.0,0.0,0.0,0.0,0,4.204227708488359,10-7400-1,7400,1,7400-1,"Legge n. 197 del 2022,  Sezione II",Legge,197,2022,,,DM n. 191 del 2023,DM,191.0,2023.0,Genova,Metropolitana,Completamento stazione Martinez/Terralba,NUOVO FONDO UNICO TRM,,B34J18000230001_7400-1_DM n. 191 del 2023,,,
18,B34J18000230001,18100000.0,0.25883,1.45162,1.629,1.316248653370214,3.258,2.5340000000000003,3.428268852817004,2.8960000000000004,1.3280324938127823,0.0,0.0,0.0,0.0,0.0,0.0,0.0,0.0,0.0,0.0,0.0,0,0.0,10-7400-2,7400,2,7400-2,"Legge n. 232 del 2016, art. 1 , comma 140",Legge,232,2016,1,140.0,DM n. 360 del 2018,DM,360.0,2018.0,Genova,Metropolitana,Tratta Brignole - Martinez,NUOVO FONDO UNICO TRM,,B34J18000230001_7400-2_DM n. 360 del 2018,,,
19,B39J22001360001,398000000.0,0.0,0.0,0.0,0.0,0.0,14.538031800601633,3.196404295325407,14.372104920259753,31.09191220274077,42.84031971002244,47.60237397474096,47.51422143117032,34.47561345848255,29.18993585193143,23.50219099818555,21.935378271307837,21.935378271307837,21.935378271307837,21.935378271307837,21.935378271307837,0,244.35885309630896,10-7400-8,7400,8,7400-8,"Legge n. 234 del 2021, art. 1 , comma 393",Legge,234,2021,1,393.0,DI n. 97 del 2022,DI,97.0,2022.0,Genova,Metropolitana,Skymetro Val Bisagno,NUOVO FONDO UNICO TRM,,B39J22001360001_7400-8_DI n. 97 del 2022,,,
20,B41C21000010001,5500000.0,0.0,0.0,0.0,0.0,0.0,0.0,0.03303564,0.03508700358196721,0.22846955125409835,0.4201629087213115,0.8673070944098361,1.0178554396639343,0.6994865673688525,0.8115482613032787,0.8115482613032787,0.40312252867213116,0.046977699549180324,0.046977699549180324,0.0784213446229508,0.0,0,3.915937802032787,10-7400-1,7400,1,7400-1,"Legge n. 234 del 2021,  Sezione II",Legge,234,2021,,,DI n. 97 del 2022,DI,97.0,2022.0,Milano,Metropolitana,Linea M2 - Prolungamento da San Donato,NUOVO FONDO UNICO TRM,,B41C21000010001_7400-1_DI n. 97 del 2022,,,
21,B41E04000210001,50000000.0,0.0,0.0,0.0,0.48756750000000004,0.9751356250000001,3.656758125,3.644215625,3.6895656249999997,3.7413943749999996,3.5956262500000005,3.91631625,4.016735625,4.405451875,4.535023750000001,4.538263125,4.538263125,4.2596831250000005,0.0,0.0,0.0,0,26.293420625000003,10-7150-3,7150,3,7150-3,"Legge n. 145 del 2018, art. 1 , comma 95",Legge,145,2018,1,95.0,DM n. 332 del 2024,DM,332.0,2024.0,Napoli,Ferrovia regionale,Linea Vesuviana EAV - Impermeabilizzazione tratta Centro-Capodichino,NO,,B41E04000210001_7150-3_DM n. 332 del 2024,,,
22,B41I18000090005,8820000.0,0.1314427133661492,0.707364,0.7938,0.6586223400227187,1.4776143884892086,1.3430044680045439,1.5360087330556609,1.5428486580840592,0.62929469897766,0.0,0.0,0.0,0.0,0.0,0.0,0.0,0.0,0.0,0.0,0.0,0,0.0,10-7400-2,7400,2,7400-2,"Legge n. 232 del 2016, art. 1 , comma 140",Legge,232,2016,1,140.0,DM n. 360 del 2018,DM,360.0,2018.0,Milano,Filovia,Linee 90 e 91 - Piazza Cappelli - Via Tertulliano,NUOVO FONDO UNICO TRM,,B41I18000090005_7400-2_DM n. 360 del 2018,,,
23,B41I18000100005,4000000.0,0.05961120787580462,0.3208,0.36,0.29869493878581344,0.6701199040767386,0.609072321090496,0.696602600025243,0.6997046068408431,0.2853944213050612,0.0,0.0,0.0,0.0,0.0,0.0,0.0,0.0,0.0,0.0,0.0,0,0.0,10-7400-2,7400,2,7400-2,"Legge n. 232 del 2016, art. 1 , comma 140",Legge,232,2016,1,140.0,DM n. 360 del 2018,DM,360.0,2018.0,Milano,Filovia,Linee 90 e 91 - Via Pergolesi - Via Piccinni,NUOVO FONDO UNICO TRM,,B41I18000100005_7400-2_DM n. 360 del 2018,,,
24,B41J21000050006,4500000.0,0.0,0.0,0.0,0.0,0.0,0.0,0.02702916,0.0287075483852459,0.18692963284426228,0.34376965259016395,0.7096148954262296,0.8327908142704918,0.5723071914836066,0.6639940319754098,0.6639940319754098,0.3298275234590164,0.038436299631147544,0.038436299631147544,0.06416291832786884,0.0,0,3.2039491107540985,10-7400-1,7400,1,7400-1,"Legge n. 234 del 2021,  Sezione II",Legge,234,2021,,,DI n. 97 del 2022,DI,97.0,2022.0,Milano,Metropolitana,Linea M6 - Progettazione,NUOVO FONDO UNICO TRM,,B41J21000050006_7400-1_DI n. 97 del 2022,,,
25,B42F17000090004,46990000.0,0.7002826645210148,3.768598,4.2291,3.5089187933863433,7.872233573141487,7.155077092010602,8.183339043796542,8.219779868862805,3.3526709642812067,0.0,0.0,0.0,0.0,0.0,0.0,0.0,0.0,0.0,0.0,0.0,0,0.0,10-7400-2,7400,2,7400-2,"Legge n. 232 del 2016, art. 1 , comma 140",Legge,232,2016,1,140.0,DM n. 360 del 2018,DM,360.0,2018.0,Milano,Metropolitana,Linea M2 - Interventi adeguamento antincendio,NUOVO FONDO UNICO TRM,,B42F17000090004_7400-2_DM n. 360 del 2018,,,
26,B44D20000040001,145000000.0,0.0,0.0,0.0,0.0,0.0,0.5616429599999999,4.25164296,9.86,14.76,9.225,14.76,22.14,52.06550408,17.37621,0.0,0.0,0.0,0.0,0.0,0.0,0,91.58171408,10-7400-1,7400,1,7400-1,"Legge n. 197 del 2022,  Sezione II",Legge,197,2022,,,DM n. 346 del 2023,DM,346.0,2023.0,Milano,Metropolitana,Linea M1 - Prolungamento Baggio - Olmi - Valsesia,NUOVO FONDO UNICO TRM,,B44D20000040001_7400-1_DM n. 346 del 2023,,,
27,B44D20000040001,180000000.0,0.0,0.0,0.0,0.0,0.0,0.0,1.0811663999999999,1.148301935409836,7.477185313770491,13.750786103606558,28.38459581704918,33.311632570819675,22.892287659344266,26.559761279016392,26.559761279016392,13.193100938360656,1.5374519852459017,1.5374519852459017,2.566516733114754,0.0,0,128.15796443016393,10-7400-1,7400,1,7400-1,"Legge n. 234 del 2021,  Sezione II",Legge,234,2021,,,DI n. 97 del 2022,DI,97.0,2022.0,Milano,Metropolitana,Linea M1 - Prolungamento Baggio - Olmi - Valsesia,NUOVO FONDO UNICO TRM,,B44D20000040001_7400-1_DI n. 97 del 2022,,,
28,B44D20000040001,210000000.0,0.0,0.0,3.672277197234618,0.531169358179624,2.4813200314560695,7.46900632790559,10.539052047520164,14.780702589666113,23.413426938772442,30.01902609241506,34.010867665030396,31.547816480662245,22.37507414859401,16.89219009957371,6.605884396596878,2.831093313196541,2.831093313196541,0.0,0.0,0.0,0,83.08315175181994,10-7400-3,7400,3,7400-3,"Legge n. 205 del 2017, art. 1 , comma 1072",Legge,205,2017,1,1072.0,DM n. 607 del 2019,DM,607.0,2019.0,Milano,Metropolitana,Linea M1 - Prolungamento Baggio - Olmi - Valsesia,NUOVO FONDO UNICO TRM,,B44D20000040001_7400-3_DM n. 607 del 2019,,,
29,B44D22000090005,21675659.62,0.0,0.0,0.0,0.0,0.0,0.0,0.0,0.0,0.0,0.0,1.1229504099999998,3.39402537,3.7711392999999997,3.7711392999999997,2.35696207,2.30982282,2.35696207,2.5926582799999998,0.0,0.0,0,20.55270921,10-7400-7,7400,7,7400-7,"Legge n. 160 del 2019, art. 1 , comma 14",Legge,160,2019,1,14.0,DM n. 334 del 2024,DM,334.0,2024.0,Milano,Tramvia,Linea 2 - Tratta Busan - Villapizzone,NUOVO FONDO UNICO TRM,,B44D22000090005_7400-7_DM n. 334 del 2024,,,
30,B59F22016350001,1000000.0,0.0,0.0,0.0,0.0,0.09567082499705779,0.22948687772154877,0.2628145227727433,0.24455690243615394,0.16099799929386843,0.006472872778627751,0.0,0.0,0.0,0.0,0.0,0.0,0.0,0.0,0.0,0.0,0,0.0,10-7150-5,7150,5,7150-5,"DL n. 59 del 2021, art. 1 , comma 2",DL,59,2021,1,2.0,DM n. 265 del 2023,DM,265.0,2023.0,Foggia,Ferrovia regionale,Ferrovie del Gargano - Nuovo impianto elettrico tratta Apricena-San Nicandro Garganico,NO,,B59F22016350001_7150-5_DM n. 265 del 2023,,,
31,B61E04000030001,5000000.0,0.0,0.0,0.0,0.0,0.0,0.0,0.0,1.0,1.0,1.0,1.0,1.0,0.0,0.0,0.0,0.0,0.0,0.0,0.0,0.0,0,1.0,10-7418-5,7418,5,7418-5,"DL n. 60 del 2024, art. 33 bis , comma 2",DL,60,2024,33 bis,2.0,Finanziato con legge,,,,Milano,Metropolitana,Linea M1 - Prolungamento Sesto - Monza Bettola,NO,,B61E04000030001_7418-5_Finanziato con legge,,,
32,B61E04000030001,15000000.0,0.0,0.0,0.0,8.0,7.0,0.0,0.0,0.0,0.0,0.0,0.0,0.0,0.0,0.0,0.0,0.0,0.0,0.0,0.0,0.0,0,0.0,10-7418-5,7418,5,7418-5,"Legge n. 160 del 2019, art. 1 , comma 18",Legge,160,2019,1,18.0,Finanziato con legge,,,,Milano,Metropolitana,Linea M1 - Prolungamento Sesto - Monza Bettola,NO,,B61E04000030001_7418-5_Finanziato con legge,,,
33,B61E04000030001,-7000000.0,0.0,0.0,0.0,-8.0,-7.0,0.0,0.0,8.0,0.0,0.0,0.0,0.0,0.0,0.0,0.0,0.0,0.0,0.0,0.0,0.0,0,0.0,10-7418-5,7418,5,7418-5,"Legge n. 207 del 2024,  Sezione II",Legge,207,2024,,,Finanziato con legge,,,,Milano,Metropolitana,Linea M1 - Prolungamento Sesto - Monza Bettola,NO,,B61E04000030001_7418-5_Finanziato con legge,,,
34,B61E04000030001,13000000.0,0.0,0.0,0.0,0.0,0.0,0.0,0.0,0.0,0.0,0.0,0.0,0.0,13.0,0.0,0.0,0.0,0.0,0.0,0.0,0.0,0,13.0,10-7400-1,7400,1,7400-1,"DL n. 60 del 2024, art. 33 bis , comma 2",DL,60,2024,33 bis,2.0,Finanziato con legge,,,,Milano,Metropolitana,Linea M1 - Prolungamento Sesto - Monza Bettola,NUOVO FONDO UNICO TRM,,B61E04000030001_7400-1_Finanziato con legge,,,
35,B61E16000790007,1460000.0,0.020878,0.117092,0.1314,0.1168,0.2628,0.2044,0.2774,0.2336,0.09563,0.0,0.0,0.0,0.0,0.0,0.0,0.0,0.0,0.0,0.0,0.0,0,0.0,10-7400-2,7400,2,7400-2,"Legge n. 232 del 2016, art. 1 , comma 140",Legge,232,2016,1,140.0,DM n. 360 del 2018,DM,360.0,2018.0,Napoli,Metropolitana,Linea 1 - Ampliamento deposito Officina di Piscinola,NUOVO FONDO UNICO TRM,,B61E16000790007_7400-2_DM n. 360 del 2018,,,
36,B61G16000000001,38000000.0,14.924607,5.569921,9.548447000000001,1.591405,1.591405,1.591405,1.591405,1.591405,0.0,0.0,0.0,0.0,0.0,0.0,0.0,0.0,0.0,0.0,0.0,0.0,0,0.0,10-7423-1,7423,1,7423-1,"Legge n. 147 del 2013, art. 1 , comma 88",Legge,147,2013,1,88.0,DM n. 86 del 2018,DM,86.0,2018.0,Napoli,Metropolitana,Linea 6 - Deposito officina Via Campegna,NO,,B61G16000000001_7423-1_DM n. 86 del 2018,,,
37,B67H20015770001,3060000.0,0.0,0.0,0.0,0.08271875844,0.04963125384,0.21506876766000002,0.2202564897,0.22299747858,0.22613001894,0.2173197465,0.236702322,0.24277161168000003,0.26626564296,0.2740969908,0.2742927696,0.2742927696,0.2574553797,0.0,0.0,0.0,0,1.5891751643399998,10-7400-5,7400,5,7400-5,"Legge n. 145 del 2018, art. 1 , comma 95",Legge,145,2018,1,95.0,DM n. 443 del 2021,DM,443.0,2021.0,Napoli,Tramvia,Interventi generici,NUOVO FONDO UNICO TRM,,B67H20015770001_7400-5_DM n. 443 del 2021,,,
38,B67H20015780001,2588469.6,0.0,0.0,0.0,0.0699722194678704,0.0419833306453344,0.18192776699260563,0.18631608751345202,0.1886347039807128,0.1912845358410504,0.18383188146894003,0.20022770089752,0.20536174397930884,0.2252354648125536,0.23186004187492804,0.232025652159936,0.232025652159936,0.21778281820585202,0.0,0.0,0.0,0,1.3442913731925146,10-7400-5,7400,5,7400-5,"Legge n. 145 del 2018, art. 1 , comma 95",Legge,145,2018,1,95.0,DM n. 443 del 2021,DM,443.0,2021.0,Napoli,Filovia,Interventi generici,NUOVO FONDO UNICO TRM,,B67H20015780001_7400-5_DM n. 443 del 2021,,,
39,B67H21009130001,5500000.0,0.0,0.0,0.0,0.148677507,0.089206502,0.38656151050000004,0.3958858475,0.4008124615,0.4064428445,0.3906073875,0.42544535,0.436354204,0.478582038,0.49265799,0.49300987999999996,0.49300987999999996,0.46274659749999997,0.0,0.0,0.0,0,2.8563605895,10-7400-5,7400,5,7400-5,"Legge n. 145 del 2018, art. 1 , comma 95",Legge,145,2018,1,95.0,DM n. 443 del 2021,DM,443.0,2021.0,Napoli,Metropolitana,Revisione 10 Unità di Trazione,NUOVO FONDO UNICO TRM,,B67H21009130001_7400-5_DM n. 443 del 2021,,,
40,B71J22000050006,40000000.0,15.710113,5.863077,10.050985,1.675165,1.675165,1.675165,1.675165,1.675165,0.0,0.0,0.0,0.0,0.0,0.0,0.0,0.0,0.0,0.0,0.0,0.0,0,0.0,10-7423-1,7423,1,7423-1,"Legge n. 147 del 2013, art. 1 , comma 88",Legge,147,2013,1,88.0,DM n. 86 del 2018,DM,86.0,2018.0,Milano,Metrotranvia,Milano - Limbiate 2° lotto - Varedo - Limbiate,NO,,B71J22000050006_7423-1_DM n. 86 del 2018,,,
41,B71J22000050006,72428360.35217035,0.0,0.0,0.0,0.0,0.0,0.28047929565929564,2.1232311384111386,4.995904995904996,7.37100737100737,4.606879606879606,7.37100737100737,11.056511056511056,25.94582108927109,8.677518427518427,0.0,0.0,0.0,0.0,0.0,0.0,0,45.67985057330058,10-7400-1,7400,1,7400-1,"Legge n. 197 del 2022,  Sezione II",Legge,197,2022,,,DM n. 346 del 2023,DM,346.0,2023.0,Milano,Metrotranvia,Milano - Limbiate 2° lotto - Varedo - Limbiate,NUOVO FONDO UNICO TRM,,B71J22000050006_7400-1_DM n. 346 del 2023,,,
42,B81B21003770005,1535214.0,0.0,0.0,0.0,0.0,0.0,0.124174,0.124641,0.126198,0.127971,0.122988,0.133953,0.137397,0.150727,0.155158,0.15524,0.155231,0.021536,0.0,0.0,0.0,0,0.775289,10-7150-4,7150,4,7150-4,"Legge n. 145 del 2018, art. 1 , comma 95",Legge,145,2018,1,95.0,DM n. 332 del 2024,DM,332.0,2024.0,Pescara,Ferrovia regionale,Ferrovia Sangritana - Completamento elettrificazione tratta Fossacesia‐Archi,NO,,B81B21003770005_7150-4_DM n. 332 del 2024,,,
43,B81I06000000003,103500000.0,1.5424400037864445,8.300699999999999,9.315,7.728731541082922,17.33935251798561,15.759746308216585,18.024592275653163,18.104856702006817,7.384580651268458,0.0,0.0,0.0,0.0,0.0,0.0,0.0,0.0,0.0,0.0,0.0,0,0.0,10-7400-2,7400,2,7400-2,"Legge n. 232 del 2016, art. 1 , comma 140",Legge,232,2016,1,140.0,DM n. 360 del 2018,DM,360.0,2018.0,Milano,Metropolitana,Linea M4 - Realizzazione (pere aggiuntive tratta Lorenteggio - Linate),NUOVO FONDO UNICO TRM,,B81I06000000003_7400-2_DM n. 360 del 2018,,,
44,B81I06000000003,75000000.0,0.0,0.0,0.0,0.0,0.0,0.0,15.0,15.0,15.0,15.0,15.0,0.0,0.0,0.0,0.0,0.0,0.0,0.0,0.0,0.0,0,0.0,10-7418-6,7418,6,7418-6,"Legge n. 197 del 2022, art. 1 , comma 483",Legge,197,2022,1,483.0,DI n. 286 del 2023,DI,286.0,2023.0,Milano,Metropolitana,Linea M4 - Realizzazione (prolungamento Linate - Segrate),NO,,B81I06000000003_7418-6_DI n. 286 del 2023,,,
45,B89J21020930005,1077133.0,0.0,0.0,0.0,0.0,0.0,0.087762,0.087461,0.08855,0.089793,0.086295,0.093992,0.096402,0.105731,0.108841,0.108918,0.108918,0.01447,0.0,0.0,0.0,0,0.54328,10-7150-3,7150,3,7150-3,"Legge n. 145 del 2018, art. 1 , comma 95",Legge,145,2018,1,95.0,DM n. 332 del 2024,DM,332.0,2024.0,Pescara,Ferrovia regionale,Ferrovia Sangritana - Creazione posto intermedio tratta Fossacesia-Saletti,NO,,B89J21020930005_7150-3_DM n. 332 del 2024,,,
46,B91J21000040001,420000000.0,0.0,0.0,0.0,0.0,0.0,0.0,2.5227216,2.6793711826229507,17.446765732131148,32.08516757508197,66.23072357311476,77.7271426652459,53.41533787180328,61.97277631770492,61.97277631770492,30.783902189508197,3.5873879655737704,3.5873879655737704,5.988539043934425,0.0,0,299.03525033704926,10-7400-1,7400,1,7400-1,"Legge n. 234 del 2021,  Sezione II",Legge,234,2021,,,DI n. 97 del 2022,DI,97.0,2022.0,Milano,Metropolitana,Linea M4 - Prolungamento Linate - Segrate,NUOVO FONDO UNICO TRM,,B91J21000040001_7400-1_DI n. 97 del 2022,,,
47,C11B21008720001,9408502.67,0.0,0.0,0.0,0.01483583506920018,0.02967167013840036,0.059343349685303394,0.12610462631370956,0.16319421398671,0.6750306273676456,0.8456427588889557,1.0262542564564445,1.0681803319694718,1.1868670313400784,1.1868670313400784,0.741791894587549,0.726956059518349,0.741791894587549,0.8159710887505565,0.0,0.0,0,6.468425332093632,10-7400-7,7400,7,7400-7,"Legge n. 160 del 2019, art. 1 , comma 14",Legge,160,2019,1,14.0,DM n. 464 del 2021,DM,464.0,2021.0,Torino,Tramvia,Linea 15 - Modifiche strutturali percorso,NUOVO FONDO UNICO TRM,,C11B21008720001_7400-7_DM n. 464 del 2021,,,
48,C11I13000010007,14521077.53,0.0,0.0,0.8954802588810946,0.028066251963144873,0.1763520940149383,0.3714533213339643,1.4116254449478334,1.3425920131744458,1.4433858895330605,1.8063122011104946,2.046510270140528,1.8983029510736265,1.3463584490042,1.0164410058463476,0.39749089601945975,0.17035324147843067,0.17035324147843067,0.0,0.0,0.0,0,4.999299784900495,10-7400-3,7400,3,7400-3,"Legge n. 205 del 2017, art. 1 , comma 1072",Legge,205,2017,1,1072.0,DM n. 607 del 2019,DM,607.0,2019.0,Torino ,Metropolitana,Parcheggio Piazza Bengasi,NUOVO FONDO UNICO TRM,,C11I13000010007_7400-3_DM n. 607 del 2019,,,
49,C11J22000000001,221721410.41,0.0,0.0,0.0,0.0,0.0,0.0,0.0,16.0,9.506816429999999,35.28467337,57.86020558,76.33938967,18.844449190000002,7.8858761699999995,0.0,0.0,0.0,0.0,0.0,0.0,0,103.06971503000001,10-7400-1,7400,1,7400-1,"Legge n. 197 del 2022,  Sezione II",Legge,197,2022,,,DM n. 191 del 2023,DM,191.0,2023.0,Torino,Tramvia,Linea 12 - Prolungamento Allianz Stadium,NUOVO FONDO UNICO TRM,,C11J22000000001_7400-1_DM n. 191 del 2023,,,
50,C14E21000030001,8533053.8,0.0,0.0,0.5262131002388711,0.016492635444655658,0.10363018191062069,0.21827795964748944,0.8295166692900925,0.7889503968420625,0.8481801315433417,1.0614473450629853,1.202595482414015,1.1155040785881698,0.7911636760910123,0.5972935389604658,0.23357847885164873,0.10010506255728537,0.10010506255728537,0.0,0.0,0.0,0,2.937749897605867,10-7400-3,7400,3,7400-3,"Legge n. 205 del 2017, art. 1 , comma 1072",Legge,205,2017,1,1072.0,DM n. 607 del 2019,DM,607.0,2019.0,Torino ,Tramvia,Linea 10 - Creazione collegamenti,NUOVO FONDO UNICO TRM,,C14E21000030001_7400-3_DM n. 607 del 2019,,,
51,C14E21000040001,3732321.93,0.0,0.0,0.23016340221303033,0.007213809545368578,0.04532740676671919,0.09547386372133032,0.3628271107457414,0.3450835933808166,0.3709904308290543,0.4642726152176443,0.5260102182799735,0.48791680365581064,0.3460516724380552,0.2612536878777743,0.10216624662486597,0.04378553435190787,0.04378553435190787,0.0,0.0,0.0,0,1.2849594793003218,10-7400-3,7400,3,7400-3,"Legge n. 205 del 2017, art. 1 , comma 1072",Legge,205,2017,1,1072.0,DM n. 607 del 2019,DM,607.0,2019.0,Torino ,Tramvia,Linea 3 - Realizzazione capolinea,NUOVO FONDO UNICO TRM,,C14E21000040001_7400-3_DM n. 607 del 2019,,,
52,C17D20000030001,6000000.0,0.0,0.0,0.0,0.0,0.0,0.48541540937437133,0.4872259102796218,0.4932609132971233,0.500181050090525,0.4807081070207202,0.5235566284449809,0.5370348018507343,0.5888151277408973,0.6063166364916516,0.6067189700261517,0.6067189700261517,0.08404747535707101,0.0,0.0,0.0,0,3.0296519814926577,10-7150-4,7150,4,7150-4,"Legge n. 145 del 2018, art. 1 , comma 95",Legge,145,2018,1,95.0,DM n. 332 del 2024,DM,332.0,2024.0,Catania,Ferrovia regionale,Ferrovia Circumetnea - Sostituzione di 11 ponti tratta Randazzo-Riposto,NO,,C17D20000030001_7150-4_DM n. 332 del 2024,,,
53,C36G21019230001,58000000.0,0.0,0.0,0.0,0.0,5.60965,13.4725,15.149,14.12895,9.275,0.3649,0.0,0.0,0.0,0.0,0.0,0.0,0.0,0.0,0.0,0.0,0,0.0,10-7150-5,7150,5,7150-5,"DL n. 59 del 2021, art. 1 , comma 2",DL,59,2021,1,2.0,DM n. 265 del 2023,DM,265.0,2023.0,Parma,Ferrovia regionale,Ferrovia Parma-Suzzara - Elettrificazione corridoio ferroviario,NO,,C36G21019230001_7150-5_DM n. 265 del 2023,,,
54,C47D21000040001,7098126.48,0.0,0.0,0.0,0.0,0.0,0.574256661846711,0.5763985225829813,0.5835380583705492,0.591724726073627,0.568687823932408,0.61937852802414,0.6353234912830417,0.6965807083403742,0.717285362124321,0.7177613311768256,0.7177613311768256,0.09942993506819554,0.0,0.0,0.0,0,3.5841421591695837,10-7150-4,7150,4,7150-4,"Legge n. 145 del 2018, art. 1 , comma 95",Legge,145,2018,1,95.0,DM n. 332 del 2024,DM,332.0,2024.0,Catania,Ferrovia regionale,Ferrovia Circumetnea - Rinnovo binario tratta Bronte-Maletto,NO,,C47D21000040001_7150-4_DM n. 332 del 2024,,,
55,C47D22000030002,17000000.0,0.0,0.0,0.0,0.0,0.0,1.2918672157318676,1.2969374286916573,1.3130699244728063,1.3315070625084051,1.2796526117832834,1.3937324033785512,1.4294774047450687,1.5677328935895154,1.6137105065657902,1.61509329191846,1.61509329191846,1.2521259646961342,0.0,0.0,0.0,0,9.093233353433428,10-7150-4,7150,4,7150-4,"Legge n. 145 del 2018, art. 1 , comma 95",Legge,145,2018,1,95.0,DM n. 332 del 2024,DM,332.0,2024.0,Roma,Ferrovia regionale,Ferrovia Roma-Viterbo - Manutenzione armamento ferroviario,NO,,C47D22000030002_7150-4_DM n. 332 del 2024,,,
56,C56G21008730001,3400000.0,0.0,0.0,0.0,0.11202855319148937,0.06589236170212766,0.24381906382978724,0.24473453191489364,0.24779380851063829,0.25127374468085106,0.24149006382978722,0.2630203829787234,0.26978240425531913,0.29595661702127657,0.3046566382978723,0.3048179574468085,0.3047998723404255,0.24993400000000002,0.0,0.0,0.0,0,1.7299474893617022,10-7150-4,7150,4,7150-4,"Legge n. 145 del 2018, art. 1 , comma 95",Legge,145,2018,1,95.0,DM n. 332 del 2024,DM,332.0,2024.0,Reggio-Emilia,Ferrovia regionale,Ferrovia Reggio Emilia-Guastalla - Sistemi di segnalamento nodo Reggio,NO,,C56G21008730001_7150-4_DM n. 332 del 2024,,,
57,C60I17000000006,59500000.0,0.85085,4.7719,5.355,4.76,10.71,8.33,11.305,9.52,3.89725,0.0,0.0,0.0,0.0,0.0,0.0,0.0,0.0,0.0,0.0,0.0,0,0.0,10-7400-2,7400,2,7400-2,"Legge n. 232 del 2016, art. 1 , comma 140",Legge,232,2016,1,140.0,DM n. 360 del 2018,DM,360.0,2018.0,Catania,Ferrovia regionale,Ferrovia Circumetnea - Fornitura 17 Unità di Trazione,NUOVO FONDO UNICO TRM,,C60I17000000006_7400-2_DM n. 360 del 2018,,,
58,C61B20001260001,20021600.0,0.0,0.0,0.0,0.0,9.846749107601438,10.174850892398561,0.0,0.0,0.0,0.0,0.0,0.0,0.0,0.0,0.0,0.0,0.0,0.0,0.0,0.0,0,0.0,10-7150-5,7150,5,7150-5,"DL n. 59 del 2021, art. 1 , comma 2",DL,59,2021,1,2.0,DM n. 265 del 2023,DM,265.0,2023.0,Catania,Ferrovia regionale,Ferrovia Circumetnea - Nuovo sistema computerizzato tratta Catania Borgo-Riposto,NO,,C61B20001260001_7150-5_DM n. 265 del 2023,,,
59,C61C22007040001,37448232.02,0.0,0.0,0.0,0.0,0.0,2.0,0.2,1.7,2.8,2.8,2.8,2.8,2.8,2.8,2.8,2.8,2.8,2.8,2.8,2.74823202,0,25.148232020000002,10-7400-9,7400,9,7400-9,"DL n. 36 del 2022, art. 33-bis , comma 1",DL,36,2022,33-bis,1.0,DM n. 409 del 2022,DM,409.0,2022.0,Trento,Funivia,Trento - monte Bondone - Lotto 1: Trento - Sardagna,NO,,C61C22007040001_7400-9_DM n. 409 del 2022,,,
60,C64E21001530007,1814873.52,0.0,0.0,0.0,0.0,0.0,0.14682792877891773,0.1473755671373969,0.1492010283323275,0.15129422383584792,0.14540406904687186,0.1583648435308791,0.1624417068662241,0.17810416391872866,0.18339800138402737,0.18351969879702276,0.18351969879702276,0.025422589574733454,0.0,0.0,0.0,0,0.9164058593377592,10-7150-4,7150,4,7150-4,"Legge n. 145 del 2018, art. 1 , comma 95",Legge,145,2018,1,95.0,DM n. 332 del 2024,DM,332.0,2024.0,Catania,Ferrovia regionale,Ferrovia Circumetnea - Adeguamento dell'officina ferroviaria di Catania Borgo,NO,,C64E21001530007_7150-4_DM n. 332 del 2024,,,
61,C64H20000230001,6486000.0,0.42203,1.463716,2.509229,0.418205,0.418205,0.418205,0.418205,0.418205,0.0,0.0,0.0,0.0,0.0,0.0,0.0,0.0,0.0,0.0,0.0,0.0,0,0.0,10-7423-1,7423,1,7423-1,"Legge n. 147 del 2013, art. 1 , comma 88",Legge,147,2013,1,88.0,DM n. 184 del 2020,DM,184.0,2020.0,Catania,Ferrovia regionale,Ferrovia Circumetnea - Interventi adeguamento antincendio,NO,,C64H20000230001_7423-1_DM n. 184 del 2020,,,
62,C69D20000080001,-6486000.0,-0.42203,-1.463716,-2.509229,-0.418205,-0.418205,-0.418205,-0.418205,-0.418205,0.0,0.0,0.0,0.0,0.0,0.0,0.0,0.0,0.0,0.0,0.0,0.0,0,0.0,10-7423-1,7423,1,7423-1,"Legge n. 147 del 2013, art. 1 , comma 88",Legge,147,2013,1,88.0,DM n. 184 del 2020,DM,184.0,2020.0,Catania,Ferrovia regionale,Ferrovia Circumetnea - Sistema bigliettazione elettronica,NO,,C69D20000080001_7423-1_DM n. 184 del 2020,,,
63,C69D20000080001,9986000.0,3.9220300000000003,1.463716,2.5092290000000004,0.41820500000000005,0.41820500000000005,0.41820500000000005,0.41820500000000005,0.41820500000000005,0.0,0.0,0.0,0.0,0.0,0.0,0.0,0.0,0.0,0.0,0.0,0.0,0,0.0,10-7423-1,7423,1,7423-1,"Legge n. 147 del 2013, art. 1 , comma 88",Legge,147,2013,1,88.0,DM n. 86 del 2018,DM,86.0,2018.0,Catania,Ferrovia regionale,Ferrovia Circumetnea - Sistema bigliettazione elettronica,NO,,C69D20000080001_7423-1_DM n. 86 del 2018,,,
64,C71F20000020005,1000000000.0,0.0,0.0,0.0,0.0,0.0,0.0,0.0,11.30735633,23.38535382,32.783577969999996,44.4332139,71.57315239,86.96066504000001,109.58322348,109.40708067,102.11327528,102.11327528,102.11327528,102.11327528,102.11327528,0,888.0904979800001,10-7400-8,7400,8,7400-8,"Legge n. 234 del 2021, art. 1 , comma 393",Legge,234,2021,1,393.0,DI n. 97 del 2022,DI,97.0,2022.0,Torino,Metropolitana,Linea 2 - Realizzazione,NUOVO FONDO UNICO TRM,,C71F20000020005_7400-8_DI n. 97 del 2022,,,
65,C71F20000020005,828000000.0,0.0,0.0,0.0,50.0,80.0,150.0,200.0,124.0,28.0,28.0,28.0,28.0,28.0,28.0,28.0,28.0,0.0,0.0,0.0,0.0,0,140.0,10-7424-2,7424,2,7424-2,"Legge n. 160 del 2019, art. 1 , comma 16",Legge,160,2019,1,16.0,Finanziato con legge,,,,Torino,Metropolitana,"Linea 2 - Realizzazione, progettazione, oneri tecnici e materiale rotabile",NO,,C71F20000020005_7424-2_Finanziato con legge,,,
66,C71G22000090001,7000000.0,0.0,0.0,0.0,0.0,0.0,0.545455500619173,0.5435844987492037,0.5503491844467618,0.5580801930823885,0.5363368641481497,0.5841721878034752,0.5991508310401561,0.6571327581107418,0.6764609173964244,0.6769438662999203,0.6769438662999203,0.3953893320036853,0.0,0.0,0.0,0,3.682021571150848,10-7150-3,7150,3,7150-3,"Legge n. 145 del 2018, art. 1 , comma 95",Legge,145,2018,1,95.0,DM n. 332 del 2024,DM,332.0,2024.0,Roma,Ferrovia regionale,Ferrovia Roma-Viterbo - Eealizzazione e rinnovo di due sotto-stazioni elettriche,NO,,C71G22000090001_7150-3_DM n. 332 del 2024,,,
67,C71G23000060001,7030400.0,0.0,0.0,0.0,0.0,0.0,0.5342554866753719,0.536352288157284,0.5430239292360952,0.5506486618975936,0.5292041012871292,0.576382134630151,0.5911645850776313,0.648340549123043,0.6673547261976548,0.6679265811472671,0.6679265811472671,0.5178203754235119,0.0,0.0,0.0,0,3.760533398116375,10-7150-4,7150,4,7150-4,"Legge n. 145 del 2018, art. 1 , comma 95",Legge,145,2018,1,95.0,DM n. 332 del 2024,DM,332.0,2024.0,Roma,Ferrovia regionale,Ferrovia Roma-Viterbo - Installazione passaggi a livello,NO,,C71G23000060001_7150-4_DM n. 332 del 2024,,,
68,C75B23000000001,9465510.0,0.0,0.0,0.0,0.0,0.0,0.737573499380827,0.7350435012507964,0.7441908155532383,0.7546448069176114,0.7252431358518504,0.7899268121965247,0.8101811689598439,0.8885852418892582,0.9147210826035755,0.9153741337000798,0.9153741337000798,0.5346516679963148,0.0,0.0,0.0,0,4.978887428849152,10-7150-3,7150,3,7150-3,"Legge n. 145 del 2018, art. 1 , comma 95",Legge,145,2018,1,95.0,DM n. 332 del 2024,DM,332.0,2024.0,Roma,Ferrovia regionale,Ferrovia Roma-Viterbo - Messa in sicurezza tratta Catalano-Viterbo,NO,,C75B23000000001_7150-3_DM n. 332 del 2024,,,
69,C77D22000050002,30704300.0,0.0,0.0,0.0,0.0,0.0,2.4835,2.493,2.5242,2.5596,2.4599,2.6793,2.748,3.0135,3.1025,3.1048,3.105,0.431,0.0,0.0,0.0,0,15.504800000000001,10-7150-4,7150,4,7150-4,"Legge n. 145 del 2018, art. 1 , comma 95",Legge,145,2018,1,95.0,DM n. 332 del 2024,DM,332.0,2024.0,Roma,Ferrovia regionale,Ferrovia Roma-Viterbo - Messa in sicurezza sismica,NO,,C77D22000050002_7150-4_DM n. 332 del 2024,,,
70,C77D23000040001,19000000.0,0.0,0.0,0.0,0.0,0.0,1.443851594053264,1.4495183026553817,1.467548739116666,1.4881549522152762,1.4301999778754344,1.5577009214230866,1.597651217068018,1.7521720575412232,1.8035588014558832,1.805104267438279,1.805104267438279,1.399434901719209,0.0,0.0,0.0,0,10.16302551266089,10-7150-4,7150,4,7150-4,"Legge n. 145 del 2018, art. 1 , comma 95",Legge,145,2018,1,95.0,DM n. 332 del 2024,DM,332.0,2024.0,Roma,Ferrovia regionale,Ferrovia Roma-Viterbo - Rinnovo armamento,NO,,C77D23000040001_7150-4_DM n. 332 del 2024,,,
71,C81B20001230001,4900000.0,0.0,0.0,0.0,0.0,2.4098508923985618,2.4901491076014386,0.0,0.0,0.0,0.0,0.0,0.0,0.0,0.0,0.0,0.0,0.0,0.0,0.0,0.0,0,0.0,10-7150-5,7150,5,7150-5,"DL n. 59 del 2021, art. 1 , comma 2",DL,59,2021,1,2.0,DM n. 265 del 2023,DM,265.0,2023.0,Catania,Ferrovia regionale,Ferrovia Circumetnea - Adeguamento standard di sicurezza,NO,,C81B20001230001_7150-5_DM n. 265 del 2023,,,
72,C81B21013200005,26486678.33,0.0,0.0,0.0,0.0,0.0,0.0,0.0,0.0,0.0,0.0,0.0,0.0,4.414446389999999,4.414446389999999,4.414446389999999,4.414446389999999,4.414446389999999,4.41444638,0.0,0.0,0,26.486678329999997,10-7400-1,7400,1,7400-1,"Legge n. 178 del 2020,  Sezione II",Legge,178,2020,,,DM n. 464 del 2021,DM,464.0,2021.0,Brescia,Tramvia,Linea T2 - Pendolina - Fiera,NUOVO FONDO UNICO TRM,,C81B21013200005_7400-1_DM n. 464 del 2021,,,
73,C81B21013200005,63091133.28,0.0,0.0,0.0,0.0,0.0,0.24429186,1.8492918600000001,4.32,6.42,4.0125,6.42,9.63,22.637104559999997,7.557945,0.0,0.0,0.0,0.0,0.0,0.0,0,39.82504956,10-7400-1,7400,1,7400-1,"Legge n. 197 del 2022,  Sezione II",Legge,197,2022,,,DM n. 346 del 2023,DM,346.0,2023.0,Brescia,Tramvia,Linea T2 - Pendolina - Fiera,NUOVO FONDO UNICO TRM,,C81B21013200005_7400-1_DM n. 346 del 2023,,,
74,C81B21013200005,333059208.74,0.0,0.0,0.0,0.52518584,1.05037169,2.1007433900000003,4.46407969,5.77704431,23.895956,29.935593230000002,36.329205710000004,37.81338092,42.01486768,42.01486768,26.259292300000002,25.73410646,26.259292300000002,28.88522154,0.0,0.0,0,228.98102888,10-7400-7,7400,7,7400-7,"Legge n. 160 del 2019, art. 1 , comma 14",Legge,160,2019,1,14.0,DM n. 464 del 2021,DM,464.0,2021.0,Brescia,Tramvia,Linea T2 - Pendolina - Fiera,NUOVO FONDO UNICO TRM,,C81B21013200005_7400-7_DM n. 464 del 2021,,,
75,C87D23000030001,10545600.0,0.0,0.0,0.0,0.0,0.0,0.8013832300130579,0.804528432235926,0.8145358938541427,0.8259729928463904,0.7938061519306938,0.8645732019452265,0.8867468776164469,0.9725108236845644,1.0010320892964824,1.0018898717209008,1.0018898717209008,0.7767305631352679,0.0,0.0,0.0,0,5.640800097174564,10-7150-4,7150,4,7150-4,"Legge n. 145 del 2018, art. 1 , comma 95",Legge,145,2018,1,95.0,DM n. 332 del 2024,DM,332.0,2024.0,Roma,Ferrovia regionale,Ferrovia Roma-Lido - Adeguamento galleria Piazzale Flaminio - Acqua Acetosa,NO,,C87D23000030001_7150-4_DM n. 332 del 2024,,,
76,C89F23000050001,600000.0,0.0,0.0,0.0,0.019769744680851065,0.011628063829787233,0.04302689361702128,0.04318844680851064,0.04372831914893617,0.0443424255319149,0.042615893617021276,0.04641536170212766,0.04760865957446808,0.05222763829787234,0.053762936170212765,0.05379140425531915,0.053788212765957445,0.044106,0.0,0.0,0.0,0,0.30528485106382974,10-7150-4,7150,4,7150-4,"Legge n. 145 del 2018, art. 1 , comma 95",Legge,145,2018,1,95.0,DM n. 332 del 2024,DM,332.0,2024.0,Reggio-Emilia,Ferrovia regionale,Ferrovia Parma-Suzzara - Soppressione passaggi a livello comune di Brescello,NO,,C89F23000050001_7150-4_DM n. 332 del 2024,,,
77,C99F23000050001,5400000.0,0.0,0.0,0.0,0.1779277021276596,0.10465257446808511,0.3872420425531915,0.3886960212765958,0.3935548723404256,0.3990818297872341,0.3835430425531915,0.41773825531914893,0.4284779361702128,0.47004874468085106,0.4838664255319149,0.48412263829787233,0.48409391489361703,0.3969540000000001,0.0,0.0,0.0,0,2.7475636595744684,10-7150-4,7150,4,7150-4,"Legge n. 145 del 2018, art. 1 , comma 95",Legge,145,2018,1,95.0,DM n. 332 del 2024,DM,332.0,2024.0,Bologna,Ferrovia regionale,Ferrovia Bologna-Portomaggiore - Soppressione passaggi a livello Ca' dell'Orbo,NO,,C99F23000050001_7150-4_DM n. 332 del 2024,,,
78,D11I18000010001,148140000.0,2.1184019999999997,12.858868010755579,13.332599999999998,10.855367787039524,26.665199999999995,20.7396,27.389880379134176,23.799994876310837,10.380086946759882,0.0,0.0,0.0,0.0,0.0,0.0,0.0,0.0,0.0,0.0,0.0,0,0.0,10-7400-2,7400,2,7400-2,"Legge n. 232 del 2016, art. 1 , comma 140",Legge,232,2016,1,140.0,DM n. 360 del 2018,DM,360.0,2018.0,Torino,Metropolitana,Linea 1 - Prolungamento Collegno - Cascine Vica: lotto 2,NUOVO FONDO UNICO TRM,,D11I18000010001_7400-2_DM n. 360 del 2018,,,
79,D17H21005490001,10000000.0,0.0,0.0,0.0,0.27032274,0.16219364000000003,0.7028391100000001,0.71979246,0.72874993,0.73898699,0.71019524,0.773537,0.79337128,0.87014915,0.8957418,0.8963816,0.8963816,0.84135746,0.0,0.0,0.0,0,5.1933828900000005,10-7400-5,7400,5,7400-5,"Legge n. 145 del 2018, art. 1 , comma 95",Legge,145,2018,1,95.0,DM n. 443 del 2021,DM,443.0,2021.0,Torino,Metropolitana,Revisione materiale rotabile,NUOVO FONDO UNICO TRM,,D17H21005490001_7400-5_DM n. 443 del 2021,,,
80,D17H21005500001,564000.0,0.0,0.0,0.0,0.015246202535999998,0.009147721296,0.039640125804000004,0.040596294744,0.041101496052,0.041678866236,0.040055011535999996,0.0436274868,0.044746140192,0.049076412060000005,0.05051983752,0.05055592224,0.05055592224,0.047452560744,0.0,0.0,0.0,0,0.292906794996,10-7400-5,7400,5,7400-5,"Legge n. 145 del 2018, art. 1 , comma 95",Legge,145,2018,1,95.0,DM n. 443 del 2021,DM,443.0,2021.0,Torino,Metropolitana,Revisioni e interventi straordinari,NUOVO FONDO UNICO TRM,,D17H21005500001_7400-5_DM n. 443 del 2021,,,
81,D17H21005510001,13450000.0,0.0,0.0,0.0,0.36358408529999997,0.21815044579999998,0.9453186029500001,0.9681208587,0.98016865585,0.9939375015499999,0.9552125978,1.040407265,1.0670843716000002,1.17035060675,1.204772721,1.205633252,1.205633252,1.1316257837,0.0,0.0,0.0,0,6.985099987050001,10-7400-5,7400,5,7400-5,"Legge n. 145 del 2018, art. 1 , comma 95",Legge,145,2018,1,95.0,DM n. 443 del 2021,DM,443.0,2021.0,Torino,Tramvia,Sostituzione binari per usura,NUOVO FONDO UNICO TRM,,D17H21005510001_7400-5_DM n. 443 del 2021,,,
82,D17H21005520001,3250000.0,0.0,0.0,0.0,0.08785489049999999,0.052712933,0.22842271075000004,0.2339325495,0.23684372725,0.24017077174999998,0.230813453,0.251399525,0.25784566600000003,0.28279847375,0.291116085,0.29132401999999996,0.29132401999999996,0.27344117449999994,0.0,0.0,0.0,0,1.6878494392499999,10-7400-5,7400,5,7400-5,"Legge n. 145 del 2018, art. 1 , comma 95",Legge,145,2018,1,95.0,DM n. 443 del 2021,DM,443.0,2021.0,Torino,Tramvia,Sostituzione 168 scambi,NUOVO FONDO UNICO TRM,,D17H21005520001_7400-5_DM n. 443 del 2021,,,
83,D17H21005530001,620000.0,0.0,0.0,0.0,0.01676000988,0.01005600568,0.04357602482,0.04462713252,0.04518249566,0.045817193379999996,0.04403210488,0.047959294,0.04918901936,0.053949247299999996,0.0555359916,0.055575659199999995,0.055575659199999995,0.05216416252,0.0,0.0,0.0,0,0.32198973918,10-7400-5,7400,5,7400-5,"Legge n. 145 del 2018, art. 1 , comma 95",Legge,145,2018,1,95.0,DM n. 443 del 2021,DM,443.0,2021.0,Torino,Tramvia,Sostituzione linea aerea ,NUOVO FONDO UNICO TRM,,D17H21005530001_7400-5_DM n. 443 del 2021,,,
84,D17H21005540001,1050000.0,0.0,0.0,0.0,0.0283838877,0.0170303322,0.07379810655,0.0755782083,0.07651874265,0.07759363395,0.0745705002,0.081221385,0.0833039844,0.09136566075,0.09405288900000001,0.094120068,0.094120068,0.0883425333,0.0,0.0,0.0,0,0.54530520345,10-7400-5,7400,5,7400-5,"Legge n. 145 del 2018, art. 1 , comma 95",Legge,145,2018,1,95.0,DM n. 443 del 2021,DM,443.0,2021.0,Torino,Tramvia,Sostituzione pali di sostegno,NUOVO FONDO UNICO TRM,,D17H21005540001_7400-5_DM n. 443 del 2021,,,
85,D44D21000410001,2180000.0,0.0,0.0,0.0,0.05893035514,0.0353582157,0.15321892598000003,0.15691475628,0.15886748256000002,0.16109916600000002,0.1548225645,0.168631066,0.17295493904000003,0.1896925147,0.19527171240000002,0.1954111888,0.1954111888,0.1834159240999997,0.0,0.0,0.0,0,1.1321574678399997,10-7400-5,7400,5,7400-5,"Legge n. 145 del 2018, art. 1 , comma 95",Legge,145,2018,1,95.0,DM n. 443 del 2021,DM,443.0,2021.0,Messina,Tramvia,Sostituzione linea di contatto e cavi,NUOVO FONDO UNICO TRM,,D44D21000410001_7400-5_DM n. 443 del 2021,,,
86,D44D21000420001,1000000.0,0.0,0.0,0.0,0.027032273,0.016219365,0.070283911,0.071979246,0.072874992,0.0738987,0.071019525,0.0773537,0.079337128,0.087014915,0.08957418,0.08963816,0.08963816,0.08413574499999996,0.0,0.0,0.0,0,0.519338288,10-7400-5,7400,5,7400-5,"Legge n. 145 del 2018, art. 1 , comma 95",Legge,145,2018,1,95.0,DM n. 443 del 2021,DM,443.0,2021.0,Messina,Tramvia,Sottostazioni elettriche e impianti di segnalamento,NUOVO FONDO UNICO TRM,,D44D21000420001_7400-5_DM n. 443 del 2021,,,
87,D48H21000600001,16000000.0,0.0,0.0,0.0,0.432516368,0.25950984,1.124542576,1.151667936,1.165999872,1.1823792,1.1363124,1.2376592,1.269394048,1.39223864,1.43318688,1.43421056,1.43421056,1.3461719199999993,0.0,0.0,0.0,0,8.309412608,10-7400-5,7400,5,7400-5,"Legge n. 145 del 2018, art. 1 , comma 95",Legge,145,2018,1,95.0,DM n. 443 del 2021,DM,443.0,2021.0,Messina,Tramvia,Manutenzione armamento,NUOVO FONDO UNICO TRM,,D48H21000600001_7400-5_DM n. 443 del 2021,,,
88,D49D15001920001,38554216.867469884,0.0,0.0,0.0,0.0,0.0,2.9046411484085826,2.894678374933448,2.9307015000751577,2.9718697599613795,2.8560826824194825,3.110814971204668,3.1905789236048556,3.4993451819095935,3.60226654981816,3.604839835383429,3.604839835383429,3.3835581043676966,0.0,0.0,0.0,0,20.885428430467165,10-7150-3,7150,3,7150-3,"Legge n. 145 del 2018, art. 1 , comma 95",Legge,145,2018,1,95.0,DM n. 332 del 2024,DM,332.0,2024.0,Lecce,Ferrovia regionale,Ferrovia Maglie-Otranto - Elettrificazione dorsale Salento (tratta Zollino-Gagliano),NO,,D49D15001920001_7150-3_DM n. 332 del 2024,,,
89,D49I21000120001,750000.0,0.0,0.0,0.0,0.02027420475,0.01216452375,0.05271293325,0.0539844345,0.054656244,0.055424025,0.05326464375,0.058015275,0.059502846000000005,0.06526118624999999,0.067180635,0.06722861999999999,0.06722861999999999,0.06310180874999999,0.0,0.0,0.0,0,0.38950371599999994,10-7400-5,7400,5,7400-5,"Legge n. 145 del 2018, art. 1 , comma 95",Legge,145,2018,1,95.0,DM n. 443 del 2021,DM,443.0,2021.0,Messina,Tramvia,Revisione materiale rotabile,NUOVO FONDO UNICO TRM,,D49I21000120001_7400-5_DM n. 443 del 2021,,,
90,D61G21000120001,550000.0,0.0,0.0,0.0,0.01795,0.01055,0.039020000000000006,0.03917,0.03966000000000001,0.04025,0.038650000000000004,0.0421,0.04318,0.047360000000000006,0.04875,0.04878,0.0488,0.04578,0.0,0.0,0.0,0,0.28265,10-7150-4,7150,4,7150-4,"Legge n. 145 del 2018, art. 1 , comma 95",Legge,145,2018,1,95.0,DM n. 332 del 2024,DM,332.0,2024.0,Domodossola,Ferrovia regionale,Linea Domodossola-Svizzera - Realizzazioni impianti di comunicazione,NO,,D61G21000120001_7150-4_DM n. 332 del 2024,,,
91,D61G21000130001,1700000.0,0.0,0.0,0.0,0.05548181818181818,0.03260909090909091,0.12060727272727273,0.12107090909090909,0.12258545454545455,0.1244090909090909,0.11946363636363637,0.13012727272727273,0.13346545454545453,0.14638545454545454,0.1506818181818182,0.15077454545454544,0.15083636363636363,0.14150181818181817,0.0,0.0,0.0,0,0.8736454545454545,10-7150-4,7150,4,7150-4,"Legge n. 145 del 2018, art. 1 , comma 95",Legge,145,2018,1,95.0,DM n. 332 del 2024,DM,332.0,2024.0,Domodossola,Ferrovia regionale,Linea Domodossola-Svizzera - Nuove recinzioni tratto Vigezzina-Centovalli,NO,,D61G21000130001_7150-4_DM n. 332 del 2024,,,
92,D69D15002090001,11445783.13253012,0.0,0.0,0.0,0.0,0.0,0.8623153409337978,0.8593576425583672,0.8700520078348123,0.8822738349885344,0.8478995463432836,0.9235231945763858,0.9472031179451914,1.0388681008794105,1.069422881977266,1.0701868261294551,1.0701868261294551,1.0044938122341596,0.0,0.0,0.0,0,6.200361565294937,10-7150-3,7150,3,7150-3,"Legge n. 145 del 2018, art. 1 , comma 95",Legge,145,2018,1,95.0,DM n. 332 del 2024,DM,332.0,2024.0,Lecce,Ferrovia regionale,Ferrovia Maglie-Otranto - Elettrificazione dorsale Salento (tratta Maglie-Otranto),NO,,D69D15002090001_7150-3_DM n. 332 del 2024,,,
93,D71D18000520001,199397574.93,0.0,0.0,0.0,0.0,6.33008175,4.43105722,4.43105722,4.43105722,4.43105722,4.43105722,6.33008174,12.66016349,12.66016349,31.650408719999998,31.650408719999998,18.99024523,18.99024523,18.99024523,18.99024523,0.0,0,164.58212533999998,10-7400-1,7400,1,7400-1,"Legge n. 178 del 2020,  Sezione II",Legge,178,2020,,,DM n. 44 del 2021,DM,44.0,2021.0,Palermo,Tramvia,"Sistema Tram Palermo - Tratte D, E2, F, G e parcheggi di interscambio",NUOVO FONDO UNICO TRM,,D71D18000520001_7400-1_DM n. 44 del 2021,,,
94,D71D18000520001,281874138.07,0.0,0.0,0.0,0.0,1.71210029,7.46994832,14.40920003,24.86542406,25.26140663,23.11372671,23.988438719999998,24.603526940000002,26.98451321,27.778175609999998,27.79801703,27.79801703,26.09164349,0.0,0.0,0.0,0,161.05389330999998,10-7400-4,7400,4,7400-4,"Legge n. 145 del 2018, art. 1 , comma 95",Legge,145,2018,1,95.0,DM n. 44 del 2021,DM,44.0,2021.0,Palermo,Tramvia,"Sistema Tram Palermo - Tratte D, E2, F, G e parcheggi di interscambio",NUOVO FONDO UNICO TRM,,D71D18000520001_7400-4_DM n. 44 del 2021,,,
95,D71D18000520001,-74370000.0,0.0,0.0,0.0,0.0,0.0,0.0,0.0,0.0,0.0,0.0,0.0,-5.95,-5.95,-11.88,-14.87,-8.93,-8.93,-8.93,-8.93,0.0,0,-74.37,10-7400-1,7400,1,7400-1,"DL n. 68 del 2022, art. 9 , comma 2",DL,68,2022,9,2.0,DD n. 264 del 2022,DD,264.0,2022.0,Palermo,Tramvia,"Sistema Tram Palermo - Tratte D, E2, F, G e parcheggi di interscambio",NUOVO FONDO UNICO TRM,,D71D18000520001_7400-1_DD n. 264 del 2022,,,
96,D71D18000520001,74370000.0,0.0,0.0,0.0,0.0,0.0,5.95,5.95,11.88,14.87,17.86,17.86,0.0,0.0,0.0,0.0,0.0,0.0,0.0,0.0,0.0,0,0.0,10-7400-1,7400,1,7400-1,"DL n. 68 del 2022, art. 9 , comma 2",DL,68,2022,9,2.0,DD n. 340 del 2022,DD,340.0,2022.0,Palermo,Tramvia,"Sistema Tram Palermo - Tratte D, E2, F, G e parcheggi di interscambio",NUOVO FONDO UNICO TRM,,D71D18000520001_7400-1_DD n. 340 del 2022,,,
97,D71D18000520001,-90212125.34,0.0,0.0,0.0,0.0,0.0,0.0,0.0,0.0,0.0,0.0,0.0,-6.71016349,-6.71016349,-19.77040872,-16.78040872,-10.06024523,-10.06024523,-10.06024523,-10.06024523,0.0,0,-90.21212534,10-7400-1,7400,1,7400-1,"Legge n. 197 del 2022,  Sezione II",Legge,197,2022,,,DD n. 341 del 2022,DD,341.0,2022.0,Palermo,Tramvia,"Sistema Tram Palermo - Tratte D, E2, F, G e parcheggi di interscambio",NUOVO FONDO UNICO TRM,,D71D18000520001_7400-1_DD n. 341 del 2022,,,
98,D71D18000520001,90212130.58000001,0.0,0.0,0.0,0.0,0.0,0.0,16.8,16.8,30.0,26.61213058,0.0,0.0,0.0,0.0,0.0,0.0,0.0,0.0,0.0,0.0,0,0.0,10-7400-1,7400,1,7400-1,"Legge n. 197 del 2022,  Sezione II",Legge,197,2022,,,DD n. 128 del 2023,DD,128.0,2023.0,Palermo,Tramvia,"Sistema Tram Palermo - Tratte D, E2, F, G e parcheggi di interscambio",NUOVO FONDO UNICO TRM,,D71D18000520001_7400-1_DD n. 128 del 2023,,,
99,D71D18000520001,-58663376.34706219,0.0,0.0,0.0,0.0,0.0,0.0,0.0,0.0,0.0,0.0,0.0,-0.060108525716817005,-20.716700013264532,-5.6452744405355935,-9.225989727894902,-12.167501129812486,-10.847802509837862,0.0,0.0,0.0,0,-58.66337634706219,10-7400-4,7400,4,7400-4,"DL n. 68 del 2022, art. 9 , comma 2",DL,68,2022,9,2.0,DD n. 264 del 2022,DD,264.0,2022.0,Palermo,Tramvia,"Sistema Tram Palermo - Tratte D, E2, F, G e parcheggi di interscambio",NUOVO FONDO UNICO TRM,,D71D18000520001_7400-4_DD n. 264 del 2022,,,
100,D71D18000520001,58663376.35,0.0,0.0,0.0,0.0,0.0,0.06010853,20.71670001,5.645274440000001,9.22598973,12.167501130000002,10.84780251,0.0,0.0,0.0,0.0,0.0,0.0,0.0,0.0,0.0,0,0.0,10-7400-4,7400,4,7400-4,"DL n. 68 del 2022, art. 9 , comma 2",DL,68,2022,9,2.0,DD n. 340 del 2022,DD,340.0,2022.0,Palermo,Tramvia,"Sistema Tram Palermo - Tratte D, E2, F, G e parcheggi di interscambio",NUOVO FONDO UNICO TRM,,D71D18000520001_7400-4_DD n. 340 del 2022,,,
101,D71D18000520001,-102390516.96000001,0.0,0.0,0.0,0.0,0.0,0.0,0.0,0.0,0.0,0.0,0.0,-24.54341841,-6.2678132,-22.13290117,-18.572027300000002,-15.6305159,-15.243840979999995,0.0,0.0,0.0,0,-102.39051696000001,10-7400-4,7400,4,7400-4,"Legge n. 197 del 2022,  Sezione II",Legge,197,2022,,,DD n. 341 del 2022,DD,341.0,2022.0,Palermo,Tramvia,"Sistema Tram Palermo - Tratte D, E2, F, G e parcheggi di interscambio",NUOVO FONDO UNICO TRM,,D71D18000520001_7400-4_DD n. 341 del 2022,,,
102,D71D18000520001,102390511.72000001,0.0,0.0,0.0,0.0,0.0,0.0,24.54341841,16.2678132,22.13290117,29.446378940000002,10.0,0.0,0.0,0.0,0.0,0.0,0.0,0.0,0.0,0.0,0,0.0,10-7400-4,7400,4,7400-4,"Legge n. 197 del 2022,  Sezione II",Legge,197,2022,,,DD n. 128 del 2023,DD,128.0,2023.0,Palermo,Tramvia,"Sistema Tram Palermo - Tratte D, E2, F, G e parcheggi di interscambio",NUOVO FONDO UNICO TRM,,D71D18000520001_7400-4_DD n. 128 del 2023,,,
103,D77D21000000001,3000000.0,0.0,0.0,0.0,0.09790909090909092,0.057545454545454545,0.21283636363636366,0.21365454545454546,0.21632727272727276,0.21954545454545454,0.21081818181818185,0.22963636363636364,0.2355272727272727,0.25832727272727274,0.26590909090909093,0.26607272727272724,0.2661818181818182,0.2497090909090909,0.0,0.0,0.0,0,1.5417272727272728,10-7150-4,7150,4,7150-4,"Legge n. 145 del 2018, art. 1 , comma 95",Legge,145,2018,1,95.0,DM n. 332 del 2024,DM,332.0,2024.0,Domodossola,Ferrovia regionale,Linea Domodossola-Svizzera - Sostituzione impalcato Ponte della Mizzoccola,NO,,D77D21000000001_7150-4_DM n. 332 del 2024,,,
104,D81D16000010001,7440000.0,2.9220808758049683,1.0905322023919044,1.869483775528979,0.3115806292548298,0.3115806292548298,0.3115806292548298,0.3115806292548298,0.3115806292548298,0.0,0.0,0.0,0.0,0.0,0.0,0.0,0.0,0.0,0.0,0.0,0.0,0,0.0,10-7423-1,7423,1,7423-1,"Legge n. 147 del 2013, art. 1 , comma 88",Legge,147,2013,1,88.0,DM n. 86 del 2018,DM,86.0,2018.0,Torino,Metropolitana,Linea 1 - Ampliamento officina di Collegno,NO,,D81D16000010001_7423-1_DM n. 86 del 2018,,,
105,D81E20000410007,35085990.37,0.0,0.0,0.0,0.055325484258895975,0.11065096851779195,0.22130197212157426,0.47026672145858694,0.6085804321058268,2.517310024983632,3.1535531992189068,3.8270857991054084,3.9834356385322987,4.426039582775447,4.426039582775447,2.766274739234654,2.7109492549757586,2.766274739234654,3.0429022307011158,0.0,0.0,0,24.121915768229375,10-7400-7,7400,7,7400-7,"Legge n. 160 del 2019, art. 1 , comma 14",Legge,160,2019,1,14.0,DM n. 464 del 2021,DM,464.0,2021.0,Torino,Metropolitana,Linea 1 - Deposito di Collegno,NUOVO FONDO UNICO TRM,,D81E20000410007_7400-7_DM n. 464 del 2021,,,
106,D81F16000000001,790000000.0,0.0,0.0,0.0,0.0,10.0,10.0,10.0,10.0,10.0,10.0,10.0,10.0,10.0,10.0,10.0,10.0,10.0,10.0,10.0,10.0,630,720.0,10-7422-3,7422,3,7422-3,"Legge n. 178 del 2020, art. 1 , comma 660",Legge,178,2020,1,660.0,Finanziato con legge,,,,Brescia,Metropolitana,Linea M1 - Gestione Metrobus di Brescia,NO,,D81F16000000001_7422-3_Finanziato con legge,,,
107,D81F16000000001,-75000000.0,0.0,0.0,0.0,0.0,0.0,0.0,0.0,0.0,-1.0,-1.0,-1.0,-1.0,-1.0,-1.0,-1.0,-1.0,-1.0,-1.0,-1.0,-1.0,-63,-72.0,10-7422-3,7422,3,7422-3,"Legge n. 207 del 2024,  Sezione II",Legge,207,2024,,,Finanziato con legge,,,,Brescia,Metropolitana,Linea M1 - Gestione Metrobus di Brescia,NO,,D81F16000000001_7422-3_Finanziato con legge,,,
108,D81G21000050001,250000.0,0.0,0.0,0.0,0.00815909090909091,0.0047954545454545455,0.017736363636363637,0.017804545454545455,0.01802727272727273,0.018295454545454545,0.01756818181818182,0.019136363636363635,0.019627272727272726,0.021527272727272728,0.02215909090909091,0.02217272727272727,0.02218181818181818,0.02080909090909091,0.0,0.0,0.0,0,0.12847727272727272,10-7150-4,7150,4,7150-4,"Legge n. 145 del 2018, art. 1 , comma 95",Legge,145,2018,1,95.0,DM n. 332 del 2024,DM,332.0,2024.0,Domodossola,Ferrovia regionale,Linea Domodossola-Svizzera - Viabilità alternativa,NO,,D81G21000050001_7150-4_DM n. 332 del 2024,,,
109,D87G20000120006,2041389.2,0.0,0.0,0.0,0.055183392195040794,0.033110034500468795,0.1434768168491612,0.14693765336715398,0.1487662236602756,0.15085600603265079,0.14497849132413,0.15790900776003997,0.1619579562582176,0.17763130976130717,0.18285576365085598,0.18298637173187196,0.18298637173187196,0.171753801176954,0.0,0.0,0.0,0,1.0601715743110787,10-7400-5,7400,5,7400-5,"Legge n. 145 del 2018, art. 1 , comma 95",Legge,145,2018,1,95.0,DM n. 342 del 2022,DM,342.0,2022.0,Rimini,Filovia,Rimini -Riccione - Manutenzione straordinaria,NUOVO FONDO UNICO TRM,,D87G20000120006_7400-5_DM n. 342 del 2022,,,
110,D87G21000050001,3300000.0,0.0,0.0,0.0,0.08920650089999999,0.053523901199999994,0.2319369096,0.2375315085,0.2404874802,0.24386570999999999,0.2343644292,0.25526720999999997,0.2618125191,0.2871492195,0.2955947907,0.2958059313,0.2958059313,0.27764795849999996,0.0,0.0,0.0,0,1.7138163504,10-7400-5,7400,5,7400-5,"Legge n. 145 del 2018, art. 1 , comma 95",Legge,145,2018,1,95.0,DM n. 443 del 2021,DM,443.0,2021.0,Brescia,Metropolitana,Sostituzione traverse monoblocco,NUOVO FONDO UNICO TRM,,D87G21000050001_7400-5_DM n. 443 del 2021,,,
111,D91E20000170001,48976182.34,0.0,0.0,1.15543199,0.28134769,0.59712516,1.7378076299999998,3.9747589,4.401246769999999,5.5381925899999995,6.88220778,7.08951177,6.57609263,4.66404895,3.52115041,1.37698619,0.5901369399999999,0.5901369399999999,0.0,0.0,0.0,0,17.318552060000002,10-7400-3,7400,3,7400-3,"Legge n. 205 del 2017, art. 1 , comma 1072",Legge,205,2017,1,1072.0,DM n. 185 del 2020,DM,185.0,2020.0,Rimini,Filovia,Rimini -Riccione - 2^ tratta,NUOVO FONDO UNICO TRM,,D91E20000170001_7400-3_DM n. 185 del 2020,,,
112,D91E20000170001,-6366914.940000001,0.0,0.0,0.0,0.0,0.0,0.0,0.0,0.0,0.0,0.0,0.0,-1.0896942299999999,-2.8627862200000003,-1.2113158700000002,-0.64775772,-0.27768045,-0.27768045,0.0,0.0,0.0,0,-6.366914940000001,10-7400-3,7400,3,7400-3,"DL n. 68 del 2022, art. 9 , comma 2",DL,68,2022,9,2.0,DD n. 262 del 2022,DD,262.0,2022.0,Rimini,Filovia,Rimini -Riccione - 2^ tratta,NUOVO FONDO UNICO TRM,,D91E20000170001_7400-3_DD n. 262 del 2022,,,
113,D91E20000170001,6366914.940000001,0.0,0.0,0.0,0.0,0.0,1.0896942299999999,2.8627862200000003,1.2113158700000002,0.64775772,0.27768045,0.27768045,0.0,0.0,0.0,0.0,0.0,0.0,0.0,0.0,0.0,0,0.0,10-7400-3,7400,3,7400-3,"DL n. 68 del 2022, art. 9 , comma 2",DL,68,2022,9,2.0,DD n. 414 del 2022,DD,414.0,2022.0,Rimini,Filovia,Rimini -Riccione - 2^ tratta,NUOVO FONDO UNICO TRM,,D91E20000170001_7400-3_DD n. 414 del 2022,,,
114,D91E20000170001,-10951637.120000003,0.0,0.0,0.0,0.0,0.0,0.0,0.0,0.0,0.0,0.0,0.0,-5.486398400000001,-1.80126273,-2.30983454,-0.72922847,-0.31245649,-0.31245649,0.0,0.0,0.0,0,-10.951637120000003,10-7400-3,7400,3,7400-3,"Legge n. 197 del 2022,  Sezione II",Legge,197,2022,,,DD n. 344 del 2022,DD,344.0,2022.0,Rimini,Filovia,Rimini -Riccione - 2^ tratta,NUOVO FONDO UNICO TRM,,D91E20000170001_7400-3_DD n. 344 del 2022,,,
115,D91E20000170001,10951637.120000001,0.0,0.0,0.0,0.0,0.0,0.0,5.486398400000001,1.80126273,2.30983454,0.72922847,0.62491298,0.0,0.0,0.0,0.0,0.0,0.0,0.0,0.0,0.0,0,0.0,10-7400-3,7400,3,7400-3,"Legge n. 197 del 2022,  Sezione II",Legge,197,2022,,,DD n. 126 del 2023,DD,126.0,2023.0,Rimini,Filovia,Rimini -Riccione - 2^ tratta,NUOVO FONDO UNICO TRM,,D91E20000170001_7400-3_DD n. 126 del 2023,,,
116,D91H98000000003,8850000.0,0.126555,0.70977,0.7965,0.708,1.593,1.239,1.6815,1.416,0.579675,0.0,0.0,0.0,0.0,0.0,0.0,0.0,0.0,0.0,0.0,0.0,0,0.0,10-7400-2,7400,2,7400-2,"Legge n. 232 del 2016, art. 1 , comma 140",Legge,232,2016,1,140.0,DM n. 360 del 2018,DM,360.0,2018.0,Rimini,Filovia,Rimini -Riccione - 1^ tratta,NUOVO FONDO UNICO TRM,,D91H98000000003_7400-2_DM n. 360 del 2018,,,
117,E11B21000940001,36000000.0,0.0,0.0,0.0,1.1736,0.6903663157894737,2.5543705263157896,2.5643368421052632,2.5962821052631577,2.6327368421052633,2.5301557894736844,2.755894736842105,2.8264926315789474,3.1000168421052634,3.191191578947368,3.1935031578947366,3.193465263157895,2.997587368421053,0.0,0.0,0.0,0,18.502256842105265,10-7150-4,7150,4,7150-4,"Legge n. 145 del 2018, art. 1 , comma 95",Legge,145,2018,1,95.0,DM n. 332 del 2024,DM,332.0,2024.0,Brescia,Ferrovia regionale,Rete Ferrovienord - Installazione sistema ACC-M rete ramo Iseo ,NO,,E11B21000940001_7150-4_DM n. 332 del 2024,,,
118,E31E18000230005,6465580.4,0.0,0.0,0.0,0.06610558,0.05,0.05068687,0.08861647,0.80989483,0.5844403499999999,0.53475227,0.55498934,0.5692198399999999,0.6243056300000001,0.64266756,0.6431266,0.6431266,0.6036484599999999,0.0,0.0,0.0,0,3.72609469,10-7400-4,7400,4,7400-4,"Legge n. 145 del 2018, art. 1 , comma 95",Legge,145,2018,1,95.0,DM n. 350 del 2020,DM,350.0,2020.0,Ancona,Filovia,Adeguamento infrastrutturale,NUOVO FONDO UNICO TRM,,E31E18000230005_7400-4_DM n. 350 del 2020,,,
119,E31J19000030001,26500000.0,0.0,0.0,0.0,0.0,0.20748831,3.3732018900000003,6.71802154,3.02585173,3.81792677,2.21231518,2.21352804,1.6653041100000001,0.93360499,0.8610701700000001,0.8610701700000001,0.42772168,0.049844349999999996,0.049844349999999996,0.08320672,0.0,0,4.93166654,10-7400-1,7400,1,7400-1,"Legge n. 234 del 2021,  Sezione II",Legge,234,2021,,,DI n. 97 del 2022,DI,97.0,2022.0,Piacenza,Busvia,Collegamento fra stazione di Piacenza e nuovo polo ospedaliero,NUOVO FONDO UNICO TRM,,E31J19000030001_7400-1_DI n. 97 del 2022,,,
120,E47D23000020001,59000000.0,0.0,0.0,0.0,1.9233999999999998,1.1314336842105264,4.186329473684211,4.202663157894737,4.2550178947368416,4.3147631578947365,4.146644210526316,4.516605263157895,4.632307368421053,5.080583157894737,5.230008421052632,5.233796842105263,5.233734736842106,4.912712631578947,0.0,0.0,0.0,0,30.323143157894737,10-7150-4,7150,4,7150-4,"Legge n. 145 del 2018, art. 1 , comma 95",Legge,145,2018,1,95.0,DM n. 332 del 2024,DM,332.0,2024.0,Brescia,Ferrovia regionale,Rete Ferrovienord - Completamento programmi di rinnovo armamento rete ramo Iseo ,NO,,E47D23000020001_7150-4_DM n. 332 del 2024,,,
121,E50D16000010003,9200000.0,0.0,0.0,0.0,0.0,0.0,0.0,3.2,3.0,3.0,0.0,0.0,0.0,0.0,0.0,0.0,0.0,0.0,0.0,0.0,0.0,0,0.0,10-7173-1,7173,1,7173-1,"DL n. 68 del 2022, art. 8 , comma 12",DL,68,2022,8,12.0,DI n. 390 del 2022,DI,390.0,2022.0,Bolzano,Ferrovia regionale,Acquisto di 1 rotabile,NO,,E50D16000010003_7173-1_DI n. 390 del 2022,,,
122,E51B21002250001,20000000.0,0.0,0.0,0.0,0.195027,0.390054,1.462705,1.457686,1.475826,1.496558,1.43825,1.566527,1.606694,1.762181,1.814009,1.815305,1.815305,1.703873,0.0,0.0,0.0,0,10.517367,10-7150-3,7150,3,7150-3,"Legge n. 145 del 2018, art. 1 , comma 95",Legge,145,2018,1,95.0,DM n. 332 del 2024,DM,332.0,2024.0,Milano,Ferrovia regionale,Ferrovia Milano-Varese-Laveno - Raddoppio selettivo e sistemazioni incroci,NO,,E51B21002250001_7150-3_DM n. 332 del 2024,,,
123,E51I04000010007,36400000.0,14.296202999999998,5.3354,9.146396999999999,1.5244,1.5244,1.5244,1.5244,1.5244,0.0,0.0,0.0,0.0,0.0,0.0,0.0,0.0,0.0,0.0,0.0,0.0,0,0.0,10-7423-1,7423,1,7423-1,"Legge n. 147 del 2013, art. 1 , comma 88",Legge,147,2013,1,88.0,DM n. 86 del 2018,DM,86.0,2018.0,Roma,Metropolitana,Linea C - Fornitura 3 treni,NO,,E51I04000010007_7423-1_DM n. 86 del 2018,,,
124,E51I04000010007,113733987.0,0.0,0.0,0.0,0.0,0.0,27.55340864,18.30410904,12.67702474,15.99548041,9.2686545,9.27373585,6.97691207,3.91140563,3.60751577,3.60751577,1.7919709099999999,0.20882651000000002,0.20882651000000002,0.34860065,0.0,0,20.661573820000005,10-7400-1,7400,1,7400-1,"Legge n. 234 del 2021,  Sezione II",Legge,234,2021,,,DI n. 97 del 2022,DI,97.0,2022.0,Roma,Metropolitana,Linea C - Tratta Venezia - Fori Imperiali,NUOVO FONDO UNICO TRM,,E51I04000010007_7400-1_DI n. 97 del 2022,,,
125,E51I04000010007,1486266013.0,0.0,0.0,0.0,0.0,0.0,20.0,14.01639344,37.51613151,78.99749468,98.32105309,107.18721852,130.32205701,115.57669835,119.42992654000001,117.33512468,129.51278304000002,129.51278304000002,129.51278304000002,129.51278304000002,129.51278302,0,1130.2277217600001,10-7400-8,7400,8,7400-8,"Legge n. 234 del 2021, art. 1 , comma 393",Legge,234,2021,1,393.0,DI n. 97 del 2022,DI,97.0,2022.0,Roma,Metropolitana,Linea C - Tratta Venezia - Fori Imperiali,NUOVO FONDO UNICO TRM,,E51I04000010007_7400-8_DI n. 97 del 2022,,,
126,E51I04000010007,2125000000.0,0.0,0.0,0.0,0.0,0.0,0.0,0.0,50.0,25.0,50.0,350.0,200.0,150.0,450.0,450.0,400.0,0.0,0.0,0.0,0.0,0,1650.0,10-7419-2,7419,2,7419-2,"Legge n. 197 del 2022, art. 1 , comma 478",Legge,197,2022,1,478.0,DD n. 141 del 2025,DD,141.0,2025.0,Roma,Metropolitana,"Linea C - Realizzazione T1, completamento T2, adeguamento T3",NO,,E51I04000010007_7419-2_DD n. 141 del 2025,,,
127,E51I04000010007,145000000.0,0.0,0.0,0.0,0.0,14.0,35.0,40.0,33.5,22.5,0.0,0.0,0.0,0.0,0.0,0.0,0.0,0.0,0.0,0.0,0.0,0,0.0,10-7426-1,7426,1,7426-1,"DL n. 133 del 2014, art. 3 , comma 1",DL,133,2014,3,1.0,DD n. 454 del 2022,DD,454.0,2022.0,Roma,Metropolitana,Linea C - Tratta Colosseo - Piazza Venezia,NO,,E51I04000010007_7426-1_DD n. 454 del 2022,,,
128,E51I04000010007,75000000.0,0.0,0.0,0.0,0.0,0.0,0.0,0.0,0.0,0.0,0.0,50.0,25.0,0.0,0.0,0.0,0.0,0.0,0.0,0.0,0.0,0,25.0,10-7416-1,7416,1,7416-1,"Legge n. 145 del 2018, art. 1 , comma 931",Legge,145,2018,1,931.0,DD n. 141 del 2025,DD,141.0,2025.0,Roma,Metropolitana,"Linea C - Realizzazione T1, completamento T2, adeguamento T3",NO,,E51I04000010007_7416-1_DD n. 141 del 2025,,,
129,E81B20001400003,59400000.0,0.0,0.0,0.0,0.0,5.748,13.7995,15.5225,14.44,9.51,0.38,0.0,0.0,0.0,0.0,0.0,0.0,0.0,0.0,0.0,0.0,0,0.0,10-7150-5,7150,5,7150-5,"DL n. 59 del 2021, art. 1 , comma 2",DL,59,2021,1,2.0,DM n. 265 del 2023,DM,265.0,2023.0,Milano,Ferrovia regionale,Rete Ferrovienord - Sostituzione sistema ACC-M rete ramo Milano,NO,,E81B20001400003_7150-5_DM n. 265 del 2023,,,
130,E89E19001340003,40240000.0,0.5807466456100772,3.2562610475653324,3.730351645046061,2.926989058093627,7.272515660838503,5.64683933070126,7.302323068245911,6.211440045121264,3.312533498777966,0.0,0.0,0.0,0.0,0.0,0.0,0.0,0.0,0.0,0.0,0.0,0,0.0,10-7400-2,7400,2,7400-2,"Legge n. 232 del 2016, art. 1 , comma 140",Legge,232,2016,1,140.0,DM n. 360 del 2018,DM,360.0,2018.0,Roma,Metropolitana,Linea A - Interventi adeguamento antincendio: alimentazione elettrica,NUOVO FONDO UNICO TRM,,E89E19001340003_7400-2_DM n. 360 del 2018,,,
131,E89E19001350001,28970000.0,0.41809717503290095,2.3442813754465126,2.685593617221282,2.107228454596729,5.235705235946606,4.065331396879112,5.257164495205865,4.471804624929498,2.384793624741493,0.0,0.0,0.0,0.0,0.0,0.0,0.0,0.0,0.0,0.0,0.0,0,0.0,10-7400-2,7400,2,7400-2,"Legge n. 232 del 2016, art. 1 , comma 140",Legge,232,2016,1,140.0,DM n. 360 del 2018,DM,360.0,2018.0,Roma,Metropolitana,Linea B - Interventi adeguamento antincendio: alimentazione elettrica,NUOVO FONDO UNICO TRM,,E89E19001350001_7400-2_DM n. 360 del 2018,,,
132,E89E19001360001,51900000.0,0.7490246249294981,4.199799909757473,4.811263677382966,3.7751175972927244,9.379810208685843,7.283075578116187,9.418254653130287,8.011275803722505,4.272377946982515,0.0,0.0,0.0,0.0,0.0,0.0,0.0,0.0,0.0,0.0,0.0,0,0.0,10-7400-2,7400,2,7400-2,"Legge n. 232 del 2016, art. 1 , comma 140",Legge,232,2016,1,140.0,DM n. 360 del 2018,DM,360.0,2018.0,Roma,Metropolitana,Linea A - Interventi adeguamento antincendio: banchine di gallerie e vie cavi,NUOVO FONDO UNICO TRM,,E89E19001360001_7400-2_DM n. 360 del 2018,,,
133,E89E19001370001,46960000.0,0.6777301808610642,3.8000501688287276,4.3533129535627,3.4157904117315288,8.4870113179169,6.589850272607633,8.521796503102086,7.248738183869149,3.8657200075202107,0.0,0.0,0.0,0.0,0.0,0.0,0.0,0.0,0.0,0.0,0.0,0,0.0,10-7400-2,7400,2,7400-2,"Legge n. 232 del 2016, art. 1 , comma 140",Legge,232,2016,1,140.0,DM n. 360 del 2018,DM,360.0,2018.0,Roma,Metropolitana,Linea B - Interventi adeguamento antincendio: banchine di gallerie e vie cavi,NUOVO FONDO UNICO TRM,,E89E19001370001_7400-2_DM n. 360 del 2018,,,
134,E89E19001380001,5590000.0,0.08067529197217523,0.4523483910509494,0.5182073980071441,0.40660707839819515,1.0102724290280127,0.7844391614965218,1.0144131697687535,0.8628715172024817,0.4601655630757661,0.0,0.0,0.0,0.0,0.0,0.0,0.0,0.0,0.0,0.0,0.0,0,0.0,10-7400-2,7400,2,7400-2,"Legge n. 232 del 2016, art. 1 , comma 140",Legge,232,2016,1,140.0,DM n. 360 del 2018,DM,360.0,2018.0,Roma,Metropolitana,Linea B - Interventi adeguamento antincendio: impianto idrico e vasche di accumulo,NUOVO FONDO UNICO TRM,,E89E19001380001_7400-2_DM n. 360 del 2018,,,
135,E89E19001390001,10860000.0,0.1567323203609701,0.8788020620417372,1.0067499717992103,0.7899379018612521,1.9627117315284826,1.523973040045121,1.970756175972927,1.6763478849407782,0.8939889114495205,0.0,0.0,0.0,0.0,0.0,0.0,0.0,0.0,0.0,0.0,0.0,0,0.0,10-7400-2,7400,2,7400-2,"Legge n. 232 del 2016, art. 1 , comma 140",Legge,232,2016,1,140.0,DM n. 360 del 2018,DM,360.0,2018.0,Roma,Metropolitana,Linea A - Interventi adeguamento antincendio: impianto idrico e vasche di accumulo,NUOVO FONDO UNICO TRM,,E89E19001390001_7400-2_DM n. 360 del 2018,,,
136,F11B21007070001,100000000.0,0.0,0.0,0.0,0.0,7.040708221434164,20.38421902591487,28.263890361474335,26.30125273017342,17.313103959265998,0.6968257017372073,0.0,0.0,0.0,0.0,0.0,0.0,0.0,0.0,0.0,0.0,0,0.0,10-7150-5,7150,5,7150-5,"DL n. 59 del 2021, art. 1 , comma 2",DL,59,2021,1,2.0,DM n. 265 del 2023,DM,265.0,2023.0,Sassari,Ferrovia regionale,Ferrovia Sassari-Alghero - Interventi di potenziamento tratta Alghero-Aeroporto,NO,,F11B21007070001_7150-5_DM n. 265 del 2023,,,
137,F11J20000200003,40500000.0,0.0,0.0,0.0,1.3204006211180126,0.776644099378882,2.8737391304347826,2.8849080745341613,2.92077950310559,2.961782608695652,2.846470807453416,3.1003378881987573,3.1798285714285717,3.487527950310559,3.5901614906832293,3.59267701863354,3.59267701863354,3.372065217391304,0.0,0.0,0.0,0,20.814937267080744,10-7150-4,7150,4,7150-4,"Legge n. 145 del 2018, art. 1 , comma 95",Legge,145,2018,1,95.0,DM n. 332 del 2024,DM,332.0,2024.0,Napoli,Ferrovia regionale,Linee Vesuviane e Flegree - Implementazione di reti TLC ad alta capacità,NO,,F11J20000200003_7150-4_DM n. 332 del 2024,,,
138,F19J21007040003,150000000.0,0.0,0.0,0.0,0.0,14.51558952764555,34.83833760527279,39.19553277187843,36.47617173196631,24.007689491028927,0.9666788722079824,0.0,0.0,0.0,0.0,0.0,0.0,0.0,0.0,0.0,0.0,0,0.0,10-7150-5,7150,5,7150-5,"DL n. 59 del 2021, art. 1 , comma 2",DL,59,2021,1,2.0,DM n. 265 del 2023,DM,265.0,2023.0,Napoli,Ferrovia regionale,Linea suburbana EAV - Sviluppo tecnologico: adeguamento antincendio gallerie,NO,,F19J21007040003_7150-5_DM n. 265 del 2023,,,
139,F19J21007050003,20000000.0,0.0,0.0,0.0,0.0,1.9354119370194067,4.645111680703039,5.226071036250458,4.863489564262175,3.2010252654705234,0.12889051629439766,0.0,0.0,0.0,0.0,0.0,0.0,0.0,0.0,0.0,0.0,0,0.0,10-7150-5,7150,5,7150-5,"DL n. 59 del 2021, art. 1 , comma 2",DL,59,2021,1,2.0,DM n. 265 del 2023,DM,265.0,2023.0,Caserta,Ferrovia regionale,Linea suburbana EAV - Sviluppo tecnologico: adeguamento antincendio gallerie,NO,,F19J21007050003_7150-5_DM n. 265 del 2023,,,
140,F30I17000020006,19000000.0,0.2717,1.5238,1.71,1.52,3.42,2.66,3.61,3.04,1.2445,0.0,0.0,0.0,0.0,0.0,0.0,0.0,0.0,0.0,0.0,0.0,0,0.0,10-7400-2,7400,2,7400-2,"Legge n. 232 del 2016, art. 1 , comma 140",Legge,232,2016,1,140.0,DM n. 360 del 2018,DM,360.0,2018.0,Vicenza,Filovia,Fornitura 16 filobus,NUOVO FONDO UNICO TRM,,F30I17000020006_7400-2_DM n. 360 del 2018,,,
141,F31F19000110001,509644482.6,0.0,0.0,0.78658366,0.29906027,1.65024496,12.1669058,36.05306874,46.904303369999994,57.730387130000004,72.24617019,81.85325286,75.92547845,53.8496289,40.65408508,15.898245560000001,6.81353381,6.81353381999999,0.0,0.0,0.0,0,199.95450562,10-7400-3,7400,3,7400-3,"Legge n. 205 del 2017, art. 1 , comma 1072",Legge,205,2017,1,1072.0,DM n. 607 del 2019,DM,607.0,2019.0,Bologna ,Tramvia,Linea Rossa - CAAB - Fiera Michelino,NUOVO FONDO UNICO TRM,,F31F19000110001_7400-3_DM n. 607 del 2019,,,
142,F31F19000110001,-68256286.46000001,0.0,0.0,0.0,0.0,0.0,0.0,0.0,0.0,0.0,0.0,0.0,-11.68202837,-30.690398329999997,-12.98586882,-6.9442638,-2.97686357,-2.97686357,0.0,0.0,0.0,0,-68.25628646000001,10-7400-3,7400,3,7400-3,"DL n. 68 del 2022, art. 9 , comma 2",DL,68,2022,9,2.0,DD n. 265 del 2022,DD,265.0,2022.0,Bologna,Tramvia,Linea Rossa - CAAB - Fiera Michelino,NUOVO FONDO UNICO TRM,,F31F19000110001_7400-3_DD n. 265 del 2022,,,
143,F31F19000110001,68256286.46000001,0.0,0.0,0.0,0.0,0.0,11.68202837,30.690398329999997,12.98586882,6.9442638,2.97686357,2.97686357,0.0,0.0,0.0,0.0,0.0,0.0,0.0,0.0,0.0,0,0.0,10-7400-3,7400,3,7400-3,"DL n. 68 del 2022, art. 9 , comma 2",DL,68,2022,9,2.0,DD n. 415 del 2022,DD,415.0,2022.0,Bologna,Tramvia,Linea Rossa - CAAB - Fiera Michelino,NUOVO FONDO UNICO TRM,,F31F19000110001_7400-3_DD n. 415 del 2022,,,
144,F31F19000110001,-131698219.15000004,0.0,0.0,0.0,0.0,0.0,0.0,0.0,0.0,0.0,0.0,0.0,-64.24345008,-23.159230570000002,-27.66821626,-8.95398176,-3.83667024,-3.83667024,0.0,0.0,0.0,0,-131.69821915000003,10-7400-3,7400,3,7400-3,"Legge n. 197 del 2022,  Sezione II",Legge,197,2022,,,DD n. 342 del 2022,DD,342.0,2022.0,Bologna,Tramvia,Linea Rossa - CAAB - Fiera Michelino,NUOVO FONDO UNICO TRM,,F31F19000110001_7400-3_DD n. 342 del 2022,,,
145,F31F19000110001,131698214.21999998,0.0,0.0,0.0,0.0,0.0,0.0,64.24360093,23.15927925,27.6682429,9.47304396,7.15404718,0.0,0.0,0.0,0.0,0.0,0.0,0.0,0.0,0.0,0,0.0,10-7400-3,7400,3,7400-3,"Legge n. 197 del 2022,  Sezione II",Legge,197,2022,,,DD n. 132 del 2023,DD,132.0,2023.0,Bologna,Tramvia,Linea Rossa - CAAB - Fiera Michelino,NUOVO FONDO UNICO TRM,,F31F19000110001_7400-3_DD n. 132 del 2023,,,
146,F39J21006510003,80000000.0,0.0,0.0,0.0,0.0,7.741647748077627,18.580446722812155,20.90428414500183,19.4539582570487,12.804101061882093,0.5155620651775906,0.0,0.0,0.0,0.0,0.0,0.0,0.0,0.0,0.0,0.0,0,0.0,10-7150-5,7150,5,7150-5,"DL n. 59 del 2021, art. 1 , comma 2",DL,59,2021,1,2.0,DM n. 265 del 2023,DM,265.0,2023.0,Napoli,Ferrovia regionale,Linea Vesuviana EAV - Potenziamento tratta Castellammare di Stabia-Sorrento,NO,,F39J21006510003_7150-5_DM n. 265 del 2023,,,
147,F40D17000000002,90000000.0,1.341252177205604,7.217999999999999,8.1,6.720636122680802,15.077697841726618,13.70412722453616,15.673558500567967,15.74335365391897,6.421374479363877,0.0,0.0,0.0,0.0,0.0,0.0,0.0,0.0,0.0,0.0,0.0,0,0.0,10-7400-2,7400,2,7400-2,"Legge n. 232 del 2016, art. 1 , comma 140",Legge,232,2016,1,140.0,DM n. 360 del 2018,DM,360.0,2018.0,Milano,Tramvia,Fornitura 50 tram,NUOVO FONDO UNICO TRM,,F40D17000000002_7400-2_DM n. 360 del 2018,,,
148,F40F18000030001,254761293.50160772,0.0,0.0,4.455019470780714,0.6443875845631418,3.01021095621523,9.061017682232958,12.78544062812859,17.931194812409057,28.40397586774788,36.41755198553416,41.26025066407213,38.27220254173739,27.144299201381877,20.49274380877357,8.013922159995753,3.434538069017633,3.434538069017633,0.0,0.0,0.0,0,100.79224384992386,10-7400-3,7400,3,7400-3,"Legge n. 205 del 2017, art. 1 , comma 1072",Legge,205,2017,1,1072.0,DM n. 607 del 2019,DM,607.0,2019.0,Milano,Metropolitana,Linea M3 - Fornitura 25 treni,NUOVO FONDO UNICO TRM,,F40F18000030001_7400-3_DM n. 607 del 2019,,,
149,F40F18000040008,42295000.0,0.0,0.0,0.7396141145573246,0.10698003811527236,0.49974967014492605,1.5042934411369855,2.1226152683326918,2.9769038858568013,4.715575677978002,6.0459748027556905,6.849950704249812,6.353880466902903,4.50644648149897,3.4021675250546197,1.330456574066976,0.5701956746745128,0.5701956746745128,0.0,0.0,0.0,0,16.73334239687249,10-7400-3,7400,3,7400-3,"Legge n. 205 del 2017, art. 1 , comma 1072",Legge,205,2017,1,1072.0,DM n. 607 del 2019,DM,607.0,2019.0,Milano ,Filovia,Fornitura 50 filobus,NUOVO FONDO UNICO TRM,,F40F18000040008_7400-3_DM n. 607 del 2019,,,
150,F40F18000050001,207900000.0,0.0,0.0,3.635554425262272,0.5258576645978278,2.456506831141509,7.394316264626534,10.433661527044961,14.632895563769452,23.17929266938472,29.71883583149091,33.670758988380086,31.232338315855625,22.15132340710807,16.723268198577973,6.5398255526309095,2.8027823800645755,2.8027823800645755,0.0,0.0,0.0,0,82.25232023430172,10-7400-3,7400,3,7400-3,"Legge n. 205 del 2017, art. 1 , comma 1072",Legge,205,2017,1,1072.0,DM n. 607 del 2019,DM,607.0,2019.0,Milano ,Metropolitana,Linea M1 - Fornitura 21 treni,NUOVO FONDO UNICO TRM,,F40F18000050001_7400-3_DM n. 607 del 2019,,,
151,F41B21005790009,30000000.0,0.0,0.0,0.0,0.978082,0.575282,2.1287,2.136695,2.163401,2.193784,2.108366,2.29634,2.355373,2.583892,2.65985,2.661257,2.661096,2.497882,0.0,0.0,0.0,0,15.419350000000001,10-7150-4,7150,4,7150-4,"Legge n. 145 del 2018, art. 1 , comma 95",Legge,145,2018,1,95.0,DM n. 332 del 2024,DM,332.0,2024.0,Napoli,Ferrovia regionale,Ferrovia Napoli-Piedimonte - Soppressione passaggi a livello,NO,,F41B21005790009_7150-4_DM n. 332 del 2024,,,
152,F41B22000740009,631373163.0,0.0,0.0,0.0,0.0,0.0,3.7332381165217323,10.023881066749574,28.635632681520413,51.54700152297147,58.6274861063232,78.06618318177973,77.9216161728133,56.53876750650409,47.87044613776924,38.54274891020491,35.97323231619124,35.97323231619124,35.97323231619124,35.97323231619124,35.973232332077366,0,400.73974032413383,10-7400-8,7400,8,7400-8,"Legge n. 234 del 2021, art. 1 , comma 393",Legge,234,2021,1,393.0,DI n. 97 del 2022,DI,97.0,2022.0,Napoli,Metropolitana,Collegamento Afragola AV - Metro di Napoli - Napoli - Casoria,NUOVO FONDO UNICO TRM,,F41B22000740009_7400-8_DI n. 97 del 2022,,,
153,F41B22000830009,163500824.0,0.0,0.0,0.0,0.0,0.0,0.9667618834782676,2.5957910632504255,7.415502928479583,13.34864659702853,15.1822137036768,20.216071928220252,20.178634757186696,14.641317713495914,12.396563312230755,9.981056489795092,9.315652723808752,9.315652723808752,9.315652723808752,9.315652723808752,9.315652727922634,0,103.77583589586611,10-7400-8,7400,8,7400-8,"Legge n. 234 del 2021, art. 1 , comma 393",Legge,234,2021,1,393.0,DI n. 97 del 2022,DI,97.0,2022.0,Napoli,Metropolitana,Collegamento Afragola AV - Metro di Napoli - Casoria - Afragola,NUOVO FONDO UNICO TRM,,F41B22000830009_7400-8_DI n. 97 del 2022,,,
154,F44I19000530001,47668750.43,0.0,0.0,0.0,0.0,0.0,0.18462679999999998,1.3976268,3.352,4.852,3.0325,4.852,7.278,17.007979829999996,5.712017,0.0,0.0,0.0,0.0,0.0,0.0,0,29.997996829999995,10-7400-1,7400,1,7400-1,"Legge n. 197 del 2022,  Sezione II",Legge,197,2022,,,DM n. 346 del 2023,DM,346.0,2023.0,Milano,Metropolitana,Linea M1 - Ampliamento deposito Gallaratese,NUOVO FONDO UNICO TRM,,F44I19000530001_7400-1_DM n. 346 del 2023,,,
155,F44I19000530001,122200000.0,0.0,0.0,0.0,0.0,2.08743708,12.975487320000001,9.546622560000001,9.783743509999999,20.85329529,15.829217210000001,15.83789526,11.9153278,6.679986759999999,6.1609967999999995,6.1609967999999995,3.0603683399999997,0.35663863,0.35663863,0.59534801,0.0,0,35.286301769999994,10-7400-1,7400,1,7400-1,"Legge n. 234 del 2021,  Sezione II",Legge,234,2021,,,DI n. 97 del 2022,DI,97.0,2022.0,Milano,Metropolitana,Linea M1 - Ampliamento deposito Gallaratese,NUOVO FONDO UNICO TRM,,F44I19000530001_7400-1_DI n. 97 del 2022,,,
156,F47C19000350001,10067742.09,0.0,0.0,0.0,0.0,0.0,0.0,0.0,1.0067742074339066,0.4759444814553081,3.455385549275623,3.231657947623644,1.2802375713338532,0.2815743866075133,0.33616794627015,0.0,0.0,0.0,0.0,0.0,0.0,0,1.8979799042115166,10-7400-1,7400,1,7400-1,"Legge n. 197 del 2022,  Sezione II",Legge,197,2022,,,DM n. 191 del 2023,DM,191.0,2023.0,Milano,Metropolitana,Linee M1 e M2 - Interventi adeguamento antincendio: completamento opere civili,NUOVO FONDO UNICO TRM,,F47C19000350001_7400-1_DM n. 191 del 2023,,,
157,F47C19000360001,34932257.98,0.0,0.0,0.0,0.0,0.0,0.0,0.0,3.493225792566092,1.6513946485446913,11.989224430724372,11.212952032376354,4.442067418666146,0.9769846133924863,1.1664090437298498,0.0,0.0,0.0,0.0,0.0,0.0,0,6.585461075788482,10-7400-1,7400,1,7400-1,"Legge n. 197 del 2022,  Sezione II",Legge,197,2022,,,DM n. 191 del 2023,DM,191.0,2023.0,Milano,Metropolitana,Linee M1 e M2 - Interventi adeguamento antincendio: impianti elettrici,NUOVO FONDO UNICO TRM,,F47C19000360001_7400-1_DM n. 191 del 2023,,,
158,F47C19000370001,7803527.3,0.0,0.0,0.0,0.0,0.0,0.0,0.0,0.7840864743692953,0.3803795326989514,0.49046508327939964,0.4428367846412339,2.8010865350696736,2.627127971073841,0.27754491886760635,0.0,0.0,0.0,0.0,0.0,0.0,0,5.705759425011122,10-7400-1,7400,1,7400-1,"Legge n. 197 del 2022,  Sezione II",Legge,197,2022,,,DM n. 191 del 2023,DM,191.0,2023.0,Milano,Metropolitana,Linea M3 - Interventi adeguamento antincendio: impianti di rilevazione,NUOVO FONDO UNICO TRM,,F47C19000370001_7400-1_DM n. 191 del 2023,,,
159,F47C19000380001,1165984.0,0.0,0.0,0.0,0.0,0.0,0.0,0.0,0.11715628696922845,0.05683538123259391,0.07328409547083246,0.06616759135360806,0.4185315123465613,0.3925390483640086,0.04147008426316739,0.0,0.0,0.0,0.0,0.0,0.0,0,0.8525406449737373,10-7400-1,7400,1,7400-1,"Legge n. 197 del 2022,  Sezione II",Legge,197,2022,,,DM n. 191 del 2023,DM,191.0,2023.0,Milano,Metropolitana,Linea M3 - Interventi adeguamento antincendio: fibra ottica ignifuga,NUOVO FONDO UNICO TRM,,F47C19000380001_7400-1_DM n. 191 del 2023,,,
160,F47C19000390001,7874357.4,0.0,0.0,0.0,0.0,0.0,0.0,0.0,0.7912033743624849,0.38383211501246756,0.49491687662356953,0.4468562712828475,2.826511093959554,2.6509735641947825,0.28006410456429565,0.0,0.0,0.0,0.0,0.0,0.0,0,5.757548762718632,10-7400-1,7400,1,7400-1,"Legge n. 197 del 2022,  Sezione II",Legge,197,2022,,,DM n. 191 del 2023,DM,191.0,2023.0,Milano,Metropolitana,Linea M3 - Interventi adeguamento antincendio: ammodernamento,NUOVO FONDO UNICO TRM,,F47C19000390001_7400-1_DM n. 191 del 2023,,,
161,F47D17000140005,4056131.32,0.0,0.0,0.0,0.0,0.0,0.0,0.0,0.40755386429899154,0.19771435105598734,0.2549348146261987,0.23017849272231078,1.4559537486242125,1.3655332563673688,0.14426279230493075,0.0,0.0,0.0,0.0,0.0,0.0,0,2.965749797296512,10-7400-1,7400,1,7400-1,"Legge n. 197 del 2022,  Sezione II",Legge,197,2022,,,DM n. 191 del 2023,DM,191.0,2023.0,Milano,Metropolitana,Linea M3 - Interventi adeguamento antincendio: impianto diffusione sonora,NUOVO FONDO UNICO TRM,,F47D17000140005_7400-1_DM n. 191 del 2023,,,
162,F47D18000540001,97375427.73839228,0.0,0.0,1.7028074421650727,0.24629925454413418,1.1505695210422655,3.4633223140979306,4.886879528973594,6.853701128298572,10.856630776116967,13.919597647804167,15.77058469826757,14.628486304841845,10.37515436141707,7.83278207802012,3.063099136709487,1.3127567730467395,1.3127567730467395,0.0,0.0,0.0,0,38.525035427081995,10-7400-3,7400,3,7400-3,"Legge n. 205 del 2017, art. 1 , comma 1072",Legge,205,2017,1,1072.0,DM n. 607 del 2019,DM,607.0,2019.0,Milano,Metropolitana,Linea M3 - Rifacimento sistemi di controllo,NUOVO FONDO UNICO TRM,,F47D18000540001_7400-3_DM n. 607 del 2019,,,
163,F47G17000000001,100000000.0,1.4902801968951156,8.02,9.0,7.467373469645336,16.752997601918466,15.2268080272624,17.415065000631074,17.49261517102108,7.13486053262653,0.0,0.0,0.0,0.0,0.0,0.0,0.0,0.0,0.0,0.0,0.0,0,0.0,10-7400-2,7400,2,7400-2,"Legge n. 232 del 2016, art. 1 , comma 140",Legge,232,2016,1,140.0,DM n. 360 del 2018,DM,360.0,2018.0,Milano,Metropolitana,Linea M2 - Rinnovo impianto di segnalamento,NUOVO FONDO UNICO TRM,,F47G17000000001_7400-2_DM n. 360 del 2018,,,
164,F47G17000010001,34000000.0,0.5066952669443393,2.7268,3.06,2.5389069796794144,5.696019184652278,5.177114729269216,5.921122100214565,5.9474891581471665,2.4258525810930203,0.0,0.0,0.0,0.0,0.0,0.0,0.0,0.0,0.0,0.0,0.0,0,0.0,10-7400-2,7400,2,7400-2,"Legge n. 232 del 2016, art. 1 , comma 140",Legge,232,2016,1,140.0,DM n. 360 del 2018,DM,360.0,2018.0,Milano,Metropolitana,Linea M2 - Interventi sugli impianti di armamento,NUOVO FONDO UNICO TRM,,F47G17000010001_7400-2_DM n. 360 del 2018,,,
165,F47H21008020001,8000000.0,0.0,0.0,0.0,0.216258192,0.129754912,0.562271288,0.575833968,0.582999944,0.5911896,0.5681562,0.6188296,0.634697024,0.696119328,0.71659344,0.71710528,0.71710528,0.6730859439999998,0.0,0.0,0.0,0,4.154706296,10-7400-5,7400,5,7400-5,"Legge n. 145 del 2018, art. 1 , comma 95",Legge,145,2018,1,95.0,DM n. 443 del 2021,DM,443.0,2021.0,Milano,Metropolitana,Rinnovo impianti di trazione a catenarie,NUOVO FONDO UNICO TRM,,F47H21008020001_7400-5_DM n. 443 del 2021,,,
166,F49J21012710001,20800000.0,0.0,0.0,0.0,0.5622712992,0.3373627712,1.4619053488000002,1.4971683168,1.5157998544,1.53709296,1.47720612,1.60895696,1.6502122624000002,1.8099102528,1.863142944,1.8644737279999999,1.8644737279999999,1.7500234544000017,0.0,0.0,0.0,0,10.802236369600003,10-7400-5,7400,5,7400-5,"Legge n. 145 del 2018, art. 1 , comma 95",Legge,145,2018,1,95.0,DM n. 443 del 2021,DM,443.0,2021.0,Milano,Metropolitana,Revisione generale casse di 26 veicoli,NUOVO FONDO UNICO TRM,,F49J21012710001_7400-5_DM n. 443 del 2021,,,
167,F49J21012720001,15600000.0,0.0,0.0,0.0,0.42170347439999994,0.2530220784,1.0964290116,1.1228762375999999,1.1368498908,1.1528197199999999,1.10790459,1.2067177199999999,1.2376591968000001,1.3574326896,1.397357208,1.3983552959999999,1.3983552959999999,1.3125175907999993,0.0,0.0,0.0,0,8.1016772772,10-7400-5,7400,5,7400-5,"Legge n. 145 del 2018, art. 1 , comma 95",Legge,145,2018,1,95.0,DM n. 443 del 2021,DM,443.0,2021.0,Milano,Metropolitana,Revisione generale carrelli di 26 veicoli,NUOVO FONDO UNICO TRM,,F49J21012720001_7400-5_DM n. 443 del 2021,,,
168,F50J21000020001,92405360.0,0.0,0.0,0.0,0.0,6.5059917785658365,18.83611097408513,26.117349638525663,24.303767269826576,15.998236040734,0.6439042982627926,0.0,0.0,0.0,0.0,0.0,0.0,0.0,0.0,0.0,0.0,0,0.0,10-7150-5,7150,5,7150-5,"DL n. 59 del 2021, art. 1 , comma 2",DL,59,2021,1,2.0,DM n. 265 del 2023,DM,265.0,2023.0,Sassari,Ferrovia regionale,Ferrovia Sassari-Alghero - Acquisto materiale rotabile,NO,,F50J21000020001_7150-5_DM n. 265 del 2023,,,
169,F54J22000250002,10188160.0,0.0,0.0,0.0,0.0,0.0,0.7742205819194579,0.7772591784411291,0.7869274401009921,0.7979768819979783,0.7669003266627046,0.8352687484003071,0.8566908538780893,0.9395478563031152,0.9671024020337248,0.9679311101759986,0.9679311101759986,0.750403509910504,0.0,0.0,0.0,0,5.449606842477431,10-7150-4,7150,4,7150-4,"Legge n. 145 del 2018, art. 1 , comma 95",Legge,145,2018,1,95.0,DM n. 332 del 2024,DM,332.0,2024.0,Roma,Ferrovia regionale,Ferrovia Roma-Viterbo - Progettazione potenziamento,NO,,F54J22000250002_7150-4_DM n. 332 del 2024,,,
170,F61B21003640009,30000000.0,0.0,0.0,0.0,0.29254050000000004,0.585081375,2.194054875,2.186529375,2.213739375,2.244836625,2.15737575,2.3497897500000002,2.410041375,2.643271125,2.72101425,2.722957875,2.722957875,2.555809875,0.0,0.0,0.0,0,15.776052375,10-7150-3,7150,3,7150-3,"Legge n. 145 del 2018, art. 1 , comma 95",Legge,145,2018,1,95.0,DM n. 332 del 2024,DM,332.0,2024.0,Napoli,Ferrovia regionale,Linea Flegrea - Nuovo telecomando a adeguamento gallerie,NO,,F61B21003640009_7150-3_DM n. 332 del 2024,,,
171,F69J21006990003,176200000.0,0.0,0.0,0.0,0.0,17.050979165140973,40.92343390699377,46.041685829366536,42.84734306114976,28.20103258879531,1.1355254485536432,0.0,0.0,0.0,0.0,0.0,0.0,0.0,0.0,0.0,0.0,0,0.0,10-7150-5,7150,5,7150-5,"DL n. 59 del 2021, art. 1 , comma 2",DL,59,2021,1,2.0,DM n. 265 del 2023,DM,265.0,2023.0,Napoli,Ferrovia regionale,Linee Vesuviane e Flegree - Rinnovo treni,NO,,F69J21006990003_7150-5_DM n. 265 del 2023,,,
172,F70B18000000003,153000000.0,0.0,0.0,0.0,0.0,14.8092,35.53915,39.975,37.195,24.50165,0.98,0.0,0.0,0.0,0.0,0.0,0.0,0.0,0.0,0.0,0.0,0,0.0,10-7150-5,7150,5,7150-5,"DL n. 59 del 2021, art. 1 , comma 2",DL,59,2021,1,2.0,DM n. 265 del 2023,DM,265.0,2023.0,Roma,Ferrovia regionale,Ferrovia Roma-Viterbo - Acquisto 27 treni,NO,,F70B18000000003_7150-5_DM n. 265 del 2023,,,
173,F81B21005610001,16156994.0,0.0,0.0,0.0,0.0,0.0,1.316433,1.311918,1.328243,1.346902,1.294425,1.409874,1.446025,1.585963,1.632608,1.633775,1.633775,0.217053,0.0,0.0,0.0,0,8.149199000000001,10-7150-3,7150,3,7150-3,"Legge n. 145 del 2018, art. 1 , comma 95",Legge,145,2018,1,95.0,DM n. 332 del 2024,DM,332.0,2024.0,Cagliari,Ferrovia regionale,Ferrovia Cagliari-Isili - Raddoppio tratta Monserrato-Settimo San Pietro,NO,,F81B21005610001_7150-3_DM n. 332 del 2024,,,
174,F89J21015200003,120000000.0,0.0,0.0,0.0,0.0,11.612471622116441,27.870670084218233,31.356426217502747,29.18093738557305,19.20615159282314,0.773343097766386,0.0,0.0,0.0,0.0,0.0,0.0,0.0,0.0,0.0,0.0,0,0.0,10-7150-5,7150,5,7150-5,"DL n. 59 del 2021, art. 1 , comma 2",DL,59,2021,1,2.0,DM n. 265 del 2023,DM,265.0,2023.0,Napoli,Ferrovia regionale,Rete EAV -Digitalizzazione attività di comando e controllo impianti,NO,,F89J21015200003_7150-5_DM n. 265 del 2023,,,
175,F91B21005050001,48768102.54,0.0,0.0,0.0,0.0,0.0,0.0,0.0,0.0,0.0,0.0,2.5265279900000004,7.63622332,8.48469258,8.48469258,5.30293286,5.19687421,5.30293286,5.83322614,0.0,0.0,0,46.241574549999996,10-7400-7,7400,7,7400-7,"Legge n. 160 del 2019, art. 1 , comma 14",Legge,160,2019,1,14.0,DM n. 334 del 2024,DM,334.0,2024.0,Trieste,Cabinovia,Trieste-Porto Vecchio-Carso,NUOVO FONDO UNICO TRM,,F91B21005050001_7400-7_DM n. 334 del 2024,,,
176,F94E21000910001,19600000.0,0.0,0.0,0.0,0.639,0.3758,1.3907,1.3963,1.4135,1.4334,1.3775,1.5004,1.5389,1.6878,1.7374,1.7387,1.7387,1.6319,0.0,0.0,0.0,0,10.0734,10-7150-4,7150,4,7150-4,"Legge n. 145 del 2018, art. 1 , comma 95",Legge,145,2018,1,95.0,DM n. 332 del 2024,DM,332.0,2024.0,Cagliari,Ferrovia regionale,Ferrovie Sarde - Adozione del sottosistema di terra SCMT,NO,,F94E21000910001_7150-4_DM n. 332 del 2024,,,
177,F97H21009420001,550000.0,0.0,0.0,0.0,0.014867749599999999,0.008920646899999999,0.0386561527,0.0395885831,0.0400812489,0.040644284999999995,0.03906073875,0.0425445317,0.04363541929999999,0.04785820105,0.04926580175,0.049300986899999996,0.049300986899999996,0.04627466745000001,0.0,0.0,0.0,0,0.28563606335,10-7400-5,7400,5,7400-5,"Legge n. 145 del 2018, art. 1 , comma 95",Legge,145,2018,1,95.0,DM n. 443 del 2021,DM,443.0,2021.0,Trieste,Tramvia,Sostituzione armamento,NUOVO FONDO UNICO TRM,,F97H21009420001_7400-5_DM n. 443 del 2021,,,
178,F99I20000130003,40000000.0,0.0,0.0,0.0,1.3040993788819877,0.7670559006211181,2.838260869565217,2.849291925465838,2.8847204968944102,2.925217391304348,2.8113291925465838,3.062062111801242,3.1405714285714286,3.444472049689441,3.54583850931677,3.54832298136646,3.54832298136646,3.3304347826086955,0.0,0.0,0.0,0,20.557962732919254,10-7150-4,7150,4,7150-4,"Legge n. 145 del 2018, art. 1 , comma 95",Legge,145,2018,1,95.0,DM n. 332 del 2024,DM,332.0,2024.0,Napoli,Ferrovia regionale,Linee Vesuviane e Flegree - Attrezzaggio con SCMT-SSB del materiale rotabile,NO,,F99I20000130003_7150-4_DM n. 332 del 2024,,,
179,F99J21009810001,219905.0,0.0,0.0,0.0,0.005944531554254978,0.00356671792099,0.015455784108170001,0.01582859521201,0.01602557643519,0.016250693623499998,0.015617548645125,0.01701046407907,0.01744663069303,0.019135014003455,0.019697811152425002,0.01971187913499,0.01971187913499,0.018501874302800002,0.0,0.0,0.0,0,0.11420508842169003,10-7400-5,7400,5,7400-5,"Legge n. 145 del 2018, art. 1 , comma 95",Legge,145,2018,1,95.0,DM n. 443 del 2021,DM,443.0,2021.0,Trieste,Tramvia,Revisione generale di una vettura,NUOVO FONDO UNICO TRM,,F99J21009810001_7400-5_DM n. 443 del 2021,,,
180,F99J21009820001,52160.2,0.0,0.0,0.0,0.0014100087139744,0.0008460049571515999,0.0036660230110228,0.0037544516585683997,0.0038011744706795995,0.0038545709717399995,0.0037043926279049996,0.0040347841497788,0.004138240359585199,0.0045387151607422,0.004672207404437,0.004675544248911599,0.004675544248911599,0.004388538016591803,0.0,0.0,0.0,0,0.0270887894391794,10-7400-5,7400,5,7400-5,"Legge n. 145 del 2018, art. 1 , comma 95",Legge,145,2018,1,95.0,DM n. 443 del 2021,DM,443.0,2021.0,Trieste,Tramvia,Revisione generale di 4 motori elettrici,NUOVO FONDO UNICO TRM,,F99J21009820001_7400-5_DM n. 443 del 2021,,,
181,G11B18000550005,3070426.0,0.0,0.0,0.0,0.0,0.0,0.248348,0.249281,0.252397,0.255941,0.245976,0.267906,0.274794,0.301454,0.310316,0.31048,0.310461,0.043072,0.0,0.0,0.0,0,1.550577,10-7150-4,7150,4,7150-4,"Legge n. 145 del 2018, art. 1 , comma 95",Legge,145,2018,1,95.0,DM n. 332 del 2024,DM,332.0,2024.0,Matera,Ferrovia regionale,Ferrovia Bari-Matera - Ripristino funzionalità officina ferroviaria Serra Rinfusa,NO,,G11B18000550005_7150-4_DM n. 332 del 2024,,,
182,G11G20000020001,1579300.0,0.0,0.0,0.0,0.0,0.0,0.1277,0.1285,0.1298,0.1316,0.1265,0.1378,0.1413,0.155,0.1595,0.1597,0.1597,0.0222,0.0,0.0,0.0,0,0.7973999999999999,10-7150-4,7150,4,7150-4,"Legge n. 145 del 2018, art. 1 , comma 95",Legge,145,2018,1,95.0,DM n. 332 del 2024,DM,332.0,2024.0,Matera,Ferrovia regionale,Ferrovia Bari-Matera - Attrezzaggio nuovi punti informativi,NO,,G11G20000020001_7150-4_DM n. 332 del 2024,,,
183,G21G22000170001,21030000.0,0.0,0.0,0.0,0.0,0.0,1.7009438265027679,1.7075705254814317,1.7288169521037449,1.7531376205202838,1.6848211362041634,1.8353223511525767,1.8821191429091193,2.0643192065802127,2.125052561137244,2.1265555237921983,2.1265555237921983,0.29478562982405987,0.0,0.0,0.0,0,10.619387588035034,10-7150-4,7150,4,7150-4,"Legge n. 145 del 2018, art. 1 , comma 95",Legge,145,2018,1,95.0,DM n. 332 del 2024,DM,332.0,2024.0,Bari,Ferrovia regionale,Ferrovia Bari-Matera - Raddoppio tratta Palo del Colle-Grumo Appula,NO,,G21G22000170001_7150-4_DM n. 332 del 2024,,,
184,G31B21004130005,23500000.0,0.0,0.0,0.0,0.0,2.248264387430858,5.3929416264563965,6.176141285159468,5.747087207249618,3.7834529834059083,0.15211251029775213,0.0,0.0,0.0,0.0,0.0,0.0,0.0,0.0,0.0,0.0,0,0.0,10-7150-5,7150,5,7150-5,"DL n. 59 del 2021, art. 1 , comma 2",DL,59,2021,1,2.0,DM n. 265 del 2023,DM,265.0,2023.0,Bari,Ferrovia regionale,Ferrovia Bari-Matera - Interramento linea a Modugno,NO,,G31B21004130005_7150-5_DM n. 265 del 2023,,,
185,G31G22000250001,2800000.0,0.0,0.0,0.0,0.0,0.0,0.21094956340317328,0.21022601697954163,0.21284219644295832,0.21583204131719516,0.20742300481071488,0.225922937283739,0.23171579432680262,0.2541399438361842,0.26161460818054383,0.26180149304472145,0.26180149304472145,0.24573090732970393,0.0,0.0,0.0,0,1.5168042397626773,10-7150-3,7150,3,7150-3,"Legge n. 145 del 2018, art. 1 , comma 95",Legge,145,2018,1,95.0,DM n. 332 del 2024,DM,332.0,2024.0,Bari,Ferrovia regionale,Ferrovia Bari-Matera - Rifacimento pensilina Bari Centrale,NO,,G31G22000250001_7150-3_DM n. 332 del 2024,,,
186,G31G22000260001,883694.0,0.0,0.0,0.0,0.0,0.0,0.06657673695785851,0.06634838208882823,0.06717406140837986,0.06811767139991338,0.06546373743328567,0.07130240862143446,0.07313066326851055,0.08020783697441893,0.08256687841482055,0.08262586021237932,0.08262586021237932,0.0775539030077912,0.0,0.0,0.0,0,0.4787110020902999,10-7150-3,7150,3,7150-3,"Legge n. 145 del 2018, art. 1 , comma 95",Legge,145,2018,1,95.0,DM n. 332 del 2024,DM,332.0,2024.0,Bari,Ferrovia regionale,Ferrovia Bari-Matera - Raddoppio linea tratta Bari Sant’Andrea-Modugno,NO,,G31G22000260001_7150-3_DM n. 332 del 2024,,,
187,G31G22000260001,6316306.0,0.0,0.0,0.0,0.0,0.0,0.510888,0.512807,0.519216,0.526508,0.506008,0.551122,0.56529,0.620134,0.638364,0.638702,0.638663,0.088604,0.0,0.0,0.0,0,3.189757,10-7150-4,7150,4,7150-4,"Legge n. 145 del 2018, art. 1 , comma 95",Legge,145,2018,1,95.0,DM n. 332 del 2024,DM,332.0,2024.0,Bari,Ferrovia regionale,Ferrovia Bari-Matera - Raddoppio linea tratta Bari Sant’Andrea-Modugno,NO,,G31G22000260001_7150-4_DM n. 332 del 2024,,,
188,G41B21005050001,1800000.0,0.0,0.0,0.0,0.0,0.17419226519337017,0.41805745856353593,0.46984972375690603,0.4375690607734807,0.28800000000000003,0.012331491712707181,0.0,0.0,0.0,0.0,0.0,0.0,0.0,0.0,0.0,0.0,0,0.0,10-7150-5,7150,5,7150-5,"DL n. 59 del 2021, art. 1 , comma 2",DL,59,2021,1,2.0,DM n. 265 del 2023,DM,265.0,2023.0,Matera,Ferrovia regionale,Ferrovia Bari-Matera - Attrezzaggio impianti,NO,,G41B21005050001_7150-5_DM n. 265 del 2023,,,
189,G41B21005060005,10500000.0,0.0,0.0,0.0,0.0,1.016121546961326,2.438668508287293,2.7407900552486186,2.552486187845304,1.68,0.07193370165745856,0.0,0.0,0.0,0.0,0.0,0.0,0.0,0.0,0.0,0.0,0,0.0,10-7150-5,7150,5,7150-5,"DL n. 59 del 2021, art. 1 , comma 2",DL,59,2021,1,2.0,DM n. 265 del 2023,DM,265.0,2023.0,Potenza,Ferrovia regionale,Ferrovia Altamura-Potenza - Soppressione 24 passaggi a livello,NO,,G41B21005060005_7150-5_DM n. 265 del 2023,,,
190,G41B21005070005,4150000.0000000005,0.0,0.0,0.0,0.0,0.40160994475138123,0.9638546961325968,1.083264640883978,1.008839779005525,0.664,0.028430939226519337,0.0,0.0,0.0,0.0,0.0,0.0,0.0,0.0,0.0,0.0,0,0.0,10-7150-5,7150,5,7150-5,"DL n. 59 del 2021, art. 1 , comma 2",DL,59,2021,1,2.0,DM n. 265 del 2023,DM,265.0,2023.0,Potenza,Ferrovia regionale,Ferrovia Altamura-Potenza - Adeguamento impianti di segnalamento,NO,,G41B21005070005_7150-5_DM n. 265 del 2023,,,
191,G41B21005080005,1800000.0,0.0,0.0,0.0,0.0,0.17419226519337017,0.41805745856353593,0.46984972375690603,0.4375690607734807,0.28800000000000003,0.012331491712707181,0.0,0.0,0.0,0.0,0.0,0.0,0.0,0.0,0.0,0.0,0,0.0,10-7150-5,7150,5,7150-5,"DL n. 59 del 2021, art. 1 , comma 2",DL,59,2021,1,2.0,DM n. 265 del 2023,DM,265.0,2023.0,Potenza,Ferrovia regionale,Ferrovia della Basilicata - Rinnovo piazzali delle stazioni,NO,,G41B21005080005_7150-5_DM n. 265 del 2023,,,
192,G47C20000100001,38383545.82,0.0,0.0,0.0,0.2592414,1.32195711,3.68336212,3.99450556,3.38064527,3.60917467,4.51666896,5.11728228,4.74669109,3.36655835,2.5416024700000004,0.99392275,0.42596689,0.4259668999999979,0.0,0.0,0.0,0,12.500708449999998,10-7400-3,7400,3,7400-3,"Legge n. 205 del 2017, art. 1 , comma 1072",Legge,205,2017,1,1072.0,DM n. 607 del 2019,DM,607.0,2019.0,La Spezia ,Filovia,Estensione rete filoviaria,NUOVO FONDO UNICO TRM,,G47C20000100001_7400-3_DM n. 607 del 2019,,,
193,G71B18000620005,1050094.0,0.0,0.0,0.0,0.0,0.0,0.07911316815438996,0.07884181395504102,0.07982296908270425,0.08094426128390671,0.07779059029060816,0.0847286860371538,0.0869012019027891,0.09531101077954074,0.09811426084383573,0.0981843489418942,0.0981843489418942,0.0921573397862422,0.0,0.0,0.0,0,0.5688525111961962,10-7150-3,7150,3,7150-3,"Legge n. 145 del 2018, art. 1 , comma 95",Legge,145,2018,1,95.0,DM n. 332 del 2024,DM,332.0,2024.0,Bari,Ferrovia regionale,Ferrovia Bari-Matera - Parcheggio interscambio stazione di Altamura,NO,,G71B18000620005_7150-3_DM n. 332 del 2024,,,
194,G71G22000170001,9753200.0,0.0,0.0,0.0,0.0,0.0,0.7888561734972322,0.7919294745185685,0.801783047896255,0.8130623794797162,0.7813788637958367,0.8511776488474232,0.8728808570908807,0.9573807934197873,0.9855474388627562,0.9862444762078016,0.9862444762078016,0.1367143701759401,0.0,0.0,0.0,0,4.925012411964968,10-7150-4,7150,4,7150-4,"Legge n. 145 del 2018, art. 1 , comma 95",Legge,145,2018,1,95.0,DM n. 332 del 2024,DM,332.0,2024.0,Bari,Ferrovia regionale,Ferrovia Bari-Matera - Rinnovo armamento tratta Altamura-Marinella,NO,,G71G22000170001_7150-4_DM n. 332 del 2024,,,
195,G77H21071380005,1000000.0,0.0,0.0,0.0,0.0,0.09567082499705779,0.22948687772154877,0.2628145227727433,0.24455690243615394,0.16099799929386843,0.006472872778627751,0.0,0.0,0.0,0.0,0.0,0.0,0.0,0.0,0.0,0.0,0,0.0,10-7150-5,7150,5,7150-5,"DL n. 59 del 2021, art. 1 , comma 2",DL,59,2021,1,2.0,DM n. 265 del 2023,DM,265.0,2023.0,Bari,Ferrovia regionale,Ferrovia Bari-Matera - Ristrutturazione e adeguamento stazione di Altamura,NO,,G77H21071380005_7150-5_DM n. 265 del 2023,,,
196,G80F22000020001,27000000.0,0.0,0.0,0.0,0.0,2.6128839779005526,6.270861878453038,7.047745856353591,6.56353591160221,4.32,0.18497237569060773,0.0,0.0,0.0,0.0,0.0,0.0,0.0,0.0,0.0,0.0,0,0.0,10-7150-5,7150,5,7150-5,"DL n. 59 del 2021, art. 1 , comma 2",DL,59,2021,1,2.0,DM n. 265 del 2023,DM,265.0,2023.0,Matera,Ferrovia regionale,Ferrovia Bari-Matera - Fornitura tre automotrici a batteria,NO,,G80F22000020001_7150-5_DM n. 265 del 2023,,,
197,G97H21023180005,1020000.0,0.0,0.0,0.0,0.0,0.09758424149699894,0.23407661527597975,0.2680708132281982,0.249448040484877,0.1642179592797458,0.006602330234200306,0.0,0.0,0.0,0.0,0.0,0.0,0.0,0.0,0.0,0.0,0,0.0,10-7150-5,7150,5,7150-5,"DL n. 59 del 2021, art. 1 , comma 2",DL,59,2021,1,2.0,DM n. 265 del 2023,DM,265.0,2023.0,Bari,Ferrovia regionale,Ferrovia Bari-Matera - Rinnovo armamento tratta Bari Centrale-Bari Scalo,NO,,G97H21023180005_7150-5_DM n. 265 del 2023,,,
198,H11E16001130001,29900000.0,11.743308999999998,4.38265,7.513110999999999,1.2521859999999998,1.2521859999999998,1.2521859999999998,1.2521859999999998,1.2521859999999998,0.0,0.0,0.0,0.0,0.0,0.0,0.0,0.0,0.0,0.0,0.0,0.0,0,0.0,10-7423-1,7423,1,7423-1,"Legge n. 147 del 2013, art. 1 , comma 88",Legge,147,2013,1,88.0,DM n. 86 del 2018,DM,86.0,2018.0,Firenze,Tramvia,Linea 2.2 - Tratta Peretola - Sesto,NO,,H11E16001130001_7423-1_DM n. 86 del 2018,,,
199,H11J12000200001,47000000.0,0.4,1.95,2.35,4.7,6.63,6.0,14.63,10.34,0.0,0.0,0.0,0.0,0.0,0.0,0.0,0.0,0.0,0.0,0.0,0.0,0,0.0,10-7400-2,7400,2,7400-2,"Legge n. 232 del 2016, art. 1 , comma 140",Legge,232,2016,1,140.0,DM n. 360 del 2018,DM,360.0,2018.0,Firenze,Tramvia,Linea 4.1 - Tratta Leopolda - Piagge,NUOVO FONDO UNICO TRM,,H11J12000200001_7400-2_DM n. 360 del 2018,,,
200,H11J21000010003,48794211.94,0.0,0.0,0.0,0.0,0.0,0.18904079999999998,1.4310408000000001,3.368,4.968,3.105,4.968,7.452,17.46455234,5.848578,0.0,0.0,0.0,0.0,0.0,0.0,0,30.765130340000002,10-7400-1,7400,1,7400-1,"Legge n. 197 del 2022,  Sezione II",Legge,197,2022,,,DM n. 346 del 2023,DM,346.0,2023.0,Firenze,Tramvia,Linea 3.2.2 - Tratta Libertà - Rovezzano,NUOVO FONDO UNICO TRM,,H11J21000010003_7400-1_DM n. 346 del 2023,,,
201,H21D18000120001,125040371.4,0.0,0.0,0.84563488,0.11416446000000001,0.68269525,3.56151621,10.044036310000001,12.74422434,13.60572554,17.026762010000002,19.29093062,17.89389041,12.69112,9.58123358,3.74685112,1.6057933400000002,1.6057933299999798,0.0,0.0,0.0,0,47.12468177999998,10-7400-3,7400,3,7400-3,"Legge n. 205 del 2017, art. 1 , comma 1072",Legge,205,2017,1,1072.0,DM n. 607 del 2019,DM,607.0,2019.0,Bergamo,Tramvia,Linea T2 - Bergamo - Villa d'Almé,NUOVO FONDO UNICO TRM,,H21D18000120001_7400-3_DM n. 607 del 2019,,,
202,H21D18000120001,-16746559.040000001,0.0,0.0,0.0,0.0,0.0,0.0,0.0,0.0,0.0,0.0,0.0,-2.86616498,-7.52983489,-3.18605992,-1.70376283,-0.73036821,-0.73036821,0.0,0.0,0.0,0,-16.74655904,10-7400-3,7400,3,7400-3,"DL n. 68 del 2022, art. 9 , comma 2",DL,68,2022,9,2.0,DD n. 265 del 2022,DD,265.0,2022.0,Bergamo,Tramvia,Linea T2 - Bergamo - Villa d'Almé,NUOVO FONDO UNICO TRM,,H21D18000120001_7400-3_DD n. 265 del 2022,,,
203,H21D18000120001,16746559.040000001,0.0,0.0,0.0,0.0,0.0,2.86616498,7.52983489,3.18605992,1.70376283,0.73036821,0.73036821,0.0,0.0,0.0,0.0,0.0,0.0,0.0,0.0,0.0,0,0.0,10-7400-3,7400,3,7400-3,"DL n. 68 del 2022, art. 9 , comma 2",DL,68,2022,9,2.0,DD n. 415 del 2022,DD,415.0,2022.0,Bergamo,Tramvia,Linea T2 - Bergamo - Villa d'Almé,NUOVO FONDO UNICO TRM,,H21D18000120001_7400-3_DD n. 415 del 2022,,,
204,H21D18000120001,-30378122.750000004,0.0,0.0,0.0,0.0,0.0,0.0,0.0,0.0,0.0,0.0,0.0,-15.02772543,-5.161285110000001,-6.39517366,-2.04308829,-0.87542513,-0.87542513,0.0,0.0,0.0,0,-30.378122750000003,10-7400-3,7400,3,7400-3,"Legge n. 197 del 2022,  Sezione II",Legge,197,2022,,,DD n. 342 del 2022,DD,342.0,2022.0,Bergamo,Tramvia,Linea T2 - Bergamo - Villa d'Almé,NUOVO FONDO UNICO TRM,,H21D18000120001_7400-3_DD n. 342 del 2022,,,
205,H21D18000120001,30378121.609999996,0.0,0.0,0.0,0.0,0.0,0.0,15.02776072,5.16129596,6.39517982,2.1615260899999997,1.63235902,0.0,0.0,0.0,0.0,0.0,0.0,0.0,0.0,0.0,0,0.0,10-7400-3,7400,3,7400-3,"Legge n. 197 del 2022,  Sezione II",Legge,197,2022,,,DD n. 132 del 2023,DD,132.0,2023.0,Bergamo,Tramvia,Linea T2 - Bergamo - Villa d'Almé,NUOVO FONDO UNICO TRM,,H21D18000120001_7400-3_DD n. 132 del 2023,,,
206,H21E04000360001,249276311.51,0.0,0.0,0.0,0.24929368,0.37111251,5.630080759999999,15.10285513,25.99924231,21.8530236,19.995118350000002,20.75181027,21.28390801,23.34364086,24.03021875,24.04738307,24.04738307,22.57124114,0.0,0.0,0.0,0,139.3237749,10-7400-4,7400,4,7400-4,"Legge n. 145 del 2018, art. 1 , comma 95",Legge,145,2018,1,95.0,DM n. 517 del 2020,DM,517.0,2020.0,Firenze,Tramvia,Linea 3.1 - Variante Centro storico,NUOVO FONDO UNICO TRM,,H21E04000360001_7400-4_DM n. 517 del 2020,,,
207,H30J21000080001,1200000.0,0.0,0.0,0.0,0.0324387288,0.0194632368,0.0843406932,0.08637509519999999,0.0874499916,0.0886784388,0.0852234288,0.09282444,0.0952045536,0.104417898,0.107489016,0.107565792,0.107565792,0.1009628952,0.0,0.0,0.0,0,0.6232059468000001,10-7400-5,7400,5,7400-5,"Legge n. 145 del 2018, art. 1 , comma 95",Legge,145,2018,1,95.0,DM n. 443 del 2021,DM,443.0,2021.0,Genova,Metropolitana,Sostituzione raddrizzatori e alimentatori ,NUOVO FONDO UNICO TRM,,H30J21000080001_7400-5_DM n. 443 del 2021,,,
208,H30J21000090001,2000000.0,0.0,0.0,0.0,0.054064548,0.032438728,0.140567822,0.143958492,0.145749986,0.147797398,0.142039048,0.1547074,0.158674256,0.17402983,0.17914836,0.17927632,0.17927632,0.168271492,0.0,0.0,0.0,0,1.038676578,10-7400-5,7400,5,7400-5,"Legge n. 145 del 2018, art. 1 , comma 95",Legge,145,2018,1,95.0,DM n. 443 del 2021,DM,443.0,2021.0,Genova,Metropolitana,Sostituzione armamento,NUOVO FONDO UNICO TRM,,H30J21000090001_7400-5_DM n. 443 del 2021,,,
209,H30J21000100001,1200000.0,0.0,0.0,0.0,0.0324387288,0.0194632368,0.0843406932,0.08637509519999999,0.0874499916,0.0886784388,0.0852234288,0.09282444,0.0952045536,0.104417898,0.107489016,0.107565792,0.107565792,0.1009628952,0.0,0.0,0.0,0,0.6232059468000001,10-7400-5,7400,5,7400-5,"Legge n. 145 del 2018, art. 1 , comma 95",Legge,145,2018,1,95.0,DM n. 443 del 2021,DM,443.0,2021.0,Genova,Metropolitana,Revisione generale convertitore statico di 12 veicoli ,NUOVO FONDO UNICO TRM,,H30J21000100001_7400-5_DM n. 443 del 2021,,,
210,H30J21000110001,700000.0,0.0,0.0,0.0,0.0189225918,0.011353554799999999,0.0491987377,0.050385472199999996,0.0510124951,0.051729089299999996,0.0497136668,0.054147589999999995,0.0555359896,0.060910440499999996,0.062701926,0.062746712,0.062746712,0.058895022199999994,0.0,0.0,0.0,0,0.36353680229999996,10-7400-5,7400,5,7400-5,"Legge n. 145 del 2018, art. 1 , comma 95",Legge,145,2018,1,95.0,DM n. 443 del 2021,DM,443.0,2021.0,Genova,Metropolitana,Revisione generale impianti antincendio,NUOVO FONDO UNICO TRM,,H30J21000110001_7400-5_DM n. 443 del 2021,,,
211,H38H17000480002,1086320.0,0.0,0.0,0.0,0.04033283659695342,0.023723057700688884,0.0877789519983312,0.08812461004765106,0.08921616178234533,0.09047144627724375,0.08694573417418124,0.09469938999629289,0.09712991185887881,0.10651725677724957,0.10966456427895138,0.10973733439459768,0.06197874411663475,0.0,0.0,0.0,0.0,0,0.4850278114263121,10-7150-4,7150,4,7150-4,"Legge n. 145 del 2018, art. 1 , comma 95",Legge,145,2018,1,95.0,DM n. 332 del 2024,DM,332.0,2024.0,Genova,Ferrovia regionale,Ferrovia Genova-Casella - Completamento revamping del materiale rotabile,NO,,H38H17000480002_7150-4_DM n. 332 del 2024,,,
212,H39F21000060001,100000.0,0.0,0.0,0.0,0.0034830564432463047,0.002050429591034289,0.007588137511912757,0.007620505309163127,0.0077147941098489855,0.007821748570328468,0.007517772735281519,0.008187645408810909,0.008397332443172,0.00921778573869224,0.009480950003293073,0.009487986480956195,0.009487986480956195,0.0019438691733039415,0.0,0.0,0.0,0,0.04801591032037364,10-7150-4,7150,4,7150-4,"Legge n. 145 del 2018, art. 1 , comma 95",Legge,145,2018,1,95.0,DM n. 332 del 2024,DM,332.0,2024.0,Genova,Ferrovia regionale,Ferrovia Principe-Granarolo  - Sistema di videosorveglianza linea,NO,,H39F21000060001_7150-4_DM n. 332 del 2024,,,
213,H39F21000070001,3500000.0,0.0,0.0,0.0,0.12190697551362066,0.07176503568620012,0.26558481291694647,0.2667176858207094,0.27001779384471447,0.2737611999614964,0.26312204573485315,0.28656758930838183,0.29390663551102,0.3226225008542284,0.3318332501152575,0.33207952683346686,0.33207952683346686,0.06803542106563795,0.0,0.0,0.0,0,1.6805568612130775,10-7150-4,7150,4,7150-4,"Legge n. 145 del 2018, art. 1 , comma 95",Legge,145,2018,1,95.0,DM n. 332 del 2024,DM,332.0,2024.0,Genova,Ferrovia regionale,Ferrovia Principe-Granarolo  - Nuova vettura,NO,,H39F21000070001_7150-4_DM n. 332 del 2024,,,
214,H39J21005830006,3505828.0,0.0,0.0,0.0,0.12210996804313307,0.0718845347227656,0.26602704957114076,0.26716180887012747,0.2704674120454365,0.27421705146817515,0.2635601815298653,0.2870447652828073,0.29439603204580805,0.3231597134070794,0.33238579988144945,0.332632486685577,0.332632486685577,0.06814870976105811,0.0,0.0,0.0,0,1.683355228466549,10-7150-4,7150,4,7150-4,"Legge n. 145 del 2018, art. 1 , comma 95",Legge,145,2018,1,95.0,DM n. 332 del 2024,DM,332.0,2024.0,Genova,Ferrovia regionale,Ferrovia Principe-Granarolo  - Ristrutturazione tratta Principe-Bari,NO,,H39J21005830006_7150-4_DM n. 332 del 2024,,,
215,H39J21010190001,2500000.0,0.0,0.0,0.0,0.067580685,0.04054841,0.1757097775,0.179948115,0.1821874825,0.1847467475,0.17754881,0.19338424999999998,0.19834282000000003,0.2175372875,0.22393545,0.2240954,0.2240954,0.210339365,0.0,0.0,0.0,0,1.2983457225000001,10-7400-5,7400,5,7400-5,"Legge n. 145 del 2018, art. 1 , comma 95",Legge,145,2018,1,95.0,DM n. 443 del 2021,DM,443.0,2021.0,Genova,Metropolitana,Revisione generale impianto porte di 12 veicoli,NUOVO FONDO UNICO TRM,,H39J21010190001_7400-5_DM n. 443 del 2021,,,
216,H39J21010200001,2400000.0,0.0,0.0,0.0,0.0648774576,0.0389264736,0.1686813864,0.17275019039999998,0.1748999832,0.1773568776,0.1704468576,0.18564888,0.1904091072,0.208835796,0.214978032,0.215131584,0.215131584,0.2019257904,0.0,0.0,0.0,0,1.2464118936000002,10-7400-5,7400,5,7400-5,"Legge n. 145 del 2018, art. 1 , comma 95",Legge,145,2018,1,95.0,DM n. 443 del 2021,DM,443.0,2021.0,Genova,Metropolitana,Revisione generale sistema di trazione di 12 veicoli,NUOVO FONDO UNICO TRM,,H39J21010200001_7400-5_DM n. 443 del 2021,,,
217,H40J21000000003,14000000.0,0.0,0.0,0.0,0.0,0.0,0.0,5.0,5.0,4.0,0.0,0.0,0.0,0.0,0.0,0.0,0.0,0.0,0.0,0.0,0.0,0,0.0,10-7173-1,7173,1,7173-1,"DL n. 68 del 2022, art. 8 , comma 12",DL,68,2022,8,12.0,DI n. 390 del 2022,DI,390.0,2022.0,Genova,Ferrovia regionale,Ferrovia Genova-Casella - Acquisto 2 nuove elettromotrici,NO,,H40J21000000003_7173-1_DI n. 390 del 2022,,,
218,H41B21003540003,12000000.0,0.0,0.0,0.0,0.0,1.1480498999646933,2.7538425326585854,3.1537742732729197,2.9346828292338474,1.9319759915264212,0.07767447334353302,0.0,0.0,0.0,0.0,0.0,0.0,0.0,0.0,0.0,0.0,0,0.0,10-7150-5,7150,5,7150-5,"DL n. 59 del 2021, art. 1 , comma 2",DL,59,2021,1,2.0,DM n. 265 del 2023,DM,265.0,2023.0,Bari,Ferrovia regionale,Ferrovia Bari-Barletta - Rinnovo binario tratta Corato-Andria,NO,,H41B21003540003_7150-5_DM n. 265 del 2023,,,
219,H41J22000280003,200620133.76,0.0,0.0,3.84754885,3.48414716,13.57173226,17.986942510000002,19.50634761,16.508686960000002,17.624663350000002,22.056225350000002,24.98919716,23.179491149999997,16.43989636,12.41139371,4.85361765,2.0801218500000003,2.0801218299999897,0.0,0.0,0.0,0,61.044642549999985,10-7400-3,7400,3,7400-3,"Legge n. 205 del 2017, art. 1 , comma 1072",Legge,205,2017,1,1072.0,DM n. 607 del 2019,DM,607.0,2019.0,Firenze ,Tramvia,Linea 3.2.1 - Tratta Libertà - Bagno a Ripoli,NUOVO FONDO UNICO TRM,,H41J22000280003_7400-3_DM n. 607 del 2019,,,
220,H41J22000280003,-26868897.41,0.0,0.0,0.0,0.0,0.0,0.0,0.0,0.0,0.0,0.0,0.0,-4.59859799,-12.081189980000001,-5.1118511600000005,-2.73359014,-1.17183407,-1.17183407,0.0,0.0,0.0,0,-26.86889741,10-7400-3,7400,3,7400-3,"DL n. 68 del 2022, art. 9 , comma 2",DL,68,2022,9,2.0,DD n. 265 del 2022,DD,265.0,2022.0,Firenze,Tramvia,Linea 3.2.1 - Tratta Libertà - Bagno a Ripoli,NUOVO FONDO UNICO TRM,,H41J22000280003_7400-3_DD n. 265 del 2022,,,
221,H41J22000280003,26868897.41,0.0,0.0,0.0,0.0,0.0,4.59859799,12.081189980000001,5.1118511600000005,2.73359014,1.17183407,1.17183407,0.0,0.0,0.0,0.0,0.0,0.0,0.0,0.0,0.0,0,0.0,10-7400-3,7400,3,7400-3,"DL n. 68 del 2022, art. 9 , comma 2",DL,68,2022,9,2.0,DD n. 415 del 2022,DD,415.0,2022.0,Firenze,Tramvia,Linea 3.2.1 - Tratta Libertà - Bagno a Ripoli,NUOVO FONDO UNICO TRM,,H41J22000280003_7400-3_DD n. 415 del 2022,,,
222,H41J22000280003,-34175745.160000004,0.0,0.0,0.0,0.0,0.0,0.0,0.0,0.0,0.0,0.0,0.0,-18.58089316,-4.35870638,-7.29954255,-2.12002751,-0.90828778,-0.90828778,0.0,0.0,0.0,0,-34.175745160000005,10-7400-3,7400,3,7400-3,"Legge n. 197 del 2022,  Sezione II",Legge,197,2022,,,DD n. 342 del 2022,DD,342.0,2022.0,Firenze,Tramvia,Linea 3.2.1 - Tratta Libertà - Bagno a Ripoli,NUOVO FONDO UNICO TRM,,H41J22000280003_7400-3_DD n. 342 del 2022,,,
223,H41J22000280003,34175743.89,0.0,0.0,0.0,0.0,0.0,0.0,18.58093679,4.35871554,7.29954958,2.24292548,1.6936165,0.0,0.0,0.0,0.0,0.0,0.0,0.0,0.0,0.0,0,0.0,10-7400-3,7400,3,7400-3,"Legge n. 197 del 2022,  Sezione II",Legge,197,2022,,,DD n. 132 del 2023,DD,132.0,2023.0,Firenze,Tramvia,Linea 3.2.1 - Tratta Libertà - Bagno a Ripoli,NUOVO FONDO UNICO TRM,,H41J22000280003_7400-3_DD n. 132 del 2023,,,
224,H49F21000040001,1749620.0,0.0,0.0,0.0,0.06495980702441422,0.0382082040414236,0.14137621510726142,0.14193292973669935,0.14369097593492436,0.14571272906288313,0.14003423984261631,0.152522228004008,0.15643681087205571,0.17155600817679081,0.17662504138167293,0.1767422444615546,0.0998225663536955,0.0,0.0,0.0,0.0,0,0.7811826712457696,10-7150-4,7150,4,7150-4,"Legge n. 145 del 2018, art. 1 , comma 95",Legge,145,2018,1,95.0,DM n. 332 del 2024,DM,332.0,2024.0,Genova,Ferrovia regionale,Ferrovia Genova-Casella - Interventi miglioramento linea,NO,,H49F21000040001_7150-4_DM n. 332 del 2024,,,
225,H49F21000050001,158270.0,0.0,0.0,0.0,0.005876240931033046,0.0034563004844686924,0.012788841899970432,0.012839202106415912,0.012998234337296372,0.013181121402808903,0.012667447297065012,0.013797106243752555,0.014151218011179717,0.015518895196751686,0.01597743812912368,0.015988040277849044,0.009029913682284946,0.0,0.0,0.0,0.0,0,0.07066550529718908,10-7150-4,7150,4,7150-4,"Legge n. 145 del 2018, art. 1 , comma 95",Legge,145,2018,1,95.0,DM n. 332 del 2024,DM,332.0,2024.0,Genova,Ferrovia regionale,Ferrovia Genova-Casella - Sistema di videosorveglianza linea,NO,,H49F21000050001_7150-4_DM n. 332 del 2024,,,
226,H49F21000060001,87482.0,0.0,0.0,0.0,0.0032480274791725086,0.0019104320400725986,0.007068891559317707,0.007096727608981341,0.007184630923708608,0.007285719735644965,0.007001792029075892,0.007626198574688578,0.007821929955481293,0.008577898462135787,0.008831353019599406,0.008837213240581223,0.0049911853715401,0.0,0.0,0.0,0.0,0,0.03905958004933781,10-7150-4,7150,4,7150-4,"Legge n. 145 del 2018, art. 1 , comma 95",Legge,145,2018,1,95.0,DM n. 332 del 2024,DM,332.0,2024.0,Genova,Ferrovia regionale,Ferrovia Genova-Casella - Sistema di videosorveglianza bordo,NO,,H49F21000060001_7150-4_DM n. 332 del 2024,,,
227,H49F21000070001,8789830.0,0.0,0.0,0.0,0.32634838455059206,0.1919523200063022,0.7102530245631965,0.7130498758516319,0.721882037815112,0.7320390240731143,0.7035111409310733,0.7662489314116606,0.7859152120503432,0.8618718049362727,0.8873378719309737,0.887926682728539,0.5014936891511891,0.0,0.0,0.0,0.0,0,3.9245452607973177,10-7150-4,7150,4,7150-4,"Legge n. 145 del 2018, art. 1 , comma 95",Legge,145,2018,1,95.0,DM n. 332 del 2024,DM,332.0,2024.0,Genova,Ferrovia regionale,Ferrovia Genova-Casella - Interventi messa in sicurezza per dissesto idrogeologico,NO,,H49F21000070001_7150-4_DM n. 332 del 2024,,,
228,H49F21000080001,17537930.0,0.0,0.0,0.0,0.6511474196726631,0.3829933402134202,1.4171341000995037,1.4227145245351287,1.4403369174897338,1.4606026693875298,1.4036823401441547,1.5288600714317007,1.5680992664106217,1.7196518458202268,1.7704630788393383,1.771637905036312,1.0006065209196666,0.0,0.0,0.0,0.0,0,7.830458617026165,10-7150-4,7150,4,7150-4,"Legge n. 145 del 2018, art. 1 , comma 95",Legge,145,2018,1,95.0,DM n. 332 del 2024,DM,332.0,2024.0,Genova,Ferrovia regionale,Ferrovia Genova-Casella - Interventi infrastrutture (linea),NO,,H49F21000080001_7150-4_DM n. 332 del 2024,,,
229,H49F21000090001,300000.0,0.0,0.0,0.0,0.011138385539330978,0.006551400425479293,0.024241186390289566,0.024336643911826456,0.024638088716679798,0.02498475024226114,0.024011083522584846,0.02615234645305975,0.026823563551866526,0.029415988873605265,0.030285154727599066,0.030305251047922623,0.017116156597494686,0.0,0.0,0.0,0.0,0,0.13394611479848817,10-7150-4,7150,4,7150-4,"Legge n. 145 del 2018, art. 1 , comma 95",Legge,145,2018,1,95.0,DM n. 332 del 2024,DM,332.0,2024.0,Genova,Ferrovia regionale,Ferrovia Genova-Casella - Sistema di monitoraggio rischio frane ed esondazioni,NO,,H49F21000090001_7150-4_DM n. 332 del 2024,,,
230,H49J21000890001,146760.0,0.0,0.0,0.0,0.005448898205840714,0.0032049450881444703,0.011858788382129656,0.011905486201665504,0.012052953000199757,0.012222539818514152,0.011746222059248506,0.01279372788483683,0.013122087289573106,0.014390301756967696,0.014815497692741464,0.014825328812643748,0.0083732238074944,0.0,0.0,0.0,0.0,0,0.06552643935942042,10-7150-4,7150,4,7150-4,"Legge n. 145 del 2018, art. 1 , comma 95",Legge,145,2018,1,95.0,DM n. 332 del 2024,DM,332.0,2024.0,Genova,Ferrovia regionale,Ferrovia Genova-Casella - Revamping carrozze e carri,NO,,H49J21000890001_7150-4_DM n. 332 del 2024,,,
231,H49J21005480003,230194.0,0.0,0.0,0.0,0.002501,0.005001,0.018754,0.018691,0.018924,0.01919,0.018442,0.020087,0.020602,0.022596,0.02326,0.023277,0.018869,0.0,0.0,0.0,0.0,0,0.108604,10-7150-3,7150,3,7150-3,"Legge n. 145 del 2018, art. 1 , comma 95",Legge,145,2018,1,95.0,DM n. 332 del 2024,DM,332.0,2024.0,Genova,Ferrovia regionale,Ferrovia Genova-Casella - Realizzazione interscambi,NO,,H49J21005480003_7150-3_DM n. 332 del 2024,,,
232,H81B21005410003,45000000.0,0.0,0.0,0.0,0.0,4.3051871248676,10.326909497469694,11.826653524773448,11.005060609626927,7.244909968224079,0.2912792750382488,0.0,0.0,0.0,0.0,0.0,0.0,0.0,0.0,0.0,0.0,0,0.0,10-7150-5,7150,5,7150-5,"DL n. 59 del 2021, art. 1 , comma 2",DL,59,2021,1,2.0,DM n. 265 del 2023,DM,265.0,2023.0,Bari,Ferrovia regionale,Ferrovia Bari-Barletta - Raddoppio tratta Andria-Barletta,NO,,H81B21005410003_7150-5_DM n. 265 del 2023,,,
233,H91B21004440003,1450000.0,0.0,0.0,0.0,0.0,0.13872269624573377,0.3327559726962457,0.38108105802047776,0.3546075085324232,0.2334470989761092,0.009385665529010238,0.0,0.0,0.0,0.0,0.0,0.0,0.0,0.0,0.0,0.0,0,0.0,10-7150-5,7150,5,7150-5,"DL n. 59 del 2021, art. 1 , comma 2",DL,59,2021,1,2.0,DM n. 265 del 2023,DM,265.0,2023.0,Bari,Ferrovia regionale,Ferrovia Bari-Barletta - Sostituzione travata metallica Bari Scalo,NO,,H91B21004440003_7150-5_DM n. 265 del 2023,,,
234,H91F18000260005,56000000.0,0.8008,4.4912,5.04,4.48,10.08,7.84,10.64,8.96,3.668,0.0,0.0,0.0,0.0,0.0,0.0,0.0,0.0,0.0,0.0,0.0,0,0.0,10-7400-2,7400,2,7400-2,"Legge n. 232 del 2016, art. 1 , comma 140",Legge,232,2016,1,140.0,DM n. 360 del 2018,DM,360.0,2018.0,Padova,Tramvia,SIR 3 - Tratta Stazione - Voltabarozzo,NUOVO FONDO UNICO TRM,,H91F18000260005_7400-2_DM n. 360 del 2018,,,
235,H94I19000130004,97154124.1,0.0,0.0,0.0,0.1531979,0.3063958,0.6127915899999999,1.30218214,1.68517688,6.9705043799999995,8.73228022,10.59731143,11.030248689999999,12.25583188,12.25583188,7.65989493,7.506697030000001,7.65989493,8.42588442,0.0,0.0,0,66.79428376,10-7400-7,7400,7,7400-7,"Legge n. 160 del 2019, art. 1 , comma 14",Legge,160,2019,1,14.0,DM n. 464 del 2021,DM,464.0,2021.0,Padova,Tramvia,Linea SIR 2 - Rubano - Busa di Vigonza FS,NUOVO FONDO UNICO TRM,,H94I19000130004_7400-7_DM n. 464 del 2021,,,
236,H94I19000130004,-70443762.16,0.0,0.0,0.0,0.0,0.0,0.0,0.0,0.0,0.0,0.0,-3.6494784,-11.030248689999999,-12.25583188,-12.25583188,-7.65989493,-7.506697030000001,-7.65989493,-8.42588442,0.0,0.0,0,-66.79428376,10-7400-7,7400,7,7400-7,"Legge n. 160 del 2019, art. 1 , comma 14",Legge,160,2019,1,14.0,DM n. 334 del 2024,DM,334.0,2024.0,Padova,Tramvia,Linea SIR 2 - Rubano - Busa di Vigonza FS,NUOVO FONDO UNICO TRM,,H94I19000130004_7400-7_DM n. 334 del 2024,,,
237,H97H21005650001,7000000.0,0.0,0.0,0.0,0.189225918,0.113535548,0.49198737000000003,0.503854722,0.510124951,0.5172909,0.497136668,0.5414759,0.555359889,0.609104412,0.62701926,0.6274671199999999,0.6274671199999999,0.588950222,0.0,0.0,0.0,0,3.635368023,10-7400-5,7400,5,7400-5,"Legge n. 145 del 2018, art. 1 , comma 95",Legge,145,2018,1,95.0,DM n. 443 del 2021,DM,443.0,2021.0,Padova,Tramvia,Revisione 16 veicoli,NUOVO FONDO UNICO TRM,,H97H21005650001_7400-5_DM n. 443 del 2021,,,
238,I57H21005640001,1512215.0,0.0,0.0,0.0,0.046042,0.027081,0.100206,0.100582,0.10184,0.10327,0.099249,0.108098,0.110877,0.121634,0.125209,0.125276,0.125266,0.217585,0.0,0.0,0.0,0,0.8258470000000001,10-7150-4,7150,4,7150-4,"Legge n. 145 del 2018, art. 1 , comma 95",Legge,145,2018,1,95.0,DM n. 332 del 2024,DM,332.0,2024.0,Venezia,Ferrovia regionale,Ferrovia Adria-Mestre - Intervento strutturale di manutenzione straordinaria,NO,,I57H21005640001_7150-4_DM n. 332 del 2024,,,
239,I60J21000030001,118323040.0,0.0,0.0,0.0,0.0,9.765128236970517,27.05773698125115,31.739688607093797,29.52971852525245,19.443551196743307,0.7872164526887909,0.0,0.0,0.0,0.0,0.0,0.0,0.0,0.0,0.0,0.0,0,0.0,10-7150-5,7150,5,7150-5,"DL n. 59 del 2021, art. 1 , comma 2",DL,59,2021,1,2.0,DM n. 265 del 2023,DM,265.0,2023.0,Catanzaro,Ferrovia regionale,Ferrovia Cosenza -Catanzaro - Acquisto materiale rotabile,NO,,I60J21000030001_7150-5_DM n. 265 del 2023,,,
240,I61B21003020001,9900000.0,0.0,0.0,0.0,0.0965381484375,0.19307707031250002,0.7240380468750001,0.7215545390625001,0.7305341484375,0.7407961171875,0.7119345234375001,0.7754306484375,0.79531340625,0.8722797187500001,0.8979346406250001,0.8985758203125,0.8985758203125,0.8434173515625001,0.0,0.0,0.0,0,5.2060967578124995,10-7150-3,7150,3,7150-3,"Legge n. 145 del 2018, art. 1 , comma 95",Legge,145,2018,1,95.0,DM n. 332 del 2024,DM,332.0,2024.0,Catanzaro,Ferrovia regionale,Ferrovia Catanzaro-Catanzaro Lido - Nuova stazione Catanzaro città,NO,,I61B21003020001_7150-3_DM n. 332 del 2024,,,
241,I65F21000560001,210000000.0,0.0,0.0,0.0,0.0,17.331171763029484,48.02213301874885,56.33167139290621,52.40941147474756,34.508458803256694,1.397153547311209,0.0,0.0,0.0,0.0,0.0,0.0,0.0,0.0,0.0,0.0,0,0.0,10-7150-5,7150,5,7150-5,"DL n. 59 del 2021, art. 1 , comma 2",DL,59,2021,1,2.0,DM n. 265 del 2023,DM,265.0,2023.0,Catanzaro,Ferrovia regionale,Ferrovia Cosenza -Catanzaro - Potenziamento e ammodernamento,NO,,I65F21000560001_7150-5_DM n. 265 del 2023,,,
242,I67H21003160001,2900000.0,0.0,0.0,0.0,0.0282788515625,0.0565579296875,0.21209195312499998,0.2113644609375,0.2139948515625,0.21700088281250002,0.2085464765625,0.2271463515625,0.23297059375,0.25551628125,0.263031359375,0.2632191796875,0.2632191796875,0.2470616484375,0.0,0.0,0.0,0,1.5250182421875,10-7150-3,7150,3,7150-3,"Legge n. 145 del 2018, art. 1 , comma 95",Legge,145,2018,1,95.0,DM n. 332 del 2024,DM,332.0,2024.0,Catanzaro,Ferrovia regionale,Ferrovia Catanzaro-Catanzaro Lido -inserimento posto di scambio in cremagliera,NO,,I67H21003160001_7150-3_DM n. 332 del 2024,,,
243,I69F18000980001,8100000.0,0.0,0.0,0.0,0.264,0.1555,0.5747,0.577,0.5845,0.5925,0.5693,0.62,0.636,0.6975,0.718,0.7185,0.7185,0.674,0.0,0.0,0.0,0,4.1625000000000005,10-7150-4,7150,4,7150-4,"Legge n. 145 del 2018, art. 1 , comma 95",Legge,145,2018,1,95.0,DM n. 332 del 2024,DM,332.0,2024.0,Catanzaro,Ferrovia regionale,"Ferrovia Cosenza-Catanzaro Lido e linee A, B e C del Sistema Ferroviario Metropolitano",NO,,I69F18000980001_7150-4_DM n. 332 del 2024,,,
244,I79J21015680001,1850000.0,0.0,0.0,0.0,0.05000971,0.03000582,0.13002524000000001,0.13316160000000002,0.13481874,0.13671259,0.13138612,0.14310434,0.14677369,0.16097759,0.16571223000000002,0.1658306,0.1658306,0.15565113,0.0,0.0,0.0,0,0.96077584,10-7400-5,7400,5,7400-5,"Legge n. 145 del 2018, art. 1 , comma 95",Legge,145,2018,1,95.0,DM n. 443 del 2021,DM,443.0,2021.0,Venezia,Tramvia,Manutenzione 20 tram,NUOVO FONDO UNICO TRM,,I79J21015680001_7400-5_DM n. 443 del 2021,,,
245,I80J18000010001,4600000.0,0.0663875390110923,0.37223660086482424,0.4264318480917465,0.3345961646926114,0.8313511938334273,0.6455134423763864,0.8347586012408347,0.7100552735476593,0.37866933634141753,0.0,0.0,0.0,0.0,0.0,0.0,0.0,0.0,0.0,0.0,0.0,0,0.0,10-7400-2,7400,2,7400-2,"Legge n. 232 del 2016, art. 1 , comma 140",Legge,232,2016,1,140.0,DM n. 360 del 2018,DM,360.0,2018.0,Roma,Metropolitana,Linea A - Fornitura sistema di controllo traffico treni centralizzato,NUOVO FONDO UNICO TRM,,I80J18000010001_7400-2_DM n. 360 del 2018,,,
246,I80J21000010004,1744276.0,0.0,0.0,0.0,0.047151746763624,0.028291047360464,0.122594540887712,0.12555167129589598,0.127114101290068,0.128899727096924,0.12387765124462399,0.1349262024212,0.138385848279328,0.15177802787654,0.15624209239368,0.15635369117216,0.15635369117216,0.1467559607456203,0.0,0.0,0.0,0,0.9058693116394885,10-7400-5,7400,5,7400-5,"Legge n. 145 del 2018, art. 1 , comma 95",Legge,145,2018,1,95.0,DM n. 443 del 2021,DM,443.0,2021.0,Roma,Tramvia,Sostituzione linee di contatto,NUOVO FONDO UNICO TRM,,I80J21000010004_7400-5_DM n. 443 del 2021,,,
247,I80J21000020004,244000.0,0.0,0.0,0.0,0.006595874856,0.003957524816,0.017149274528,0.017562936023999998,0.017781498292,0.018031282556,0.017328763856,0.0188743028,0.019358259232,0.02123163926,0.02185609992,0.02187171104,0.02187171104,0.020529121780000006,0.0,0.0,0.0,0,0.12671854227200002,10-7400-5,7400,5,7400-5,"Legge n. 145 del 2018, art. 1 , comma 95",Legge,145,2018,1,95.0,DM n. 443 del 2021,DM,443.0,2021.0,Roma,Tramvia,Sistema di radiocomando e segnalamento,NUOVO FONDO UNICO TRM,,I80J21000020004_7400-5_DM n. 443 del 2021,,,
248,I80J21000060004,7563317.0,0.0,0.0,0.0,0.204453657492858,0.12267219147038799,0.531579506456104,0.544401854918982,0.551176673431781,0.558919286424583,0.5371431732011079,0.5850505542229,0.600051848933576,0.6581213858730549,0.67747791835506,0.67796181937672,0.67796181937672,0.6363453104661656,0.0,0.0,0.0,0,3.9279201023812966,10-7400-5,7400,5,7400-5,"Legge n. 145 del 2018, art. 1 , comma 95",Legge,145,2018,1,95.0,DM n. 443 del 2021,DM,443.0,2021.0,Roma,Tramvia,Manutenzione armamento,NUOVO FONDO UNICO TRM,,I80J21000060004_7400-5_DM n. 443 del 2021,,,
249,I87B20001090004,1156884.0,0.0,0.0,0.0,0.031273205274215995,0.018763922701776,0.081310333250208,0.083271638029464,0.084307913401812,0.085492222493916,0.082161351003216,0.0894892578708,0.09178385398915201,0.10066616292486,0.10362693565512,0.10370095309343999,0.10370095309343999,0.09733529721857999,0.0,0.0,0.0,0,0.600814155974592,10-7400-5,7400,5,7400-5,"Legge n. 145 del 2018, art. 1 , comma 95",Legge,145,2018,1,95.0,DM n. 443 del 2021,DM,443.0,2021.0,Roma,Tramvia,Sostituzione linee di contatto,NUOVO FONDO UNICO TRM,,I87B20001090004_7400-5_DM n. 443 del 2021,,,
250,I87B20001100004,19586875.0,0.0,0.0,0.0,0.52947777180375,0.3176866552475,1.376642198855,1.40984849399625,1.4273933785168749,1.4474445799756248,1.3910505391474999,1.5151172526874999,1.553966408995,1.7043502632406249,1.7544782668875,1.7557314351499997,1.7557314351499997,1.6479563203468774,0.0,0.0,0.0,0,10.172214129770001,10-7400-5,7400,5,7400-5,"Legge n. 145 del 2018, art. 1 , comma 95",Legge,145,2018,1,95.0,DM n. 443 del 2021,DM,443.0,2021.0,Roma,Tramvia,Manutenzione armamento,NUOVO FONDO UNICO TRM,,I87B20001100004_7400-5_DM n. 443 del 2021,,,
251,I89E19000950005,66000000.0,0.952516864072194,5.340786012408348,6.118369994359842,4.800727580372251,11.928082346305697,9.261714608009024,11.976971235194585,10.187749576988157,5.4330817822899045,0.0,0.0,0.0,0.0,0.0,0.0,0.0,0.0,0.0,0.0,0.0,0,0.0,10-7400-2,7400,2,7400-2,"Legge n. 232 del 2016, art. 1 , comma 140",Legge,232,2016,1,140.0,DM n. 360 del 2018,DM,360.0,2018.0,Roma,Metropolitana,Linea A - Manutenzioni straordinarie rotabili,NUOVO FONDO UNICO TRM,,I89E19000950005_7400-2_DM n. 360 del 2018,,,
252,I90J21000020001,21670000.0,0.0,0.0,0.0,0.0,2.0997,5.02685,5.66345,5.27,3.47,0.14,0.0,0.0,0.0,0.0,0.0,0.0,0.0,0.0,0.0,0.0,0,0.0,10-7150-5,7150,5,7150-5,"DL n. 59 del 2021, art. 1 , comma 2",DL,59,2021,1,2.0,DM n. 265 del 2023,DM,265.0,2023.0,Padova,Ferrovia regionale,Ferrovia Adria-Mestre - Acquisto 4 convogli elettrici,NO,,I90J21000020001_7150-5_DM n. 265 del 2023,,,
253,J10F18000000004,75000000.0,1.0725,6.51015998924442,6.75,5.495832212960473,13.5,10.500000000000002,13.866889620865825,12.049410123689164,5.255208053240119,0.0,0.0,0.0,0.0,0.0,0.0,0.0,0.0,0.0,0.0,0.0,0,0.0,10-7400-2,7400,2,7400-2,"Legge n. 232 del 2016, art. 1 , comma 140",Legge,232,2016,1,140.0,DM n. 360 del 2018,DM,360.0,2018.0,Torino,Tramvia,Fornitura nuovi tram (1^ fase),NUOVO FONDO UNICO TRM,,J10F18000000004_7400-2_DM n. 360 del 2018,,,
254,J10F18000000004,100000000.0,0.0,0.0,6.166761778050328,0.19327940302750296,1.2144559771862762,2.558028635041413,9.721216914044211,9.245815335678094,9.939936527100551,12.439243557364952,14.093377477756144,13.07274165537512,9.271753051539559,6.999762956615435,2.737337468230292,1.1731446314950615,1.1731446314950615,0.0,0.0,0.0,0,34.427884394750535,10-7400-3,7400,3,7400-3,"Legge n. 205 del 2017, art. 1 , comma 1072",Legge,205,2017,1,1072.0,DM n. 607 del 2019,DM,607.0,2019.0,Torino,Tramvia,Fornitura 40 motrici,NUOVO FONDO UNICO TRM,,J10F18000000004_7400-3_DM n. 607 del 2019,,,
255,J11C06000070003,15000000.0,0.0,0.0,0.0,0.5335272154351542,0.3138800731426707,1.1612184528131095,1.1657664407005777,1.1802717657053048,1.1968788123853011,1.1502619365387552,1.2528328451826334,1.2849443960244522,1.4092905194022676,1.4507392271948727,1.451772860805661,1.44861545466924,0.0,0.0,0.0,0.0,0,7.045362458096494,10-7150-4,7150,4,7150-4,"Legge n. 145 del 2018, art. 1 , comma 95",Legge,145,2018,1,95.0,DM n. 332 del 2024,DM,332.0,2024.0,Torino,Ferrovia regionale,Ferrovia Torino-Ceres - Collegamento con la rete RFI,NO,,J11C06000070003_7150-4_DM n. 332 del 2024,,,
256,J19J21015920001,13000000.0,0.0,0.0,0.0,0.0,0.0,0.0,5.0,4.0,4.0,0.0,0.0,0.0,0.0,0.0,0.0,0.0,0.0,0.0,0.0,0.0,0,0.0,10-7173-1,7173,1,7173-1,"DL n. 68 del 2022, art. 8 , comma 12",DL,68,2022,8,12.0,DI n. 390 del 2022,DI,390.0,2022.0,Firenze,Ferrovia regionale,Acquisto di 2 treni per il servizio regionale gestito da TFT,NO,,J19J21015920001_7173-1_DI n. 390 del 2022,,,
257,J19J21020260001,12000000.0,0.0,0.0,0.0,0.324387288,0.194632368,0.843406932,0.863750952,0.874499916,0.886784388,0.852234288,0.9282444,0.9520455360000001,1.04417898,1.07489016,1.0756579199999998,1.0756579199999998,1.009628952,0.0,0.0,0.0,0,6.232059467999999,10-7400-5,7400,5,7400-5,"Legge n. 145 del 2018, art. 1 , comma 95",Legge,145,2018,1,95.0,DM n. 443 del 2021,DM,443.0,2021.0,Torino,Tramvia,Revisione generale 55 veicoli,NUOVO FONDO UNICO TRM,,J19J21020260001_7400-5_DM n. 443 del 2021,,,
258,J19J21020270001,6000000.0,0.0,0.0,0.0,0.162193644,0.097316184,0.421703466,0.431875476,0.437249958,0.443392194,0.426117144,0.4641222,0.47602276800000004,0.52208949,0.53744508,0.5378289599999999,0.5378289599999999,0.504814476,0.0,0.0,0.0,0,3.1160297339999996,10-7400-5,7400,5,7400-5,"Legge n. 145 del 2018, art. 1 , comma 95",Legge,145,2018,1,95.0,DM n. 443 del 2021,DM,443.0,2021.0,Torino,Tramvia,Revisione generale 53 motrici,NUOVO FONDO UNICO TRM,,J19J21020270001_7400-5_DM n. 443 del 2021,,,
259,J27H21000680001,23000000.0,0.3289,1.8446,2.07,1.84,4.14,3.22,4.37,3.68,1.5065,0.0,0.0,0.0,0.0,0.0,0.0,0.0,0.0,0.0,0.0,0.0,0,0.0,10-7400-2,7400,2,7400-2,"Legge n. 232 del 2016, art. 1 , comma 140",Legge,232,2016,1,140.0,DM n. 360 del 2018,DM,360.0,2018.0,Reggio Calabria,Ferrovia regionale,SFM - Realizzazione 3 fermate nella tratta Reggio Centrale - Melito PS,NUOVO FONDO UNICO TRM,,J27H21000680001_7400-2_DM n. 360 del 2018,,,
260,J34C03000000011,14300000.0,5.616365124195033,2.096049797608096,3.5932282244710216,0.5988713707451703,0.5988713707451703,0.5988713707451703,0.5988713707451703,0.5988713707451703,0.0,0.0,0.0,0.0,0.0,0.0,0.0,0.0,0.0,0.0,0.0,0.0,0,0.0,10-7423-1,7423,1,7423-1,"Legge n. 147 del 2013, art. 1 , comma 88",Legge,147,2013,1,88.0,DM n. 86 del 2018,DM,86.0,2018.0,Torino,Metropolitana,Linea 1 - Prolungamento Collegno - Cascine Vica: lotto 1,NO,,J34C03000000011_7423-1_DM n. 86 del 2018,,,
261,J40J21000080003,10000000.0,0.0,0.0,0.0,0.0,0.0,0.0,4.0,3.0,3.0,0.0,0.0,0.0,0.0,0.0,0.0,0.0,0.0,0.0,0.0,0.0,0,0.0,10-7173-1,7173,1,7173-1,"DL n. 68 del 2022, art. 8 , comma 12",DL,68,2022,8,12.0,DI n. 390 del 2022,DI,390.0,2022.0,Trento,Ferrovia regionale,Acquisto di 2 rotabili,NO,,J40J21000080003_7173-1_DI n. 390 del 2022,,,
262,J67D23000030002,2200000.0,0.0,0.0,0.0,0.07825065826382262,0.04603574406092504,0.17031203974592277,0.17097907796941808,0.17310652563677803,0.17554222581651086,0.1687050840256841,0.1837488172934529,0.18845851141691966,0.20669594284566592,0.21277508665524802,0.21292668625149697,0.2124636000181552,0.0,0.0,0.0,0.0,0,1.0333198271874857,10-7150-4,7150,4,7150-4,"Legge n. 145 del 2018, art. 1 , comma 95",Legge,145,2018,1,95.0,DM n. 332 del 2024,DM,332.0,2024.0,Torino,Ferrovia regionale,Ferrovia Torino-Ceres - Adeguamento gallerie decreto fuoco-fumi,NO,,J67D23000030002_7150-4_DM n. 332 del 2024,,,
263,J67D23000040002,1173391.56,0.0,0.0,0.0,0.04173575544146078,0.024553615245186164,0.0908375954564774,0.09119336682995322,0.0923280618923268,0.09362716645304905,0.08998050987492207,0.09800423244187258,0.10051619395762598,0.1102433067369758,0.11348567766342575,0.11356653479376116,0.11331954321296325,0.0,0.0,0.0,0.0,0,0.5511312563647519,10-7150-4,7150,4,7150-4,"Legge n. 145 del 2018, art. 1 , comma 95",Legge,145,2018,1,95.0,DM n. 332 del 2024,DM,332.0,2024.0,Torino,Ferrovia regionale,Ferrovia Torino-Ceres - Sostituzione casse di manovra,NO,,J67D23000040002_7150-4_DM n. 332 del 2024,,,
264,J67D23000050002,3300000.0,0.0,0.0,0.0,0.11737598739573392,0.06905361609138755,0.2554680596188841,0.2564686169541271,0.259659788455167,0.26331333872476625,0.25305762603852616,0.27562322594017935,0.28268776712537946,0.3100439142684988,0.319162629982872,0.3193900293772454,0.3186954000272328,0.0,0.0,0.0,0.0,0,1.5499797407812286,10-7150-4,7150,4,7150-4,"Legge n. 145 del 2018, art. 1 , comma 95",Legge,145,2018,1,95.0,DM n. 332 del 2024,DM,332.0,2024.0,Torino,Ferrovia regionale,Ferrovia Torino-Ceres - Implementazione rete GSM-R e TLC,NO,,J67D23000050002_7150-4_DM n. 332 del 2024,,,
265,J67D23000060002,4600000.0,0.0,0.0,0.0,0.16361501273344728,0.09625655576375233,0.35610699219602027,0.35750170848151047,0.36195000814962675,0.367042835798159,0.3527469938718849,0.38420207252267424,0.39404961478083195,0.43218242595002865,0.4448933630064276,0.44521034398040266,0.44424207276523353,0.0,0.0,0.0,0.0,0,2.1605778204829242,10-7150-4,7150,4,7150-4,"Legge n. 145 del 2018, art. 1 , comma 95",Legge,145,2018,1,95.0,DM n. 332 del 2024,DM,332.0,2024.0,Torino,Ferrovia regionale,Ferrovia Torino-Ceres - Modifica impianto snevatoi e interventi di armamento,NO,,J67D23000060002_7150-4_DM n. 332 del 2024,,,
266,J67D23000070002,6468700.0,0.0,0.0,0.0,0.23008183323235878,0.13535973527586626,0.5007715870474775,0.5027328916639885,0.5089882647211936,0.5161499982451199,0.49604662592588306,0.5402799883755267,0.5541279876375582,0.6077518388571632,0.6256264559303649,0.626072206979572,0.6247105861079275,0.0,0.0,0.0,0.0,0,3.0382890755125858,10-7150-4,7150,4,7150-4,"Legge n. 145 del 2018, art. 1 , comma 95",Legge,145,2018,1,95.0,DM n. 332 del 2024,DM,332.0,2024.0,Torino,Ferrovia regionale,Ferrovia Torino-Ceres - Sostituzione segnalamento su linea e lampade di stazione,NO,,J67D23000070002_7150-4_DM n. 332 del 2024,,,
267,J67H21009630001,10793644.44,0.0,0.0,0.0,0.38391353749802226,0.22586066042021205,0.8355852731221082,0.8388578974004253,0.8492955854396029,0.8612456225770939,0.8277012237243445,0.9015088182436608,0.9246155290572323,1.0140920519393997,1.0439175595667889,1.044661337811861,1.0423893431992475,0.0,0.0,0.0,0.0,0,5.0696758215745295,10-7150-4,7150,4,7150-4,"Legge n. 145 del 2018, art. 1 , comma 95",Legge,145,2018,1,95.0,DM n. 332 del 2024,DM,332.0,2024.0,Torino,Ferrovia regionale,Ferrovia Torino-Ceres - Interconnessione Rebaudengo,NO,,J67H21009630001_7150-4_DM n. 332 del 2024,,,
268,J80C18000050001,158966001.0,0.0,0.0,3.5613772290610712,0.9428078111718945,4.815759930278241,9.940967324936409,15.833362074162283,14.378501262548713,15.350478506065102,19.210217317107276,21.764735370587204,20.188543380943916,14.318587004204645,10.809899087274527,4.227334838388455,1.8117149316351358,1.8117149316351358,0.0,0.0,0.0,0,53.16779417408182,10-7400-3,7400,3,7400-3,"Legge n. 205 del 2017, art. 1 , comma 1072",Legge,205,2017,1,1072.0,DM n. 607 del 2019,DM,607.0,2019.0,Roma,Tramvia,Fornitura materiale rotabile,NUOVO FONDO UNICO TRM,,J80C18000050001_7400-3_DM n. 607 del 2019,,,
269,J80C18000060005,134400000.0,1.9396707050197408,10.875782425267909,12.45922617033277,9.776027072758039,24.289913141567965,18.86021883812747,24.38946869712352,20.7459627749577,11.063730174844897,0.0,0.0,0.0,0.0,0.0,0.0,0.0,0.0,0.0,0.0,0.0,0,0.0,10-7400-2,7400,2,7400-2,"Legge n. 232 del 2016, art. 1 , comma 140",Legge,232,2016,1,140.0,DM n. 360 del 2018,DM,360.0,2018.0,Roma,Metropolitana,Linee A e B - Fornitura di 2 treni (A) e 12 treni (B),NUOVO FONDO UNICO TRM,,J80C18000060005_7400-2_DM n. 360 del 2018,,,
270,J80J18000000001,159466174.12,0.0,0.0,0.0,0.25145492,0.50290985,1.00581969,2.13736684,2.76600415,11.441198980000001,14.33293059,17.39414282,18.10475443,20.116393809999998,20.116393809999998,12.57274613,12.32129121,12.57274613,13.83002076,0.0,0.0,0,109.63434627999999,10-7400-7,7400,7,7400-7,"Legge n. 160 del 2019, art. 1 , comma 14",Legge,160,2019,1,14.0,DM n. 464 del 2021,DM,464.0,2021.0,Roma,Metropolitana,Linee A e B - Fornitura di 54 treni,NUOVO FONDO UNICO TRM,,J80J18000000001_7400-7_DM n. 464 del 2021,,,
271,J81B18000880001,20003107.57,0.0,0.0,0.0,0.0,0.70273583,1.2720927,1.17442377,1.37591319,1.73814038,2.30636514,3.32093048,3.08043024,2.1847741800000002,1.64940774,0.6450198,0.27643704999999996,0.27643707,0.0,0.0,0.0,0,8.11250608,10-7400-3,7400,3,7400-3,"Legge n. 205 del 2017, art. 1 , comma 1072",Legge,205,2017,1,1072.0,DM n. 235 del 2020,DM,235.0,2020.0,Roma,Metrotranvia,Linea G - Termini - Giardinetti - Tor Vergata,NUOVO FONDO UNICO TRM,,J81B18000880001_7400-3_DM n. 235 del 2020,,,
272,J81B18000880001,193821190.9,0.0,0.0,0.0,0.0,0.26252506,3.43784183,5.90198337,9.75956029,10.419388380000001,14.06061777,19.44294903,19.941486219999998,21.87130729,22.51458123,22.53066298,22.53066298,21.14762447,0.0,0.0,0.0,0,130.53632517,10-7400-4,7400,4,7400-4,"Legge n. 145 del 2018, art. 1 , comma 95",Legge,145,2018,1,95.0,DM n. 235 del 2020,DM,235.0,2020.0,Roma,Metrotranvia,Linea G - Termini - Giardinetti - Tor Vergata,NUOVO FONDO UNICO TRM,,J81B18000880001_7400-4_DM n. 235 del 2020,,,
273,J81B21014060001,173183831.97,0.0,0.0,0.0,0.0,0.5529723487456744,6.707718424654386,12.030304189098734,20.343270721468294,31.538187235878606,24.117668899795657,24.13089093558588,18.154399359989835,10.177743265218947,9.387001196445928,9.387001196445928,4.662830104552156,0.5433807715132096,0.5433807715132096,0.9070825490935465,0.0,0,53.762819214772755,10-7400-1,7400,1,7400-1,"Legge n. 234 del 2021,  Sezione II",Legge,234,2021,,,DI n. 97 del 2022,DI,97.0,2022.0,Roma,Tramvia,Linea 1 - Termini - Vaticano/Aurelio,NUOVO FONDO UNICO TRM,,J81B21014060001_7400-1_DI n. 97 del 2022,,,
274,J81F19000890001,184256600.0,0.0,0.0,4.127972367778278,1.0928032450157394,5.581920319989088,11.522519460018861,18.352361159000846,16.666040153661115,17.79265352407421,22.266455127793698,25.22738267338145,23.400427380224723,16.596593872918355,12.52969339125734,4.899880096895726,2.099948613995281,2.099948613995281,0.0,0.0,0.0,0,61.626491969286704,10-7400-3,7400,3,7400-3,"Legge n. 205 del 2017, art. 1 , comma 1072",Legge,205,2017,1,1072.0,DM n. 607 del 2019,DM,607.0,2019.0,Roma,Tramvia,Linea 14 - Collegamento tra Metro A e Metro B,NUOVO FONDO UNICO TRM,,J81F19000890001_7400-3_DM n. 607 del 2019,,,
275,J81F19000890001,-24677342.15,0.0,0.0,0.0,0.0,0.0,0.0,0.0,0.0,0.0,0.0,0.0,-4.22351443,-11.095790580000001,-4.694904230000001,-2.5106255099999997,-1.0762536999999999,-1.0762536999999999,0.0,0.0,0.0,0,-24.677342149999998,10-7400-3,7400,3,7400-3,"DL n. 68 del 2022, art. 9 , comma 2",DL,68,2022,9,2.0,DD n. 265 del 2022,DD,265.0,2022.0,Roma,Tramvia,Linea 14 - Collegamento tra Metro A e Metro B,NUOVO FONDO UNICO TRM,,J81F19000890001_7400-3_DD n. 265 del 2022,,,
276,J81F19000890001,24677342.15,0.0,0.0,0.0,0.0,0.0,4.22351443,11.095790580000001,4.694904230000001,2.5106255099999997,1.0762536999999999,1.0762536999999999,0.0,0.0,0.0,0.0,0.0,0.0,0.0,0.0,0.0,0,0.0,10-7400-3,7400,3,7400-3,"DL n. 68 del 2022, art. 9 , comma 2",DL,68,2022,9,2.0,DD n. 415 del 2022,DD,415.0,2022.0,Roma,Tramvia,Linea 14 - Collegamento tra Metro A e Metro B,NUOVO FONDO UNICO TRM,,J81F19000890001_7400-3_DD n. 415 del 2022,,,
277,J81F19000890001,-39083239.64,0.0,0.0,0.0,0.0,0.0,0.0,0.0,0.0,0.0,0.0,0.0,-19.98725623,-6.07553375,-8.26868522,-2.5589346,-1.09641492,-1.09641492,0.0,0.0,0.0,0,-39.08323964,10-7400-3,7400,3,7400-3,"Legge n. 197 del 2022,  Sezione II",Legge,197,2022,,,DD n. 342 del 2022,DD,342.0,2022.0,Roma,Tramvia,Linea 14 - Collegamento tra Metro A e Metro B,NUOVO FONDO UNICO TRM,,J81F19000890001_7400-3_DD n. 342 del 2022,,,
278,J81F19000890001,39083238.16,0.0,0.0,0.0,0.0,0.0,0.0,19.98730316,6.07554652,8.26869316,2.707276,2.0444193200000003,0.0,0.0,0.0,0.0,0.0,0.0,0.0,0.0,0.0,0,0.0,10-7400-3,7400,3,7400-3,"Legge n. 197 del 2022,  Sezione II",Legge,197,2022,,,DD n. 132 del 2023,DD,132.0,2023.0,Roma,Tramvia,Linea 14 - Collegamento tra Metro A e Metro B,NUOVO FONDO UNICO TRM,,J81F19000890001_7400-3_DD n. 132 del 2023,,,
279,J81F19000900001,29945392.95,0.0,0.0,0.6708783003694981,0.17760244457474764,0.9071740029809677,1.872640507880242,2.9826267632562296,2.708565779037823,2.8916630470854483,3.6187455342458548,4.0999556447607794,3.8030387682111164,2.697279365602657,2.0363264715848395,0.7963287877309502,0.34128376633942326,0.34128376633942326,0.0,0.0,0.0,0,10.01554092580841,10-7400-3,7400,3,7400-3,"Legge n. 205 del 2017, art. 1 , comma 1072",Legge,205,2017,1,1072.0,DM n. 607 del 2019,DM,607.0,2019.0,Roma,Funivia,FL1 - EUR Magliana (Metro B) - Villa Bonelli FS,NUOVO FONDO UNICO TRM,,J81F19000900001_7400-3_DM n. 607 del 2019,,,
280,J81F19000910001,109591314.06,0.0,0.0,2.455216888774628,0.6499726122717289,3.319989530067416,6.85331243985501,10.915535050134473,9.912552606617327,10.582634653616656,13.243542304117936,15.00462950836143,13.918001233955422,9.871247659260332,7.4523548329709195,2.9143287054859512,1.2489980172553852,1.2489980172553852,0.0,0.0,0.0,0,36.6539284661834,10-7400-3,7400,3,7400-3,"Legge n. 205 del 2017, art. 1 , comma 1072",Legge,205,2017,1,1072.0,DM n. 607 del 2019,DM,607.0,2019.0,Roma,Funivia,FL2 - Battistini (Metro A) - Casalotti GRA,NUOVO FONDO UNICO TRM,,J81F19000910001_7400-3_DM n. 607 del 2019,,,
281,J84E21005150001,11284217.84,0.0,0.0,0.0,0.0,0.03603027125432557,0.43705786534561414,0.7838640109012636,1.3255157585317066,2.054948034121396,1.5714459402043413,1.572307454414115,1.182894470010161,0.6631558547810523,0.6116331135540728,0.6116331135540728,0.30381814544784436,0.035405308486790396,0.035405308486790396,0.05910319090645349,0.0,0,3.5030485052272375,10-7400-1,7400,1,7400-1,"Legge n. 234 del 2021,  Sezione II",Legge,234,2021,,,DI n. 97 del 2022,DI,97.0,2022.0,Roma,Tramvia,Ampliamento deposito via Casilina,NUOVO FONDO UNICO TRM,,J84E21005150001_7400-1_DI n. 97 del 2022,,,
282,J84I19003410001,23454694.0,0.0,0.0,0.5254646440165236,0.13910690696588993,0.7105429766842878,1.4667434873094782,2.3361389234461627,2.1214809781350272,2.2648916991585772,2.8343782067352383,3.211285462909138,2.978725666664817,2.112640908014014,1.5949503269123775,0.6237235914989184,0.2673101107747752,0.2673101107747752,0.0,0.0,0.0,0,7.844660714639677,10-7400-3,7400,3,7400-3,"Legge n. 205 del 2017, art. 1 , comma 1072",Legge,205,2017,1,1072.0,DM n. 607 del 2019,DM,607.0,2019.0,Roma,Tramvia,Linee 3 - Collegamento fra cimitero del Verano a Tiburtina,NUOVO FONDO UNICO TRM,,J84I19003410001_7400-3_DM n. 607 del 2019,,,
283,J87C19000370004,7242818.0,0.0,0.0,0.0,0.195789840708132,0.117473901527752,0.509053582944016,0.521332578555228,0.5278203110502739,0.535234827293782,0.5143814867786319,0.5602587707265999,0.574624378746704,0.63023319263047,0.64876948323924,0.6492328787348799,0.6492328787348799,0.6093798883294095,0.0,0.0,0.0,0,3.7614727004155837,10-7400-5,7400,5,7400-5,"Legge n. 145 del 2018, art. 1 , comma 95",Legge,145,2018,1,95.0,DM n. 443 del 2021,DM,443.0,2021.0,Roma,Tramvia,Manutenzione armamento,NUOVO FONDO UNICO TRM,,J87C19000370004_7400-5_DM n. 443 del 2021,,,
284,J87C20000180001,36000000.0,0.5195546531302877,2.91315600676819,3.3372927241962773,2.6185786802030457,6.506226734348561,5.051844331641286,6.532893401015228,5.556954314720812,2.9634991539763114,0.0,0.0,0.0,0.0,0.0,0.0,0.0,0.0,0.0,0.0,0.0,0,0.0,10-7400-2,7400,2,7400-2,"Legge n. 232 del 2016, art. 1 , comma 140",Legge,232,2016,1,140.0,DM n. 360 del 2018,DM,360.0,2018.0,Roma,Metropolitana,Linea A - Rinnovo tratta Anangnina - Ottaviano,NUOVO FONDO UNICO TRM,,,,,
285,J87F19000700001,10000000.0,0.0,0.0,0.0,0.0,0.0,0.759921891606981,0.762904369818622,0.7723940732192979,0.7832394485343559,0.752736830460755,0.8198425902226771,0.8408690616147463,0.9221958197585385,0.9492414744504649,0.9500548775990941,0.9500548775990941,0.7365446851153732,0.0,0.0,0.0,0,5.348960796137311,10-7150-4,7150,4,7150-4,"Legge n. 145 del 2018, art. 1 , comma 95",Legge,145,2018,1,95.0,DM n. 332 del 2024,DM,332.0,2024.0,Roma,Ferrovia regionale,Ferrovia Roma-Lido - Potenziamento e risanamento,NO,,J87F19000700001_7150-4_DM n. 332 del 2024,,,
