decree_file,model_slug,thinking,numero_decreto,data_decreto,ministero_1,ministero_2,natura_atto,cup,cup_valido,cup_tipo,cup_master,n_cup,attribuzione_importo,capitolo,piano_gestionale,annualita,importo_eur,importo_quota_eur,importo_originale,livello_importo,tipo_azione,stato_importo,colonna_fonte,riferimento_fonte,passaggio_testuale,atto_riferito,confidenza,ambiguita,note
2022 DD MIT 454-2022.pdf,deepseek/deepseek-v4-flash,off,,,Ministero delle infrastrutture e dei trasporti,,impegno,E51I04000010007,True,definitivo,,1,singolo,7426,1,2021,14000000.0,14000000.0,"€ 14.000.000,00",totale,assegnazione,impegnato,,Articolo 1,"è autorizzato, per il corrente esercizio finanziario, a favore di Roma Capitale per l’intervento ""Tratta Colosseo - Piazza Venezia della Linea C della metropolitana di Roma” CUP E51I04000010007, l’impegno di € 14.000.000,00 in conto residui di lettera F, esercizio di provenienza 2021.",DM MIT-MEF n. 498 del 14 novembre 2014,alta,,"Impegno di 14.000.000,00 per l'anno 2021, in conto residui, come da articolo 1."
2022 DD MIT 454-2022.pdf,deepseek/deepseek-v4-flash,off,,,Ministero delle infrastrutture e dei trasporti,,impegno,E51I04000010007,True,definitivo,,1,singolo,7426,1,,131000000.0,131000000.0,"€ 131.000.000,00",totale,assegnazione,impegnato,Totale,"Articolo 2; [TABELLA pag.3 n.1], riga 5","per l’importo complessivo di € 131.000.000,00 a favore di Roma Capitale, per l’intervento ""Tratta Colosseo - Piazza Venezia della Linea C della metropolitana di Roma” CUP E51I04000010007, come di seguito riportato: Anno Importo 2022 35.000.000,00 € 2023 40.000.000,00 € 2024 33.500.000,00 € 2025 22.500.000,00 € Totale 131.000.000,00 €",DM MIT-MEF n. 498 del 14 novembre 2014,alta,,"Importo complessivo autorizzato per l'impegno, articolato in quote annuali."
2022 DD MIT 454-2022.pdf,deepseek/deepseek-v4-flash,off,,,Ministero delle infrastrutture e dei trasporti,,impegno,E51I04000010007,True,definitivo,,1,singolo,7426,1,2022,35000000.0,35000000.0,"35.000.000,00 €",quota,assegnazione,impegnato,Importo,"Articolo 2; [TABELLA pag.3 n.1], riga 1","2022 | 35.000.000,00 €",DM MIT-MEF n. 498 del 14 novembre 2014,alta,,"Quota annuale 2022 dell'impegno complessivo di 131.000.000,00."
2022 DD MIT 454-2022.pdf,deepseek/deepseek-v4-flash,off,,,Ministero delle infrastrutture e dei trasporti,,impegno,E51I04000010007,True,definitivo,,1,singolo,7426,1,2023,40000000.0,40000000.0,"40.000.000,00 €",quota,assegnazione,impegnato,Importo,"Articolo 2; [TABELLA pag.3 n.1], riga 2","2023 | 40.000.000,00 €",DM MIT-MEF n. 498 del 14 novembre 2014,alta,,"Quota annuale 2023 dell'impegno complessivo di 131.000.000,00."
2022 DD MIT 454-2022.pdf,deepseek/deepseek-v4-flash,off,,,Ministero delle infrastrutture e dei trasporti,,impegno,E51I04000010007,True,definitivo,,1,singolo,7426,1,2024,33500000.0,33500000.0,"33.500.000,00 €",quota,assegnazione,impegnato,Importo,"Articolo 2; [TABELLA pag.3 n.1], riga 3","2024 | 33.500.000,00 €",DM MIT-MEF n. 498 del 14 novembre 2014,alta,,"Quota annuale 2024 dell'impegno complessivo di 131.000.000,00."
2022 DD MIT 454-2022.pdf,deepseek/deepseek-v4-flash,off,,,Ministero delle infrastrutture e dei trasporti,,impegno,E51I04000010007,True,definitivo,,1,singolo,7426,1,2025,22500000.0,22500000.0,"22.500.000,00 €",quota,assegnazione,impegnato,Importo,"Articolo 2; [TABELLA pag.3 n.1], riga 4","2025 | 22.500.000,00 €",DM MIT-MEF n. 498 del 14 novembre 2014,alta,,"Quota annuale 2025 dell'impegno complessivo di 131.000.000,00."
2022 DDG 128 del 02-05-22.pdf,deepseek/deepseek-v4-flash,off,,,Ministero delle infrastrutture e della mobilità sostenibili,,impegno,H94I19000130004,True,definitivo,,1,singolo,7400,7,,97154124.1,97154124.1,"97.154.124,10",totale,assegnazione,impegnato,Totale,"Articolo 2; Allegato parte integrante / [TABELLA pag.4 n.1], riga 2","Comune di Padova | H94I19000130004 | 7400/PG 7 | ... | 97.154.124,10",,alta,,"Importo complessivo per il CUP, ripartito in annualità 2020-2034."
2022 DDG 128 del 02-05-22.pdf,deepseek/deepseek-v4-flash,off,,,Ministero delle infrastrutture e della mobilità sostenibili,,impegno,H94I19000130004,True,definitivo,,1,singolo,7400,7,2020,153197.9,153197.9,"153.197,90",quota,assegnazione,impegnato,2020,"Articolo 2; Allegato parte integrante / [TABELLA pag.4 n.1], riga 2","Comune di Padova | H94I19000130004 | 7400/PG 7 | 153.197,90 | ...",,alta,,Quota annuale 2020.
2022 DDG 128 del 02-05-22.pdf,deepseek/deepseek-v4-flash,off,,,Ministero delle infrastrutture e della mobilità sostenibili,,impegno,H94I19000130004,True,definitivo,,1,singolo,7400,7,2021,306395.8,306395.8,"306.395,80",quota,assegnazione,impegnato,2021,"Articolo 2; Allegato parte integrante / [TABELLA pag.4 n.1], riga 2","Comune di Padova | H94I19000130004 | 7400/PG 7 | 153.197,90 | 306.395,80 | ...",,alta,,Quota annuale 2021.
2022 DDG 128 del 02-05-22.pdf,deepseek/deepseek-v4-flash,off,,,Ministero delle infrastrutture e della mobilità sostenibili,,impegno,H94I19000130004,True,definitivo,,1,singolo,7400,7,2022,612791.59,612791.59,"612.791,59",quota,assegnazione,impegnato,2022,"Articolo 2; Allegato parte integrante / [TABELLA pag.4 n.1], riga 2","Comune di Padova | H94I19000130004 | 7400/PG 7 | ... | 612.791,59 | ...",,alta,,Quota annuale 2022.
2022 DDG 128 del 02-05-22.pdf,deepseek/deepseek-v4-flash,off,,,Ministero delle infrastrutture e della mobilità sostenibili,,impegno,H94I19000130004,True,definitivo,,1,singolo,7400,7,2023,1302182.14,1302182.14,"1.302.182,14",quota,assegnazione,impegnato,2023,"Articolo 2; Allegato parte integrante / [TABELLA pag.4 n.1], riga 2","Comune di Padova | H94I19000130004 | 7400/PG 7 | ... | 1.302.182,14 | ...",,alta,,Quota annuale 2023.
2022 DDG 128 del 02-05-22.pdf,deepseek/deepseek-v4-flash,off,,,Ministero delle infrastrutture e della mobilità sostenibili,,impegno,H94I19000130004,True,definitivo,,1,singolo,7400,7,2024,1685176.88,1685176.88,"1.685.176,88",quota,assegnazione,impegnato,2024,"Articolo 2; Allegato parte integrante / [TABELLA pag.4 n.1], riga 2","Comune di Padova | H94I19000130004 | 7400/PG 7 | ... | 1.685.176,88 | ...",,alta,,Quota annuale 2024.
2022 DDG 128 del 02-05-22.pdf,deepseek/deepseek-v4-flash,off,,,Ministero delle infrastrutture e della mobilità sostenibili,,impegno,H94I19000130004,True,definitivo,,1,singolo,7400,7,2025,6970504.38,6970504.38,"6.970.504,38",quota,assegnazione,impegnato,2025,"Articolo 2; Allegato parte integrante / [TABELLA pag.4 n.1], riga 2","Comune di Padova | H94I19000130004 | 7400/PG 7 | ... | 6.970.504,38 | ...",,alta,,Quota annuale 2025.
2022 DDG 128 del 02-05-22.pdf,deepseek/deepseek-v4-flash,off,,,Ministero delle infrastrutture e della mobilità sostenibili,,impegno,H94I19000130004,True,definitivo,,1,singolo,7400,7,2026,8732280.22,8732280.22,"8.732.280,22",quota,assegnazione,impegnato,2026,"Articolo 2; Allegato parte integrante / [TABELLA pag.4 n.1], riga 2","Comune di Padova | H94I19000130004 | 7400/PG 7 | ... | 8.732.280,22 | ...",,alta,,Quota annuale 2026.
2022 DDG 128 del 02-05-22.pdf,deepseek/deepseek-v4-flash,off,,,Ministero delle infrastrutture e della mobilità sostenibili,,impegno,H94I19000130004,True,definitivo,,1,singolo,7400,7,2027,10597311.43,10597311.43,"10.597.311,43",quota,assegnazione,impegnato,2027,"Articolo 2; Allegato parte integrante / [TABELLA pag.4 n.1], riga 2","Comune di Padova | H94I19000130004 | 7400/PG 7 | ... | 10.597.311,43 | ...",,alta,,Quota annuale 2027.
2022 DDG 128 del 02-05-22.pdf,deepseek/deepseek-v4-flash,off,,,Ministero delle infrastrutture e della mobilità sostenibili,,impegno,H94I19000130004,True,definitivo,,1,singolo,7400,7,2028,11030248.69,11030248.69,"11.030.248,69",quota,assegnazione,impegnato,2028,"Articolo 2; Allegato parte integrante / [TABELLA pag.4 n.1], riga 2","Comune di Padova | H94I19000130004 | 7400/PG 7 | ... | 11.030.248,69 | ...",,alta,,Quota annuale 2028.
2022 DDG 128 del 02-05-22.pdf,deepseek/deepseek-v4-flash,off,,,Ministero delle infrastrutture e della mobilità sostenibili,,impegno,H94I19000130004,True,definitivo,,1,singolo,7400,7,2029,12255831.88,12255831.88,"12.255.831,88",quota,assegnazione,impegnato,2029,"Articolo 2; Allegato parte integrante / [TABELLA pag.4 n.1], riga 2","Comune di Padova | H94I19000130004 | 7400/PG 7 | ... | 12.255.831,88 | ...",,alta,,Quota annuale 2029.
2022 DDG 128 del 02-05-22.pdf,deepseek/deepseek-v4-flash,off,,,Ministero delle infrastrutture e della mobilità sostenibili,,impegno,H94I19000130004,True,definitivo,,1,singolo,7400,7,2030,12255831.88,12255831.88,"12.255.831,88",quota,assegnazione,impegnato,2030,"Articolo 2; Allegato parte integrante / [TABELLA pag.4 n.1], riga 2","Comune di Padova | H94I19000130004 | 7400/PG 7 | ... | 12.255.831,88 | ...",,alta,,Quota annuale 2030.
2022 DDG 128 del 02-05-22.pdf,deepseek/deepseek-v4-flash,off,,,Ministero delle infrastrutture e della mobilità sostenibili,,impegno,H94I19000130004,True,definitivo,,1,singolo,7400,7,2031,7659894.93,7659894.93,"7.659.894,93",quota,assegnazione,impegnato,2031,"Articolo 2; Allegato parte integrante / [TABELLA pag.4 n.1], riga 2","Comune di Padova | H94I19000130004 | 7400/PG 7 | ... | 7.659.894,93 | ...",,alta,,Quota annuale 2031.
2022 DDG 128 del 02-05-22.pdf,deepseek/deepseek-v4-flash,off,,,Ministero delle infrastrutture e della mobilità sostenibili,,impegno,H94I19000130004,True,definitivo,,1,singolo,7400,7,2032,7506697.03,7506697.03,"7.506.697,03",quota,assegnazione,impegnato,2032,"Articolo 2; Allegato parte integrante / [TABELLA pag.4 n.1], riga 2","Comune di Padova | H94I19000130004 | 7400/PG 7 | ... | 7.506.697,03 | ...",,alta,,Quota annuale 2032.
2022 DDG 128 del 02-05-22.pdf,deepseek/deepseek-v4-flash,off,,,Ministero delle infrastrutture e della mobilità sostenibili,,impegno,H94I19000130004,True,definitivo,,1,singolo,7400,7,2033,7659894.93,7659894.93,"7.659.894,93",quota,assegnazione,impegnato,2033,"Articolo 2; Allegato parte integrante / [TABELLA pag.4 n.1], riga 2","Comune di Padova | H94I19000130004 | 7400/PG 7 | ... | 7.659.894,93 | ...",,alta,,Quota annuale 2033.
2022 DDG 128 del 02-05-22.pdf,deepseek/deepseek-v4-flash,off,,,Ministero delle infrastrutture e della mobilità sostenibili,,impegno,H94I19000130004,True,definitivo,,1,singolo,7400,7,2034,8425884.42,8425884.42,"8.425.884,42",quota,assegnazione,impegnato,2034,"Articolo 2; Allegato parte integrante / [TABELLA pag.4 n.1], riga 2","Comune di Padova | H94I19000130004 | 7400/PG 7 | ... | 8.425.884,42 | ...",,alta,,Quota annuale 2034.
2022 DDG 128 del 02-05-22.pdf,deepseek/deepseek-v4-flash,off,,,Ministero delle infrastrutture e della mobilità sostenibili,,impegno,J80J18000000001,True,definitivo,,1,singolo,7400,7,,159466174.12,159466174.12,"159.466.174,12",totale,assegnazione,impegnato,Totale,"Articolo 2; Allegato parte integrante / [TABELLA pag.4 n.1], riga 3","Roma Capitale | J80J18000000001 | 7400/PG 7 | ... | 159.466.174,12",,alta,,"Importo complessivo per il CUP, ripartito in annualità 2020-2034."
2022 DDG 128 del 02-05-22.pdf,deepseek/deepseek-v4-flash,off,,,Ministero delle infrastrutture e della mobilità sostenibili,,impegno,J80J18000000001,True,definitivo,,1,singolo,7400,7,2020,251454.92,251454.92,"251.454,92",quota,assegnazione,impegnato,2020,"Articolo 2; Allegato parte integrante / [TABELLA pag.4 n.1], riga 3","Roma Capitale | J80J18000000001 | 7400/PG 7 | 251.454,92 | ...",,alta,,Quota annuale 2020.
2022 DDG 128 del 02-05-22.pdf,deepseek/deepseek-v4-flash,off,,,Ministero delle infrastrutture e della mobilità sostenibili,,impegno,J80J18000000001,True,definitivo,,1,singolo,7400,7,2021,502909.85,502909.85,"502.909,85",quota,assegnazione,impegnato,2021,"Articolo 2; Allegato parte integrante / [TABELLA pag.4 n.1], riga 3","Roma Capitale | J80J18000000001 | 7400/PG 7 | 251.454,92 | 502.909,85 | ...",,alta,,Quota annuale 2021.
2022 DDG 128 del 02-05-22.pdf,deepseek/deepseek-v4-flash,off,,,Ministero delle infrastrutture e della mobilità sostenibili,,impegno,J80J18000000001,True,definitivo,,1,singolo,7400,7,2022,1005819.69,1005819.69,"1.005.819,69",quota,assegnazione,impegnato,2022,"Articolo 2; Allegato parte integrante / [TABELLA pag.4 n.1], riga 3","Roma Capitale | J80J18000000001 | 7400/PG 7 | ... | 1.005.819,69 | ...",,alta,,Quota annuale 2022.
2022 DDG 128 del 02-05-22.pdf,deepseek/deepseek-v4-flash,off,,,Ministero delle infrastrutture e della mobilità sostenibili,,impegno,J80J18000000001,True,definitivo,,1,singolo,7400,7,2023,2137366.84,2137366.84,"2.137.366,84",quota,assegnazione,impegnato,2023,"Articolo 2; Allegato parte integrante / [TABELLA pag.4 n.1], riga 3","Roma Capitale | J80J18000000001 | 7400/PG 7 | ... | 2.137.366,84 | ...",,alta,,Quota annuale 2023.
2022 DDG 128 del 02-05-22.pdf,deepseek/deepseek-v4-flash,off,,,Ministero delle infrastrutture e della mobilità sostenibili,,impegno,J80J18000000001,True,definitivo,,1,singolo,7400,7,2024,2766004.15,2766004.15,"2.766.004,15",quota,assegnazione,impegnato,2024,"Articolo 2; Allegato parte integrante / [TABELLA pag.4 n.1], riga 3","Roma Capitale | J80J18000000001 | 7400/PG 7 | ... | 2.766.004,15 | ...",,alta,,Quota annuale 2024.
2022 DDG 128 del 02-05-22.pdf,deepseek/deepseek-v4-flash,off,,,Ministero delle infrastrutture e della mobilità sostenibili,,impegno,J80J18000000001,True,definitivo,,1,singolo,7400,7,2025,11441198.98,11441198.98,"11.441.198,98",quota,assegnazione,impegnato,2025,"Articolo 2; Allegato parte integrante / [TABELLA pag.4 n.1], riga 3","Roma Capitale | J80J18000000001 | 7400/PG 7 | ... | 11.441.198,98 | ...",,alta,,Quota annuale 2025.
2022 DDG 128 del 02-05-22.pdf,deepseek/deepseek-v4-flash,off,,,Ministero delle infrastrutture e della mobilità sostenibili,,impegno,J80J18000000001,True,definitivo,,1,singolo,7400,7,2026,14332930.59,14332930.59,"14.332.930,59",quota,assegnazione,impegnato,2026,"Articolo 2; Allegato parte integrante / [TABELLA pag.4 n.1], riga 3","Roma Capitale | J80J18000000001 | 7400/PG 7 | ... | 14.332.930,59 | ...",,alta,,Quota annuale 2026.
2022 DDG 128 del 02-05-22.pdf,deepseek/deepseek-v4-flash,off,,,Ministero delle infrastrutture e della mobilità sostenibili,,impegno,J80J18000000001,True,definitivo,,1,singolo,7400,7,2027,17394142.82,17394142.82,"17.394.142,82",quota,assegnazione,impegnato,2027,"Articolo 2; Allegato parte integrante / [TABELLA pag.4 n.1], riga 3","Roma Capitale | J80J18000000001 | 7400/PG 7 | ... | 17.394.142,82 | ...",,alta,,Quota annuale 2027.
2022 DDG 128 del 02-05-22.pdf,deepseek/deepseek-v4-flash,off,,,Ministero delle infrastrutture e della mobilità sostenibili,,impegno,J80J18000000001,True,definitivo,,1,singolo,7400,7,2028,18104754.43,18104754.43,"18.104.754,43",quota,assegnazione,impegnato,2028,"Articolo 2; Allegato parte integrante / [TABELLA pag.4 n.1], riga 3","Roma Capitale | J80J18000000001 | 7400/PG 7 | ... | 18.104.754,43 | ...",,alta,,Quota annuale 2028.
2022 DDG 128 del 02-05-22.pdf,deepseek/deepseek-v4-flash,off,,,Ministero delle infrastrutture e della mobilità sostenibili,,impegno,J80J18000000001,True,definitivo,,1,singolo,7400,7,2029,20116393.81,20116393.81,"20.116.393,81",quota,assegnazione,impegnato,2029,"Articolo 2; Allegato parte integrante / [TABELLA pag.4 n.1], riga 3","Roma Capitale | J80J18000000001 | 7400/PG 7 | ... | 20.116.393,81 | ...",,alta,,Quota annuale 2029.
2022 DDG 128 del 02-05-22.pdf,deepseek/deepseek-v4-flash,off,,,Ministero delle infrastrutture e della mobilità sostenibili,,impegno,J80J18000000001,True,definitivo,,1,singolo,7400,7,2030,20116393.81,20116393.81,"20.116.393,81",quota,assegnazione,impegnato,2030,"Articolo 2; Allegato parte integrante / [TABELLA pag.4 n.1], riga 3","Roma Capitale | J80J18000000001 | 7400/PG 7 | ... | 20.116.393,81 | ...",,alta,,Quota annuale 2030.
2022 DDG 128 del 02-05-22.pdf,deepseek/deepseek-v4-flash,off,,,Ministero delle infrastrutture e della mobilità sostenibili,,impegno,J80J18000000001,True,definitivo,,1,singolo,7400,7,2031,12572746.13,12572746.13,"12.572.746,13",quota,assegnazione,impegnato,2031,"Articolo 2; Allegato parte integrante / [TABELLA pag.4 n.1], riga 3","Roma Capitale | J80J18000000001 | 7400/PG 7 | ... | 12.572.746,13 | ...",,alta,,Quota annuale 2031.
2022 DDG 128 del 02-05-22.pdf,deepseek/deepseek-v4-flash,off,,,Ministero delle infrastrutture e della mobilità sostenibili,,impegno,J80J18000000001,True,definitivo,,1,singolo,7400,7,2032,12321291.21,12321291.21,"12.321.291,21",quota,assegnazione,impegnato,2032,"Articolo 2; Allegato parte integrante / [TABELLA pag.4 n.1], riga 3","Roma Capitale | J80J18000000001 | 7400/PG 7 | ... | 12.321.291,21 | ...",,alta,,Quota annuale 2032.
2022 DDG 128 del 02-05-22.pdf,deepseek/deepseek-v4-flash,off,,,Ministero delle infrastrutture e della mobilità sostenibili,,impegno,J80J18000000001,True,definitivo,,1,singolo,7400,7,2033,12572746.13,12572746.13,"12.572.746,13",quota,assegnazione,impegnato,2033,"Articolo 2; Allegato parte integrante / [TABELLA pag.4 n.1], riga 3","Roma Capitale | J80J18000000001 | 7400/PG 7 | ... | 12.572.746,13 | ...",,alta,,Quota annuale 2033.
2022 DDG 128 del 02-05-22.pdf,deepseek/deepseek-v4-flash,off,,,Ministero delle infrastrutture e della mobilità sostenibili,,impegno,J80J18000000001,True,definitivo,,1,singolo,7400,7,2034,13830020.76,13830020.76,"13.830.020,76",quota,assegnazione,impegnato,2034,"Articolo 2; Allegato parte integrante / [TABELLA pag.4 n.1], riga 3","Roma Capitale | J80J18000000001 | 7400/PG 7 | ... | 13.830.020,76 | ...",,alta,,Quota annuale 2034.
2022 DDG 128 del 02-05-22.pdf,deepseek/deepseek-v4-flash,off,,,Ministero delle infrastrutture e della mobilità sostenibili,,impegno,C11B21008720001,True,definitivo,,2,aggregato,7400,7,,44494493.04,22247246.52,"44.494.493,04",totale,assegnazione,impegnato,Totale,"Articolo 2; Allegato parte integrante / [TABELLA pag.4 n.1], riga 4","Comune di Torino | C11B21008720001 D81E20000410007 | 7400/PG 7 | ... | 44.494.493,04",,alta,,Importo complessivo per due CUP (C11B21008720001 e D81E20000410007) associati al Comune di Torino; l'atto non ripartisce l'importo tra i due CUP.
2022 DDG 128 del 02-05-22.pdf,deepseek/deepseek-v4-flash,off,,,Ministero delle infrastrutture e della mobilità sostenibili,,impegno,D81E20000410007,True,definitivo,,2,aggregato,7400,7,,44494493.04,22247246.52,"44.494.493,04",totale,assegnazione,impegnato,Totale,"Articolo 2; Allegato parte integrante / [TABELLA pag.4 n.1], riga 4","Comune di Torino | C11B21008720001 D81E20000410007 | 7400/PG 7 | ... | 44.494.493,04",,alta,,Importo complessivo per due CUP (C11B21008720001 e D81E20000410007) associati al Comune di Torino; l'atto non ripartisce l'importo tra i due CUP.
2022 DDG 128 del 02-05-22.pdf,deepseek/deepseek-v4-flash,off,,,Ministero delle infrastrutture e della mobilità sostenibili,,impegno,C11B21008720001,True,definitivo,,2,aggregato,7400,7,2020,70161.34,35080.67,"70.161,34",quota,assegnazione,impegnato,2020,"Articolo 2; Allegato parte integrante / [TABELLA pag.4 n.1], riga 4","Comune di Torino | C11B21008720001 D81E20000410007 | 7400/PG 7 | 70.161,34 | ...",,alta,,Quota annuale 2020 per due CUP aggregati.
2022 DDG 128 del 02-05-22.pdf,deepseek/deepseek-v4-flash,off,,,Ministero delle infrastrutture e della mobilità sostenibili,,impegno,D81E20000410007,True,definitivo,,2,aggregato,7400,7,2020,70161.34,35080.67,"70.161,34",quota,assegnazione,impegnato,2020,"Articolo 2; Allegato parte integrante / [TABELLA pag.4 n.1], riga 4","Comune di Torino | C11B21008720001 D81E20000410007 | 7400/PG 7 | 70.161,34 | ...",,alta,,Quota annuale 2020 per due CUP aggregati.
2022 DDG 128 del 02-05-22.pdf,deepseek/deepseek-v4-flash,off,,,Ministero delle infrastrutture e della mobilità sostenibili,,impegno,C11B21008720001,True,definitivo,,2,aggregato,7400,7,2021,140322.66,70161.33,"140.322,66",quota,assegnazione,impegnato,2021,"Articolo 2; Allegato parte integrante / [TABELLA pag.4 n.1], riga 4","Comune di Torino | C11B21008720001 D81E20000410007 | 7400/PG 7 | 70.161,34 | 140.322,66 | ...",,alta,,Quota annuale 2021 per due CUP aggregati.
2022 DDG 128 del 02-05-22.pdf,deepseek/deepseek-v4-flash,off,,,Ministero delle infrastrutture e della mobilità sostenibili,,impegno,D81E20000410007,True,definitivo,,2,aggregato,7400,7,2021,140322.66,70161.33,"140.322,66",quota,assegnazione,impegnato,2021,"Articolo 2; Allegato parte integrante / [TABELLA pag.4 n.1], riga 4","Comune di Torino | C11B21008720001 D81E20000410007 | 7400/PG 7 | 70.161,34 | 140.322,66 | ...",,alta,,Quota annuale 2021 per due CUP aggregati.
2022 DDG 128 del 02-05-22.pdf,deepseek/deepseek-v4-flash,off,,,Ministero delle infrastrutture e della mobilità sostenibili,,impegno,C11B21008720001,True,definitivo,,2,aggregato,7400,7,2022,280645.33,140322.665,"280.645,33",quota,assegnazione,impegnato,2022,"Articolo 2; Allegato parte integrante / [TABELLA pag.4 n.1], riga 4","Comune di Torino | C11B21008720001 D81E20000410007 | 7400/PG 7 | ... | 280.645,33 | ...",,alta,,Quota annuale 2022 per due CUP aggregati.
2022 DDG 128 del 02-05-22.pdf,deepseek/deepseek-v4-flash,off,,,Ministero delle infrastrutture e della mobilità sostenibili,,impegno,D81E20000410007,True,definitivo,,2,aggregato,7400,7,2022,280645.33,140322.665,"280.645,33",quota,assegnazione,impegnato,2022,"Articolo 2; Allegato parte integrante / [TABELLA pag.4 n.1], riga 4","Comune di Torino | C11B21008720001 D81E20000410007 | 7400/PG 7 | ... | 280.645,33 | ...",,alta,,Quota annuale 2022 per due CUP aggregati.
2022 DDG 128 del 02-05-22.pdf,deepseek/deepseek-v4-flash,off,,,Ministero delle infrastrutture e della mobilità sostenibili,,impegno,C11B21008720001,True,definitivo,,2,aggregato,7400,7,2023,596371.33,298185.665,"596.371,33",quota,assegnazione,impegnato,2023,"Articolo 2; Allegato parte integrante / [TABELLA pag.4 n.1], riga 4","Comune di Torino | C11B21008720001 D81E20000410007 | 7400/PG 7 | ... | 596.371,33 | ...",,alta,,Quota annuale 2023 per due CUP aggregati.
2022 DDG 128 del 02-05-22.pdf,deepseek/deepseek-v4-flash,off,,,Ministero delle infrastrutture e della mobilità sostenibili,,impegno,D81E20000410007,True,definitivo,,2,aggregato,7400,7,2023,596371.33,298185.665,"596.371,33",quota,assegnazione,impegnato,2023,"Articolo 2; Allegato parte integrante / [TABELLA pag.4 n.1], riga 4","Comune di Torino | C11B21008720001 D81E20000410007 | 7400/PG 7 | ... | 596.371,33 | ...",,alta,,Quota annuale 2023 per due CUP aggregati.
2022 DDG 128 del 02-05-22.pdf,deepseek/deepseek-v4-flash,off,,,Ministero delle infrastrutture e della mobilità sostenibili,,impegno,C11B21008720001,True,definitivo,,2,aggregato,7400,7,2024,771774.66,385887.33,"771.774,66",quota,assegnazione,impegnato,2024,"Articolo 2; Allegato parte integrante / [TABELLA pag.4 n.1], riga 4","Comune di Torino | C11B21008720001 D81E20000410007 | 7400/PG 7 | ... | 771.774,66 | ...",,alta,,Quota annuale 2024 per due CUP aggregati.
2022 DDG 128 del 02-05-22.pdf,deepseek/deepseek-v4-flash,off,,,Ministero delle infrastrutture e della mobilità sostenibili,,impegno,D81E20000410007,True,definitivo,,2,aggregato,7400,7,2024,771774.66,385887.33,"771.774,66",quota,assegnazione,impegnato,2024,"Articolo 2; Allegato parte integrante / [TABELLA pag.4 n.1], riga 4","Comune di Torino | C11B21008720001 D81E20000410007 | 7400/PG 7 | ... | 771.774,66 | ...",,alta,,Quota annuale 2024 per due CUP aggregati.
2022 DDG 128 del 02-05-22.pdf,deepseek/deepseek-v4-flash,off,,,Ministero delle infrastrutture e della mobilità sostenibili,,impegno,C11B21008720001,True,definitivo,,2,aggregato,7400,7,2025,3192340.64,1596170.32,"3.192.340,64",quota,assegnazione,impegnato,2025,"Articolo 2; Allegato parte integrante / [TABELLA pag.4 n.1], riga 4","Comune di Torino | C11B21008720001 D81E20000410007 | 7400/PG 7 | ... | 3.192.340,64 | ...",,alta,,Quota annuale 2025 per due CUP aggregati.
2022 DDG 128 del 02-05-22.pdf,deepseek/deepseek-v4-flash,off,,,Ministero delle infrastrutture e della mobilità sostenibili,,impegno,D81E20000410007,True,definitivo,,2,aggregato,7400,7,2025,3192340.64,1596170.32,"3.192.340,64",quota,assegnazione,impegnato,2025,"Articolo 2; Allegato parte integrante / [TABELLA pag.4 n.1], riga 4","Comune di Torino | C11B21008720001 D81E20000410007 | 7400/PG 7 | ... | 3.192.340,64 | ...",,alta,,Quota annuale 2025 per due CUP aggregati.
2022 DDG 128 del 02-05-22.pdf,deepseek/deepseek-v4-flash,off,,,Ministero delle infrastrutture e della mobilità sostenibili,,impegno,C11B21008720001,True,definitivo,,2,aggregato,7400,7,2026,3999195.96,1999597.98,"3.999.195,96",quota,assegnazione,impegnato,2026,"Articolo 2; Allegato parte integrante / [TABELLA pag.4 n.1], riga 4","Comune di Torino | C11B21008720001 D81E20000410007 | 7400/PG 7 | ... | 3.999.195,96 | ...",,alta,,Quota annuale 2026 per due CUP aggregati.
2022 DDG 128 del 02-05-22.pdf,deepseek/deepseek-v4-flash,off,,,Ministero delle infrastrutture e della mobilità sostenibili,,impegno,D81E20000410007,True,definitivo,,2,aggregato,7400,7,2026,3999195.96,1999597.98,"3.999.195,96",quota,assegnazione,impegnato,2026,"Articolo 2; Allegato parte integrante / [TABELLA pag.4 n.1], riga 4","Comune di Torino | C11B21008720001 D81E20000410007 | 7400/PG 7 | ... | 3.999.195,96 | ...",,alta,,Quota annuale 2026 per due CUP aggregati.
2022 DDG 128 del 02-05-22.pdf,deepseek/deepseek-v4-flash,off,,,Ministero delle infrastrutture e della mobilità sostenibili,,impegno,C11B21008720001,True,definitivo,,2,aggregato,7400,7,2027,4853340.04,2426670.02,"4.853.340,04",quota,assegnazione,impegnato,2027,"Articolo 2; Allegato parte integrante / [TABELLA pag.4 n.1], riga 4","Comune di Torino | C11B21008720001 D81E20000410007 | 7400/PG 7 | ... | 4.853.340,04 | ...",,alta,,Quota annuale 2027 per due CUP aggregati.
2022 DDG 128 del 02-05-22.pdf,deepseek/deepseek-v4-flash,off,,,Ministero delle infrastrutture e della mobilità sostenibili,,impegno,D81E20000410007,True,definitivo,,2,aggregato,7400,7,2027,4853340.04,2426670.02,"4.853.340,04",quota,assegnazione,impegnato,2027,"Articolo 2; Allegato parte integrante / [TABELLA pag.4 n.1], riga 4","Comune di Torino | C11B21008720001 D81E20000410007 | 7400/PG 7 | ... | 4.853.340,04 | ...",,alta,,Quota annuale 2027 per due CUP aggregati.
2022 DDG 128 del 02-05-22.pdf,deepseek/deepseek-v4-flash,off,,,Ministero delle infrastrutture e della mobilità sostenibili,,impegno,C11B21008720001,True,definitivo,,2,aggregato,7400,7,2028,5051615.96,2525807.98,"5.051.615,96",quota,assegnazione,impegnato,2028,"Articolo 2; Allegato parte integrante / [TABELLA pag.4 n.1], riga 4","Comune di Torino | C11B21008720001 D81E20000410007 | 7400/PG 7 | ... | 5.051.615,96 | ...",,alta,,Quota annuale 2028 per due CUP aggregati.
2022 DDG 128 del 02-05-22.pdf,deepseek/deepseek-v4-flash,off,,,Ministero delle infrastrutture e della mobilità sostenibili,,impegno,D81E20000410007,True,definitivo,,2,aggregato,7400,7,2028,5051615.96,2525807.98,"5.051.615,96",quota,assegnazione,impegnato,2028,"Articolo 2; Allegato parte integrante / [TABELLA pag.4 n.1], riga 4","Comune di Torino | C11B21008720001 D81E20000410007 | 7400/PG 7 | ... | 5.051.615,96 | ...",,alta,,Quota annuale 2028 per due CUP aggregati.
2022 DDG 128 del 02-05-22.pdf,deepseek/deepseek-v4-flash,off,,,Ministero delle infrastrutture e della mobilità sostenibili,,impegno,C11B21008720001,True,definitivo,,2,aggregato,7400,7,2029,5612906.63,2806453.315,"5.612.906,63",quota,assegnazione,impegnato,2029,"Articolo 2; Allegato parte integrante / [TABELLA pag.4 n.1], riga 4","Comune di Torino | C11B21008720001 D81E20000410007 | 7400/PG 7 | ... | 5.612.906,63 | ...",,alta,,Quota annuale 2029 per due CUP aggregati.
2022 DDG 128 del 02-05-22.pdf,deepseek/deepseek-v4-flash,off,,,Ministero delle infrastrutture e della mobilità sostenibili,,impegno,D81E20000410007,True,definitivo,,2,aggregato,7400,7,2029,5612906.63,2806453.315,"5.612.906,63",quota,assegnazione,impegnato,2029,"Articolo 2; Allegato parte integrante / [TABELLA pag.4 n.1], riga 4","Comune di Torino | C11B21008720001 D81E20000410007 | 7400/PG 7 | ... | 5.612.906,63 | ...",,alta,,Quota annuale 2029 per due CUP aggregati.
2022 DDG 128 del 02-05-22.pdf,deepseek/deepseek-v4-flash,off,,,Ministero delle infrastrutture e della mobilità sostenibili,,impegno,C11B21008720001,True,definitivo,,2,aggregato,7400,7,2030,5612906.63,2806453.315,"5.612.906,63",quota,assegnazione,impegnato,2030,"Articolo 2; Allegato parte integrante / [TABELLA pag.4 n.1], riga 4","Comune di Torino | C11B21008720001 D81E20000410007 | 7400/PG 7 | ... | 5.612.906,63 | ...",,alta,,Quota annuale 2030 per due CUP aggregati.
2022 DDG 128 del 02-05-22.pdf,deepseek/deepseek-v4-flash,off,,,Ministero delle infrastrutture e della mobilità sostenibili,,impegno,D81E20000410007,True,definitivo,,2,aggregato,7400,7,2030,5612906.63,2806453.315,"5.612.906,63",quota,assegnazione,impegnato,2030,"Articolo 2; Allegato parte integrante / [TABELLA pag.4 n.1], riga 4","Comune di Torino | C11B21008720001 D81E20000410007 | 7400/PG 7 | ... | 5.612.906,63 | ...",,alta,,Quota annuale 2030 per due CUP aggregati.
2022 DDG 128 del 02-05-22.pdf,deepseek/deepseek-v4-flash,off,,,Ministero delle infrastrutture e della mobilità sostenibili,,impegno,C11B21008720001,True,definitivo,,2,aggregato,7400,7,2031,3508066.64,1754033.32,"3.508.066,64",quota,assegnazione,impegnato,2031,"Articolo 2; Allegato parte integrante / [TABELLA pag.4 n.1], riga 4","Comune di Torino | C11B21008720001 D81E20000410007 | 7400/PG 7 | ... | 3.508.066,64 | ...",,alta,,Quota annuale 2031 per due CUP aggregati.
2022 DDG 128 del 02-05-22.pdf,deepseek/deepseek-v4-flash,off,,,Ministero delle infrastrutture e della mobilità sostenibili,,impegno,D81E20000410007,True,definitivo,,2,aggregato,7400,7,2031,3508066.64,1754033.32,"3.508.066,64",quota,assegnazione,impegnato,2031,"Articolo 2; Allegato parte integrante / [TABELLA pag.4 n.1], riga 4","Comune di Torino | C11B21008720001 D81E20000410007 | 7400/PG 7 | ... | 3.508.066,64 | ...",,alta,,Quota annuale 2031 per due CUP aggregati.
2022 DDG 128 del 02-05-22.pdf,deepseek/deepseek-v4-flash,off,,,Ministero delle infrastrutture e della mobilità sostenibili,,impegno,C11B21008720001,True,definitivo,,2,aggregato,7400,7,2032,3437905.3,1718952.65,"3.437.905,30",quota,assegnazione,impegnato,2032,"Articolo 2; Allegato parte integrante / [TABELLA pag.4 n.1], riga 4","Comune di Torino | C11B21008720001 D81E20000410007 | 7400/PG 7 | ... | 3.437.905,30 | ...",,alta,,Quota annuale 2032 per due CUP aggregati.
2022 DDG 128 del 02-05-22.pdf,deepseek/deepseek-v4-flash,off,,,Ministero delle infrastrutture e della mobilità sostenibili,,impegno,D81E20000410007,True,definitivo,,2,aggregato,7400,7,2032,3437905.3,1718952.65,"3.437.905,30",quota,assegnazione,impegnato,2032,"Articolo 2; Allegato parte integrante / [TABELLA pag.4 n.1], riga 4","Comune di Torino | C11B21008720001 D81E20000410007 | 7400/PG 7 | ... | 3.437.905,30 | ...",,alta,,Quota annuale 2032 per due CUP aggregati.
2022 DDG 128 del 02-05-22.pdf,deepseek/deepseek-v4-flash,off,,,Ministero delle infrastrutture e della mobilità sostenibili,,impegno,C11B21008720001,True,definitivo,,2,aggregato,7400,7,2033,3508066.64,1754033.32,"3.508.066,64",quota,assegnazione,impegnato,2033,"Articolo 2; Allegato parte integrante / [TABELLA pag.4 n.1], riga 4","Comune di Torino | C11B21008720001 D81E20000410007 | 7400/PG 7 | ... | 3.508.066,64 | ...",,alta,,Quota annuale 2033 per due CUP aggregati.
2022 DDG 128 del 02-05-22.pdf,deepseek/deepseek-v4-flash,off,,,Ministero delle infrastrutture e della mobilità sostenibili,,impegno,D81E20000410007,True,definitivo,,2,aggregato,7400,7,2033,3508066.64,1754033.32,"3.508.066,64",quota,assegnazione,impegnato,2033,"Articolo 2; Allegato parte integrante / [TABELLA pag.4 n.1], riga 4","Comune di Torino | C11B21008720001 D81E20000410007 | 7400/PG 7 | ... | 3.508.066,64 | ...",,alta,,Quota annuale 2033 per due CUP aggregati.
2022 DDG 128 del 02-05-22.pdf,deepseek/deepseek-v4-flash,off,,,Ministero delle infrastrutture e della mobilità sostenibili,,impegno,C11B21008720001,True,definitivo,,2,aggregato,7400,7,2034,3858873.28,1929436.64,"3.858.873,28",quota,assegnazione,impegnato,2034,"Articolo 2; Allegato parte integrante / [TABELLA pag.4 n.1], riga 4","Comune di Torino | C11B21008720001 D81E20000410007 | 7400/PG 7 | ... | 3.858.873,28 | ...",,alta,,Quota annuale 2034 per due CUP aggregati.
2022 DDG 128 del 02-05-22.pdf,deepseek/deepseek-v4-flash,off,,,Ministero delle infrastrutture e della mobilità sostenibili,,impegno,D81E20000410007,True,definitivo,,2,aggregato,7400,7,2034,3858873.28,1929436.64,"3.858.873,28",quota,assegnazione,impegnato,2034,"Articolo 2; Allegato parte integrante / [TABELLA pag.4 n.1], riga 4","Comune di Torino | C11B21008720001 D81E20000410007 | 7400/PG 7 | ... | 3.858.873,28 | ...",,alta,,Quota annuale 2034 per due CUP aggregati.
2022 DDG 128 del 02-05-22.pdf,deepseek/deepseek-v4-flash,off,,,Ministero delle infrastrutture e della mobilità sostenibili,,impegno,C81B21013200005,True,definitivo,,1,singolo,7400,7,,333059208.74,333059208.74,"333.059.208,74",totale,assegnazione,impegnato,Totale,"Articolo 2; Allegato parte integrante / [TABELLA pag.4 n.1], riga 5","Comune di Brescia | C81B21013200005 | 7400/PG 7 | ... | 333.059.208,74",,alta,,"Importo complessivo per il CUP, ripartito in annualità 2020-2034."
2022 DDG 128 del 02-05-22.pdf,deepseek/deepseek-v4-flash,off,,,Ministero delle infrastrutture e della mobilità sostenibili,,impegno,C81B21013200005,True,definitivo,,1,singolo,7400,7,2020,525185.84,525185.84,"525.185,84",quota,assegnazione,impegnato,2020,"Articolo 2; Allegato parte integrante / [TABELLA pag.4 n.1], riga 5","Comune di Brescia | C81B21013200005 | 7400/PG 7 | 525.185,84 | ...",,alta,,Quota annuale 2020.
2022 DDG 128 del 02-05-22.pdf,deepseek/deepseek-v4-flash,off,,,Ministero delle infrastrutture e della mobilità sostenibili,,impegno,C81B21013200005,True,definitivo,,1,singolo,7400,7,2021,1050371.69,1050371.69,"1.050.371,69",quota,assegnazione,impegnato,2021,"Articolo 2; Allegato parte integrante / [TABELLA pag.4 n.1], riga 5","Comune di Brescia | C81B21013200005 | 7400/PG 7 | 525.185,84 | 1.050.371,69 | ...",,alta,,Quota annuale 2021.
2022 DDG 128 del 02-05-22.pdf,deepseek/deepseek-v4-flash,off,,,Ministero delle infrastrutture e della mobilità sostenibili,,impegno,C81B21013200005,True,definitivo,,1,singolo,7400,7,2022,2100743.39,2100743.39,"2.100.743,39",quota,assegnazione,impegnato,2022,"Articolo 2; Allegato parte integrante / [TABELLA pag.4 n.1], riga 5","Comune di Brescia | C81B21013200005 | 7400/PG 7 | ... | 2.100.743,39 | ...",,alta,,Quota annuale 2022.
2022 DDG 128 del 02-05-22.pdf,deepseek/deepseek-v4-flash,off,,,Ministero delle infrastrutture e della mobilità sostenibili,,impegno,C81B21013200005,True,definitivo,,1,singolo,7400,7,2023,4464079.69,4464079.69,"4.464.079,69",quota,assegnazione,impegnato,2023,"Articolo 2; Allegato parte integrante / [TABELLA pag.4 n.1], riga 5","Comune di Brescia | C81B21013200005 | 7400/PG 7 | ... | 4.464.079,69 | ...",,alta,,Quota annuale 2023.
2022 DDG 128 del 02-05-22.pdf,deepseek/deepseek-v4-flash,off,,,Ministero delle infrastrutture e della mobilità sostenibili,,impegno,C81B21013200005,True,definitivo,,1,singolo,7400,7,2024,5777044.31,5777044.31,"5.777.044,31",quota,assegnazione,impegnato,2024,"Articolo 2; Allegato parte integrante / [TABELLA pag.4 n.1], riga 5","Comune di Brescia | C81B21013200005 | 7400/PG 7 | ... | 5.777.044,31 | ...",,alta,,Quota annuale 2024.
2022 DDG 128 del 02-05-22.pdf,deepseek/deepseek-v4-flash,off,,,Ministero delle infrastrutture e della mobilità sostenibili,,impegno,C81B21013200005,True,definitivo,,1,singolo,7400,7,2025,23895956.0,23895956.0,"23.895.956,00",quota,assegnazione,impegnato,2025,"Articolo 2; Allegato parte integrante / [TABELLA pag.4 n.1], riga 5","Comune di Brescia | C81B21013200005 | 7400/PG 7 | ... | 23.895.956,00 | ...",,alta,,Quota annuale 2025.
2022 DDG 128 del 02-05-22.pdf,deepseek/deepseek-v4-flash,off,,,Ministero delle infrastrutture e della mobilità sostenibili,,impegno,C81B21013200005,True,definitivo,,1,singolo,7400,7,2026,29935593.23,29935593.23,"29.935.593,23",quota,assegnazione,impegnato,2026,"Articolo 2; Allegato parte integrante / [TABELLA pag.4 n.1], riga 5","Comune di Brescia | C81B21013200005 | 7400/PG 7 | ... | 29.935.593,23 | ...",,alta,,Quota annuale 2026.
2022 DDG 128 del 02-05-22.pdf,deepseek/deepseek-v4-flash,off,,,Ministero delle infrastrutture e della mobilità sostenibili,,impegno,C81B21013200005,True,definitivo,,1,singolo,7400,7,2027,36329205.71,36329205.71,"36.329.205,71",quota,assegnazione,impegnato,2027,"Articolo 2; Allegato parte integrante / [TABELLA pag.4 n.1], riga 5","Comune di Brescia | C81B21013200005 | 7400/PG 7 | ... | 36.329.205,71 | ...",,alta,,Quota annuale 2027.
2022 DDG 128 del 02-05-22.pdf,deepseek/deepseek-v4-flash,off,,,Ministero delle infrastrutture e della mobilità sostenibili,,impegno,C81B21013200005,True,definitivo,,1,singolo,7400,7,2028,37813380.92,37813380.92,"37.813.380,92",quota,assegnazione,impegnato,2028,"Articolo 2; Allegato parte integrante / [TABELLA pag.4 n.1], riga 5","Comune di Brescia | C81B21013200005 | 7400/PG 7 | ... | 37.813.380,92 | ...",,alta,,Quota annuale 2028.
2022 DDG 128 del 02-05-22.pdf,deepseek/deepseek-v4-flash,off,,,Ministero delle infrastrutture e della mobilità sostenibili,,impegno,C81B21013200005,True,definitivo,,1,singolo,7400,7,2029,42014867.68,42014867.68,"42.014.867,68",quota,assegnazione,impegnato,2029,"Articolo 2; Allegato parte integrante / [TABELLA pag.4 n.1], riga 5","Comune di Brescia | C81B21013200005 | 7400/PG 7 | ... | 42.014.867,68 | ...",,alta,,Quota annuale 2029.
2022 DDG 128 del 02-05-22.pdf,deepseek/deepseek-v4-flash,off,,,Ministero delle infrastrutture e della mobilità sostenibili,,impegno,C81B21013200005,True,definitivo,,1,singolo,7400,7,2030,42014867.68,42014867.68,"42.014.867,68",quota,assegnazione,impegnato,2030,"Articolo 2; Allegato parte integrante / [TABELLA pag.4 n.1], riga 5","Comune di Brescia | C81B21013200005 | 7400/PG 7 | ... | 42.014.867,68 | ...",,alta,,Quota annuale 2030.
2022 DDG 128 del 02-05-22.pdf,deepseek/deepseek-v4-flash,off,,,Ministero delle infrastrutture e della mobilità sostenibili,,impegno,C81B21013200005,True,definitivo,,1,singolo,7400,7,2031,26259292.3,26259292.3,"26.259.292,30",quota,assegnazione,impegnato,2031,"Articolo 2; Allegato parte integrante / [TABELLA pag.4 n.1], riga 5","Comune di Brescia | C81B21013200005 | 7400/PG 7 | ... | 26.259.292,30 | ...",,alta,,Quota annuale 2031.
2022 DDG 128 del 02-05-22.pdf,deepseek/deepseek-v4-flash,off,,,Ministero delle infrastrutture e della mobilità sostenibili,,impegno,C81B21013200005,True,definitivo,,1,singolo,7400,7,2032,25734106.46,25734106.46,"25.734.106,46",quota,assegnazione,impegnato,2032,"Articolo 2; Allegato parte integrante / [TABELLA pag.4 n.1], riga 5","Comune di Brescia | C81B21013200005 | 7400/PG 7 | ... | 25.734.106,46 | ...",,alta,,Quota annuale 2032.
2022 DDG 128 del 02-05-22.pdf,deepseek/deepseek-v4-flash,off,,,Ministero delle infrastrutture e della mobilità sostenibili,,impegno,C81B21013200005,True,definitivo,,1,singolo,7400,7,2033,26259292.3,26259292.3,"26.259.292,30",quota,assegnazione,impegnato,2033,"Articolo 2; Allegato parte integrante / [TABELLA pag.4 n.1], riga 5","Comune di Brescia | C81B21013200005 | 7400/PG 7 | ... | 26.259.292,30 | ...",,alta,,Quota annuale 2033.
2022 DDG 128 del 02-05-22.pdf,deepseek/deepseek-v4-flash,off,,,Ministero delle infrastrutture e della mobilità sostenibili,,impegno,C81B21013200005,True,definitivo,,1,singolo,7400,7,2034,28885221.54,28885221.54,"28.885.221,54",quota,assegnazione,impegnato,2034,"Articolo 2; Allegato parte integrante / [TABELLA pag.4 n.1], riga 5","Comune di Brescia | C81B21013200005 | 7400/PG 7 | ... | 28.885.221,54 | ...",,alta,,Quota annuale 2034.
2022 DDG 128 del 02-05-22.pdf,deepseek/deepseek-v4-flash,off,,,Ministero delle infrastrutture e della mobilità sostenibili,,impegno,C81B21013200005,True,definitivo,,1,singolo,7400,1,,26486678.33,26486678.33,"26.486.678,33",totale,assegnazione,impegnato,Totale,"Articolo 3; Allegato parte integrante / [TABELLA pag.4 n.1], riga 6","Comune di Brescia | | 7400/PG 1 | ... | 26.486.678,33",,alta,,"Importo complessivo per il CUP, ripartito in annualità 2029-2034."
2022 DDG 128 del 02-05-22.pdf,deepseek/deepseek-v4-flash,off,,,Ministero delle infrastrutture e della mobilità sostenibili,,impegno,C81B21013200005,True,definitivo,,1,singolo,7400,1,2029,4414446.39,4414446.39,"4.414.446,39",quota,assegnazione,impegnato,2029,"Articolo 3; Allegato parte integrante / [TABELLA pag.4 n.1], riga 6","Comune di Brescia | | 7400/PG 1 | ... | 4.414.446,39 | ...",,alta,,Quota annuale 2029.
2022 DDG 128 del 02-05-22.pdf,deepseek/deepseek-v4-flash,off,,,Ministero delle infrastrutture e della mobilità sostenibili,,impegno,C81B21013200005,True,definitivo,,1,singolo,7400,1,2030,4414446.39,4414446.39,"4.414.446,39",quota,assegnazione,impegnato,2030,"Articolo 3; Allegato parte integrante / [TABELLA pag.4 n.1], riga 6","Comune di Brescia | | 7400/PG 1 | ... | 4.414.446,39 | ...",,alta,,Quota annuale 2030.
2022 DDG 128 del 02-05-22.pdf,deepseek/deepseek-v4-flash,off,,,Ministero delle infrastrutture e della mobilità sostenibili,,impegno,C81B21013200005,True,definitivo,,1,singolo,7400,1,2031,4414446.39,4414446.39,"4.414.446,39",quota,assegnazione,impegnato,2031,"Articolo 3; Allegato parte integrante / [TABELLA pag.4 n.1], riga 6","Comune di Brescia | | 7400/PG 1 | ... | 4.414.446,39 | ...",,alta,,Quota annuale 2031.
2022 DDG 128 del 02-05-22.pdf,deepseek/deepseek-v4-flash,off,,,Ministero delle infrastrutture e della mobilità sostenibili,,impegno,C81B21013200005,True,definitivo,,1,singolo,7400,1,2032,4414446.39,4414446.39,"4.414.446,39",quota,assegnazione,impegnato,2032,"Articolo 3; Allegato parte integrante / [TABELLA pag.4 n.1], riga 6","Comune di Brescia | | 7400/PG 1 | ... | 4.414.446,39 | ...",,alta,,Quota annuale 2032.
2022 DDG 128 del 02-05-22.pdf,deepseek/deepseek-v4-flash,off,,,Ministero delle infrastrutture e della mobilità sostenibili,,impegno,C81B21013200005,True,definitivo,,1,singolo,7400,1,2033,4414446.39,4414446.39,"4.414.446,39",quota,assegnazione,impegnato,2033,"Articolo 3; Allegato parte integrante / [TABELLA pag.4 n.1], riga 6","Comune di Brescia | | 7400/PG 1 | ... | 4.414.446,39 | ...",,alta,,Quota annuale 2033.
2022 DDG 128 del 02-05-22.pdf,deepseek/deepseek-v4-flash,off,,,Ministero delle infrastrutture e della mobilità sostenibili,,impegno,C81B21013200005,True,definitivo,,1,singolo,7400,1,2034,4414446.38,4414446.38,"4.414.446,38",quota,assegnazione,impegnato,2034,"Articolo 3; Allegato parte integrante / [TABELLA pag.4 n.1], riga 6","Comune di Brescia | | 7400/PG 1 | ... | 4.414.446,38 | ...",,alta,,Quota annuale 2034.
2023 DM MIT 342-2023.pdf,deepseek/deepseek-v4-flash,off,,,Ministero delle infrastrutture e dei trasporti,,rettifica,H49J21005480003,True,definitivo,,1,singolo,7150,3,,44275.0,44275.0,"44.275,00",totale,assegnazione,ammesso,IMPORTO AMMASSO A FINANZIAMENTO CENTRO - NORD - POTENZIAMENTO,"Allegato 1 / [TABELLA pag.4 n.1], riga 1","FERROVIA GENOVA CASELLA | GENOVA P.ZZA MANIN - CASELLA | AMT SPA GENOVA | INTERSCAMBIO CASELLA | ... | 44.275,00 | 0,00 | 44.275,00 | | H49J21005480003",,alta,,
2023 DM MIT 342-2023.pdf,deepseek/deepseek-v4-flash,off,,,Ministero delle infrastrutture e dei trasporti,,rettifica,H49J21005480003,True,definitivo,,1,singolo,7150,3,,6325.0,6325.0,"6.325,00",totale,assegnazione,ammesso,IMPORTO AMMASSO A FINANZIAMENTO CENTRO - NORD - POTENZIAMENTO,"Allegato 1 / [TABELLA pag.4 n.1], riga 2","FERROVIA GENOVA CASELLA | GENOVA P.ZZA MANIN - CASELLA | AMT SPA GENOVA | INTERSCAMBIO GENOVA MANIN | ... | 6.325,00 | 0,00 | 6.325,00 | |",,alta,,
2023 DM MIT 342-2023.pdf,deepseek/deepseek-v4-flash,off,,,Ministero delle infrastrutture e dei trasporti,,rettifica,H49J21005480003,True,definitivo,,1,singolo,7150,3,,86250.0,86250.0,"86.250,00",totale,assegnazione,ammesso,IMPORTO AMMASSO A FINANZIAMENTO CENTRO - NORD - POTENZIAMENTO,"Allegato 1 / [TABELLA pag.4 n.1], riga 3","FERROVIA GENOVA CASELLA | GENOVA P.ZZA MANIN - CASELLA | AMT SPA GENOVA | INTERSCAMBIO CAMPI | ... | 86.250,00 | 0,00 | 86.250,00 | |",,alta,,
2023 DM MIT 342-2023.pdf,deepseek/deepseek-v4-flash,off,,,Ministero delle infrastrutture e dei trasporti,,rettifica,H49J21005480003,True,definitivo,,1,singolo,7150,3,,25875.0,25875.0,"25.875,00",totale,assegnazione,ammesso,IMPORTO AMMASSO A FINANZIAMENTO CENTRO - NORD - POTENZIAMENTO,"Allegato 1 / [TABELLA pag.4 n.1], riga 4","FERROVIA GENOVA CASELLA | GENOVA P.ZZA MANIN - CASELLA | AMT SPA GENOVA | INTERSCAMBIO BUSALLETTA | ... | 25.875,00 | 0,00 | 25.875,00 | |",,alta,,
2023 DM MIT 342-2023.pdf,deepseek/deepseek-v4-flash,off,,,Ministero delle infrastrutture e dei trasporti,,rettifica,H49J21005480003,True,definitivo,,1,singolo,7150,3,,47725.0,47725.0,"47.725,00",totale,assegnazione,ammesso,IMPORTO AMMASSO A FINANZIAMENTO CENTRO - NORD - POTENZIAMENTO,"Allegato 1 / [TABELLA pag.4 n.1], riga 5","FERROVIA GENOVA CASELLA | GENOVA P.ZZA MANIN - CASELLA | AMT SPA GENOVA | INTERSCAMBIO SANT'OLCESE TULLO | ... | 47.725,00 | 0,00 | 47.725,00 | |",,alta,,
2023 DM MIT 342-2023.pdf,deepseek/deepseek-v4-flash,off,,,Ministero delle infrastrutture e dei trasporti,,rettifica,H49J21005480003,True,definitivo,,1,singolo,7150,3,,7475.0,7475.0,"7.475,00",totale,assegnazione,ammesso,IMPORTO AMMASSO A FINANZIAMENTO CENTRO - NORD - POTENZIAMENTO,"Allegato 1 / [TABELLA pag.4 n.1], riga 6","FERROVIA GENOVA CASELLA | GENOVA P.ZZA MANIN - CASELLA | AMT SPA GENOVA | INTERSCAMBIO VICOMORASSO | ... | 7.475,00 | 0,00 | 7.475,00 | |",,alta,,
2023 DM MIT 342-2023.pdf,deepseek/deepseek-v4-flash,off,,,Ministero delle infrastrutture e dei trasporti,,rettifica,H49J21005480003,True,definitivo,,1,singolo,7150,3,,25300.0,25300.0,"25.300,00",totale,assegnazione,ammesso,IMPORTO AMMASSO A FINANZIAMENTO CENTRO - NORD - POTENZIAMENTO,"Allegato 1 / [TABELLA pag.4 n.1], riga 7","FERROVIA GENOVA CASELLA | GENOVA P.ZZA MANIN - CASELLA | AMT SPA GENOVA | INTERSCAMBIO TORRAZZA | ... | 25.300,00 | 0,00 | 25.300,00 | |",,alta,,
2023 DM MIT 342-2023.pdf,deepseek/deepseek-v4-flash,off,,,Ministero delle infrastrutture e dei trasporti,,rettifica,H49J21005480003,True,definitivo,,1,singolo,7150,3,,9200.0,9200.0,"9.200,00",totale,assegnazione,ammesso,IMPORTO AMMASSO A FINANZIAMENTO CENTRO - NORD - POTENZIAMENTO,"Allegato 1 / [TABELLA pag.4 n.1], riga 8","FERROVIA GENOVA CASELLA | GENOVA P.ZZA MANIN - CASELLA | AMT SPA GENOVA | INTERSCAMBIO SANT'OLCESE CHIESA | ... | 9.200,00 | 0,00 | 9.200,00 | |",,alta,,
2023 DM MIT 342-2023.pdf,deepseek/deepseek-v4-flash,off,,,Ministero delle infrastrutture e dei trasporti,,rettifica,H49J21005480003,True,definitivo,,1,singolo,7150,3,,4025.0,4025.0,"4.025,00",totale,assegnazione,ammesso,IMPORTO AMMASSO A FINANZIAMENTO CENTRO - NORD - POTENZIAMENTO,"Allegato 1 / [TABELLA pag.4 n.1], riga 9","FERROVIA GENOVA CASELLA | GENOVA P.ZZA MANIN - CASELLA | AMT SPA GENOVA | INTERSCAMBIO CANOVA | ... | 4.025,00 | 0,00 | 4.025,00 | |",,alta,,
2023 DM MIT 342-2023.pdf,deepseek/deepseek-v4-flash,off,,,Ministero delle infrastrutture e dei trasporti,,rettifica,C75B23000000001,True,definitivo,,1,singolo,7150,3,,10543255.0,10543255.0,"10.543.255,00",totale,assegnazione,ammesso,IMPORTO AMMASSO A FINANZIAMENTO CENTRO - NORD - POTENZIAMENTO,"Allegato 1 / [TABELLA pag.4 n.1], riga 10","Roma - Viterbo | ferrovia Roma – Viterbo nella tratta Catalano – Viterbo | ASTRAL S.p.A | RINNOVO, POTENZIAMENTO E MESSA IN SICUREZZA DELLE TRATTE PIÙ AMMALORATE DELLA LINEA DI CONTATTO DELLA FERROVIA ROMA – VITERBO NELLA TRATTA CATALANO – VITERBO | ... | 10.543.255,00 | 0,00 | 10.543.255,00 | | C75B23000000001",,alta,,
2023 DM MIT 342-2023.pdf,deepseek/deepseek-v4-flash,off,,,Ministero delle infrastrutture e dei trasporti,,rettifica,C71G22000090001,True,definitivo,,1,singolo,7150,3,,7000000.0,7000000.0,"7.000.000,00",totale,assegnazione,ammesso,IMPORTO AMMASSO A FINANZIAMENTO CENTRO - NORD - POTENZIAMENTO,"Allegato 1 / [TABELLA pag.4 n.1], riga 11","Roma - Viterbo | Ferrovia Roma – Viterbo | ASTRAL S.p.A | POTENZIAMENTO DEL SISTEMA DI ALIMENTAZIONE ELETTRICA DELLA LINEA ROMA-VITERBO (SSE E DOTE) | ... | 7.000.000,00 | 0,00 | 7.000.000,00 | | C71G22000090001",,alta,,
2023 DM MIT 342-2023.pdf,deepseek/deepseek-v4-flash,off,,,Ministero delle infrastrutture e dei trasporti,,rettifica,E51B21002250001,True,definitivo,,1,singolo,7150,3,,20000000.0,20000000.0,"20.000.000,00",totale,assegnazione,ammesso,IMPORTO AMMASSO A FINANZIAMENTO CENTRO - NORD - POTENZIAMENTO,"Allegato 1 / [TABELLA pag.4 n.1], riga 12","FERROVIA REGIONALE | Milano -Varese - Laveno. | FERROVIENORD | INTERVENTI SULLA RETE PER STABILIZZAZIONE ORARIO: RADDOPPIO SELETTIVO VARESE - LAVENO E SISTEMAZIONI INCROCI (GEMONIO E CITTIGLIO) | ... | 20.000.000,00 | 0,00 | 20.000.000,00 | | E51B21002250001",,alta,,
2023 DM MIT 342-2023.pdf,deepseek/deepseek-v4-flash,off,,,Ministero delle infrastrutture e dei trasporti,,rettifica,B41E04000210001,True,definitivo,,1,singolo,7150,3,,50000000.0,50000000.0,"50.000.000,00",totale,assegnazione,ammesso,IMPORTO AMMASSO A FINANZIAMENTO SUD POTENZIAMENTO,"Allegato 1 / [TABELLA pag.5 n.1], riga 1","ENTE AUTONOMO VOLTURNO S.R.L. | LINEE VESUVIANE | Comune di Napoli | LINEA 1 DELLA METROPOLITANA DI NAPOLI – TRATTA CDN –CAPODICHINO. OPERE COMPLEMENTARI PER L’IMPERMEABILIZZAZIONE DELLA ADIACENTE GALLERIA CIRCUMVESUVIANA COMPLETAMENTO | ... | 50.000.000,00 | 50.000.000,00 | 100.000.000,00 | | B41E04000210001",,alta,,
2023 DM MIT 342-2023.pdf,deepseek/deepseek-v4-flash,off,,,Ministero delle infrastrutture e dei trasporti,,rettifica,F61B21003640009,True,definitivo,,1,singolo,7150,3,,30000000.0,30000000.0,"30.000.000,00",totale,assegnazione,ammesso,IMPORTO AMMASSO A FINANZIAMENTO SUD POTENZIAMENTO,"Allegato 1 / [TABELLA pag.5 n.1], riga 2","ENTE AUTONOMO VOLTURNO S.R.L. | LINEE FLEGREE | EAV S.R.L. | NUOVO TELECOMANDO LINEE FLEGREE CON FORNITURA IN OPERA DI TRE SOTTOSTAZIONI ELETTRICHE ED ADEGUAMENTO TE GALLERIE | ... | 30.000.000,00 | 0,00 | 30.000.000,00 | | F61B21003640009",,alta,,
2023 DM MIT 342-2023.pdf,deepseek/deepseek-v4-flash,off,,,Ministero delle infrastrutture e dei trasporti,,rettifica,G31G22000250001,True,definitivo,,1,singolo,7150,3,,2800000.0,2800000.0,"2.800.000,00",totale,assegnazione,ammesso,IMPORTO AMMASSO A FINANZIAMENTO SUD POTENZIAMENTO,"Allegato 1 / [TABELLA pag.5 n.1], riga 3","BARI- MATERA | BARI - MATERA | FERROVIE APPULO LUCANE | RIFACIMENTO PENSILINA BARI CENTRALE | ... | 2.800.000,00 | 0,00 | 2.800.000,00 | | G31G22000250001",,alta,,
2023 DM MIT 342-2023.pdf,deepseek/deepseek-v4-flash,off,,,Ministero delle infrastrutture e dei trasporti,,rettifica,D69D15002090001,True,definitivo,,2,aggregato,7150,3,,50000000.0,25000000.0,"50.000.000,00",totale,assegnazione,ammesso,IMPORTO AMMASSO A FINANZIAMENTO SUD POTENZIAMENTO,"Allegato 1 / [TABELLA pag.5 n.1], riga 4","MAGLIE- OTRANTO | MAGLIE- OTRANTO e TRATTA ZOLLINO- GAGLIANO C. | FERROVIE SUD EST | COMPLETAMENTO ELETTRIFICAZIONE DORSALE SALENTO (TRATTA MAGLIE- OTRANTO E ZOLLINO- GAGLIANO) | ... | 50.000.000,00 | 130.000.000,00 | 180.000.000,00 | | Lotto 4 - D69D15002090001 Lotto 3 - D49D15001920001",,alta,,importo unico per due lotti/CUP; l'atto non ripartisce
2023 DM MIT 342-2023.pdf,deepseek/deepseek-v4-flash,off,,,Ministero delle infrastrutture e dei trasporti,,rettifica,D49D15001920001,True,definitivo,,2,aggregato,7150,3,,50000000.0,25000000.0,"50.000.000,00",totale,assegnazione,ammesso,IMPORTO AMMASSO A FINANZIAMENTO SUD POTENZIAMENTO,"Allegato 1 / [TABELLA pag.5 n.1], riga 4","MAGLIE- OTRANTO | MAGLIE- OTRANTO e TRATTA ZOLLINO- GAGLIANO C. | FERROVIE SUD EST | COMPLETAMENTO ELETTRIFICAZIONE DORSALE SALENTO (TRATTA MAGLIE- OTRANTO E ZOLLINO- GAGLIANO) | ... | 50.000.000,00 | 130.000.000,00 | 180.000.000,00 | | Lotto 4 - D69D15002090001 Lotto 3 - D49D15001920001",,alta,,importo unico per due lotti/CUP; l'atto non ripartisce
2023 DM MIT 342-2023.pdf,deepseek/deepseek-v4-flash,off,,,Ministero delle infrastrutture e dei trasporti,,rettifica,G71B18000620005,True,definitivo,,1,singolo,7150,3,,2500000.0,2500000.0,"2.500.000,00",totale,assegnazione,ammesso,IMPORTO AMMASSO A FINANZIAMENTO SUD POTENZIAMENTO,"Allegato 1 / [TABELLA pag.5 n.1], riga 5","BARI- MATERA | STAZIONE ALTAMURA | FERROVIE APPULO LUCANE | REALIZZAZIONE PARCHEGGIO DI INTERSCAMBIO NELLA STAZIONE DI ALTAMURA | ... | 2.500.000,00 | 0,00 | 2.500.000,00 | | G71B18000620005",,alta,,
2023 DM MIT 342-2023.pdf,deepseek/deepseek-v4-flash,off,,,Ministero delle infrastrutture e dei trasporti,,rettifica,F81B21005610001,True,definitivo,,1,singolo,7150,3,,18000000.0,18000000.0,"18.000.000,00",totale,assegnazione,ammesso,IMPORTO AMMASSO A FINANZIAMENTO SUD POTENZIAMENTO,"Allegato 1 / [TABELLA pag.6 n.1], riga 1","Monserrato - Isili | Monserrato - Isili | ARST | VARIANTE DI TRACCCIATO, REALIZZAZIONE PUNTI DI INCROCIO E RADDOPPIO TRATTA MONSERRATO SETTIMO/SAN PIETRO | ... | 26.400.000,00 | 0,00 | 26.400.000,00 | | F81B21005610001",,alta,,
2023 DM MIT 342-2023.pdf,deepseek/deepseek-v4-flash,off,,,Ministero delle infrastrutture e dei trasporti,,rettifica,I61B21003020001,True,definitivo,,1,singolo,7150,3,,9900000.0,9900000.0,"9.900.000,00",totale,assegnazione,ammesso,IMPORTO AMMASSO A FINANZIAMENTO SUD POTENZIAMENTO,"Allegato 1 / [TABELLA pag.6 n.1], riga 2","Ferrovie della Calabria S.r.l | Soveria M. - Catanzaro - Catanzaro Lido | Ferrovie della Calabria S.r.l. | LAVORI DI REALIZZAZIONE DELLA NUOVA STAZIONE FERROVIARIA DI CATANZARO CITTÀ | ... | 9.900.000,00 | 0,00 | 9.900.000,00 | | I61B21003020001",,alta,,
2023 DM MIT 342-2023.pdf,deepseek/deepseek-v4-flash,off,,,Ministero delle infrastrutture e dei trasporti,,rettifica,I67H21003160001,True,definitivo,,1,singolo,7150,3,,2900000.0,2900000.0,"2.900.000,00",totale,assegnazione,ammesso,IMPORTO AMMASSO A FINANZIAMENTO SUD POTENZIAMENTO,"Allegato 1 / [TABELLA pag.6 n.1], riga 3","Ferrovie della Calabria S.r.l | Soveria M. - Catanzaro - Catanzaro Lido - Germaneto | Ferrovie della Calabria S.r.l. | LAVORI DI MIGLIORAMENTO DELLA FRUIBILITÀ DELLA LINEA FERROVIARIA SULLA TRATTA CATANZARO CITTÀ - CATANZARO - CATANZARO LIDO -GERMANETO | ... | 2.900.000,00 | 0,00 | 2.900.000,00 | | I67H21003160001",,alta,,
2023 DM MIT 342-2023.pdf,deepseek/deepseek-v4-flash,off,,,Ministero delle infrastrutture e dei trasporti,,rettifica,B89J21020930005,True,definitivo,,1,singolo,7150,3,,1200000.0,1200000.0,"1.200.000,00",totale,assegnazione,ammesso,IMPORTO AMMASSO A FINANZIAMENTO SUD POTENZIAMENTO,"Allegato 1 / [TABELLA pag.6 n.1], riga 4","Divisione Ferroviaria di TUA S.p.A. | Fossacesia-Saletti | Divisione Ferroviaria di TUA S.p.A. | CREAZIONE POSTO INTERMEDIO LOCALITÀ GUASTACCONCIA NELLA TRATTA FOSSACESIA- SALETTI | ... | 1.200.000,00 | 0,00 | 1.200.000,00 | | B89J21020930005",,alta,,
2023 DM MIT 342-2023.pdf,deepseek/deepseek-v4-flash,off,,,Ministero delle infrastrutture e dei trasporti,,rettifica,I57H21005640001,True,definitivo,,1,singolo,7150,4,,1512215.0,1512215.0,"1.512.215,00",totale,assegnazione,ammesso,SICUREZZA (€),"Allegato 2 / [TABELLA pag.7 n.1], riga 1","ADRIA‐ MESTRE | | INFRASTRUTTRE VENETE SRL | INTERVENTI STRUTTURALI DI RISANAMENTO PONTE IN C.A. AL KM. 14+355 | ... | 1.512.215,00 | 0,00 | 1.512.215,00 | | I57H21005640001",,alta,,
2023 DM MIT 342-2023.pdf,deepseek/deepseek-v4-flash,off,,,Ministero delle infrastrutture e dei trasporti,,rettifica,B19F22013250002,True,definitivo,,1,singolo,7150,4,,2400000.0,2400000.0,"2.400.000,00",totale,assegnazione,ammesso,SICUREZZA (€),"Allegato 2 / [TABELLA pag.7 n.1], riga 2","STIA ‐ AREZZO ‐ SINALUNGA | STIA ‐ AREZZO ‐ SINALUNGA | LA FERROVIARIA ITALIANA SPA | ELIMINAZIONE DI DUE PASSAGGI A LIVELLO DI TIPO AUTOMATICO UBICATI NELLA STAZIONE DI GIOVI DELLA FERROVIA AREZZO - SINALUNGA | ... | 2.400.000,00 | 0,00 | 2.400.000,00 | | B19F22013250002",,alta,,
2023 DM MIT 342-2023.pdf,deepseek/deepseek-v4-flash,off,,,Ministero delle infrastrutture e dei trasporti,,rettifica,C89F23000050001,True,definitivo,,1,singolo,7150,4,,600000.0,600000.0,"600.000,00",totale,assegnazione,ammesso,SICUREZZA (€),"Allegato 2 / [TABELLA pag.7 n.1], riga 3","Ferrovie dell’Emilia Romagna | Parma- Suzzara - Comune di Brescello (RE) | FERROVIE EMILIA ROMGNA S.R.L. | SOPPRESSIONE DI QUATTRO PASSAGGI A LIVELLO PRIVATI (PLP 39 – PLP 40 – PLP 41 – PLP 42) SULLA TRATTA DELLA LINEA FERROVIARIA PARMA – SUZZARA IN COMUNE DI BRESCELLO (RE) | ... | 600.000,00 | 0,00 | 600.000,00 | | C89F23000050001",,alta,,
2023 DM MIT 342-2023.pdf,deepseek/deepseek-v4-flash,off,,,Ministero delle infrastrutture e dei trasporti,,rettifica,C99F23000050001,True,definitivo,,1,singolo,7150,4,,5400000.0,5400000.0,"5.400.000,00",totale,assegnazione,ammesso,SICUREZZA (€),"Allegato 2 / [TABELLA pag.8 n.1], riga 1","Ferrovie dell’Emilia Romagna | Bologna- Portomaggiore - Comune di Castenaso (BO) | FERROVIE EMILIA ROMGNA S.R.L. | LINEA BOLOGNA- PORTOMAGGIORE , SOPPRESSIONE PL IN LOC. CA’ DELL'ORBO A SEGUITO RIALZO LINEA | ... | 5.400.000,00 | 1.600.000,00 | 7.000.000,00 | | C99F23000050001",,alta,,
2023 DM MIT 342-2023.pdf,deepseek/deepseek-v4-flash,off,,,Ministero delle infrastrutture e dei trasporti,,rettifica,C56G21008730001,True,definitivo,,1,singolo,7150,4,,3400000.0,3400000.0,"3.400.000,00",totale,assegnazione,ammesso,SICUREZZA (€),"Allegato 2 / [TABELLA pag.8 n.1], riga 2","Ferrovie dell’Emilia Romagna | Reggio E. Guastalla | FERROVIE EMILIA ROMGNA S.R.L. | UPGRADE CON IMPIANTI MULTI‐ ACC | ... | 3.400.000,00 | 0,00 | 3.400.000,00 | | C56G21008730001",,alta,,
2023 DM MIT 342-2023.pdf,deepseek/deepseek-v4-flash,off,,,Ministero delle infrastrutture e dei trasporti,,rettifica,F41B21005790009,True,definitivo,,1,singolo,7150,4,,30000000.0,30000000.0,30.000.000,totale,assegnazione,ammesso,SICUREZZA (€),"Allegato 2 / [TABELLA pag.9 n.1], riga 1","ENTE AUTONOMO VOLTURNO S.R.L. | LINEA SUBURB ANA NAPOLI‐ PIEDIMONTE MATESE | EAV S.R.L. | SOPPRESSIONE PP.LL. RETE FERROVIARIA EAV | ... | 30.000.000 | € 0,00 | 30.000.000 | | F41B21005790009",,alta,,
2023 DM MIT 342-2023.pdf,deepseek/deepseek-v4-flash,off,,,Ministero delle infrastrutture e dei trasporti,,rettifica,G31G22000260001,True,definitivo,,1,singolo,7150,4,,7200000.0,7200000.0,7.200.000,totale,assegnazione,ammesso,SICUREZZA (€),"Allegato 2 / [TABELLA pag.9 n.1], riga 2",BARI‐ MATERA | Bari Sant’Andrea - Modugno | FERROVIE APPULO LUCANE S.r.l | RADDOPPIO TRA BARI SANT’ANDREA E MODUGNO | ... | 7.200.000 | 0 | 7.200.000 | | G31G22000260001,,alta,,
2023 DM MIT 342-2023.pdf,deepseek/deepseek-v4-flash,off,,,Ministero delle infrastrutture e dei trasporti,,rettifica,G11B18000550005,True,definitivo,,1,singolo,7150,4,,3500000.0,3500000.0,3.500.000,totale,assegnazione,ammesso,SICUREZZA (€),"Allegato 2 / [TABELLA pag.10 n.1], riga 1","FERROVIE APPULO LUCANE S.r.l | tratta Matera ‐ Altamura della linea Bari ‐ Matera | FERROVIE APPULO LUCANE S.r.l | Interventi sui piazzali di Matera Serra Rifusa e di Matera Villa Longo tra le progressive km 71+425 e km 72+046 della linea Bari ‐ Matera ‐ Lotto “RIPRISTINO DELLA FUNZIONALITÀ DELL'OFFICINA FERROVIARIA A SERRA RIFUSA” | ... | 3.500.000,00 | 0 | 3.500.000 | | G11B18000550005",,alta,,
2023 DM MIT 342-2023.pdf,deepseek/deepseek-v4-flash,off,,,Ministero delle infrastrutture e dei trasporti,,rettifica,B81B21003770005,True,definitivo,,1,singolo,7150,4,,1750000.0,1750000.0,1.750.000,totale,assegnazione,ammesso,SICUREZZA (€),"Allegato 2 / [TABELLA pag.10 n.1], riga 2","Divisione Ferroviaria di TUA S.p.A. | Fossacesia‐ Archi | Divisione Ferroviaria di TUA S.p.A. | TESATURA DEI CONDUTTORI IN RAME DELL’IMPIANTO TE DELLA TRATTA FOSSACESIA ‐ ARCHI E REALIZZAZIONE DELLA PALIFICATA DI SOSTEGNO SUL PONTE FIUME SANGRO | ... | 1.750.000,00 € | 0 | 1.750.000 | | B81B21003770005",,alta,,
2023 DM MIT 342-2023.pdf,deepseek/deepseek-v4-flash,off,,,Ministero delle infrastrutture e dei trasporti,,rettifica,,False,,,0,singolo,7150,4,2033,217585.0,217585.0,217.585 euro,totale,assegnazione,assegnato,,"art. 1, comma 1","assegna, per l’annualità 2033, alla Regione Veneto risorse pari a 217.585 euro, in luogo dei precedenti 117.585 euro",,alta,,rettifica dell'importo per la Regione Veneto per l'annualità 2033; importo originario 117.585 euro
2023 DM MIT 342-2023.pdf,deepseek/deepseek-v4-flash,off,,,Ministero delle infrastrutture e dei trasporti,,rettifica,,False,,,0,singolo,7150,4,2033,690994.0,690994.0,690.994 euro,totale,assegnazione,assegnato,,"art. 1, comma 1","alla Regione Emilia Romagna risorse pari a 690.994 euro, in luogo dei precedenti 790.994 euro",,alta,,rettifica dell'importo per la Regione Emilia Romagna per l'annualità 2033; importo originario 790.994 euro
2023 DM MIT 342-2023.pdf,deepseek/deepseek-v4-flash,off,,,Ministero delle infrastrutture e dei trasporti,,rettifica,,False,,,0,singolo,7150,4,2032,125266.0,125266.0,125.266 euro,totale,assegnazione,assegnato,,"art. 1, comma 1","per l’annualità 2032, assegna alla Regione Veneto risorse pari a 125.266 euro, in luogo dei precedenti 125.268 euro",,alta,,rettifica dell'importo per la Regione Veneto per l'annualità 2032; importo originario 125.268 euro
2023 DM MIT 342-2023.pdf,deepseek/deepseek-v4-flash,off,,,Ministero delle infrastrutture e dei trasporti,,rettifica,,False,,,0,singolo,7150,4,2032,842682.0,842682.0,842.682 euro,totale,assegnazione,assegnato,,"art. 1, comma 1","alla Regione Emilia Romagna risorse pari a 842.682 euro, in luogo dei precedenti 842.680 euro",,alta,,rettifica dell'importo per la Regione Emilia Romagna per l'annualità 2032; importo originario 842.680 euro
2025 DD MIT 141-2025.pdf,deepseek/deepseek-v4-flash,off,141,2025-04-18,Ministero delle Infrastrutture e dei Trasporti,,assegnazione,E51I04000010007,True,definitivo,,1,singolo,,,,3945000000.0,3945000000.0,"€ 3.945.000.000,00",totale,assegnazione,assegnato,,art. 2,"Il contributo oggetto della Convenzione di cui all’art. 1 è pari a complessivi € 3.945.000.000,00",,alta,,Importo complessivo del contributo oggetto della Convenzione approvata con l'art. 1.
2025 DD MIT 141-2025.pdf,deepseek/deepseek-v4-flash,off,141,2025-04-18,Ministero delle Infrastrutture e dei Trasporti,,assegnazione,E51I04000010007,True,definitivo,,1,singolo,7426,1,,145000000.0,145000000.0,"€ 145.000.000,00",quota,assegnazione,assegnato,,"art. 2, primo trattino","per € 145.000.000,00 nelle risorse stanziate dall’articolo 3, comma 1, del decreto-legge 12 settembre 2014, n. 133 ... impegnate con decreto dirigenziale n. 454 del 22 dicembre 2022 sul pertinente capitolo di bilancio n. 7426-piano di gestione 1",decreto dirigenziale n. 454 del 22 dicembre 2022,alta,,Quota del contributo complessivo coperta da risorse già impegnate sul capitolo 7426/PG1.
2025 DD MIT 141-2025.pdf,deepseek/deepseek-v4-flash,off,141,2025-04-18,Ministero delle Infrastrutture e dei Trasporti,,assegnazione,E51I04000010007,True,definitivo,,1,singolo,7400,1,,113733987.0,113733987.0,"€ 113.733.987,00",quota,assegnazione,assegnato,,"art. 2, secondo trattino","per € 1.600.000.000,00 nelle risorse stanziate dall’articolo 1, comma 393, della legge 30 dicembre 2021, n. 234, ed impegnate con decreto direttoriale n. 419 del 6 dicembre 2022 sul capitolo di bilancio n. 7400 (piano gestionale 1: € 113.733.987,00 dal 2022 al 2035",decreto direttoriale n. 419 del 6 dicembre 2022,alta,,Quota del contributo complessivo coperta da risorse impegnate sul capitolo 7400/PG1.
2025 DD MIT 141-2025.pdf,deepseek/deepseek-v4-flash,off,141,2025-04-18,Ministero delle Infrastrutture e dei Trasporti,,assegnazione,E51I04000010007,True,definitivo,,1,singolo,7400,8,,1486266013.0,1486266013.0,"€ 1.486.266.013,00",quota,assegnazione,assegnato,,"art. 2, secondo trattino","piano gestionale 8: € 1.486.266.013,00 dal 2022 al 2036",decreto direttoriale n. 419 del 6 dicembre 2022,alta,,Quota del contributo complessivo coperta da risorse impegnate sul capitolo 7400/PG8.
2025 DD MIT 141-2025.pdf,deepseek/deepseek-v4-flash,off,141,2025-04-18,Ministero delle Infrastrutture e dei Trasporti,,assegnazione,E51I04000010007,True,definitivo,,1,singolo,7419,2,,2200000000.0,2200000000.0,"€ 2.200.000.000,00",quota,assegnazione,assegnato,,"art. 2, terzo trattino","per € 2.200.000.000,00 nelle risorse stanziate dall’articolo 1, comma 478, dalla legge 29 dicembre 2022, n.197, sul capitolo n. 7419-piano gestionale 2",,alta,,"Quota del contributo complessivo coperta da risorse stanziate dalla legge 197/2022, art. 1, comma 478."
2025 DD MIT 141-2025.pdf,deepseek/deepseek-v4-flash,off,141,2025-04-18,Ministero delle Infrastrutture e dei Trasporti,,assegnazione,E51I04000010007,True,definitivo,,1,singolo,7419,2,,2125000000.0,2125000000.0,"€ 2.125.000.000,00",totale,assegnazione,impegnato,,art. 3,"È autorizzato l’impegno delle risorse di cui al citato articolo 1, comma 478, della legge 29 dicembre 2022, n. 197, sul capitolo 7419, piano gestionale 2 ... per la somma complessiva di € 2.125.000.000,00",,alta,,"Impegno autorizzato dall'art. 3, con dettaglio annuale nella tabella successiva."
2025 DD MIT 141-2025.pdf,deepseek/deepseek-v4-flash,off,141,2025-04-18,Ministero delle Infrastrutture e dei Trasporti,,assegnazione,E51I04000010007,True,definitivo,,1,singolo,7419,2,2024,50000000.0,50000000.0,"€ 50.000.000,00",quota,assegnazione,impegnato,2024,"art. 3; [TABELLA pag.5 n.1], riga 1","2024 | € 50.000.000,00",,alta,,"Quota annuale dell'impegno autorizzato dall'art. 3, in conto residui."
2025 DD MIT 141-2025.pdf,deepseek/deepseek-v4-flash,off,141,2025-04-18,Ministero delle Infrastrutture e dei Trasporti,,assegnazione,E51I04000010007,True,definitivo,,1,singolo,7419,2,2025,25000000.0,25000000.0,"€ 25.000.000,00",quota,assegnazione,impegnato,2025,"art. 3; [TABELLA pag.5 n.1], riga 2","2025 | € 25.000.000,00",,alta,,Quota annuale dell'impegno autorizzato dall'art. 3.
2025 DD MIT 141-2025.pdf,deepseek/deepseek-v4-flash,off,141,2025-04-18,Ministero delle Infrastrutture e dei Trasporti,,assegnazione,E51I04000010007,True,definitivo,,1,singolo,7419,2,2026,50000000.0,50000000.0,"€ 50.000.000,00",quota,assegnazione,impegnato,2026,"art. 3; [TABELLA pag.5 n.1], riga 3","2026 | € 50.000.000,00",,alta,,Quota annuale dell'impegno autorizzato dall'art. 3.
2025 DD MIT 141-2025.pdf,deepseek/deepseek-v4-flash,off,141,2025-04-18,Ministero delle Infrastrutture e dei Trasporti,,assegnazione,E51I04000010007,True,definitivo,,1,singolo,7419,2,2027,350000000.0,350000000.0,"€ 350.000.000,00",quota,assegnazione,impegnato,2027,"art. 3; [TABELLA pag.5 n.1], riga 4","2027 | € 350.000.000,00",,alta,,Quota annuale dell'impegno autorizzato dall'art. 3.
2025 DD MIT 141-2025.pdf,deepseek/deepseek-v4-flash,off,141,2025-04-18,Ministero delle Infrastrutture e dei Trasporti,,assegnazione,E51I04000010007,True,definitivo,,1,singolo,7419,2,2028,200000000.0,200000000.0,"€ 200.000.000,00",quota,assegnazione,impegnato,2028,"art. 3; [TABELLA pag.5 n.1], riga 5","2028 | € 200.000.000,00",,alta,,Quota annuale dell'impegno autorizzato dall'art. 3.
2025 DD MIT 141-2025.pdf,deepseek/deepseek-v4-flash,off,141,2025-04-18,Ministero delle Infrastrutture e dei Trasporti,,assegnazione,E51I04000010007,True,definitivo,,1,singolo,7419,2,2029,150000000.0,150000000.0,"€ 150.000.000,00",quota,assegnazione,impegnato,2029,"art. 3; [TABELLA pag.5 n.1], riga 6","2029 | € 150.000.000,00",,alta,,Quota annuale dell'impegno autorizzato dall'art. 3.
2025 DD MIT 141-2025.pdf,deepseek/deepseek-v4-flash,off,141,2025-04-18,Ministero delle Infrastrutture e dei Trasporti,,assegnazione,E51I04000010007,True,definitivo,,1,singolo,7419,2,2030,450000000.0,450000000.0,"€ 450.000.000,00",quota,assegnazione,impegnato,2030,"art. 3; [TABELLA pag.5 n.1], riga 7","2030 | € 450.000.000,00",,alta,,Quota annuale dell'impegno autorizzato dall'art. 3.
2025 DD MIT 141-2025.pdf,deepseek/deepseek-v4-flash,off,141,2025-04-18,Ministero delle Infrastrutture e dei Trasporti,,assegnazione,E51I04000010007,True,definitivo,,1,singolo,7419,2,2031,450000000.0,450000000.0,"€ 450.000.000,00",quota,assegnazione,impegnato,2031,"art. 3; [TABELLA pag.5 n.1], riga 8","2031 | € 450.000.000,00",,alta,,Quota annuale dell'impegno autorizzato dall'art. 3.
2025 DD MIT 141-2025.pdf,deepseek/deepseek-v4-flash,off,141,2025-04-18,Ministero delle Infrastrutture e dei Trasporti,,assegnazione,E51I04000010007,True,definitivo,,1,singolo,7419,2,2032,400000000.0,400000000.0,"€ 400.000.000,00",quota,assegnazione,impegnato,2032,"art. 3; [TABELLA pag.5 n.1], riga 9","2032 | € 400.000.000,00",,alta,,Quota annuale dell'impegno autorizzato dall'art. 3.
2025 DD MIT 141-2025.pdf,deepseek/deepseek-v4-flash,off,141,2025-04-18,Ministero delle Infrastrutture e dei Trasporti,,assegnazione,E51I04000010007,True,definitivo,,1,singolo,7416,1,,75000000.0,75000000.0,"€ 75.000.000,00",totale,assegnazione,impegnato,,art. 4,"È autorizzato l’impegno delle risorse di cui al citato art.1, comma 478, della legge 29 dicembre 2022, n.197, sul capitolo 7416 piano gestonale 1 ... per la somma complessiva di € 75.000.000,00",,alta,,"Impegno autorizzato dall'art. 4, con dettaglio annuale nel testo."
2025 DD MIT 141-2025.pdf,deepseek/deepseek-v4-flash,off,141,2025-04-18,Ministero delle Infrastrutture e dei Trasporti,,assegnazione,E51I04000010007,True,definitivo,,1,singolo,7416,1,2027,50000000.0,50000000.0,"€ 50.000.000,00",quota,assegnazione,impegnato,,art. 4,"di cui 50.000.000,00 per l’esercizio finanziario 2027",,alta,,Quota annuale dell'impegno autorizzato dall'art. 4.
2025 DD MIT 141-2025.pdf,deepseek/deepseek-v4-flash,off,141,2025-04-18,Ministero delle Infrastrutture e dei Trasporti,,assegnazione,E51I04000010007,True,definitivo,,1,singolo,7416,1,2028,25000000.0,25000000.0,"€ 25.000.000,00",quota,assegnazione,impegnato,,art. 4,"e € 25.000.000,00 per l’esercizio finanziario 2028",,alta,,Quota annuale dell'impegno autorizzato dall'art. 4.
2022 DD MIT 454-2022.pdf,deepseek/deepseek-v4-pro-0813,off,,,Ministero delle infrastrutture e dei trasporti,,impegno,E51I04000010007,True,definitivo,,1,singolo,7426,1,2021,14000000.0,14000000.0,"€ 14.000.000,00",quota,assegnazione,impegnato,,art. 1,"è autorizzato, sul capitolo 7426, piano di gestione 1, ... a favore di Roma Capitale per l’intervento ""Tratta Colosseo - Piazza Venezia della Linea C della metropolitana di Roma” CUP E51I04000010007, l’impegno di € 14.000.000,00 in conto residui di lettera F, esercizio di provenienza 2021.","decreto del Ministro delle infrastrutture e dei trasporti di concerto con il Ministro dell'economia e delle finanze, n. 498 del 14 novembre 2014",alta,,"Impegno in conto residui di lettera F, esercizio di provenienza 2021."
2022 DD MIT 454-2022.pdf,deepseek/deepseek-v4-pro-0813,off,,,Ministero delle infrastrutture e dei trasporti,,impegno,E51I04000010007,True,definitivo,,1,singolo,7426,1,,131000000.0,131000000.0,"€ 131.000.000,00",totale,assegnazione,impegnato,,"art. 2; [TABELLA pag.3 n.1], riga Totale","è autorizzato l’impegno, sul capitolo 7426, piano di gestione 1, ... per l’importo complessivo di € 131.000.000,00 a favore di Roma Capitale, per l’intervento ""Tratta Colosseo - Piazza Venezia della Linea C della metropolitana di Roma” CUP E51I04000010007","decreto del Ministro delle infrastrutture e dei trasporti di concerto con il Ministro dell'economia e delle finanze, n. 498 del 14 novembre 2014",alta,,Importo complessivo ripartito nelle annualità 2022-2025.
2022 DD MIT 454-2022.pdf,deepseek/deepseek-v4-pro-0813,off,,,Ministero delle infrastrutture e dei trasporti,,impegno,E51I04000010007,True,definitivo,,1,singolo,7426,1,2022,35000000.0,35000000.0,"35.000.000,00 €",quota,assegnazione,impegnato,,"art. 2; [TABELLA pag.3 n.1], riga 2022","2022 | 35.000.000,00 €","decreto del Ministro delle infrastrutture e dei trasporti di concerto con il Ministro dell'economia e delle finanze, n. 498 del 14 novembre 2014",alta,,
2022 DD MIT 454-2022.pdf,deepseek/deepseek-v4-pro-0813,off,,,Ministero delle infrastrutture e dei trasporti,,impegno,E51I04000010007,True,definitivo,,1,singolo,7426,1,2023,40000000.0,40000000.0,"40.000.000,00 €",quota,assegnazione,impegnato,,"art. 2; [TABELLA pag.3 n.1], riga 2023","2023 | 40.000.000,00 €","decreto del Ministro delle infrastrutture e dei trasporti di concerto con il Ministro dell'economia e delle finanze, n. 498 del 14 novembre 2014",alta,,
2022 DD MIT 454-2022.pdf,deepseek/deepseek-v4-pro-0813,off,,,Ministero delle infrastrutture e dei trasporti,,impegno,E51I04000010007,True,definitivo,,1,singolo,7426,1,2024,33500000.0,33500000.0,"33.500.000,00 €",quota,assegnazione,impegnato,,"art. 2; [TABELLA pag.3 n.1], riga 2024","2024 | 33.500.000,00 €","decreto del Ministro delle infrastrutture e dei trasporti di concerto con il Ministro dell'economia e delle finanze, n. 498 del 14 novembre 2014",alta,,
2022 DD MIT 454-2022.pdf,deepseek/deepseek-v4-pro-0813,off,,,Ministero delle infrastrutture e dei trasporti,,impegno,E51I04000010007,True,definitivo,,1,singolo,7426,1,2025,22500000.0,22500000.0,"22.500.000,00 €",quota,assegnazione,impegnato,,"art. 2; [TABELLA pag.3 n.1], riga 2025","2025 | 22.500.000,00 €","decreto del Ministro delle infrastrutture e dei trasporti di concerto con il Ministro dell'economia e delle finanze, n. 498 del 14 novembre 2014",alta,,
2022 DDG 128 del 02-05-22.pdf,deepseek/deepseek-v4-pro-0813,off,,,Ministero delle infrastrutture e della mobilità sostenibili,,impegno,H94I19000130004,True,definitivo,,1,singolo,7400,7,,97154124.1,97154124.1,"97.154.124,10",totale,assegnazione,impegnato,Totale,"Allegato 1 / [TABELLA pag.4 n.1], riga 1","Comune di Padova | H94I19000130004 | 7400/PG 7 | ... | 97.154.124,10",Decreto del Ministro delle infrastrutture e della mobilità sostenibili n. 464 del 22 novembre 2021,alta,,
2022 DDG 128 del 02-05-22.pdf,deepseek/deepseek-v4-pro-0813,off,,,Ministero delle infrastrutture e della mobilità sostenibili,,impegno,H94I19000130004,True,definitivo,,1,singolo,7400,7,2020,153197.9,153197.9,"153.197,90",quota,assegnazione,impegnato,2020,"Allegato 1 / [TABELLA pag.4 n.1], riga 1","Comune di Padova | H94I19000130004 | 7400/PG 7 | 153.197,90 | ...",Decreto del Ministro delle infrastrutture e della mobilità sostenibili n. 464 del 22 novembre 2021,alta,,
2022 DDG 128 del 02-05-22.pdf,deepseek/deepseek-v4-pro-0813,off,,,Ministero delle infrastrutture e della mobilità sostenibili,,impegno,H94I19000130004,True,definitivo,,1,singolo,7400,7,2021,306395.8,306395.8,"306.395,80",quota,assegnazione,impegnato,2021,"Allegato 1 / [TABELLA pag.4 n.1], riga 1","Comune di Padova | H94I19000130004 | 7400/PG 7 | ... | 306.395,80 | ...",Decreto del Ministro delle infrastrutture e della mobilità sostenibili n. 464 del 22 novembre 2021,alta,,
2022 DDG 128 del 02-05-22.pdf,deepseek/deepseek-v4-pro-0813,off,,,Ministero delle infrastrutture e della mobilità sostenibili,,impegno,H94I19000130004,True,definitivo,,1,singolo,7400,7,2022,612791.59,612791.59,"612.791,59",quota,assegnazione,impegnato,2022,"Allegato 1 / [TABELLA pag.4 n.1], riga 1","Comune di Padova | H94I19000130004 | 7400/PG 7 | ... | 612.791,59 | ...",Decreto del Ministro delle infrastrutture e della mobilità sostenibili n. 464 del 22 novembre 2021,alta,,
2022 DDG 128 del 02-05-22.pdf,deepseek/deepseek-v4-pro-0813,off,,,Ministero delle infrastrutture e della mobilità sostenibili,,impegno,H94I19000130004,True,definitivo,,1,singolo,7400,7,2023,1302182.14,1302182.14,"1.302.182,14",quota,assegnazione,impegnato,2023,"Allegato 1 / [TABELLA pag.4 n.1], riga 1","Comune di Padova | H94I19000130004 | 7400/PG 7 | ... | 1.302.182,14 | ...",Decreto del Ministro delle infrastrutture e della mobilità sostenibili n. 464 del 22 novembre 2021,alta,,
2022 DDG 128 del 02-05-22.pdf,deepseek/deepseek-v4-pro-0813,off,,,Ministero delle infrastrutture e della mobilità sostenibili,,impegno,H94I19000130004,True,definitivo,,1,singolo,7400,7,2024,1685176.88,1685176.88,"1.685.176,88",quota,assegnazione,impegnato,2024,"Allegato 1 / [TABELLA pag.4 n.1], riga 1","Comune di Padova | H94I19000130004 | 7400/PG 7 | ... | 1.685.176,88 | ...",Decreto del Ministro delle infrastrutture e della mobilità sostenibili n. 464 del 22 novembre 2021,alta,,
2022 DDG 128 del 02-05-22.pdf,deepseek/deepseek-v4-pro-0813,off,,,Ministero delle infrastrutture e della mobilità sostenibili,,impegno,H94I19000130004,True,definitivo,,1,singolo,7400,7,2025,6970504.38,6970504.38,"6.970.504,38",quota,assegnazione,impegnato,2025,"Allegato 1 / [TABELLA pag.4 n.1], riga 1","Comune di Padova | H94I19000130004 | 7400/PG 7 | ... | 6.970.504,38 | ...",Decreto del Ministro delle infrastrutture e della mobilità sostenibili n. 464 del 22 novembre 2021,alta,,
2022 DDG 128 del 02-05-22.pdf,deepseek/deepseek-v4-pro-0813,off,,,Ministero delle infrastrutture e della mobilità sostenibili,,impegno,H94I19000130004,True,definitivo,,1,singolo,7400,7,2026,8732280.22,8732280.22,"8.732.280,22",quota,assegnazione,impegnato,2026,"Allegato 1 / [TABELLA pag.4 n.1], riga 1","Comune di Padova | H94I19000130004 | 7400/PG 7 | ... | 8.732.280,22 | ...",Decreto del Ministro delle infrastrutture e della mobilità sostenibili n. 464 del 22 novembre 2021,alta,,
2022 DDG 128 del 02-05-22.pdf,deepseek/deepseek-v4-pro-0813,off,,,Ministero delle infrastrutture e della mobilità sostenibili,,impegno,H94I19000130004,True,definitivo,,1,singolo,7400,7,2027,10597311.43,10597311.43,"10.597.311,43",quota,assegnazione,impegnato,2027,"Allegato 1 / [TABELLA pag.4 n.1], riga 1","Comune di Padova | H94I19000130004 | 7400/PG 7 | ... | 10.597.311,43 | ...",Decreto del Ministro delle infrastrutture e della mobilità sostenibili n. 464 del 22 novembre 2021,alta,,
2022 DDG 128 del 02-05-22.pdf,deepseek/deepseek-v4-pro-0813,off,,,Ministero delle infrastrutture e della mobilità sostenibili,,impegno,H94I19000130004,True,definitivo,,1,singolo,7400,7,2028,11030248.69,11030248.69,"11.030.248,69",quota,assegnazione,impegnato,2028,"Allegato 1 / [TABELLA pag.4 n.1], riga 1","Comune di Padova | H94I19000130004 | 7400/PG 7 | ... | 11.030.248,69 | ...",Decreto del Ministro delle infrastrutture e della mobilità sostenibili n. 464 del 22 novembre 2021,alta,,
2022 DDG 128 del 02-05-22.pdf,deepseek/deepseek-v4-pro-0813,off,,,Ministero delle infrastrutture e della mobilità sostenibili,,impegno,H94I19000130004,True,definitivo,,1,singolo,7400,7,2029,12255831.88,12255831.88,"12.255.831,88",quota,assegnazione,impegnato,2029,"Allegato 1 / [TABELLA pag.4 n.1], riga 1","Comune di Padova | H94I19000130004 | 7400/PG 7 | ... | 12.255.831,88 | ...",Decreto del Ministro delle infrastrutture e della mobilità sostenibili n. 464 del 22 novembre 2021,alta,,
2022 DDG 128 del 02-05-22.pdf,deepseek/deepseek-v4-pro-0813,off,,,Ministero delle infrastrutture e della mobilità sostenibili,,impegno,H94I19000130004,True,definitivo,,1,singolo,7400,7,2030,12255831.88,12255831.88,"12.255.831,88",quota,assegnazione,impegnato,2030,"Allegato 1 / [TABELLA pag.4 n.1], riga 1","Comune di Padova | H94I19000130004 | 7400/PG 7 | ... | 12.255.831,88 | ...",Decreto del Ministro delle infrastrutture e della mobilità sostenibili n. 464 del 22 novembre 2021,alta,,
2022 DDG 128 del 02-05-22.pdf,deepseek/deepseek-v4-pro-0813,off,,,Ministero delle infrastrutture e della mobilità sostenibili,,impegno,H94I19000130004,True,definitivo,,1,singolo,7400,7,2031,7659894.93,7659894.93,"7.659.894,93",quota,assegnazione,impegnato,2031,"Allegato 1 / [TABELLA pag.4 n.1], riga 1","Comune di Padova | H94I19000130004 | 7400/PG 7 | ... | 7.659.894,93 | ...",Decreto del Ministro delle infrastrutture e della mobilità sostenibili n. 464 del 22 novembre 2021,alta,,
2022 DDG 128 del 02-05-22.pdf,deepseek/deepseek-v4-pro-0813,off,,,Ministero delle infrastrutture e della mobilità sostenibili,,impegno,H94I19000130004,True,definitivo,,1,singolo,7400,7,2032,7506697.03,7506697.03,"7.506.697,03",quota,assegnazione,impegnato,2032,"Allegato 1 / [TABELLA pag.4 n.1], riga 1","Comune di Padova | H94I19000130004 | 7400/PG 7 | ... | 7.506.697,03 | ...",Decreto del Ministro delle infrastrutture e della mobilità sostenibili n. 464 del 22 novembre 2021,alta,,
2022 DDG 128 del 02-05-22.pdf,deepseek/deepseek-v4-pro-0813,off,,,Ministero delle infrastrutture e della mobilità sostenibili,,impegno,H94I19000130004,True,definitivo,,1,singolo,7400,7,2033,7659894.93,7659894.93,"7.659.894,93",quota,assegnazione,impegnato,2033,"Allegato 1 / [TABELLA pag.4 n.1], riga 1","Comune di Padova | H94I19000130004 | 7400/PG 7 | ... | 7.659.894,93 | ...",Decreto del Ministro delle infrastrutture e della mobilità sostenibili n. 464 del 22 novembre 2021,alta,,
2022 DDG 128 del 02-05-22.pdf,deepseek/deepseek-v4-pro-0813,off,,,Ministero delle infrastrutture e della mobilità sostenibili,,impegno,H94I19000130004,True,definitivo,,1,singolo,7400,7,2034,8425884.42,8425884.42,"8.425.884,42",quota,assegnazione,impegnato,2034,"Allegato 1 / [TABELLA pag.4 n.1], riga 1","Comune di Padova | H94I19000130004 | 7400/PG 7 | ... | 8.425.884,42",Decreto del Ministro delle infrastrutture e della mobilità sostenibili n. 464 del 22 novembre 2021,alta,,
2022 DDG 128 del 02-05-22.pdf,deepseek/deepseek-v4-pro-0813,off,,,Ministero delle infrastrutture e della mobilità sostenibili,,impegno,J80J18000000001,True,definitivo,,1,singolo,7400,7,,159466174.12,159466174.12,"159.466.174,12",totale,assegnazione,impegnato,Totale,"Allegato 1 / [TABELLA pag.4 n.1], riga 2","Roma Capitale | J80J18000000001 | 7400/PG 7 | ... | 159.466.174,12",Decreto del Ministro delle infrastrutture e della mobilità sostenibili n. 464 del 22 novembre 2021,alta,,
2022 DDG 128 del 02-05-22.pdf,deepseek/deepseek-v4-pro-0813,off,,,Ministero delle infrastrutture e della mobilità sostenibili,,impegno,J80J18000000001,True,definitivo,,1,singolo,7400,7,2020,251454.92,251454.92,"251.454,92",quota,assegnazione,impegnato,2020,"Allegato 1 / [TABELLA pag.4 n.1], riga 2","Roma Capitale | J80J18000000001 | 7400/PG 7 | 251.454,92 | ...",Decreto del Ministro delle infrastrutture e della mobilità sostenibili n. 464 del 22 novembre 2021,alta,,
2022 DDG 128 del 02-05-22.pdf,deepseek/deepseek-v4-pro-0813,off,,,Ministero delle infrastrutture e della mobilità sostenibili,,impegno,J80J18000000001,True,definitivo,,1,singolo,7400,7,2021,502909.85,502909.85,"502.909,85",quota,assegnazione,impegnato,2021,"Allegato 1 / [TABELLA pag.4 n.1], riga 2","Roma Capitale | J80J18000000001 | 7400/PG 7 | ... | 502.909,85 | ...",Decreto del Ministro delle infrastrutture e della mobilità sostenibili n. 464 del 22 novembre 2021,alta,,
2022 DDG 128 del 02-05-22.pdf,deepseek/deepseek-v4-pro-0813,off,,,Ministero delle infrastrutture e della mobilità sostenibili,,impegno,J80J18000000001,True,definitivo,,1,singolo,7400,7,2022,1005819.69,1005819.69,"1.005.819,69",quota,assegnazione,impegnato,2022,"Allegato 1 / [TABELLA pag.4 n.1], riga 2","Roma Capitale | J80J18000000001 | 7400/PG 7 | ... | 1.005.819,69 | ...",Decreto del Ministro delle infrastrutture e della mobilità sostenibili n. 464 del 22 novembre 2021,alta,,
2022 DDG 128 del 02-05-22.pdf,deepseek/deepseek-v4-pro-0813,off,,,Ministero delle infrastrutture e della mobilità sostenibili,,impegno,J80J18000000001,True,definitivo,,1,singolo,7400,7,2023,2137366.84,2137366.84,"2.137.366,84",quota,assegnazione,impegnato,2023,"Allegato 1 / [TABELLA pag.4 n.1], riga 2","Roma Capitale | J80J18000000001 | 7400/PG 7 | ... | 2.137.366,84 | ...",Decreto del Ministro delle infrastrutture e della mobilità sostenibili n. 464 del 22 novembre 2021,alta,,
2022 DDG 128 del 02-05-22.pdf,deepseek/deepseek-v4-pro-0813,off,,,Ministero delle infrastrutture e della mobilità sostenibili,,impegno,J80J18000000001,True,definitivo,,1,singolo,7400,7,2024,2766004.15,2766004.15,"2.766.004,15",quota,assegnazione,impegnato,2024,"Allegato 1 / [TABELLA pag.4 n.1], riga 2","Roma Capitale | J80J18000000001 | 7400/PG 7 | ... | 2.766.004,15 | ...",Decreto del Ministro delle infrastrutture e della mobilità sostenibili n. 464 del 22 novembre 2021,alta,,
2022 DDG 128 del 02-05-22.pdf,deepseek/deepseek-v4-pro-0813,off,,,Ministero delle infrastrutture e della mobilità sostenibili,,impegno,J80J18000000001,True,definitivo,,1,singolo,7400,7,2025,11441198.98,11441198.98,"11.441.198,98",quota,assegnazione,impegnato,2025,"Allegato 1 / [TABELLA pag.4 n.1], riga 2","Roma Capitale | J80J18000000001 | 7400/PG 7 | ... | 11.441.198,98 | ...",Decreto del Ministro delle infrastrutture e della mobilità sostenibili n. 464 del 22 novembre 2021,alta,,
2022 DDG 128 del 02-05-22.pdf,deepseek/deepseek-v4-pro-0813,off,,,Ministero delle infrastrutture e della mobilità sostenibili,,impegno,J80J18000000001,True,definitivo,,1,singolo,7400,7,2026,14332930.59,14332930.59,"14.332.930,59",quota,assegnazione,impegnato,2026,"Allegato 1 / [TABELLA pag.4 n.1], riga 2","Roma Capitale | J80J18000000001 | 7400/PG 7 | ... | 14.332.930,59 | ...",Decreto del Ministro delle infrastrutture e della mobilità sostenibili n. 464 del 22 novembre 2021,alta,,
2022 DDG 128 del 02-05-22.pdf,deepseek/deepseek-v4-pro-0813,off,,,Ministero delle infrastrutture e della mobilità sostenibili,,impegno,J80J18000000001,True,definitivo,,1,singolo,7400,7,2027,17394142.82,17394142.82,"17.394.142,82",quota,assegnazione,impegnato,2027,"Allegato 1 / [TABELLA pag.4 n.1], riga 2","Roma Capitale | J80J18000000001 | 7400/PG 7 | ... | 17.394.142,82 | ...",Decreto del Ministro delle infrastrutture e della mobilità sostenibili n. 464 del 22 novembre 2021,alta,,
2022 DDG 128 del 02-05-22.pdf,deepseek/deepseek-v4-pro-0813,off,,,Ministero delle infrastrutture e della mobilità sostenibili,,impegno,J80J18000000001,True,definitivo,,1,singolo,7400,7,2028,18104754.43,18104754.43,"18.104.754,43",quota,assegnazione,impegnato,2028,"Allegato 1 / [TABELLA pag.4 n.1], riga 2","Roma Capitale | J80J18000000001 | 7400/PG 7 | ... | 18.104.754,43 | ...",Decreto del Ministro delle infrastrutture e della mobilità sostenibili n. 464 del 22 novembre 2021,alta,,
2022 DDG 128 del 02-05-22.pdf,deepseek/deepseek-v4-pro-0813,off,,,Ministero delle infrastrutture e della mobilità sostenibili,,impegno,J80J18000000001,True,definitivo,,1,singolo,7400,7,2029,20116393.81,20116393.81,"20.116.393,81",quota,assegnazione,impegnato,2029,"Allegato 1 / [TABELLA pag.4 n.1], riga 2","Roma Capitale | J80J18000000001 | 7400/PG 7 | ... | 20.116.393,81 | ...",Decreto del Ministro delle infrastrutture e della mobilità sostenibili n. 464 del 22 novembre 2021,alta,,
2022 DDG 128 del 02-05-22.pdf,deepseek/deepseek-v4-pro-0813,off,,,Ministero delle infrastrutture e della mobilità sostenibili,,impegno,J80J18000000001,True,definitivo,,1,singolo,7400,7,2030,20116393.81,20116393.81,"20.116.393,81",quota,assegnazione,impegnato,2030,"Allegato 1 / [TABELLA pag.4 n.1], riga 2","Roma Capitale | J80J18000000001 | 7400/PG 7 | ... | 20.116.393,81 | ...",Decreto del Ministro delle infrastrutture e della mobilità sostenibili n. 464 del 22 novembre 2021,alta,,
2022 DDG 128 del 02-05-22.pdf,deepseek/deepseek-v4-pro-0813,off,,,Ministero delle infrastrutture e della mobilità sostenibili,,impegno,J80J18000000001,True,definitivo,,1,singolo,7400,7,2031,12572746.13,12572746.13,"12.572.746,13",quota,assegnazione,impegnato,2031,"Allegato 1 / [TABELLA pag.4 n.1], riga 2","Roma Capitale | J80J18000000001 | 7400/PG 7 | ... | 12.572.746,13 | ...",Decreto del Ministro delle infrastrutture e della mobilità sostenibili n. 464 del 22 novembre 2021,alta,,
2022 DDG 128 del 02-05-22.pdf,deepseek/deepseek-v4-pro-0813,off,,,Ministero delle infrastrutture e della mobilità sostenibili,,impegno,J80J18000000001,True,definitivo,,1,singolo,7400,7,2032,12321291.21,12321291.21,"12.321.291,21",quota,assegnazione,impegnato,2032,"Allegato 1 / [TABELLA pag.4 n.1], riga 2","Roma Capitale | J80J18000000001 | 7400/PG 7 | ... | 12.321.291,21 | ...",Decreto del Ministro delle infrastrutture e della mobilità sostenibili n. 464 del 22 novembre 2021,alta,,
2022 DDG 128 del 02-05-22.pdf,deepseek/deepseek-v4-pro-0813,off,,,Ministero delle infrastrutture e della mobilità sostenibili,,impegno,J80J18000000001,True,definitivo,,1,singolo,7400,7,2033,12572746.13,12572746.13,"12.572.746,13",quota,assegnazione,impegnato,2033,"Allegato 1 / [TABELLA pag.4 n.1], riga 2","Roma Capitale | J80J18000000001 | 7400/PG 7 | ... | 12.572.746,13 | ...",Decreto del Ministro delle infrastrutture e della mobilità sostenibili n. 464 del 22 novembre 2021,alta,,
2022 DDG 128 del 02-05-22.pdf,deepseek/deepseek-v4-pro-0813,off,,,Ministero delle infrastrutture e della mobilità sostenibili,,impegno,J80J18000000001,True,definitivo,,1,singolo,7400,7,2034,13830020.76,13830020.76,"13.830.020,76",quota,assegnazione,impegnato,2034,"Allegato 1 / [TABELLA pag.4 n.1], riga 2","Roma Capitale | J80J18000000001 | 7400/PG 7 | ... | 13.830.020,76",Decreto del Ministro delle infrastrutture e della mobilità sostenibili n. 464 del 22 novembre 2021,alta,,
2022 DDG 128 del 02-05-22.pdf,deepseek/deepseek-v4-pro-0813,off,,,Ministero delle infrastrutture e della mobilità sostenibili,,impegno,C11B21008720001,True,definitivo,,2,aggregato,7400,7,,44494493.04,22247246.52,"44.494.493,04",totale,assegnazione,impegnato,Totale,"Allegato 1 / [TABELLA pag.4 n.1], riga 3","Comune di Torino | C11B21008720001 D81E20000410007 | 7400/PG 7 | ... | 44.494.493,04",Decreto del Ministro delle infrastrutture e della mobilità sostenibili n. 464 del 22 novembre 2021,alta,,Importo unico per due CUP; l'atto non ripartisce
2022 DDG 128 del 02-05-22.pdf,deepseek/deepseek-v4-pro-0813,off,,,Ministero delle infrastrutture e della mobilità sostenibili,,impegno,D81E20000410007,True,definitivo,,2,aggregato,7400,7,,44494493.04,22247246.52,"44.494.493,04",totale,assegnazione,impegnato,Totale,"Allegato 1 / [TABELLA pag.4 n.1], riga 3","Comune di Torino | C11B21008720001 D81E20000410007 | 7400/PG 7 | ... | 44.494.493,04",Decreto del Ministro delle infrastrutture e della mobilità sostenibili n. 464 del 22 novembre 2021,alta,,Importo unico per due CUP; l'atto non ripartisce
2022 DDG 128 del 02-05-22.pdf,deepseek/deepseek-v4-pro-0813,off,,,Ministero delle infrastrutture e della mobilità sostenibili,,impegno,C11B21008720001,True,definitivo,,2,aggregato,7400,7,2020,70161.34,35080.67,"70.161,34",quota,assegnazione,impegnato,2020,"Allegato 1 / [TABELLA pag.4 n.1], riga 3","Comune di Torino | C11B21008720001 D81E20000410007 | 7400/PG 7 | 70.161,34 | ...",Decreto del Ministro delle infrastrutture e della mobilità sostenibili n. 464 del 22 novembre 2021,alta,,Importo unico per due CUP; l'atto non ripartisce
2022 DDG 128 del 02-05-22.pdf,deepseek/deepseek-v4-pro-0813,off,,,Ministero delle infrastrutture e della mobilità sostenibili,,impegno,D81E20000410007,True,definitivo,,2,aggregato,7400,7,2020,70161.34,35080.67,"70.161,34",quota,assegnazione,impegnato,2020,"Allegato 1 / [TABELLA pag.4 n.1], riga 3","Comune di Torino | C11B21008720001 D81E20000410007 | 7400/PG 7 | 70.161,34 | ...",Decreto del Ministro delle infrastrutture e della mobilità sostenibili n. 464 del 22 novembre 2021,alta,,Importo unico per due CUP; l'atto non ripartisce
2022 DDG 128 del 02-05-22.pdf,deepseek/deepseek-v4-pro-0813,off,,,Ministero delle infrastrutture e della mobilità sostenibili,,impegno,C11B21008720001,True,definitivo,,2,aggregato,7400,7,2021,140322.66,70161.33,"140.322,66",quota,assegnazione,impegnato,2021,"Allegato 1 / [TABELLA pag.4 n.1], riga 3","Comune di Torino | C11B21008720001 D81E20000410007 | 7400/PG 7 | ... | 140.322,66 | ...",Decreto del Ministro delle infrastrutture e della mobilità sostenibili n. 464 del 22 novembre 2021,alta,,Importo unico per due CUP; l'atto non ripartisce
2022 DDG 128 del 02-05-22.pdf,deepseek/deepseek-v4-pro-0813,off,,,Ministero delle infrastrutture e della mobilità sostenibili,,impegno,D81E20000410007,True,definitivo,,2,aggregato,7400,7,2021,140322.66,70161.33,"140.322,66",quota,assegnazione,impegnato,2021,"Allegato 1 / [TABELLA pag.4 n.1], riga 3","Comune di Torino | C11B21008720001 D81E20000410007 | 7400/PG 7 | ... | 140.322,66 | ...",Decreto del Ministro delle infrastrutture e della mobilità sostenibili n. 464 del 22 novembre 2021,alta,,Importo unico per due CUP; l'atto non ripartisce
2022 DDG 128 del 02-05-22.pdf,deepseek/deepseek-v4-pro-0813,off,,,Ministero delle infrastrutture e della mobilità sostenibili,,impegno,C11B21008720001,True,definitivo,,2,aggregato,7400,7,2022,280645.33,140322.665,"280.645,33",quota,assegnazione,impegnato,2022,"Allegato 1 / [TABELLA pag.4 n.1], riga 3","Comune di Torino | C11B21008720001 D81E20000410007 | 7400/PG 7 | ... | 280.645,33 | ...",Decreto del Ministro delle infrastrutture e della mobilità sostenibili n. 464 del 22 novembre 2021,alta,,Importo unico per due CUP; l'atto non ripartisce
2022 DDG 128 del 02-05-22.pdf,deepseek/deepseek-v4-pro-0813,off,,,Ministero delle infrastrutture e della mobilità sostenibili,,impegno,D81E20000410007,True,definitivo,,2,aggregato,7400,7,2022,280645.33,140322.665,"280.645,33",quota,assegnazione,impegnato,2022,"Allegato 1 / [TABELLA pag.4 n.1], riga 3","Comune di Torino | C11B21008720001 D81E20000410007 | 7400/PG 7 | ... | 280.645,33 | ...",Decreto del Ministro delle infrastrutture e della mobilità sostenibili n. 464 del 22 novembre 2021,alta,,Importo unico per due CUP; l'atto non ripartisce
2022 DDG 128 del 02-05-22.pdf,deepseek/deepseek-v4-pro-0813,off,,,Ministero delle infrastrutture e della mobilità sostenibili,,impegno,C11B21008720001,True,definitivo,,2,aggregato,7400,7,2023,596371.33,298185.665,"596.371,33",quota,assegnazione,impegnato,2023,"Allegato 1 / [TABELLA pag.4 n.1], riga 3","Comune di Torino | C11B21008720001 D81E20000410007 | 7400/PG 7 | ... | 596.371,33 | ...",Decreto del Ministro delle infrastrutture e della mobilità sostenibili n. 464 del 22 novembre 2021,alta,,Importo unico per due CUP; l'atto non ripartisce
2022 DDG 128 del 02-05-22.pdf,deepseek/deepseek-v4-pro-0813,off,,,Ministero delle infrastrutture e della mobilità sostenibili,,impegno,D81E20000410007,True,definitivo,,2,aggregato,7400,7,2023,596371.33,298185.665,"596.371,33",quota,assegnazione,impegnato,2023,"Allegato 1 / [TABELLA pag.4 n.1], riga 3","Comune di Torino | C11B21008720001 D81E20000410007 | 7400/PG 7 | ... | 596.371,33 | ...",Decreto del Ministro delle infrastrutture e della mobilità sostenibili n. 464 del 22 novembre 2021,alta,,Importo unico per due CUP; l'atto non ripartisce
2022 DDG 128 del 02-05-22.pdf,deepseek/deepseek-v4-pro-0813,off,,,Ministero delle infrastrutture e della mobilità sostenibili,,impegno,C11B21008720001,True,definitivo,,2,aggregato,7400,7,2024,771774.66,385887.33,"771.774,66",quota,assegnazione,impegnato,2024,"Allegato 1 / [TABELLA pag.4 n.1], riga 3","Comune di Torino | C11B21008720001 D81E20000410007 | 7400/PG 7 | ... | 771.774,66 | ...",Decreto del Ministro delle infrastrutture e della mobilità sostenibili n. 464 del 22 novembre 2021,alta,,Importo unico per due CUP; l'atto non ripartisce
2022 DDG 128 del 02-05-22.pdf,deepseek/deepseek-v4-pro-0813,off,,,Ministero delle infrastrutture e della mobilità sostenibili,,impegno,D81E20000410007,True,definitivo,,2,aggregato,7400,7,2024,771774.66,385887.33,"771.774,66",quota,assegnazione,impegnato,2024,"Allegato 1 / [TABELLA pag.4 n.1], riga 3","Comune di Torino | C11B21008720001 D81E20000410007 | 7400/PG 7 | ... | 771.774,66 | ...",Decreto del Ministro delle infrastrutture e della mobilità sostenibili n. 464 del 22 novembre 2021,alta,,Importo unico per due CUP; l'atto non ripartisce
2022 DDG 128 del 02-05-22.pdf,deepseek/deepseek-v4-pro-0813,off,,,Ministero delle infrastrutture e della mobilità sostenibili,,impegno,C11B21008720001,True,definitivo,,2,aggregato,7400,7,2025,3192340.64,1596170.32,"3.192.340,64",quota,assegnazione,impegnato,2025,"Allegato 1 / [TABELLA pag.4 n.1], riga 3","Comune di Torino | C11B21008720001 D81E20000410007 | 7400/PG 7 | ... | 3.192.340,64 | ...",Decreto del Ministro delle infrastrutture e della mobilità sostenibili n. 464 del 22 novembre 2021,alta,,Importo unico per due CUP; l'atto non ripartisce
2022 DDG 128 del 02-05-22.pdf,deepseek/deepseek-v4-pro-0813,off,,,Ministero delle infrastrutture e della mobilità sostenibili,,impegno,D81E20000410007,True,definitivo,,2,aggregato,7400,7,2025,3192340.64,1596170.32,"3.192.340,64",quota,assegnazione,impegnato,2025,"Allegato 1 / [TABELLA pag.4 n.1], riga 3","Comune di Torino | C11B21008720001 D81E20000410007 | 7400/PG 7 | ... | 3.192.340,64 | ...",Decreto del Ministro delle infrastrutture e della mobilità sostenibili n. 464 del 22 novembre 2021,alta,,Importo unico per due CUP; l'atto non ripartisce
2022 DDG 128 del 02-05-22.pdf,deepseek/deepseek-v4-pro-0813,off,,,Ministero delle infrastrutture e della mobilità sostenibili,,impegno,C11B21008720001,True,definitivo,,2,aggregato,7400,7,2026,3999195.96,1999597.98,"3.999.195,96",quota,assegnazione,impegnato,2026,"Allegato 1 / [TABELLA pag.4 n.1], riga 3","Comune di Torino | C11B21008720001 D81E20000410007 | 7400/PG 7 | ... | 3.999.195,96 | ...",Decreto del Ministro delle infrastrutture e della mobilità sostenibili n. 464 del 22 novembre 2021,alta,,Importo unico per due CUP; l'atto non ripartisce
2022 DDG 128 del 02-05-22.pdf,deepseek/deepseek-v4-pro-0813,off,,,Ministero delle infrastrutture e della mobilità sostenibili,,impegno,D81E20000410007,True,definitivo,,2,aggregato,7400,7,2026,3999195.96,1999597.98,"3.999.195,96",quota,assegnazione,impegnato,2026,"Allegato 1 / [TABELLA pag.4 n.1], riga 3","Comune di Torino | C11B21008720001 D81E20000410007 | 7400/PG 7 | ... | 3.999.195,96 | ...",Decreto del Ministro delle infrastrutture e della mobilità sostenibili n. 464 del 22 novembre 2021,alta,,Importo unico per due CUP; l'atto non ripartisce
2022 DDG 128 del 02-05-22.pdf,deepseek/deepseek-v4-pro-0813,off,,,Ministero delle infrastrutture e della mobilità sostenibili,,impegno,C11B21008720001,True,definitivo,,2,aggregato,7400,7,2027,4853340.04,2426670.02,"4.853.340,04",quota,assegnazione,impegnato,2027,"Allegato 1 / [TABELLA pag.4 n.1], riga 3","Comune di Torino | C11B21008720001 D81E20000410007 | 7400/PG 7 | ... | 4.853.340,04 | ...",Decreto del Ministro delle infrastrutture e della mobilità sostenibili n. 464 del 22 novembre 2021,alta,,Importo unico per due CUP; l'atto non ripartisce
2022 DDG 128 del 02-05-22.pdf,deepseek/deepseek-v4-pro-0813,off,,,Ministero delle infrastrutture e della mobilità sostenibili,,impegno,D81E20000410007,True,definitivo,,2,aggregato,7400,7,2027,4853340.04,2426670.02,"4.853.340,04",quota,assegnazione,impegnato,2027,"Allegato 1 / [TABELLA pag.4 n.1], riga 3","Comune di Torino | C11B21008720001 D81E20000410007 | 7400/PG 7 | ... | 4.853.340,04 | ...",Decreto del Ministro delle infrastrutture e della mobilità sostenibili n. 464 del 22 novembre 2021,alta,,Importo unico per due CUP; l'atto non ripartisce
2022 DDG 128 del 02-05-22.pdf,deepseek/deepseek-v4-pro-0813,off,,,Ministero delle infrastrutture e della mobilità sostenibili,,impegno,C11B21008720001,True,definitivo,,2,aggregato,7400,7,2028,5051615.96,2525807.98,"5.051.615,96",quota,assegnazione,impegnato,2028,"Allegato 1 / [TABELLA pag.4 n.1], riga 3","Comune di Torino | C11B21008720001 D81E20000410007 | 7400/PG 7 | ... | 5.051.615,96 | ...",Decreto del Ministro delle infrastrutture e della mobilità sostenibili n. 464 del 22 novembre 2021,alta,,Importo unico per due CUP; l'atto non ripartisce
2022 DDG 128 del 02-05-22.pdf,deepseek/deepseek-v4-pro-0813,off,,,Ministero delle infrastrutture e della mobilità sostenibili,,impegno,D81E20000410007,True,definitivo,,2,aggregato,7400,7,2028,5051615.96,2525807.98,"5.051.615,96",quota,assegnazione,impegnato,2028,"Allegato 1 / [TABELLA pag.4 n.1], riga 3","Comune di Torino | C11B21008720001 D81E20000410007 | 7400/PG 7 | ... | 5.051.615,96 | ...",Decreto del Ministro delle infrastrutture e della mobilità sostenibili n. 464 del 22 novembre 2021,alta,,Importo unico per due CUP; l'atto non ripartisce
2022 DDG 128 del 02-05-22.pdf,deepseek/deepseek-v4-pro-0813,off,,,Ministero delle infrastrutture e della mobilità sostenibili,,impegno,C11B21008720001,True,definitivo,,2,aggregato,7400,7,2029,5612906.63,2806453.315,"5.612.906,63",quota,assegnazione,impegnato,2029,"Allegato 1 / [TABELLA pag.4 n.1], riga 3","Comune di Torino | C11B21008720001 D81E20000410007 | 7400/PG 7 | ... | 5.612.906,63 | ...",Decreto del Ministro delle infrastrutture e della mobilità sostenibili n. 464 del 22 novembre 2021,alta,,Importo unico per due CUP; l'atto non ripartisce
2022 DDG 128 del 02-05-22.pdf,deepseek/deepseek-v4-pro-0813,off,,,Ministero delle infrastrutture e della mobilità sostenibili,,impegno,D81E20000410007,True,definitivo,,2,aggregato,7400,7,2029,5612906.63,2806453.315,"5.612.906,63",quota,assegnazione,impegnato,2029,"Allegato 1 / [TABELLA pag.4 n.1], riga 3","Comune di Torino | C11B21008720001 D81E20000410007 | 7400/PG 7 | ... | 5.612.906,63 | ...",Decreto del Ministro delle infrastrutture e della mobilità sostenibili n. 464 del 22 novembre 2021,alta,,Importo unico per due CUP; l'atto non ripartisce
2022 DDG 128 del 02-05-22.pdf,deepseek/deepseek-v4-pro-0813,off,,,Ministero delle infrastrutture e della mobilità sostenibili,,impegno,C11B21008720001,True,definitivo,,2,aggregato,7400,7,2030,5612906.63,2806453.315,"5.612.906,63",quota,assegnazione,impegnato,2030,"Allegato 1 / [TABELLA pag.4 n.1], riga 3","Comune di Torino | C11B21008720001 D81E20000410007 | 7400/PG 7 | ... | 5.612.906,63 | ...",Decreto del Ministro delle infrastrutture e della mobilità sostenibili n. 464 del 22 novembre 2021,alta,,Importo unico per due CUP; l'atto non ripartisce
2022 DDG 128 del 02-05-22.pdf,deepseek/deepseek-v4-pro-0813,off,,,Ministero delle infrastrutture e della mobilità sostenibili,,impegno,D81E20000410007,True,definitivo,,2,aggregato,7400,7,2030,5612906.63,2806453.315,"5.612.906,63",quota,assegnazione,impegnato,2030,"Allegato 1 / [TABELLA pag.4 n.1], riga 3","Comune di Torino | C11B21008720001 D81E20000410007 | 7400/PG 7 | ... | 5.612.906,63 | ...",Decreto del Ministro delle infrastrutture e della mobilità sostenibili n. 464 del 22 novembre 2021,alta,,Importo unico per due CUP; l'atto non ripartisce
2022 DDG 128 del 02-05-22.pdf,deepseek/deepseek-v4-pro-0813,off,,,Ministero delle infrastrutture e della mobilità sostenibili,,impegno,C11B21008720001,True,definitivo,,2,aggregato,7400,7,2031,3508066.64,1754033.32,"3.508.066,64",quota,assegnazione,impegnato,2031,"Allegato 1 / [TABELLA pag.4 n.1], riga 3","Comune di Torino | C11B21008720001 D81E20000410007 | 7400/PG 7 | ... | 3.508.066,64 | ...",Decreto del Ministro delle infrastrutture e della mobilità sostenibili n. 464 del 22 novembre 2021,alta,,Importo unico per due CUP; l'atto non ripartisce
2022 DDG 128 del 02-05-22.pdf,deepseek/deepseek-v4-pro-0813,off,,,Ministero delle infrastrutture e della mobilità sostenibili,,impegno,D81E20000410007,True,definitivo,,2,aggregato,7400,7,2031,3508066.64,1754033.32,"3.508.066,64",quota,assegnazione,impegnato,2031,"Allegato 1 / [TABELLA pag.4 n.1], riga 3","Comune di Torino | C11B21008720001 D81E20000410007 | 7400/PG 7 | ... | 3.508.066,64 | ...",Decreto del Ministro delle infrastrutture e della mobilità sostenibili n. 464 del 22 novembre 2021,alta,,Importo unico per due CUP; l'atto non ripartisce
2022 DDG 128 del 02-05-22.pdf,deepseek/deepseek-v4-pro-0813,off,,,Ministero delle infrastrutture e della mobilità sostenibili,,impegno,C11B21008720001,True,definitivo,,2,aggregato,7400,7,2032,3437905.3,1718952.65,"3.437.905,30",quota,assegnazione,impegnato,2032,"Allegato 1 / [TABELLA pag.4 n.1], riga 3","Comune di Torino | C11B21008720001 D81E20000410007 | 7400/PG 7 | ... | 3.437.905,30 | ...",Decreto del Ministro delle infrastrutture e della mobilità sostenibili n. 464 del 22 novembre 2021,alta,,Importo unico per due CUP; l'atto non ripartisce
2022 DDG 128 del 02-05-22.pdf,deepseek/deepseek-v4-pro-0813,off,,,Ministero delle infrastrutture e della mobilità sostenibili,,impegno,D81E20000410007,True,definitivo,,2,aggregato,7400,7,2032,3437905.3,1718952.65,"3.437.905,30",quota,assegnazione,impegnato,2032,"Allegato 1 / [TABELLA pag.4 n.1], riga 3","Comune di Torino | C11B21008720001 D81E20000410007 | 7400/PG 7 | ... | 3.437.905,30 | ...",Decreto del Ministro delle infrastrutture e della mobilità sostenibili n. 464 del 22 novembre 2021,alta,,Importo unico per due CUP; l'atto non ripartisce
2022 DDG 128 del 02-05-22.pdf,deepseek/deepseek-v4-pro-0813,off,,,Ministero delle infrastrutture e della mobilità sostenibili,,impegno,C11B21008720001,True,definitivo,,2,aggregato,7400,7,2033,3508066.64,1754033.32,"3.508.066,64",quota,assegnazione,impegnato,2033,"Allegato 1 / [TABELLA pag.4 n.1], riga 3","Comune di Torino | C11B21008720001 D81E20000410007 | 7400/PG 7 | ... | 3.508.066,64 | ...",Decreto del Ministro delle infrastrutture e della mobilità sostenibili n. 464 del 22 novembre 2021,alta,,Importo unico per due CUP; l'atto non ripartisce
2022 DDG 128 del 02-05-22.pdf,deepseek/deepseek-v4-pro-0813,off,,,Ministero delle infrastrutture e della mobilità sostenibili,,impegno,D81E20000410007,True,definitivo,,2,aggregato,7400,7,2033,3508066.64,1754033.32,"3.508.066,64",quota,assegnazione,impegnato,2033,"Allegato 1 / [TABELLA pag.4 n.1], riga 3","Comune di Torino | C11B21008720001 D81E20000410007 | 7400/PG 7 | ... | 3.508.066,64 | ...",Decreto del Ministro delle infrastrutture e della mobilità sostenibili n. 464 del 22 novembre 2021,alta,,Importo unico per due CUP; l'atto non ripartisce
2022 DDG 128 del 02-05-22.pdf,deepseek/deepseek-v4-pro-0813,off,,,Ministero delle infrastrutture e della mobilità sostenibili,,impegno,C11B21008720001,True,definitivo,,2,aggregato,7400,7,2034,3858873.28,1929436.64,"3.858.873,28",quota,assegnazione,impegnato,2034,"Allegato 1 / [TABELLA pag.4 n.1], riga 3","Comune di Torino | C11B21008720001 D81E20000410007 | 7400/PG 7 | ... | 3.858.873,28",Decreto del Ministro delle infrastrutture e della mobilità sostenibili n. 464 del 22 novembre 2021,alta,,Importo unico per due CUP; l'atto non ripartisce
2022 DDG 128 del 02-05-22.pdf,deepseek/deepseek-v4-pro-0813,off,,,Ministero delle infrastrutture e della mobilità sostenibili,,impegno,D81E20000410007,True,definitivo,,2,aggregato,7400,7,2034,3858873.28,1929436.64,"3.858.873,28",quota,assegnazione,impegnato,2034,"Allegato 1 / [TABELLA pag.4 n.1], riga 3","Comune di Torino | C11B21008720001 D81E20000410007 | 7400/PG 7 | ... | 3.858.873,28",Decreto del Ministro delle infrastrutture e della mobilità sostenibili n. 464 del 22 novembre 2021,alta,,Importo unico per due CUP; l'atto non ripartisce
2022 DDG 128 del 02-05-22.pdf,deepseek/deepseek-v4-pro-0813,off,,,Ministero delle infrastrutture e della mobilità sostenibili,,impegno,C81B21013200005,True,definitivo,,1,singolo,7400,7,,333059208.74,333059208.74,"333.059.208,74",totale,assegnazione,impegnato,Totale,"Allegato 1 / [TABELLA pag.4 n.1], riga 4","Comune di Brescia | C81B21013200005 | 7400/PG 7 | ... | 333.059.208,74",Decreto del Ministro delle infrastrutture e della mobilità sostenibili n. 464 del 22 novembre 2021,alta,,
2022 DDG 128 del 02-05-22.pdf,deepseek/deepseek-v4-pro-0813,off,,,Ministero delle infrastrutture e della mobilità sostenibili,,impegno,C81B21013200005,True,definitivo,,1,singolo,7400,7,2020,525185.84,525185.84,"525.185,84",quota,assegnazione,impegnato,2020,"Allegato 1 / [TABELLA pag.4 n.1], riga 4","Comune di Brescia | C81B21013200005 | 7400/PG 7 | 525.185,84 | ...",Decreto del Ministro delle infrastrutture e della mobilità sostenibili n. 464 del 22 novembre 2021,alta,,
2022 DDG 128 del 02-05-22.pdf,deepseek/deepseek-v4-pro-0813,off,,,Ministero delle infrastrutture e della mobilità sostenibili,,impegno,C81B21013200005,True,definitivo,,1,singolo,7400,7,2021,1050371.69,1050371.69,"1.050.371,69",quota,assegnazione,impegnato,2021,"Allegato 1 / [TABELLA pag.4 n.1], riga 4","Comune di Brescia | C81B21013200005 | 7400/PG 7 | ... | 1.050.371,69 | ...",Decreto del Ministro delle infrastrutture e della mobilità sostenibili n. 464 del 22 novembre 2021,alta,,
2022 DDG 128 del 02-05-22.pdf,deepseek/deepseek-v4-pro-0813,off,,,Ministero delle infrastrutture e della mobilità sostenibili,,impegno,C81B21013200005,True,definitivo,,1,singolo,7400,7,2022,2100743.39,2100743.39,"2.100.743,39",quota,assegnazione,impegnato,2022,"Allegato 1 / [TABELLA pag.4 n.1], riga 4","Comune di Brescia | C81B21013200005 | 7400/PG 7 | ... | 2.100.743,39 | ...",Decreto del Ministro delle infrastrutture e della mobilità sostenibili n. 464 del 22 novembre 2021,alta,,
2022 DDG 128 del 02-05-22.pdf,deepseek/deepseek-v4-pro-0813,off,,,Ministero delle infrastrutture e della mobilità sostenibili,,impegno,C81B21013200005,True,definitivo,,1,singolo,7400,7,2023,4464079.69,4464079.69,"4.464.079,69",quota,assegnazione,impegnato,2023,"Allegato 1 / [TABELLA pag.4 n.1], riga 4","Comune di Brescia | C81B21013200005 | 7400/PG 7 | ... | 4.464.079,69 | ...",Decreto del Ministro delle infrastrutture e della mobilità sostenibili n. 464 del 22 novembre 2021,alta,,
2022 DDG 128 del 02-05-22.pdf,deepseek/deepseek-v4-pro-0813,off,,,Ministero delle infrastrutture e della mobilità sostenibili,,impegno,C81B21013200005,True,definitivo,,1,singolo,7400,7,2024,5777044.31,5777044.31,"5.777.044,31",quota,assegnazione,impegnato,2024,"Allegato 1 / [TABELLA pag.4 n.1], riga 4","Comune di Brescia | C81B21013200005 | 7400/PG 7 | ... | 5.777.044,31 | ...",Decreto del Ministro delle infrastrutture e della mobilità sostenibili n. 464 del 22 novembre 2021,alta,,
2022 DDG 128 del 02-05-22.pdf,deepseek/deepseek-v4-pro-0813,off,,,Ministero delle infrastrutture e della mobilità sostenibili,,impegno,C81B21013200005,True,definitivo,,1,singolo,7400,7,2025,23895956.0,23895956.0,"23.895.956,00",quota,assegnazione,impegnato,2025,"Allegato 1 / [TABELLA pag.4 n.1], riga 4","Comune di Brescia | C81B21013200005 | 7400/PG 7 | ... | 23.895.956,00 | ...",Decreto del Ministro delle infrastrutture e della mobilità sostenibili n. 464 del 22 novembre 2021,alta,,
2022 DDG 128 del 02-05-22.pdf,deepseek/deepseek-v4-pro-0813,off,,,Ministero delle infrastrutture e della mobilità sostenibili,,impegno,C81B21013200005,True,definitivo,,1,singolo,7400,7,2026,29935593.23,29935593.23,"29.935.593,23",quota,assegnazione,impegnato,2026,"Allegato 1 / [TABELLA pag.4 n.1], riga 4","Comune di Brescia | C81B21013200005 | 7400/PG 7 | ... | 29.935.593,23 | ...",Decreto del Ministro delle infrastrutture e della mobilità sostenibili n. 464 del 22 novembre 2021,alta,,
2022 DDG 128 del 02-05-22.pdf,deepseek/deepseek-v4-pro-0813,off,,,Ministero delle infrastrutture e della mobilità sostenibili,,impegno,C81B21013200005,True,definitivo,,1,singolo,7400,7,2027,36329205.71,36329205.71,"36.329.205,71",quota,assegnazione,impegnato,2027,"Allegato 1 / [TABELLA pag.4 n.1], riga 4","Comune di Brescia | C81B21013200005 | 7400/PG 7 | ... | 36.329.205,71 | ...",Decreto del Ministro delle infrastrutture e della mobilità sostenibili n. 464 del 22 novembre 2021,alta,,
2022 DDG 128 del 02-05-22.pdf,deepseek/deepseek-v4-pro-0813,off,,,Ministero delle infrastrutture e della mobilità sostenibili,,impegno,C81B21013200005,True,definitivo,,1,singolo,7400,7,2028,37813380.92,37813380.92,"37.813.380,92",quota,assegnazione,impegnato,2028,"Allegato 1 / [TABELLA pag.4 n.1], riga 4","Comune di Brescia | C81B21013200005 | 7400/PG 7 | ... | 37.813.380,92 | ...",Decreto del Ministro delle infrastrutture e della mobilità sostenibili n. 464 del 22 novembre 2021,alta,,
2022 DDG 128 del 02-05-22.pdf,deepseek/deepseek-v4-pro-0813,off,,,Ministero delle infrastrutture e della mobilità sostenibili,,impegno,C81B21013200005,True,definitivo,,1,singolo,7400,7,2029,42014867.68,42014867.68,"42.014.867,68",quota,assegnazione,impegnato,2029,"Allegato 1 / [TABELLA pag.4 n.1], riga 4","Comune di Brescia | C81B21013200005 | 7400/PG 7 | ... | 42.014.867,68 | ...",Decreto del Ministro delle infrastrutture e della mobilità sostenibili n. 464 del 22 novembre 2021,alta,,
2022 DDG 128 del 02-05-22.pdf,deepseek/deepseek-v4-pro-0813,off,,,Ministero delle infrastrutture e della mobilità sostenibili,,impegno,C81B21013200005,True,definitivo,,1,singolo,7400,7,2030,42014867.68,42014867.68,"42.014.867,68",quota,assegnazione,impegnato,2030,"Allegato 1 / [TABELLA pag.4 n.1], riga 4","Comune di Brescia | C81B21013200005 | 7400/PG 7 | ... | 42.014.867,68 | ...",Decreto del Ministro delle infrastrutture e della mobilità sostenibili n. 464 del 22 novembre 2021,alta,,
2022 DDG 128 del 02-05-22.pdf,deepseek/deepseek-v4-pro-0813,off,,,Ministero delle infrastrutture e della mobilità sostenibili,,impegno,C81B21013200005,True,definitivo,,1,singolo,7400,7,2031,26259292.3,26259292.3,"26.259.292,30",quota,assegnazione,impegnato,2031,"Allegato 1 / [TABELLA pag.4 n.1], riga 4","Comune di Brescia | C81B21013200005 | 7400/PG 7 | ... | 26.259.292,30 | ...",Decreto del Ministro delle infrastrutture e della mobilità sostenibili n. 464 del 22 novembre 2021,alta,,
2022 DDG 128 del 02-05-22.pdf,deepseek/deepseek-v4-pro-0813,off,,,Ministero delle infrastrutture e della mobilità sostenibili,,impegno,C81B21013200005,True,definitivo,,1,singolo,7400,7,2032,25734106.46,25734106.46,"25.734.106,46",quota,assegnazione,impegnato,2032,"Allegato 1 / [TABELLA pag.4 n.1], riga 4","Comune di Brescia | C81B21013200005 | 7400/PG 7 | ... | 25.734.106,46 | ...",Decreto del Ministro delle infrastrutture e della mobilità sostenibili n. 464 del 22 novembre 2021,alta,,
2022 DDG 128 del 02-05-22.pdf,deepseek/deepseek-v4-pro-0813,off,,,Ministero delle infrastrutture e della mobilità sostenibili,,impegno,C81B21013200005,True,definitivo,,1,singolo,7400,7,2033,26259292.3,26259292.3,"26.259.292,30",quota,assegnazione,impegnato,2033,"Allegato 1 / [TABELLA pag.4 n.1], riga 4","Comune di Brescia | C81B21013200005 | 7400/PG 7 | ... | 26.259.292,30 | ...",Decreto del Ministro delle infrastrutture e della mobilità sostenibili n. 464 del 22 novembre 2021,alta,,
2022 DDG 128 del 02-05-22.pdf,deepseek/deepseek-v4-pro-0813,off,,,Ministero delle infrastrutture e della mobilità sostenibili,,impegno,C81B21013200005,True,definitivo,,1,singolo,7400,7,2034,28885221.54,28885221.54,"28.885.221,54",quota,assegnazione,impegnato,2034,"Allegato 1 / [TABELLA pag.4 n.1], riga 4","Comune di Brescia | C81B21013200005 | 7400/PG 7 | ... | 28.885.221,54",Decreto del Ministro delle infrastrutture e della mobilità sostenibili n. 464 del 22 novembre 2021,alta,,
2022 DDG 128 del 02-05-22.pdf,deepseek/deepseek-v4-pro-0813,off,,,Ministero delle infrastrutture e della mobilità sostenibili,,impegno,C81B21013200005,True,definitivo,,1,singolo,7400,1,,26486678.33,26486678.33,"26.486.678,33",totale,assegnazione,impegnato,Totale,"Allegato 1 / [TABELLA pag.4 n.1], riga 5","Comune di Brescia | C81B21013200005 | 7400/PG 1 | ... | 26.486.678,33",Decreto del Ministro delle infrastrutture e della mobilità sostenibili n. 464 del 22 novembre 2021,alta,,
2022 DDG 128 del 02-05-22.pdf,deepseek/deepseek-v4-pro-0813,off,,,Ministero delle infrastrutture e della mobilità sostenibili,,impegno,C81B21013200005,True,definitivo,,1,singolo,7400,1,2029,4414446.39,4414446.39,"4.414.446,39",quota,assegnazione,impegnato,2029,"Allegato 1 / [TABELLA pag.4 n.1], riga 5","Comune di Brescia | C81B21013200005 | 7400/PG 1 | 4.414.446,39 | ...",Decreto del Ministro delle infrastrutture e della mobilità sostenibili n. 464 del 22 novembre 2021,alta,,
2022 DDG 128 del 02-05-22.pdf,deepseek/deepseek-v4-pro-0813,off,,,Ministero delle infrastrutture e della mobilità sostenibili,,impegno,C81B21013200005,True,definitivo,,1,singolo,7400,1,2030,4414446.39,4414446.39,"4.414.446,39",quota,assegnazione,impegnato,2030,"Allegato 1 / [TABELLA pag.4 n.1], riga 5","Comune di Brescia | C81B21013200005 | 7400/PG 1 | ... | 4.414.446,39 | ...",Decreto del Ministro delle infrastrutture e della mobilità sostenibili n. 464 del 22 novembre 2021,alta,,
2022 DDG 128 del 02-05-22.pdf,deepseek/deepseek-v4-pro-0813,off,,,Ministero delle infrastrutture e della mobilità sostenibili,,impegno,C81B21013200005,True,definitivo,,1,singolo,7400,1,2031,4414446.39,4414446.39,"4.414.446,39",quota,assegnazione,impegnato,2031,"Allegato 1 / [TABELLA pag.4 n.1], riga 5","Comune di Brescia | C81B21013200005 | 7400/PG 1 | ... | 4.414.446,39 | ...",Decreto del Ministro delle infrastrutture e della mobilità sostenibili n. 464 del 22 novembre 2021,alta,,
2022 DDG 128 del 02-05-22.pdf,deepseek/deepseek-v4-pro-0813,off,,,Ministero delle infrastrutture e della mobilità sostenibili,,impegno,C81B21013200005,True,definitivo,,1,singolo,7400,1,2032,4414446.39,4414446.39,"4.414.446,39",quota,assegnazione,impegnato,2032,"Allegato 1 / [TABELLA pag.4 n.1], riga 5","Comune di Brescia | C81B21013200005 | 7400/PG 1 | ... | 4.414.446,39 | ...",Decreto del Ministro delle infrastrutture e della mobilità sostenibili n. 464 del 22 novembre 2021,alta,,
2022 DDG 128 del 02-05-22.pdf,deepseek/deepseek-v4-pro-0813,off,,,Ministero delle infrastrutture e della mobilità sostenibili,,impegno,C81B21013200005,True,definitivo,,1,singolo,7400,1,2033,4414446.39,4414446.39,"4.414.446,39",quota,assegnazione,impegnato,2033,"Allegato 1 / [TABELLA pag.4 n.1], riga 5","Comune di Brescia | C81B21013200005 | 7400/PG 1 | ... | 4.414.446,39 | ...",Decreto del Ministro delle infrastrutture e della mobilità sostenibili n. 464 del 22 novembre 2021,alta,,
2022 DDG 128 del 02-05-22.pdf,deepseek/deepseek-v4-pro-0813,off,,,Ministero delle infrastrutture e della mobilità sostenibili,,impegno,C81B21013200005,True,definitivo,,1,singolo,7400,1,2034,4414446.38,4414446.38,"4.414.446,38",quota,assegnazione,impegnato,2034,"Allegato 1 / [TABELLA pag.4 n.1], riga 5","Comune di Brescia | C81B21013200005 | 7400/PG 1 | ... | 4.414.446,38",Decreto del Ministro delle infrastrutture e della mobilità sostenibili n. 464 del 22 novembre 2021,alta,,
2022 DI Mims Mef 97 20.04.2022.pdf,deepseek/deepseek-v4-pro-0813,off,,,Ministero delle Infrastrutture e della Mobilità Sostenibili,Ministero dell'Economia e delle Finanze,assegnazione,B39J22001360001,True,definitivo,,1,singolo,7400,8,,398000000.0,398000000.0,"398.000.000,00",totale,assegnazione,assegnato,FINANZIAMENTO AMMESSO,"art. 1, comma 1, lettera a); Allegato 1 / [TABELLA pag.10 n.1], riga 1","SKYMETRO VAL BISAGNO GENOVA | COMUNE DI GENOVA | B39J22001360001 | PFTE | 31.03.2023 | 30.06.2025 | 31.12.2027 | 398.000.000,00 | --- | 398.000.000,00",,alta,,
2022 DI Mims Mef 97 20.04.2022.pdf,deepseek/deepseek-v4-pro-0813,off,,,Ministero delle Infrastrutture e della Mobilità Sostenibili,Ministero dell'Economia e delle Finanze,assegnazione,B31F20000030005,True,definitivo,,1,singolo,7400,8,,20860000.0,20860000.0,"20.860.000,00",totale,assegnazione,assegnato,FINANZIAMENTO AMMESSO,"art. 1, comma 1, lettera a); Allegato 1 / [TABELLA pag.10 n.1], riga 2","PROLUNGAMENTO METROPOLITANA DI GENOVA DA BRIN A CANEPARI. OPERE DI ADEGUAMENTO IDRAULICO DEL TRATTO TOMBINATO DI VALLE DEL RIO MALTEMPO, AFFLUENTE DEL TORRENTE POLCEVERA | COMUNE DI GENOVA | B31F20000030005 | PFTE | 31.03.2023 | 31.12.2023 | 30.09.2024 | 20.860.000,00 | --- | 20.860.000,00",,alta,,
2022 DI Mims Mef 97 20.04.2022.pdf,deepseek/deepseek-v4-pro-0813,off,,,Ministero delle Infrastrutture e della Mobilità Sostenibili,Ministero dell'Economia e delle Finanze,assegnazione,B44D20000040001,True,definitivo,,1,singolo,7400,8,,180000000.0,180000000.0,"180.000.000,00",totale,assegnazione,assegnato,FINANZIAMENTO AMMESSO,"art. 1, comma 1, lettera a); Allegato 1 / [TABELLA pag.10 n.1], riga 3","LINEA METROPOLITANA M1 PROLUNGAMENTO QUARTIERE BAGGIO – OLMI - VALSESIA | COMUNE DI MILANO | B44D20000040001 | PROGETTO DEFINITIVO | 31.12.2022 | 31.12.2025 | 31.12.2027 | 398.000.000,00 | 218.000.000,00 | 180.000.000,00",,alta,,"Il costo totale dell'intervento è 398.000.000,00; il cofinanziamento disponibile è 218.000.000,00; il finanziamento ammesso è 180.000.000,00."
2022 DI Mims Mef 97 20.04.2022.pdf,deepseek/deepseek-v4-pro-0813,off,,,Ministero delle Infrastrutture e della Mobilità Sostenibili,Ministero dell'Economia e delle Finanze,assegnazione,B91J21000040001,True,definitivo,,1,singolo,7400,8,,420000000.0,420000000.0,"420.000.000,00",totale,assegnazione,assegnato,FINANZIAMENTO AMMESSO,"art. 1, comma 1, lettera a); Allegato 1 / [TABELLA pag.10 n.1], riga 4","PROLUNGAMENTO LINEA METROPOLITANA M4 DA AEROPORTO LINATE A SEGRATE | COMUNE DI MILANO | B91J21000040001 | PFTE | 31.12.2025 | 31.12.2028 | 31.12.2030 | 420.000.000,00 | --- | 420.000.000,00",,alta,,
2022 DI Mims Mef 97 20.04.2022.pdf,deepseek/deepseek-v4-pro-0813,off,,,Ministero delle Infrastrutture e della Mobilità Sostenibili,Ministero dell'Economia e delle Finanze,assegnazione,B41J21000050006,True,definitivo,,1,singolo,7400,8,,4500000.0,4500000.0,"4.500.000,00",totale,assegnazione,assegnato,FINANZIAMENTO AMMESSO,"art. 1, comma 1, lettera a); Allegato 1 / [TABELLA pag.10 n.1], riga 5","NUOVA LINEA METROPOLITANA M6 RAMO SUD (PFTE) | COMUNE DI MILANO | B41J21000050006 | --- | 31.03.2023 | 30.06.2024 | 31.12.2025 | 4.500.000,00 | --- | 4.500.000,00",,alta,,
2022 DI Mims Mef 97 20.04.2022.pdf,deepseek/deepseek-v4-pro-0813,off,,,Ministero delle Infrastrutture e della Mobilità Sostenibili,Ministero dell'Economia e delle Finanze,assegnazione,B41C21000010001,True,definitivo,,1,singolo,7400,8,,5500000.0,5500000.0,"5.500.000,00",totale,assegnazione,assegnato,FINANZIAMENTO AMMESSO,"art. 1, comma 1, lettera a); Allegato 1 / [TABELLA pag.10 n.1], riga 6","PROLUNGAMENTO M3 SAN DONATO M. – ASTA PAULLESE (PFTE) | COMUNE DI MILANO | B41C21000010001 | PFTE – 1° FASE | 31.03.2023 | 30.06.2024 | 31.12.2025 | 5.500.000,00 | --- | 5.500.000,00",,alta,,
2022 DI Mims Mef 97 20.04.2022.pdf,deepseek/deepseek-v4-pro-0813,off,,,Ministero delle Infrastrutture e della Mobilità Sostenibili,Ministero dell'Economia e delle Finanze,assegnazione,F41B22000740009,True,definitivo,F41B22000740009,1,singolo,7400,8,,631373163.0,631373163.0,"631.373.163,00",totale,assegnazione,assegnato,FINANZIAMENTO AMMESSO,"art. 1, comma 1, lettera a); Allegato 1 / [TABELLA pag.10 n.1], riga 7","NUOVO COLLEGAMENTO IN SEDE PROPRIA TRA LA STAZIONE AV DI AFRAGOLA E LA RETE METROPOLITANA DI NAPOLI. LOTTO 1°_STRALCIO I | COMUNE DI NAPOLI / EAV Srl | F41B22000740009 (CUP MASTER) | PFTE | 31.03.2023 | 30.06.2025 | 31.12.2027 | 631.373.163,00 | --- | 631.373.163,00",,alta,,"Il CUP indicato è un CUP Master; il beneficiario è il CUP dell'intervento, ma nel testo è riportato solo il CUP Master."
2022 DI Mims Mef 97 20.04.2022.pdf,deepseek/deepseek-v4-pro-0813,off,,,Ministero delle Infrastrutture e della Mobilità Sostenibili,Ministero dell'Economia e delle Finanze,assegnazione,F41B22000830009,True,definitivo,,1,singolo,7400,8,,163500824.0,163500824.0,"163.500.824,00",totale,assegnazione,assegnato,FINANZIAMENTO AMMESSO,"art. 1, comma 1, lettera a); Allegato 1 / [TABELLA pag.10 n.1], riga 8","NUOVO COLLEGAMENTO IN SEDE PROPRIA TRA LA STAZIONE AV DI AFRAGOLA E LA RETE METROPOLITANA DI NAPOLI. LOTTO 1°_STRALCIO II | COMUNE DI NAPOLI / EAV Srl | F41B22000830009 | PFTE | 31.03.2026 | 31.12.2026 | 31.12.2027 | 163.500.824,00 | --- | 163.500.824,00",,alta,,
2022 DI Mims Mef 97 20.04.2022.pdf,deepseek/deepseek-v4-pro-0813,off,,,Ministero delle Infrastrutture e della Mobilità Sostenibili,Ministero dell'Economia e delle Finanze,assegnazione,E51I04000010007,True,definitivo,,1,singolo,7400,8,,610000000.0,610000000.0,"610.000.000,00",totale,assegnazione,assegnato,FINANZIAMENTO AMMESSO,"art. 1, comma 1, lettera a); Allegato 1 / [TABELLA pag.10 n.1], riga 9","LINEA C DELLA METROPOLITANA DI ROMA - SUB-TRATTA FUNZIONALE DA STAZIONE VENEZIA A STAZIONE FORI IMPERIALI | ROMA CAPITALE / ROMA METROPOLITANE Srl | E51I04000010007 | PROGETTO DEFINITIVO | 31.12.2022 | 31.12.2027 | 31.12.2032 | 755.000.000,00 | 145.000.000,00 | 610.000.000,00",,alta,,"Il costo totale dell'intervento è 755.000.000,00; il cofinanziamento disponibile è 145.000.000,00; il finanziamento ammesso è 610.000.000,00."
2022 DI Mims Mef 97 20.04.2022.pdf,deepseek/deepseek-v4-pro-0813,off,,,Ministero delle Infrastrutture e della Mobilità Sostenibili,Ministero dell'Economia e delle Finanze,assegnazione,E51I04000010007,True,definitivo,,1,singolo,7400,8,,990000000.0,990000000.0,"990.000.000,00",totale,assegnazione,assegnato,FINANZIAMENTO AMMESSO,"art. 1, comma 1, lettera a); Allegato 1 / [TABELLA pag.10 n.1], riga 10","LINEA C DELLA METROPOLITANA DI ROMA - TRATTA T2 - LOTTO COSTRUTTIVO PRELIMINARE | ROMA CAPITALE / ROMA METROPOLITANE Srl | E51I04000010007 | PROGETTO PRELIMINARE | 30.06.2023 | 30.09.2024 | 31.12.2026 | 990.000.000,00 | --- | 990.000.000,00",,alta,,"Lo stesso CUP E51I04000010007 compare in due righe distinte dell'Allegato 1, relative a due lotti diversi della Linea C. Si producono due record separati."
2022 DI Mims Mef 97 20.04.2022.pdf,deepseek/deepseek-v4-pro-0813,off,,,Ministero delle Infrastrutture e della Mobilità Sostenibili,Ministero dell'Economia e delle Finanze,assegnazione,C71F20000020005,True,definitivo,,1,singolo,7400,8,,1000000000.0,1000000000.0,"1.000.000.000,00",totale,assegnazione,assegnato,FINANZIAMENTO AMMESSO,"art. 1, comma 1, lettera a); Allegato 1 / [TABELLA pag.10 n.1], riga 11","METROPOLITANA AUTOMATICA DI TORINO – LINEA 2 – TRATTA “POLITECNICO – REBAUDENGO” | COMUNE DI TORINO | C71F20000020005 | PROGETTO DEFINITIVO | 31.12.2023 | 30.06.2028 | 31.12.2031 | 1.800.000.000,00 | 800.000.000,00 | 1.000.000.000,00",,alta,,"Il costo totale dell'intervento è 1.800.000.000,00; il cofinanziamento disponibile è 800.000.000,00; il finanziamento ammesso è 1.000.000.000,00."
2022 DI Mims Mef 97 20.04.2022.pdf,deepseek/deepseek-v4-pro-0813,off,,,Ministero delle Infrastrutture e della Mobilità Sostenibili,Ministero dell'Economia e delle Finanze,assegnazione,J81B21014060001,True,definitivo,,1,singolo,7400,1,,173183831.97,173183831.97,"173.183.831,97",totale,assegnazione,assegnato,FINANZIAMENTO AMMESSO,"art. 1, comma 1, lettera b); Allegato 2 / [TABELLA pag.12 n.1], riga 1","LINEA TRANVIARIA TERMINI - VATICANO - AURELIO | ROMA CAPITALE | J81B21014060001 | TRANVIA | 293.183.831,97 | 120.000.000,00 | 173.183.831,97",,alta,,"Il costo totale dell'intervento è 293.183.831,97; il cofinanziamento disponibile è 120.000.000,00; il finanziamento ammesso è 173.183.831,97."
2022 DI Mims Mef 97 20.04.2022.pdf,deepseek/deepseek-v4-pro-0813,off,,,Ministero delle Infrastrutture e della Mobilità Sostenibili,Ministero dell'Economia e delle Finanze,assegnazione,J84E21005150001,True,definitivo,,1,singolo,7400,1,,11284217.84,11284217.84,"11.284.217,84",totale,assegnazione,assegnato,FINANZIAMENTO AMMESSO,"art. 1, comma 1, lettera b); Allegato 2 / [TABELLA pag.12 n.1], riga 2","DEPOSITO DI CENTOCELLE EST | ROMA CAPITALE | J84E21005150001 | TRANVIA | 11.284.217,84 | --- | 11.284.217,84",,alta,,
2022 DI Mims Mef 97 20.04.2022.pdf,deepseek/deepseek-v4-pro-0813,off,,,Ministero delle Infrastrutture e della Mobilità Sostenibili,Ministero dell'Economia e delle Finanze,assegnazione,E31J19000030001,True,definitivo,,1,singolo,7400,1,,26500000.0,26500000.0,"26.500.000,00",totale,assegnazione,assegnato,FINANZIAMENTO AMMESSO,"art. 1, comma 1, lettera b); Allegato 2 / [TABELLA pag.12 n.1], riga 3","SISTEMA DI TRASPORTO RAPIDO DI MASSA PER IL COLLEGAMENTO TRA LA STAZIONE FERROVIARIA DI PIACENZA ED IL NUOVO POLO OSPEDALIERO | COMUNE DI PIACENZA | E31J19000030001 | BUSVIA | 26.500.000,00 | --- | 26.500.000,00",,alta,,
2022 DI Mims Mef 97 20.04.2022.pdf,deepseek/deepseek-v4-pro-0813,off,,,Ministero delle Infrastrutture e della Mobilità Sostenibili,Ministero dell'Economia e delle Finanze,assegnazione,F44I19000530001,True,definitivo,,1,singolo,7400,1,,122200000.0,122200000.0,"122.200.000,00",totale,assegnazione,assegnato,FINANZIAMENTO AMMESSO,"art. 1, comma 1, lettera b); Allegato 2 / [TABELLA pag.12 n.1], riga 4","AMPLIAMENTO DEL DEPOSITO GALLARATESE DEI TRENI DELLA LINEA METROPOLITANA 1 | COMUNE DI MILANO | F44I19000530001 | METRO | 122.200.000,00 | --- | 122.200.000,00",,alta,,
2022 DI Mims Mef 97 20.04.2022.pdf,deepseek/deepseek-v4-pro-0813,off,,,Ministero delle Infrastrutture e della Mobilità Sostenibili,Ministero dell'Economia e delle Finanze,assegnazione,C11J22000000001,True,definitivo,,1,singolo,,,,221721410.41,221721410.41,"221.721.410,41",totale,altro,ammissibile,FINANZIAMENTO AMMESSO,"art. 2, comma 1; Allegato 3 / [TABELLA pag.13 n.1], riga 1","PROLUNGAMENTO LINEA TRANVIARIA 12 ALL'ALLIANZ STADIUM E RECUPERO TRINCEA FERROVIA TORINO-CERES | COMUNE DI TORINO | C11J22000000001 | TRANVIA | 221.721.410,41 | --- | 221.721.410,41",,alta,,"L'importo è indicato come finanziamento ammesso, ma l'atto non assegna risorse a questo intervento; lo inserisce in graduatoria come ammissibile a finanziamento futuro."
2022 DI Mims Mef 97 20.04.2022.pdf,deepseek/deepseek-v4-pro-0813,off,,,Ministero delle Infrastrutture e della Mobilità Sostenibili,Ministero dell'Economia e delle Finanze,assegnazione,F47C19000370001,True,definitivo,,4,aggregato,,,,20900000.02,5225000.005,"20.900.000,02",totale,altro,ammissibile,FINANZIAMENTO AMMESSO,"art. 2, comma 1; Allegato 3 / [TABELLA pag.13 n.1], riga 2","METROPOLITANA LINEA M3: INTERVENTI DI ADEGUAMENTO ANTINCENDIO AI SENSI DEL DM 21.10.2015 | COMUNE DI MILANO | F47C19000370001 F47D17000140005 F47C19000380001 F47C19000390001 | METRO | 25.000.000,02 | 4.100.000,00 | 20.900.000,02",,alta,,Importo unico per quattro CUP; l'atto non ripartisce l'importo tra i CUP.
2022 DI Mims Mef 97 20.04.2022.pdf,deepseek/deepseek-v4-pro-0813,off,,,Ministero delle Infrastrutture e della Mobilità Sostenibili,Ministero dell'Economia e delle Finanze,assegnazione,F47D17000140005,True,definitivo,,4,aggregato,,,,20900000.02,5225000.005,"20.900.000,02",totale,altro,ammissibile,FINANZIAMENTO AMMESSO,"art. 2, comma 1; Allegato 3 / [TABELLA pag.13 n.1], riga 2","METROPOLITANA LINEA M3: INTERVENTI DI ADEGUAMENTO ANTINCENDIO AI SENSI DEL DM 21.10.2015 | COMUNE DI MILANO | F47C19000370001 F47D17000140005 F47C19000380001 F47C19000390001 | METRO | 25.000.000,02 | 4.100.000,00 | 20.900.000,02",,alta,,Importo unico per quattro CUP; l'atto non ripartisce l'importo tra i CUP.
2022 DI Mims Mef 97 20.04.2022.pdf,deepseek/deepseek-v4-pro-0813,off,,,Ministero delle Infrastrutture e della Mobilità Sostenibili,Ministero dell'Economia e delle Finanze,assegnazione,F47C19000380001,True,definitivo,,4,aggregato,,,,20900000.02,5225000.005,"20.900.000,02",totale,altro,ammissibile,FINANZIAMENTO AMMESSO,"art. 2, comma 1; Allegato 3 / [TABELLA pag.13 n.1], riga 2","METROPOLITANA LINEA M3: INTERVENTI DI ADEGUAMENTO ANTINCENDIO AI SENSI DEL DM 21.10.2015 | COMUNE DI MILANO | F47C19000370001 F47D17000140005 F47C19000380001 F47C19000390001 | METRO | 25.000.000,02 | 4.100.000,00 | 20.900.000,02",,alta,,Importo unico per quattro CUP; l'atto non ripartisce l'importo tra i CUP.
2022 DI Mims Mef 97 20.04.2022.pdf,deepseek/deepseek-v4-pro-0813,off,,,Ministero delle Infrastrutture e della Mobilità Sostenibili,Ministero dell'Economia e delle Finanze,assegnazione,F47C19000390001,True,definitivo,,4,aggregato,,,,20900000.02,5225000.005,"20.900.000,02",totale,altro,ammissibile,FINANZIAMENTO AMMESSO,"art. 2, comma 1; Allegato 3 / [TABELLA pag.13 n.1], riga 2","METROPOLITANA LINEA M3: INTERVENTI DI ADEGUAMENTO ANTINCENDIO AI SENSI DEL DM 21.10.2015 | COMUNE DI MILANO | F47C19000370001 F47D17000140005 F47C19000380001 F47C19000390001 | METRO | 25.000.000,02 | 4.100.000,00 | 20.900.000,02",,alta,,Importo unico per quattro CUP; l'atto non ripartisce l'importo tra i CUP.
2022 DI Mims Mef 97 20.04.2022.pdf,deepseek/deepseek-v4-pro-0813,off,,,Ministero delle Infrastrutture e della Mobilità Sostenibili,Ministero dell'Economia e delle Finanze,assegnazione,F47C19000350001,True,definitivo,,2,aggregato,,,,45000000.07,22500000.035,"45.000.000,07",totale,altro,ammissibile,FINANZIAMENTO AMMESSO,"art. 2, comma 1; Allegato 3 / [TABELLA pag.13 n.1], riga 3","METROPOLITANA LINEE M1 + M2 - INTERVENTI DI ADEGUAMENTO ANTINCENDI AI SENSI DEL DM 21.10.2015 FASE 2 | COMUNE DI MILANO | F47C19000350001 F47C19000360001 | METRO | 45.000.000,07 | --- | 45.000.000,07",,alta,,Importo unico per due CUP; l'atto non ripartisce l'importo tra i CUP.
2022 DI Mims Mef 97 20.04.2022.pdf,deepseek/deepseek-v4-pro-0813,off,,,Ministero delle Infrastrutture e della Mobilità Sostenibili,Ministero dell'Economia e delle Finanze,assegnazione,F47C19000360001,True,definitivo,,2,aggregato,,,,45000000.07,22500000.035,"45.000.000,07",totale,altro,ammissibile,FINANZIAMENTO AMMESSO,"art. 2, comma 1; Allegato 3 / [TABELLA pag.13 n.1], riga 3","METROPOLITANA LINEE M1 + M2 - INTERVENTI DI ADEGUAMENTO ANTINCENDI AI SENSI DEL DM 21.10.2015 FASE 2 | COMUNE DI MILANO | F47C19000350001 F47C19000360001 | METRO | 45.000.000,07 | --- | 45.000.000,07",,alta,,Importo unico per due CUP; l'atto non ripartisce l'importo tra i CUP.
2022 DI Mims Mef 97 20.04.2022.pdf,deepseek/deepseek-v4-pro-0813,off,,,Ministero delle Infrastrutture e della Mobilità Sostenibili,Ministero dell'Economia e delle Finanze,assegnazione,B34J18000220001,True,definitivo,,2,aggregato,,,,74516124.63,37258062.315,"74.516.124,63",totale,altro,ammissibile,FINANZIAMENTO AMMESSO,"art. 2, comma 1; Allegato 3 / [TABELLA pag.13 n.1], riga 4","LINEA METROPOLITANA: PROLUNGAMENTO A RIVAROLO E COMPLETAMENTO DELLA STAZIONE DI MARTINEZ / TERRALBA | COMUNE DI GENOVA | B34J18000220001 B34J18000230001 | METRO | 74.516.124,63 | --- | 74.516.124,63",,alta,,Importo unico per due CUP; l'atto non ripartisce l'importo tra i CUP.
2022 DI Mims Mef 97 20.04.2022.pdf,deepseek/deepseek-v4-pro-0813,off,,,Ministero delle Infrastrutture e della Mobilità Sostenibili,Ministero dell'Economia e delle Finanze,assegnazione,B34J18000230001,True,definitivo,,2,aggregato,,,,74516124.63,37258062.315,"74.516.124,63",totale,altro,ammissibile,FINANZIAMENTO AMMESSO,"art. 2, comma 1; Allegato 3 / [TABELLA pag.13 n.1], riga 4","LINEA METROPOLITANA: PROLUNGAMENTO A RIVAROLO E COMPLETAMENTO DELLA STAZIONE DI MARTINEZ / TERRALBA | COMUNE DI GENOVA | B34J18000220001 B34J18000230001 | METRO | 74.516.124,63 | --- | 74.516.124,63",,alta,,Importo unico per due CUP; l'atto non ripartisce l'importo tra i CUP.
2023 DM MIT 342-2023.pdf,deepseek/deepseek-v4-pro-0813,off,,,Ministero delle Infrastrutture e dei Trasporti,,rettifica,,False,,,0,singolo,7150,4,2033,217585.0,217585.0,217.585,quota,rimodulazione,rimodulato,VENETO,"art. 1, comma 1; Allegato 3 / [TABELLA pag.11 n.1], riga 2033","2033 | 4.642.914 | 0,083 | 0 | 0 | 0 | 217.585 | 0 | 0 | 0 | 199.831 | 0 | 690.994 | 2.497.882 | 599.492 | 0 | 0 | 0 | 291.420 | 145.710","decreto del Ministro delle infrastrutture e della mobilità sostenibili del 23 settembre 2021, n. 364",alta,,"Valore precedente: 117.585 euro (art. 1, comma 1)."
2023 DM MIT 342-2023.pdf,deepseek/deepseek-v4-pro-0813,off,,,Ministero delle Infrastrutture e dei Trasporti,,rettifica,,False,,,0,singolo,7150,4,2033,690994.0,690994.0,690.994,quota,rimodulazione,rimodulato,EMILIA ROMAGNA,"art. 1, comma 1; Allegato 3 / [TABELLA pag.11 n.1], riga 2033","2033 | 4.642.914 | 0,083 | 0 | 0 | 0 | 217.585 | 0 | 0 | 0 | 199.831 | 0 | 690.994 | 2.497.882 | 599.492 | 0 | 0 | 0 | 291.420 | 145.710","decreto del Ministro delle infrastrutture e della mobilità sostenibili del 23 settembre 2021, n. 364",alta,,"Valore precedente: 790.994 euro (art. 1, comma 1)."
2023 DM MIT 342-2023.pdf,deepseek/deepseek-v4-pro-0813,off,,,Ministero delle Infrastrutture e dei Trasporti,,rettifica,,False,,,0,singolo,7150,4,2032,125266.0,125266.0,125.266,quota,rimodulazione,rimodulato,VENETO,"art. 1, comma 1; Allegato 3 / [TABELLA pag.11 n.1], riga 2032","2032 | 4.946.287 | 0,089 | 0 | 0 | 0 | 125.266 | 0 | 0 | 0 | 212.888 | 0 | 842.682 | 2.661.096 | 638.663 | 0 | 0 | 0 | 310.461 | 155.231","decreto del Ministro delle infrastrutture e della mobilità sostenibili del 23 settembre 2021, n. 364",alta,,"Valore precedente: 125.268 euro (art. 1, comma 1)."
2023 DM MIT 342-2023.pdf,deepseek/deepseek-v4-pro-0813,off,,,Ministero delle Infrastrutture e dei Trasporti,,rettifica,,False,,,0,singolo,7150,4,2032,842682.0,842682.0,842.682,quota,rimodulazione,rimodulato,EMILIA ROMAGNA,"art. 1, comma 1; Allegato 3 / [TABELLA pag.11 n.1], riga 2032","2032 | 4.946.287 | 0,089 | 0 | 0 | 0 | 125.266 | 0 | 0 | 0 | 212.888 | 0 | 842.682 | 2.661.096 | 638.663 | 0 | 0 | 0 | 310.461 | 155.231","decreto del Ministro delle infrastrutture e della mobilità sostenibili del 23 settembre 2021, n. 364",alta,,"Valore precedente: 842.680 euro (art. 1, comma 1)."
2023 DM MIT 342-2023.pdf,deepseek/deepseek-v4-pro-0813,off,,,Ministero delle Infrastrutture e dei Trasporti,,rettifica,,False,,,0,singolo,7150,4,,1512215.0,1512215.0,1.512.215,totale,rimodulazione,rimodulato,VENETO,"Allegato 3 / [TABELLA pag.11 n.1], riga totale sic.",totale sic. | 55.762.215 | 1 | 0 | 0 | 0 | 1.512.215 | 0 | 0 | 0 | 2.400.000 | 0 | 9.400.000 | 30.000.000 | 7.200.000 | 0 | 0 | 0 | 3.500.000 | 1.750.000,"decreto del Ministro delle infrastrutture e della mobilità sostenibili del 23 settembre 2021, n. 364",alta,,Valore precedente: 1.412.215 euro (premesse).
2023 DM MIT 342-2023.pdf,deepseek/deepseek-v4-pro-0813,off,,,Ministero delle Infrastrutture e dei Trasporti,,rettifica,,False,,,0,singolo,7150,4,,9400000.0,9400000.0,9.400.000,totale,rimodulazione,rimodulato,EMILIA ROMAGNA,"Allegato 3 / [TABELLA pag.11 n.1], riga totale sic.",totale sic. | 55.762.215 | 1 | 0 | 0 | 0 | 1.512.215 | 0 | 0 | 0 | 2.400.000 | 0 | 9.400.000 | 30.000.000 | 7.200.000 | 0 | 0 | 0 | 3.500.000 | 1.750.000,"decreto del Ministro delle infrastrutture e della mobilità sostenibili del 23 settembre 2021, n. 364",alta,,Valore precedente: 9.500.000 euro (premesse).
2023 DM MIT 342-2023.pdf,deepseek/deepseek-v4-pro-0813,off,,,Ministero delle Infrastrutture e dei Trasporti,,rettifica,,False,,,0,singolo,7150,3,,256450.0,256450.0,256.450,totale,rimodulazione,rimodulato,LIGURIA,"Allegato 3 / [TABELLA pag.11 n.2], riga totale pot.",totale pot. | 205.099.705 | 1 | 0 | 0 | 256.450 | 0 | 17.543.255 | 0 | 0 | 0 | 20.000.000 | 0 | 80.000.000 | 55.300.000 | 0 | 18.000.000 | 12.800.000 | 0 | 1.200.000,"decreto del Ministro delle infrastrutture e della mobilità sostenibili del 23 settembre 2021, n. 364",alta,,
2023 DM MIT 342-2023.pdf,deepseek/deepseek-v4-pro-0813,off,,,Ministero delle Infrastrutture e dei Trasporti,,rettifica,,False,,,0,singolo,7150,3,,17543255.0,17543255.0,17.543.255,totale,rimodulazione,rimodulato,LAZIO,"Allegato 3 / [TABELLA pag.11 n.2], riga totale pot.",totale pot. | 205.099.705 | 1 | 0 | 0 | 256.450 | 0 | 17.543.255 | 0 | 0 | 0 | 20.000.000 | 0 | 80.000.000 | 55.300.000 | 0 | 18.000.000 | 12.800.000 | 0 | 1.200.000,"decreto del Ministro delle infrastrutture e della mobilità sostenibili del 23 settembre 2021, n. 364",alta,,
2023 DM MIT 342-2023.pdf,deepseek/deepseek-v4-pro-0813,off,,,Ministero delle Infrastrutture e dei Trasporti,,rettifica,,False,,,0,singolo,7150,3,,20000000.0,20000000.0,20.000.000,totale,rimodulazione,rimodulato,LOMBARDIA,"Allegato 3 / [TABELLA pag.11 n.2], riga totale pot.",totale pot. | 205.099.705 | 1 | 0 | 0 | 256.450 | 0 | 17.543.255 | 0 | 0 | 0 | 20.000.000 | 0 | 80.000.000 | 55.300.000 | 0 | 18.000.000 | 12.800.000 | 0 | 1.200.000,"decreto del Ministro delle infrastrutture e della mobilità sostenibili del 23 settembre 2021, n. 364",alta,,
2023 DM MIT 342-2023.pdf,deepseek/deepseek-v4-pro-0813,off,,,Ministero delle Infrastrutture e dei Trasporti,,rettifica,,False,,,0,singolo,7150,3,,80000000.0,80000000.0,80.000.000,totale,rimodulazione,rimodulato,CAMPANIA,"Allegato 3 / [TABELLA pag.11 n.2], riga totale pot.",totale pot. | 205.099.705 | 1 | 0 | 0 | 256.450 | 0 | 17.543.255 | 0 | 0 | 0 | 20.000.000 | 0 | 80.000.000 | 55.300.000 | 0 | 18.000.000 | 12.800.000 | 0 | 1.200.000,"decreto del Ministro delle infrastrutture e della mobilità sostenibili del 23 settembre 2021, n. 364",alta,,
2023 DM MIT 342-2023.pdf,deepseek/deepseek-v4-pro-0813,off,,,Ministero delle Infrastrutture e dei Trasporti,,rettifica,,False,,,0,singolo,7150,3,,55300000.0,55300000.0,55.300.000,totale,rimodulazione,rimodulato,PUGLIA,"Allegato 3 / [TABELLA pag.11 n.2], riga totale pot.",totale pot. | 205.099.705 | 1 | 0 | 0 | 256.450 | 0 | 17.543.255 | 0 | 0 | 0 | 20.000.000 | 0 | 80.000.000 | 55.300.000 | 0 | 18.000.000 | 12.800.000 | 0 | 1.200.000,"decreto del Ministro delle infrastrutture e della mobilità sostenibili del 23 settembre 2021, n. 364",alta,,
2023 DM MIT 342-2023.pdf,deepseek/deepseek-v4-pro-0813,off,,,Ministero delle Infrastrutture e dei Trasporti,,rettifica,,False,,,0,singolo,7150,3,,18000000.0,18000000.0,18.000.000,totale,rimodulazione,rimodulato,SARDEGNA,"Allegato 3 / [TABELLA pag.11 n.2], riga totale pot.",totale pot. | 205.099.705 | 1 | 0 | 0 | 256.450 | 0 | 17.543.255 | 0 | 0 | 0 | 20.000.000 | 0 | 80.000.000 | 55.300.000 | 0 | 18.000.000 | 12.800.000 | 0 | 1.200.000,"decreto del Ministro delle infrastrutture e della mobilità sostenibili del 23 settembre 2021, n. 364",alta,,
2023 DM MIT 342-2023.pdf,deepseek/deepseek-v4-pro-0813,off,,,Ministero delle Infrastrutture e dei Trasporti,,rettifica,,False,,,0,singolo,7150,3,,12800000.0,12800000.0,12.800.000,totale,rimodulazione,rimodulato,CALABRIA,"Allegato 3 / [TABELLA pag.11 n.2], riga totale pot.",totale pot. | 205.099.705 | 1 | 0 | 0 | 256.450 | 0 | 17.543.255 | 0 | 0 | 0 | 20.000.000 | 0 | 80.000.000 | 55.300.000 | 0 | 18.000.000 | 12.800.000 | 0 | 1.200.000,"decreto del Ministro delle infrastrutture e della mobilità sostenibili del 23 settembre 2021, n. 364",alta,,
2023 DM MIT 342-2023.pdf,deepseek/deepseek-v4-pro-0813,off,,,Ministero delle Infrastrutture e dei Trasporti,,rettifica,,False,,,0,singolo,7150,3,,1200000.0,1200000.0,1.200.000,totale,rimodulazione,rimodulato,ABRUZZO,"Allegato 3 / [TABELLA pag.11 n.2], riga totale pot.",totale pot. | 205.099.705 | 1 | 0 | 0 | 256.450 | 0 | 17.543.255 | 0 | 0 | 0 | 20.000.000 | 0 | 80.000.000 | 55.300.000 | 0 | 18.000.000 | 12.800.000 | 0 | 1.200.000,"decreto del Ministro delle infrastrutture e della mobilità sostenibili del 23 settembre 2021, n. 364",alta,,
2025 DD MIT 141-2025.pdf,deepseek/deepseek-v4-pro-0813,off,141,2025-04-18,Ministero delle infrastrutture e dei trasporti,,attuazione,E51I04000010007,True,definitivo,,1,singolo,,,,3945000000.0,3945000000.0,"€ 3.945.000.000,00",totale,assegnazione,assegnato,,art. 2,"Il contributo oggetto della Convenzione di cui all’art. 1 è pari a complessivi € 3.945.000.000,00",,alta,,Importo complessivo del contributo oggetto della Convenzione approvata con l'atto corrente.
2025 DD MIT 141-2025.pdf,deepseek/deepseek-v4-pro-0813,off,141,2025-04-18,Ministero delle infrastrutture e dei trasporti,,attuazione,E51I04000010007,True,definitivo,,1,singolo,7426,1,,145000000.0,145000000.0,"€ 145.000.000,00",quota,assegnazione,assegnato,,"art. 2, primo punto elenco","per € 145.000.000,00 nelle risorse stanziate dall’articolo 3, comma 1, del decreto-legge 12 settembre 2014, n. 133, convertito in legge 11 novembre 2014, n. 164, di rifinanziamento del Fondo per la continuità dei cantieri di cui all’art. 18, comma 1, del decreto-legge n 69/2013, ed impegnate con decreto dirigenziale n. 454 del 22 dicembre 2022 sul pertinente capitolo di bilancio n. 7426-piano di gestione 1",Decreto dirigenziale n. 454 del 22 dicembre 2022,alta,,Quota del contributo complessivo coperta da risorse già impegnate con precedente decreto.
2025 DD MIT 141-2025.pdf,deepseek/deepseek-v4-pro-0813,off,141,2025-04-18,Ministero delle infrastrutture e dei trasporti,,attuazione,E51I04000010007,True,definitivo,,1,singolo,7400,1,,113733987.0,113733987.0,"€ 113.733.987,00",quota,assegnazione,assegnato,,"art. 2, secondo punto elenco","piano gestionale 1: € 113.733.987,00 dal 2022 al 2035",Decreto direttoriale n. 419 del 6 dicembre 2022,alta,,Quota del contributo complessivo coperta da risorse già impegnate con precedente decreto.
2025 DD MIT 141-2025.pdf,deepseek/deepseek-v4-pro-0813,off,141,2025-04-18,Ministero delle infrastrutture e dei trasporti,,attuazione,E51I04000010007,True,definitivo,,1,singolo,7400,8,,1486266013.0,1486266013.0,"€ 1.486.266.013,00",quota,assegnazione,assegnato,,"art. 2, secondo punto elenco","piano gestionale 8: € 1.486.266.013,00 dal 2022 al 2036",Decreto direttoriale n. 419 del 6 dicembre 2022,alta,,Quota del contributo complessivo coperta da risorse già impegnate con precedente decreto.
2025 DD MIT 141-2025.pdf,deepseek/deepseek-v4-pro-0813,off,141,2025-04-18,Ministero delle infrastrutture e dei trasporti,,attuazione,E51I04000010007,True,definitivo,,1,singolo,7419,2,,2200000000.0,2200000000.0,"€ 2.200.000.000,00",quota,assegnazione,assegnato,,"art. 2, terzo punto elenco","per € 2.200.000.000,00 nelle risorse stanziate dall’articolo 1, comma 478, dalla legge 29 dicembre 2022, n.197, sul capitolo n. 7419-piano gestionale 2-per gli esercizi finanziari dal 2023 al 2032","Legge 29 dicembre 2022, n. 197, art. 1, comma 478",alta,,Quota del contributo complessivo coperta da risorse stanziate dalla legge di bilancio 2023.
2025 DD MIT 141-2025.pdf,deepseek/deepseek-v4-pro-0813,off,141,2025-04-18,Ministero delle infrastrutture e dei trasporti,,attuazione,E51I04000010007,True,definitivo,,1,singolo,7419,2,,2125000000.0,2125000000.0,"€ 2.125.000.000,00",totale,impegno,impegnato,,art. 3,"È autorizzato l’impegno delle risorse di cui al citato articolo 1, comma 478, della legge 29 dicembre 2022, n. 197, sul capitolo 7419, piano gestionale 2 dello stato di previsione del Ministero delle Infrastrutture e dei Trasporti, per la somma complessiva di € 2.125.000.000,00","Legge 29 dicembre 2022, n. 197, art. 1, comma 478",alta,,Impegno autorizzato dall'atto corrente per la quota di contributo a valere sulla legge 197/2022.
2025 DD MIT 141-2025.pdf,deepseek/deepseek-v4-pro-0813,off,141,2025-04-18,Ministero delle infrastrutture e dei trasporti,,attuazione,E51I04000010007,True,definitivo,,1,singolo,7419,2,2024,50000000.0,50000000.0,"€ 50.000.000,00",quota,impegno,impegnato,,"art. 3; [TABELLA pag.5 n.1], riga 1","2024 | € 50.000.000,00","Legge 29 dicembre 2022, n. 197, art. 1, comma 478",alta,,"Quota annuale dell'impegno autorizzato, in conto residui esercizio di provenienza 2024."
2025 DD MIT 141-2025.pdf,deepseek/deepseek-v4-pro-0813,off,141,2025-04-18,Ministero delle infrastrutture e dei trasporti,,attuazione,E51I04000010007,True,definitivo,,1,singolo,7419,2,2025,25000000.0,25000000.0,"€ 25.000.000,00",quota,impegno,impegnato,,"art. 3; [TABELLA pag.5 n.1], riga 2","2025 | € 25.000.000,00","Legge 29 dicembre 2022, n. 197, art. 1, comma 478",alta,,Quota annuale dell'impegno autorizzato.
2025 DD MIT 141-2025.pdf,deepseek/deepseek-v4-pro-0813,off,141,2025-04-18,Ministero delle infrastrutture e dei trasporti,,attuazione,E51I04000010007,True,definitivo,,1,singolo,7419,2,2026,50000000.0,50000000.0,"€ 50.000.000,00",quota,impegno,impegnato,,"art. 3; [TABELLA pag.5 n.1], riga 3","2026 | € 50.000.000,00","Legge 29 dicembre 2022, n. 197, art. 1, comma 478",alta,,Quota annuale dell'impegno autorizzato.
2025 DD MIT 141-2025.pdf,deepseek/deepseek-v4-pro-0813,off,141,2025-04-18,Ministero delle infrastrutture e dei trasporti,,attuazione,E51I04000010007,True,definitivo,,1,singolo,7419,2,2027,350000000.0,350000000.0,"€ 350.000.000,00",quota,impegno,impegnato,,"art. 3; [TABELLA pag.5 n.1], riga 4","2027 | € 350.000.000,00","Legge 29 dicembre 2022, n. 197, art. 1, comma 478",alta,,Quota annuale dell'impegno autorizzato.
2025 DD MIT 141-2025.pdf,deepseek/deepseek-v4-pro-0813,off,141,2025-04-18,Ministero delle infrastrutture e dei trasporti,,attuazione,E51I04000010007,True,definitivo,,1,singolo,7419,2,2028,200000000.0,200000000.0,"€ 200.000.000,00",quota,impegno,impegnato,,"art. 3; [TABELLA pag.5 n.1], riga 5","2028 | € 200.000.000,00","Legge 29 dicembre 2022, n. 197, art. 1, comma 478",alta,,Quota annuale dell'impegno autorizzato.
2025 DD MIT 141-2025.pdf,deepseek/deepseek-v4-pro-0813,off,141,2025-04-18,Ministero delle infrastrutture e dei trasporti,,attuazione,E51I04000010007,True,definitivo,,1,singolo,7419,2,2029,150000000.0,150000000.0,"€ 150.000.000,00",quota,impegno,impegnato,,"art. 3; [TABELLA pag.5 n.1], riga 6","2029 | € 150.000.000,00","Legge 29 dicembre 2022, n. 197, art. 1, comma 478",alta,,Quota annuale dell'impegno autorizzato.
2025 DD MIT 141-2025.pdf,deepseek/deepseek-v4-pro-0813,off,141,2025-04-18,Ministero delle infrastrutture e dei trasporti,,attuazione,E51I04000010007,True,definitivo,,1,singolo,7419,2,2030,450000000.0,450000000.0,"€ 450.000.000,00",quota,impegno,impegnato,,"art. 3; [TABELLA pag.5 n.1], riga 7","2030 | € 450.000.000,00","Legge 29 dicembre 2022, n. 197, art. 1, comma 478",alta,,Quota annuale dell'impegno autorizzato.
2025 DD MIT 141-2025.pdf,deepseek/deepseek-v4-pro-0813,off,141,2025-04-18,Ministero delle infrastrutture e dei trasporti,,attuazione,E51I04000010007,True,definitivo,,1,singolo,7419,2,2031,450000000.0,450000000.0,"€ 450.000.000,00",quota,impegno,impegnato,,"art. 3; [TABELLA pag.5 n.1], riga 8","2031 | € 450.000.000,00","Legge 29 dicembre 2022, n. 197, art. 1, comma 478",alta,,Quota annuale dell'impegno autorizzato.
2025 DD MIT 141-2025.pdf,deepseek/deepseek-v4-pro-0813,off,141,2025-04-18,Ministero delle infrastrutture e dei trasporti,,attuazione,E51I04000010007,True,definitivo,,1,singolo,7419,2,2032,400000000.0,400000000.0,"€ 400.000.000,00",quota,impegno,impegnato,,"art. 3; [TABELLA pag.5 n.1], riga 9","2032 | € 400.000.000,00","Legge 29 dicembre 2022, n. 197, art. 1, comma 478",alta,,Quota annuale dell'impegno autorizzato.
2025 DD MIT 141-2025.pdf,deepseek/deepseek-v4-pro-0813,off,141,2025-04-18,Ministero delle infrastrutture e dei trasporti,,attuazione,E51I04000010007,True,definitivo,,1,singolo,7416,1,,75000000.0,75000000.0,"€ 75.000.000,00",totale,impegno,impegnato,,art. 4,"È autorizzato l’impegno delle risorse di cui al citato art.1, comma 478, della legge 29 dicembre 2022, n.197, sul capitolo 7416 piano gestonale 1 dello stato di previsione del Ministero delle Infrastrutture e dei Trasporti, per la somma complessiva di € 75.000.000,00","Legge 29 dicembre 2022, n. 197, art. 1, comma 478",alta,,Impegno autorizzato dall'atto corrente su capitolo diverso dal 7419.
2025 DD MIT 141-2025.pdf,deepseek/deepseek-v4-pro-0813,off,141,2025-04-18,Ministero delle infrastrutture e dei trasporti,,attuazione,E51I04000010007,True,definitivo,,1,singolo,7416,1,2027,50000000.0,50000000.0,"€ 50.000.000,00",quota,impegno,impegnato,,art. 4,"di cui 50.000.000,00 per l’esercizio finanziario 2027","Legge 29 dicembre 2022, n. 197, art. 1, comma 478",alta,,Quota annuale dell'impegno autorizzato.
2025 DD MIT 141-2025.pdf,deepseek/deepseek-v4-pro-0813,off,141,2025-04-18,Ministero delle infrastrutture e dei trasporti,,attuazione,E51I04000010007,True,definitivo,,1,singolo,7416,1,2028,25000000.0,25000000.0,"€ 25.000.000,00",quota,impegno,impegnato,,art. 4,"€ 25.000.000,00 per l’esercizio finanziario 2028","Legge 29 dicembre 2022, n. 197, art. 1, comma 478",alta,,Quota annuale dell'impegno autorizzato.
2022 DD MIT 454-2022.pdf,google/gemma-4-26b-a4b-it,off,,,Ministero delle infrastrutture e dei trasporti,,attuazione,E51I04000010007,True,definitivo,,1,singolo,7426,1,,14000000.0,14000000.0,"€ 14.000.000,00",totale,impegno,impegnato,,art. 1,"è autorizzato, per il corrente esercizio finanziario, a favore di Roma Capitale per l’intervento ""Tratta Colosseo - Piazza Venezia della Linea C della metropolitana di Roma” CUP E51I04000010007, l’impegno di € 14.000.000,00",DM MIT e MEF n. 498 del 14 novembre 2014,alta,,"Esercizio di provenienza 2021, in conto residui di lettera F"
2022 DD MIT 454-2022.pdf,google/gemma-4-26b-a4b-it,off,,,Ministero delle infrastrutture e dei trasporti,,attuazione,E51I04000010007,True,definitivo,,1,singolo,7426,1,,131000000.0,131000000.0,"€ 131.000.000,00",totale,impegno,impegnato,,art. 2,"per l’importo complessivo di € 131.000.000,00 a favore di Roma Capitale, per l’intervento ""Tratta Colosseo - Piazza Venezia della Linea C della metropolitana di Roma” CUP E51I04000010007",DM MIT e MEF n. 498 del 14 novembre 2014,alta,,
2022 DD MIT 454-2022.pdf,google/gemma-4-26b-a4b-it,off,,,Ministero delle infrastrutture e dei trasporti,,attuazione,E51I04000010007,True,definitivo,,1,singolo,7426,1,2022,35000000.0,35000000.0,"35.000.000,00 €",quota,impegno,impegnato,Importo,"art. 2; [TABELLA pag.3 n.1], riga 1","2022 | 35.000.000,00 €",DM MIT e MEF n. 498 del 14 novembre 2014,alta,,
2022 DD MIT 454-2022.pdf,google/gemma-4-26b-a4b-it,off,,,Ministero delle infrastrutture e dei trasporti,,attuazione,E51I04000010007,True,definitivo,,1,singolo,7426,1,2023,40000000.0,40000000.0,"40.000.000,00 €",quota,impegno,impegnato,Importo,"art. 2; [TABELLA pag.3 n.1], riga 2","2023 | 40.000.000,00 €",DM MIT e MEF n. 498 del 14 novembre 2014,alta,,
2022 DD MIT 454-2022.pdf,google/gemma-4-26b-a4b-it,off,,,Ministero delle infrastrutture e dei trasporti,,attuazione,E51I04000010007,True,definitivo,,1,singolo,7426,1,2024,33500000.0,33500000.0,"33.500.000,00 €",quota,impegno,impegnato,Importo,"art. 2; [TABELLA pag.3 n.1], riga 3","2024 | 33.500.000,00 €",DM MIT e MEF n. 498 del 14 novembre 2014,alta,,
2022 DD MIT 454-2022.pdf,google/gemma-4-26b-a4b-it,off,,,Ministero delle infrastrutture e dei trasporti,,attuazione,E51I04000010007,True,definitivo,,1,singolo,7426,1,2025,22500000.0,22500000.0,"22.500.000,00 €",quota,impegno,impegnato,Importo,"art. 2; [TABELLA pag.3 n.1], riga 4","2025 | 22.500.000,00 €",DM MIT e MEF n. 498 del 14 novembre 2014,alta,,
2022 DDG 128 del 02-05-22.pdf,google/gemma-4-26b-a4b-it,off,,,Ministero delle infrastrutture e della mobilità sostenibili,,impegno,H94I19000130004,True,definitivo,,1,singolo,7400,7,2020,153197.9,153197.9,"153.197,90",quota,impegno,impegnato,2020,"Art. 1; Allegato / [TABELLA pag.4 n.1], riga 2","Comune di Padova | H94I19000130004 | 7400/PG 7 | 153.197,90",,alta,,
2022 DDG 128 del 02-05-22.pdf,google/gemma-4-26b-a4b-it,off,,,Ministero delle infrastrutture e della mobilità sostenibili,,impegno,H94I19000130004,True,definitivo,,1,singolo,7400,7,2034,8425884.42,8425884.42,"8.425.884,42",quota,impegno,impegnato,2034,"Art. 1; Allegato / [TABELLA pag.4 n.1], riga 2","Comune di Padova | H94I19000130004 | 7400/PG 7 | 8.425.884,42",,alta,,
2022 DDG 128 del 02-05-22.pdf,google/gemma-4-26b-a4b-it,off,,,Ministero delle infrastrutture e della mobilità sostenibili,,impegno,H94I19000130004,True,definitivo,,1,singolo,7400,7,,97154124.1,97154124.1,"97.154.124,10",totale,impegno,impegnato,Totale,"Art. 1; Allegato / [TABELLA pag.4 n.1], riga 2","Comune di Padova | H94I19000130004 | 7400/PG 7 | 97.154.124,10",,alta,,
2022 DDG 128 del 02-05-22.pdf,google/gemma-4-26b-a4b-it,off,,,Ministero delle infrastrutture e della mobilità sostenibili,,impegno,J80J18000000001,True,definitivo,,1,singolo,7400,7,2020,251454.92,251454.92,"251.454,92",quota,impegno,impegnato,2020,"Art. 1; Allegato / [TABELLA pag.4 n.1], riga 3","Roma Capitale | J80J18000000001 | 7400/PG 7 | 251.454,92",,alta,,
2022 DDG 128 del 02-05-22.pdf,google/gemma-4-26b-a4b-it,off,,,Ministero delle infrastrutture e della mobilità sostenibili,,impegno,J80J18000000001,True,definitivo,,1,singolo,7400,7,2034,13830020.76,13830020.76,"13.830.020,76",quota,impegno,impegnato,2034,"Art. 1; Allegato / [TABELLA pag.4 n.1], riga 3","Roma Capitale | J80J18000000001 | 7400/PG 7 | 13.830.020,76",,alta,,
2022 DDG 128 del 02-05-22.pdf,google/gemma-4-26b-a4b-it,off,,,Ministero delle infrastrutture e della mobilità sostenibili,,impegno,J80J18000000001,True,definitivo,,1,singolo,7400,7,,159466174.12,159466174.12,"159.466.174,12",totale,impegno,impegnato,Totale,"Art. 1; Allegato / [TABELLA pag.4 n.1], riga 3","Roma Capitale | J80J18000000001 | 7400/PG 7 | 159.466.174,12",,alta,,
2022 DDG 128 del 02-05-22.pdf,google/gemma-4-26b-a4b-it,off,,,Ministero delle infrastrutture e della mobilità sostenibili,,impegno,C11B21008720001,True,definitivo,,2,aggregato,7400,7,2020,70161.34,35080.67,"70.161,34",quota,impegno,impegnato,2020,"Art. 1; Allegato / [TABELLA pag.4 n.1], riga 4","Comune di Torino | C11B21008720001 D81E20000410007 | 7400/PG 7 | 70.161,34",,alta,,importo unico per due CUP associati alla riga del Comune di Torino
2022 DDG 128 del 02-05-22.pdf,google/gemma-4-26b-a4b-it,off,,,Ministero delle infrastrutture e della mobilità sostenibili,,impegno,D81E20000410007,True,definitivo,,2,aggregato,7400,7,2020,70161.34,35080.67,"70.161,34",quota,impegno,impegnato,2020,"Art. 1; Allegato / [TABELLA pag.4 n.1], riga 4","Comune di Torino | C11B21008720001 D81E20000410007 | 7400/PG 7 | 70.161,34",,alta,,importo unico per due CUP associati alla riga del Comune di Torino
2022 DDG 128 del 02-05-22.pdf,google/gemma-4-26b-a4b-it,off,,,Ministero delle infrastrutture e della mobilità sostenibili,,impegno,C11B21008720001,True,definitivo,,2,aggregato,7400,7,2034,3858873.28,1929436.64,"3.858.873,28",quota,impegno,impegnato,2034,"Art. 1; Allegato / [TABELLA pag.4 n.1], riga 4","Comune di Torino | C11B21008720001 D81E20000410007 | 7400/PG 7 | 3.858.873,28",,alta,,importo unico per due CUP associati alla riga del Comune di Torino
2022 DDG 128 del 02-05-22.pdf,google/gemma-4-26b-a4b-it,off,,,Ministero delle infrastrutture e della mobilità sostenibili,,impegno,D81E20000410007,True,definitivo,,2,aggregato,7400,7,2034,3858873.28,1929436.64,"3.858.873,28",quota,impegno,impegnato,2034,"Art. 1; Allegato / [TABELLA pag.4 n.1], riga 4","Comune di Torino | C11B21008720001 D81E20000410007 | 7400/PG 7 | 3.858.873,28",,alta,,importo unico per due CUP associati alla riga del Comune di Torino
2022 DDG 128 del 02-05-22.pdf,google/gemma-4-26b-a4b-it,off,,,Ministero delle infrastrutture e della mobilità sostenibili,,impegno,C11B21008720001,True,definitivo,,2,aggregato,7400,7,,44494493.04,22247246.52,"44.494.493,04",totale,impegno,impegnato,Totale,"Art. 1; Allegato / [TABELLA pag.4 n.1], riga 4","Comune di Torino | C11B21008720001 D81E20000410007 | 7400/PG 7 | 44.494.493,04",,alta,,importo unico per due CUP associati alla riga del Comune di Torino
2022 DDG 128 del 02-05-22.pdf,google/gemma-4-26b-a4b-it,off,,,Ministero delle infrastrutture e della mobilità sostenibili,,impegno,D81E20000410007,True,definitivo,,2,aggregato,7400,7,,44494493.04,22247246.52,"44.494.493,04",totale,impegno,impegnato,Totale,"Art. 1; Allegato / [TABELLA pag.4 n.1], riga 4","Comune di Torino | C11B21008720001 D81E20000410007 | 7400/PG 7 | 44.494.493,04",,alta,,importo unico per due CUP associati alla riga del Comune di Torino
2022 DDG 128 del 02-05-22.pdf,google/gemma-4-26b-a4b-it,off,,,Ministero delle infrastrutture e della mobilità sostenibili,,impegno,C81B21013200005,True,definitivo,,1,singolo,7400,7,2020,525185.84,525185.84,"525.185,84",quota,impegno,impegnato,2020,"Art. 1; Allegato / [TABELLA pag.4 n.1], riga 5","Comune di Brescia | C81B21013200005 | 7400/PG 7 | 525.185,84",,alta,,
2022 DDG 128 del 02-05-22.pdf,google/gemma-4-26b-a4b-it,off,,,Ministero delle infrastrutture e della mobilità sostenibili,,impegno,C81B21013200005,True,definitivo,,1,singolo,7400,7,2034,28885221.54,28885221.54,"28.885.221,54",quota,impegno,impegnato,2034,"Art. 1; Allegato / [TABELLA pag.4 n.1], riga 5","Comune di Brescia | C81B21013200005 | 7400/PG 7 | 28.885.221,54",,alta,,
2022 DDG 128 del 02-05-22.pdf,google/gemma-4-26b-a4b-it,off,,,Ministero delle infrastrutture e della mobilità sostenibili,,impegno,C81B21013200005,True,definitivo,,1,singolo,7400,7,,333059208.74,333059208.74,"333.059.208,74",totale,impegno,impegnato,Totale,"Art. 1; Allegato / [TABELLA pag.4 n.1], riga 5","Comune di Brescia | C81B21013200005 | 7400/PG 7 | 333.059.208,74",,alta,,
2022 DDG 128 del 02-05-22.pdf,google/gemma-4-26b-a4b-it,off,,,Ministero delle infrastrutture e della mobilità sostenibili,,impegno,C81B21013200005,True,definitivo,,1,singolo,7400,1,2029,4414446.39,4414446.39,"4.414.446,39",quota,impegno,impegnato,2029,"Art. 1; Allegato / [TABELLA pag.4 n.1], riga 6","Comune di Brescia | C81B21013200005 | 7400/PG 1 | 4.414.446,39",,alta,,
2022 DDG 128 del 02-05-22.pdf,google/gemma-4-26b-a4b-it,off,,,Ministero delle infrastrutture e della mobilità sostenibili,,impegno,C81B21013200005,True,definitivo,,1,singolo,7400,1,2034,4414446.38,4414446.38,"4.414.446,38",quota,impegno,impegnato,2034,"Art. 1; Allegato / [TABELLA pag.4 n.1], riga 6","Comune di Brescia | C81B21013200005 | 7400/PG 1 | 4.414.446,38",,alta,,
2022 DDG 128 del 02-05-22.pdf,google/gemma-4-26b-a4b-it,off,,,Ministero delle infrastrutture e della mobilità sostenibili,,impegno,C81B21013200005,True,definitivo,,1,singolo,7400,1,,26486678.33,26486678.33,"26.486.678,33",totale,impegno,impegnato,Totale,"Art. 1; Allegato / [TABELLA pag.4 n.1], riga 6","Comune di Brescia | C81B21013200005 | 7400/PG 1 | 26.486.678,33",,alta,,
2022 DI Mims Mef 97 20.04.2022.pdf,google/gemma-4-26b-a4b-it,off,,,Ministero delle Infrastrutture e della Mobilità Sostenibili,Ministero dell'Economia e delle Finanze,assegnazione,B39J22001360001,True,definitivo,,1,singolo,7400,8,,398000000.0,398000000.0,"398.000.000,00",totale,assegnazione,assegnato,FINANZIAMENTO AMMESSO,"art. 1; Allegato 1 / [TABELLA pag.10 n.1], riga 1","SKYMETRO VAL BISAGNO GENOVA | B39J22001360001 | 398.000.000,00",,alta,,
2022 DI Mims Mef 97 20.04.2022.pdf,google/gemma-4-26b-a4b-it,off,,,Ministero delle Infrastrutture e della Mobilità Sostenibili,Ministero dell'Economia e delle Finanze,assegnazione,B31F20000030005,True,definitivo,,1,singolo,7400,8,,20860000.0,20860000.0,"20.860.000,00",totale,assegnazione,assegnato,FINANZIAMENTO AMMESSO,"art. 1; Allegato 1 / [TABELLA pag.10 n.1], riga 2","PROLUNGAMENTO METROPOLITANA DI GENOVA DA BRIN A CANEPARI | B31F20000030005 | 20.860.000,00",,alta,,
2022 DI Mims Mef 97 20.04.2022.pdf,google/gemma-4-26b-a4b-it,off,,,Ministero delle Infrastrutture e della Mobilità Sostenibili,Ministero dell'Economia e delle Finanze,assegnazione,B44D20000040001,True,definitivo,,1,singolo,7400,8,,180000000.0,180000000.0,"180.000.000,00",totale,assegnazione,assegnato,FINANZIAMENTO AMMESSO,"art. 1; Allegato 1 / [TABELLA pag.10 n.1], riga 3","LINEA METROPOLITANA M1 PROLUNGAMENTO QUARTIERE BAGGIO – OLMI - VALSESIA | B44D20000040001 | 180.000.000,00",,alta,,
2022 DI Mims Mef 97 20.04.2022.pdf,google/gemma-4-26b-a4b-it,off,,,Ministero delle Infrastrutture e della Mobilità Sostenibili,Ministero dell'Economia e delle Finanze,assegnazione,B91J21000040001,True,definitivo,,1,singolo,7400,8,,420000000.0,420000000.0,"420.000.000,00",totale,assegnazione,assegnato,FINANZIAMENTO AMMESSO,"art. 1; Allegato 1 / [TABELLA pag.10 n.1], riga 4","PROLUNGAMENTO LINEA METROPOLITANA M4 DA AEROPORTO LINATE A SEGRATE | B91J21000040001 | 420.000.000,00",,alta,,
2022 DI Mims Mef 97 20.04.2022.pdf,google/gemma-4-26b-a4b-it,off,,,Ministero delle Infrastrutture e della Mobilità Sostenibili,Ministero dell'Economia e delle Finanze,assegnazione,B41J21000050006,True,definitivo,,1,singolo,7400,8,,4500000.0,4500000.0,"4.500.000,00",totale,assegnazione,assegnato,FINANZIAMENTO AMMESSO,"art. 1; Allegato 1 / [TABELLA pag.10 n.1], riga 5","NUOVA LINEA METROPOLITANA M6 RAMO SUD (PFTE) | B41J21000050006 | 4.500.000,00",,alta,,
2022 DI Mims Mef 97 20.04.2022.pdf,google/gemma-4-26b-a4b-it,off,,,Ministero delle Infrastrutture e della Mobilità Sostenibili,Ministero dell'Economia e delle Finanze,assegnazione,B41C21000010001,True,definitivo,,1,singolo,7400,8,,5500000.0,5500000.0,"5.500.000,00",totale,assegnazione,assegnato,FINANZIAMENTO AMMESSO,"art. 1; Allegato 1 / [TABELLA pag.10 n.1], riga 6","PROLUNGAMENTO M3 SAN DONATO M. – ASTA PAULLESE (PFTE) | B41C21000010001 | 5.500.000,00",,alta,,
2022 DI Mims Mef 97 20.04.2022.pdf,google/gemma-4-26b-a4b-it,off,,,Ministero delle Infrastrutture e della Mobilità Sostenibili,Ministero dell'Economia e delle Finanze,assegnazione,F41B22000740009,True,definitivo,F41B22000740009,1,singolo,7400,8,,631373163.0,631373163.0,"631.373.163,00",totale,assegnazione,assegnato,FINANZIAMENTO AMMESSO,"art. 1; Allegato 1 / [TABELLA pag.10 n.1], riga 7","NUOVO COLLEGAMENTO IN SEDE PROPRIA TRA LA STAZIONE AV DI AFRAGOLA E LA RETE METROPOLITANA DI NAPOLI. LOTTO 1°_STRALCIO I | F41B22000740009 | 631.373.163,00",,media,"Il testo indica F41B22000740009 come CUP MASTER per il lotto 1, ma lo usa come identificativo del record.",
2022 DI Mims Mef 97 20.04.2022.pdf,google/gemma-4-26b-a4b-it,off,,,Ministero delle Infrastrutture e della Mobilità Sostenibili,Ministero dell'Economia e delle Finanze,assegnazione,F41B22000830009,True,definitivo,,1,singolo,7400,8,,163500824.0,163500824.0,"163.500.824,00",totale,assegnazione,assegnato,FINANZIAMENTO AMMESSO,"art. 1; Allegato 1 / [TABELLA pag.10 n.1], riga 8","NUOVO COLLEGAMENTO IN SEDE PROPRIA TRA LA STAZIONE AV DI AFRAGOLA E LA RETE METROPOLITANA DI NAPOLI. LOTTO 1°_STRALCIO II | F41B22000830009 | 163.500.824,00",,alta,,
2022 DI Mims Mef 97 20.04.2022.pdf,google/gemma-4-26b-a4b-it,off,,,Ministero delle Infrastrutture e della Mobilità Sostenibili,Ministero dell'Economia e delle Finanze,assegnazione,E51I04000010007,True,definitivo,,1,singolo,7400,8,,610000000.0,610000000.0,"610.000.000,00",totale,assegnazione,assegnato,FINANZIAMENTO AMMESSO,"art. 1; Allegato 1 / [TABELLA pag.10 n.1], riga 9","LINEA C DELLA METROPOLITANA DI ROMA - SUB-TRATTA FUNZIONALE DA STAZIONE VENEZIA A STAZIONE FORI IMPERIALI | E51I04000010007 | 610.000.000,00",,alta,,
2022 DI Mims Mef 97 20.04.2022.pdf,google/gemma-4-26b-a4b-it,off,,,Ministero delle Infrastrutture e della Mobilità Sostenibili,Ministero dell'Economia e delle Finanze,assegnazione,E51I04000010007,True,definitivo,,1,singolo,7400,8,,990000000.0,990000000.0,"990.000.000,00",totale,assegnazione,assegnato,FINANZIAMENTO AMMESSO,"art. 1; Allegato 1 / [TABELLA pag.10 n.1], riga 10","LINEA C DELLA METROPOLITANA DI ROMA - TRATTA T2 - LOTTO COSTRUTTIVO | E51I04000010007 | 990.000.000,00",,alta,,
2022 DI Mims Mef 97 20.04.2022.pdf,google/gemma-4-26b-a4b-it,off,,,Ministero delle Infrastrutture e della Mobilità Sostenibili,Ministero dell'Economia e delle Finanze,assegnazione,C71F20000020005,True,definitivo,,1,singolo,7400,8,,1000000000.0,1000000000.0,"1.000.000.000,00",totale,assegnazione,assegnato,FINANZIAMENTO AMMESSO,"art. 1; Allegato 1 / [TABELLA pag.10 n.1], riga 11","METROPOLITANA AUTOMATICA DI TORINO – LINEA 2 – TRATTA “POLITECNICO – REBAUDENGO” | C71F20000020005 | 1.000.000.000,00",,alta,,
2022 DI Mims Mef 97 20.04.2022.pdf,google/gemma-4-26b-a4b-it,off,,,Ministero delle Infrastrutture e della Mobilità Sostenibili,Ministero dell'Economia e delle Finanze,assegnazione,J81B21014060001,True,definitivo,,1,singolo,7400,1,,173183831.97,173183831.97,"173.183.831,97",totale,assegnazione,assegnato,FINANZIAMENTO AMMESSO,"art. 1; Allegato 2 / [TABELLA pag.12 n.1], riga 1","LINEA TRANVIARIA TERMINI - VATICANO - AURELIO | J81B21014060001 | 173.183.831,97",,alta,,
2022 DI Mims Mef 97 20.04.2022.pdf,google/gemma-4-26b-a4b-it,off,,,Ministero delle Infrastrutture e della Mobilità Sostenibili,Ministero dell'Economia e delle Finanze,assegnazione,J84E21005150001,True,definitivo,,1,singolo,7400,1,,11284217.84,11284217.84,"11.284.217,84",totale,assegnazione,assegnato,FINANZIAMENTO AMMESSO,"art. 1; Allegato 2 / [TABELLA pag.12 n.1], riga 2","DEPOSITO DI CENTOCELLE EST | J84E21005150001 | 11.284.217,84",,alta,,
2022 DI Mims Mef 97 20.04.2022.pdf,google/gemma-4-26b-a4b-it,off,,,Ministero delle Infrastrutture e della Mobilità Sostenibili,Ministero dell'Economia e delle Finanze,assegnazione,E31J19000030001,True,definitivo,,1,singolo,7400,1,,26500000.0,26500000.0,"26.500.000,00",totale,assegnazione,assegnato,FINANZIAMENTO AMMESSO,"art. 1; Allegato 2 / [TABELLA pag.12 n.1], riga 3","SISTEMA DI TRASPORTO RAPIDO DI MASSA PER IL COLLEGAMENTO TRA LA STAZIONE FERROVIARIA DI PIACENZA ED IL NUOVO POLO OSPEDALIERO | E31J19000030001 | 26.500.000,00",,alta,,
2022 DI Mims Mef 97 20.04.2022.pdf,google/gemma-4-26b-a4b-it,off,,,Ministero delle Infrastrutture e della Mobilità Sostenibili,Ministero dell'Economia e delle Finanze,assegnazione,F44I19000530001,True,definitivo,,1,singolo,7400,1,,122200000.0,122200000.0,"122.200.000,00",totale,assegnazione,assegnato,FINANZIAMENTO AMMESSO,"art. 1; Allegato 2 / [TABELLA pag.12 n.1], riga 4","AMPLIAMENTO DEL DEPOSITO GALLARATESE DEI TRENI DELLA LINEA METROPOLITANA 1 | F44I19000530001 | 122.200.000,00",,alta,,
2022 DI Mims Mef 97 20.04.2022.pdf,google/gemma-4-26b-a4b-it,off,,,Ministero delle Infrastrutture e della Mobilità Sostenibili,Ministero dell'Economia e delle Finanze,assegnazione,C11J22000000001,True,definitivo,,1,singolo,7400,1,,221721410.41,221721410.41,"221.721.410,41",totale,assegnazione,ammesso,FINANZIAMENTO AMMESSO,"art. 2; Allegato 3 / [TABELLA pag.13 n.1], riga 1","PROLUNGAMENTO LINEA TRANVIARIA 12 ALL'ALLIANZ STADIUM E RECUPERO TRINCEA FERROVIA TORINO-CERES | C11J22000000001 | 221.721.410,41",,alta,,
2022 DI Mims Mef 97 20.04.2022.pdf,google/gemma-4-26b-a4b-it,off,,,Ministero delle Infrastrutture e della Mobilità Sostenibili,Ministero dell'Economia e delle Finanze,assegnazione,F47C19000370001,True,definitivo,,4,aggregato,7400,1,,20900000.02,5225000.005,"20.900.000,02",totale,assegnazione,ammesso,FINANZIAMENTO AMMESSO,"art. 2; Allegato 3 / [TABELLA pag.13 n.1], riga 2","METROPOLITANA LINEA M3: INTERVENTI DI ADEGUAMENTO ANTINCENDIO | F47C19000370001 F47D17000140005 F47C19000380001 F47C19000390001 | 20.900.000,02",,alta,,"Importo aggregato per più CUP; l'atto riporta anche il cofinanziamento di 4.100.000,00"
2022 DI Mims Mef 97 20.04.2022.pdf,google/gemma-4-26b-a4b-it,off,,,Ministero delle Infrastrutture e della Mobilità Sostenibili,Ministero dell'Economia e delle Finanze,assegnazione,F47D17000140005,True,definitivo,,4,aggregato,7400,1,,20900000.02,5225000.005,"20.900.000,02",totale,assegnazione,ammesso,FINANZIAMENTO AMMESSO,"art. 2; Allegato 3 / [TABELLA pag.13 n.1], riga 2","METROPOLITANA LINEA M3: INTERVENTI DI ADEGUAMENTO ANTINCENDIO | F47C19000370001 F47D17000140005 F47C19000380001 F47C19000390001 | 20.900.000,02",,alta,,"Importo aggregato per più CUP; l'atto riporta anche il cofinanziamento di 4.100.000,00"
2022 DI Mims Mef 97 20.04.2022.pdf,google/gemma-4-26b-a4b-it,off,,,Ministero delle Infrastrutture e della Mobilità Sostenibili,Ministero dell'Economia e delle Finanze,assegnazione,F47C19000380001,True,definitivo,,4,aggregato,7400,1,,20900000.02,5225000.005,"20.900.000,02",totale,assegnazione,ammesso,FINANZIAMENTO AMMESSO,"art. 2; Allegato 3 / [TABELLA pag.13 n.1], riga 2","METROPOLITANA LINEA M3: INTERVENTI DI ADEGUAMENTO ANTINCENDIO | F47C19000370001 F47D17000140005 F47C19000380001 F47C19000390001 | 20.900.000,02",,alta,,"Importo aggregato per più CUP; l'atto riporta anche il cofinanziamento di 4.100.000,00"
2022 DI Mims Mef 97 20.04.2022.pdf,google/gemma-4-26b-a4b-it,off,,,Ministero delle Infrastrutture e della Mobilità Sostenibili,Ministero dell'Economia e delle Finanze,assegnazione,F47C19000390001,True,definitivo,,4,aggregato,7400,1,,20900000.02,5225000.005,"20.900.000,02",totale,assegnazione,ammesso,FINANZIAMENTO AMMESSO,"art. 2; Allegato 3 / [TABELLA pag.13 n.1], riga 2","METROPOLITANA LINEA M3: INTERVENTI DI ADEGUAMENTO ANTINCENDIO | F47C19000370001 F47D17000140005 F47C19000380001 F47C19000390001 | 20.900.000,02",,alta,,"Importo aggregato per più CUP; l'atto riporta anche il cofinanziamento di 4.100.000,00"
2022 DI Mims Mef 97 20.04.2022.pdf,google/gemma-4-26b-a4b-it,off,,,Ministero delle Infrastrutture e della Mobilità Sostenibili,Ministero dell'Economia e delle Finanze,assegnazione,F47C19000350001,True,definitivo,,2,aggregato,7400,1,,45000000.07,22500000.035,"45.000.000,07",totale,assegnazione,ammesso,FINANZIAMENTO AMMESSO,"art. 2; Allegato 3 / [TABELLA pag.13 n.1], riga 3","METROPOLITANA LINEE M1 + M2 - INTERVENTI DI ADEGUAMENTO ANTINCENDI | F47C19000350001 O F47C19000360001 | 45.000.000,07",,alta,,
2022 DI Mims Mef 97 20.04.2022.pdf,google/gemma-4-26b-a4b-it,off,,,Ministero delle Infrastrutture e della Mobilità Sostenibili,Ministero dell'Economia e delle Finanze,assegnazione,F47C19000360001,True,definitivo,,2,aggregato,7400,1,,45000000.07,22500000.035,"45.000.000,07",totale,assegnazione,ammesso,FINANZIAMENTO AMMESSO,"art. 2; Allegato 3 / [TABELLA pag.13 n.1], riga 3","METROPOLITANA LINEE M1 + M2 - INTERVENTI DI ADEGUAMENTO ANTINCENDI | F47C19000350001 O F47C19000360001 | 45.000.000,07",,alta,,
2022 DI Mims Mef 97 20.04.2022.pdf,google/gemma-4-26b-a4b-it,off,,,Ministero delle Infrastrutture e della Mobilità Sostenibili,Ministero dell'Economia e delle Finanze,assegnazione,B34J18000220001,True,definitivo,,2,aggregato,7400,1,,74516124.63,37258062.315,"74.516.124,63",totale,assegnazione,ammesso,FINANZIAMENTO AMMESSO,"art. 2; Allegato 3 / [TABELLA pag.13 n.1], riga 4","LINEA METROPOLITANA: PROLUNGAMENTO A RIVAROLO E COMPLETAMENTO DELLA STAZIONE DI MARTINEZ / TERRALBA | B34J18000220001 B34J18000230001 | 74.516.124,63",,alta,,
2022 DI Mims Mef 97 20.04.2022.pdf,google/gemma-4-26b-a4b-it,off,,,Ministero delle Infrastrutture e della Mobilità Sostenibili,Ministero dell'Economia e delle Finanze,assegnazione,B34J18000230001,True,definitivo,,2,aggregato,7400,1,,74516124.63,37258062.315,"74.516.124,63",totale,assegnazione,ammesso,FINANZIAMENTO AMMESSO,"art. 2; Allegato 3 / [TABELLA pag.13 n.1], riga 4","LINEA METROPOLITANA: PROLUNGAMENTO A RIVAROLO E COMPLETAMENTO DELLA STAZIONE DI MARTINEZ / TERRALBA | B34J18000220001 B34J18000230001 | 74.516.124,63",,alta,,
2023 DM MIT 342-2023.pdf,google/gemma-4-26b-a4b-it,off,,,Ministero delle infrastrutture e dei trasporti,,rettifica,,False,,,0,singolo,,,2033,217585.0,217585.0,217.585 euro,quota,assegnazione,assegnato,,"art. 1, comma 1","assegna, per l’annualità 2033, alla Regione Veneto risorse pari a 217.585 euro, in luogo dei precedenti 117.585 euro",,alta,,Rettifica errore materiale; valore originario 117.585 euro
2023 DM MIT 342-2023.pdf,google/gemma-4-26b-a4b-it,off,,,Ministero delle infrastrutture e dei trasporti,,rettifica,,False,,,0,singolo,,,2033,690994.0,690994.0,690.994 euro,quota,assegnazione,assegnato,,"art. 1, comma 1","alla Regione Emilia Romagna risorse pari a 690.994 euro, in luogo dei precedenti 790.994 euro",,alta,,Rettifica errore materiale; valore originario 790.994 euro
2023 DM MIT 342-2023.pdf,google/gemma-4-26b-a4b-it,off,,,Ministero delle infrastrutture e dei trasporti,,rettifica,,False,,,0,singolo,,,2032,125266.0,125266.0,125.266 euro,quota,assegnazione,assegnato,,"art. 1, comma 1","per l’annualità 2032, assegna alla Regione Veneto risorse pari a 125.266 euro, in luogo dei precedenti 125.268 euro",,alta,,Rettifica errore materiale; valore originario 125.268 euro
2023 DM MIT 342-2023.pdf,google/gemma-4-26b-a4b-it,off,,,Ministero delle infrastrutture e dei trasporti,,rettifica,,False,,,0,singolo,,,2032,842682.0,842682.0,842.682 euro,quota,assegnazione,assegnato,,"art. 1, comma 1","alla Regione Emilia Romagna risorse pari a 842.682 euro, in luogo dei precedenti 842.680 euro",,alta,,Rettifica errore materiale; valore originario 842.680 euro
2023 DM MIT 342-2023.pdf,google/gemma-4-26b-a4b-it,off,,,Ministero delle infrastrutture e dei trasporti,,rettifica,H49J21005480003,True,definitivo,,1,singolo,,,,47725.0,47725.0,"47.725,00",totale,assegnazione,assegnato,IMPORTO FINANZIAMENTO TOTALE,"Allegato 1 / [TABELLA pag.4 n.1], riga 5","INTERSCAMBIO SANT'OLCESE TULLO | ... | 47.725,00 | 0,0 | 47.725,00 | | H49J21005480003",,alta,,
2023 DM MIT 342-2023.pdf,google/gemma-4-26b-a4b-it,off,,,Ministero delle infrastrutture e dei trasporti,,rettifica,C75B23000000001,True,definitivo,,1,singolo,,,,10543255.0,10543255.0,"10.543.255,00",totale,assegnazione,assegnato,IMPORTO FINANZIAMENTO TOTALE,"Allegato 1 / [TABELLA pag.4 n.1], riga 7","tratta MESSA IN SICUREZZA DELLE ... | 10.543.255,00 | 0,00 | 10.543.255,00 | | C75B23000000001",,alta,,
2023 DM MIT 342-2023.pdf,google/gemma-4-26b-a4b-it,off,,,Ministero delle infrastrutture e dei trasporti,,rettifica,C71G22000090001,True,definitivo,,1,singolo,,,,7000000.0,7000000.0,"7.000.000,00",totale,assegnazione,assegnato,IMPORTO FINANZIAMENTO TOTALE,"Allegato 1 / [TABELLA pag.4 n.1], riga 9","POTENZIAMENTO DEL SISTEMA DI ALIMENTAZIONE ELETTRICA ... | 7.000.000,00 | 0,00 | 7.000.000,00 | | C71G22000090001",,alta,,
2023 DM MIT 342-2023.pdf,google/gemma-4-26b-a4b-it,off,,,Ministero delle infrastrutture e dei trasporti,,rettifica,E51B21002250001,True,definitivo,,1,singolo,,,,20000000.0,20000000.0,"20.000.000,00",totale,assegnazione,assegnato,IMPORTO FINANZIAMENTO TOTALE,"Allegato 1 / [TABELLA pag.4 n.1], riga 11","Milano -Varese - Laveno. | ... | 20.000.000,00 | 0,00 | 20.000.000,00 | | E51B21002250001",,alta,,
2023 DM MIT 342-2023.pdf,google/gemma-4-26b-a4b-it,off,,,Ministero delle infrastrutture e dei trasporti,,rettifica,B41E04000210001,True,definitivo,,1,singolo,,,,50000000.0,50000000.0,"50.000.000,00",totale,assegnazione,assegnato,IMPORTO FINANZIAMENTO SUD,"Allegato 1 / [TABELLA pag.5 n.1], riga 3","LINEA 1 DELLA METROPOLITANA DI NAPOLI ... | 50.000.000,00 | 50.000.000,00 | 100.000.000,00 | 50.000.000,00 | B41E04000210001",,alta,,
2023 DM MIT 342-2023.pdf,google/gemma-4-26b-a4b-it,off,,,Ministero delle infrastrutture e dei trasporti,,rettifica,F61B21003640009,True,definitivo,,1,singolo,,,,30000000.0,30000000.0,"30.000, 00",totale,assegnazione,assegnato,IMPORTO FINANZIAMENTO SUD,"Allegato 1 / [TABELLA pag.5 n.1], riga 5","NUOVO TELECOMANDO LINEE FLEGREE ... | 30.000. 00 | 0,0 | 30.000. 00 | 30.000. 00 | F61B2100 3640009",,media,formattazione numerica nel testo con spazi,
2023 DM MIT 342-2023.pdf,google/gemma-4-26b-a4b-it,off,,,Ministero delle infrastrutture e dei trasporti,,rettifica,G31G22000250001,True,definitivo,,1,singolo,,,,2800000.0,2800000.0,"2.800.000,00",totale,assegnazione,assegnato,IMPORTO FINANZIAMENTO SUD,"Allegato 1 / [TABELLA pag.5 n.1], riga 7","RIFACIMENTO PENSILINA BARI CENTRALE | ... | 2.800.000,00 | 0,00 | 2.800.000,00 | 2.800.000,00 | G31G22000250001",,alta,,
2023 DM MIT 342-2023.pdf,google/gemma-4-26b-a4b-it,off,,,Ministero delle infrastrutture e dei trasporti,,rettifica,D69D15002090001,True,definitivo,,2,aggregato,,,,50000000.0,25000000.0,"50.000.000,00",totale,assegnazione,assegnato,IMPORTO FINANZIAMENTO SUD,"Allegato 1 / [TABELLA pag.5 n.1], riga 9","Lotto 4 - D69D15002090001 Lotto 3 - D49D15001920001 | 50.000.000,00",,alta,,importo unico per due lotti/CUP
2023 DM MIT 342-2023.pdf,google/gemma-4-26b-a4b-it,off,,,Ministero delle infrastrutture e dei trasporti,,rettifica,D49D15001920001,True,definitivo,,2,aggregato,,,,50000000.0,25000000.0,"50.000.000,00",totale,assegnazione,assegnato,IMPORTO FINANZIAMENTO SUD,"Allegato 1 / [TABELLA pag.5 n.1], riga 9","Lotto 4 - D69D15002090001 Lotto 3 - D49D15001920001 | 50.000.000,00",,alta,,importo unico per due lotti/CUP
2023 DM MIT 342-2023.pdf,google/gemma-4-26b-a4b-it,off,,,Ministero delle infrastrutture e dei trasporti,,rettifica,G71B18000620005,True,definitivo,,1,singolo,,,,2500000.0,2500000.0,"2.500.000,00",totale,assegnazione,assegnato,IMPORTO FINANZIAMENTO SUD,"Allegato 1 / [TABELLA pag.5 n.1], riga 11","REALIZZAZIONE PARCHEGGIO DI INTERSCAMBIO ... | 2.500.000,00 | 0,00 | 2.500.000,00 | 2.500.000,00 | G71B18000620005",,alta,,
2023 DM MIT 342-2023.pdf,google/gemma-4-26b-a4b-it,off,,,Ministero delle infrastrutture e dei trasporti,,rettifica,F81B21005610001,True,definitivo,,1,singolo,,,,18000000.0,18000000.0,"18.000.000,00",totale,assegnazione,assegnato,IMPORTO FINANZIAMENTO SUD,"Allegato 1 / [TABELLA pag.6 n.1], riga 3","VARIANTE DI TRACCCIATO ... | 26.400.000,00 | 0,00 | 26.400.000,00 | | F81B21005610001 | ... | 18.000.000,00",,alta,,"L'importo di finanziamento è 18.000.000,00 nonostante l'ammasso sia 26.400.000,00"
2023 DM MIT 342-2023.pdf,google/gemma-4-26b-a4b-it,off,,,Ministero delle infrastrutture e dei trasporti,,rettifica,I61B21003020001,True,definitivo,,1,singolo,,,,9900000.0,9900000.0,"9.900.000,00",totale,assegnazione,assegnato,IMPORTO FINANZIAMENTO SUD,"Allegato 1 / [TABELLA pag.6 n.1], riga 5","LAVORI DI REALIZZAZIONE DELLA NUOVA STAZIONE ... | 9.900.000,00 | 0,00 | 9.900.000,00 | | I61B21003020001",,alta,,
2023 DM MIT 342-2023.pdf,google/gemma-4-26b-a4b-it,off,,,Ministero delle infrastrutture e dei trasporti,,rettifica,I67H21003160001,True,definitivo,,1,singolo,,,,2900000.0,2900000.0,"2.900.00,00",totale,assegnazione,assegnato,IMPORTO FINANZIAMENTO SUD,"Allegato 1 / [TABELLA pag.6 n.1], riga 7","LAVORI DI MIGLIORAMENTO DELLA FRUIBILITÀ ... | 2.900.00,00 | 0,0 | 2.900.00,00 | | I67H21003160001",,media,formattazione numerica con virgola/punto errata nel testo,
2023 DM MIT 342-2023.pdf,google/gemma-4-26b-a4b-it,off,,,Ministero delle infrastrutture e dei trasporti,,rettifica,B89J21020930005,True,definitivo,,1,singolo,,,,1200000.0,1200000.0,"1.200.000,00",totale,assegnazione,assegnato,IMPORTO FINANZIAMENTO SUD,"Allegato 1 / [TABELLA pag.6 n.1], riga 9","CREAZIONE POSTO INTERMEDIO ... | 1.200.000,00 | 0,00 | 1.200.000,00 | | B89J21020930005",,alta,,
2023 DM MIT 342-2023.pdf,google/gemma-4-26b-a4b-it,off,,,Ministero delle infrastrutture e dei trasporti,,rettifica,B81B21003770005,True,definitivo,,1,singolo,,,,1750000.0,1750000.0,"1.750.000,00",totale,assegnazione,assegnato,IMPORTO FINANZIAMENTO SUD,"Allegato 1 / [TABELLA pag.6 n.1], riga 11","TESATURA DEI CONDUTTORI IN RAME ... | 1.750.000,00 | € 0 | 1.750.000 | | B81B21003770005",,alta,,
2025 DD MIT 141-2025.pdf,google/gemma-4-26b-a4b-it,off,m_inf.A153A1B.REGISTRO DECRETI.R.0000141,2025-04-18,Ministero delle infrastrutture e dei trasporti,,attuazione,E51I04000010007,True,definitivo,,1,singolo,7426,1,,145000000.0,145000000.0,"€ 145.000.000,00",totale,assegnazione,assegnato,"risorse stanziate dall’articolo 3, comma 1, del decreto-legge 12 settembre 2014, n. 133",art. 2,"per € 145.000.000,00 nelle risorse stanziate dall’articolo 3, comma 1, del decreto-legge 12 settembre 2014, n. 133... impegnate con decreto dirigenziale n. 454 del 22 dicembre 2022 sul pertinente capitolo di bilancio n. 7426-piano di gestione 1",decreto dirigenziale n. 454 del 22 dicembre 2022,alta,,
2025 DD MIT 141-2025.pdf,google/gemma-4-26b-a4b-it,off,m_inf.A153A1B.REGISTRO DECRETI.R.0000141,2025-04-18,Ministero delle infrastrutture e dei trasporti,,attuazione,E51I04000010007,True,definitivo,,1,singolo,7400,1,,113733987.0,113733987.0,"€ 113.733.987,00",totale,assegnazione,assegnato,"risorse stanziate dall’articolo 1, comma 393, della legge 30 dicembre 2021, n. 234",art. 2,"per € 113.733.987,00 dal 2022 al 2035: piano gestionale 1",decreto direttoriale n. 419 del 6 dicembre 2022,alta,,
2025 DD MIT 141-2025.pdf,google/gemma-4-26b-a4b-it,off,m_inf.A153A1B.REGISTRO DECRETI.R.0000141,2025-04-18,Ministero delle infrastrutture e dei trasporti,,attuazione,E51I04000010007,True,definitivo,,1,singolo,7400,8,,1486266013.0,1486266013.0,"€ 1.486.266.013,00",totale,assegnazione,assegnato,"risorse stanziate dall’articolo 1, comma 393, della legge 30 dicembre 2021, n. 234",art. 2,"piano gestionale 8: € 1.486.266.013,00 dal 2022 al 2036",decreto direttoriale n. 419 del 6 dicembre 2022,alta,,
2025 DD MIT 141-2025.pdf,google/gemma-4-26b-a4b-it,off,m_inf.A153A1B.REGISTRO DECRETI.R.0000141,2025-04-18,Ministero delle infrastrutture e dei trasporti,,attuazione,E51I04000010007,True,definitivo,,1,singolo,7419,2,,2200000000.0,2200000000.0,"€ 2.200.000.000,00",totale,assegnazione,assegnato,"risorse stanziate dall’articolo 1, comma 478, dalla legge 29 dicembre 2022, n. 197",art. 2,"per € 2.200.000.000,00 nelle risorse stanziate dall’articolo 1, comma 478, dalla legge 29 dicembre 2022, n. 197, sul capitolo n. 7419-piano gestionale 2",,alta,,
2025 DD MIT 141-2025.pdf,google/gemma-4-26b-a4b-it,off,m_inf.A153A1B.REGISTRO DECRETI.R.0000141,2025-04-18,Ministero delle infrastrutture e dei trasporti,,attuazione,E51I04000010007,True,definitivo,,1,singolo,7419,2,,2125000000.0,2125000000.0,"€ 2.125.000.000,00",totale,impegno,impegnato,,art. 3,"È autorizzato l’impegno delle risorse... per la somma complessiva di € 2.125.000.000,00",,alta,,"L'importo totale dell'art. 3 è inferiore al totale dell'art. 2 per lo stesso capitolo/PG, probabilmente per una diversa destinazione o vincolo di impegno."
2025 DD MIT 141-2025.pdf,google/gemma-4-26b-a4b-it,off,m_inf.A153A1B.REGISTRO DECRETI.R.0000141,2025-04-18,Ministero delle infrastrutture e dei trasporti,,attuazione,E51I04000010007,True,definitivo,,1,singolo,7419,2,2024,50000000.0,50000000.0,"€ 50.000.000,00",quota,impegno,impegnato,,"art. 3; [TABELLA pag.5 n.1], riga 1","2024 | € 50.000.000,00",,alta,,in conto residui
2025 DD MIT 141-2025.pdf,google/gemma-4-26b-a4b-it,off,m_inf.A153A1B.REGISTRO DECRETI.R.0000141,2025-04-18,Ministero delle infrastrutture e dei trasporti,,attuazione,E51I04000010007,True,definitivo,,1,singolo,7419,2,2025,25000000.0,25000000.0,"€ 25.000.000,00",quota,impegno,impegnato,,"art. 3; [TABELLA pag.5 n.1], riga 2","2025 | € 25.000.000,00",,alta,,
2025 DD MIT 141-2025.pdf,google/gemma-4-26b-a4b-it,off,m_inf.A153A1B.REGISTRO DECRETI.R.0000141,2025-04-18,Ministero delle infrastrutture e dei trasporti,,attuazione,E51I04000010007,True,definitivo,,1,singolo,7419,2,2026,50000000.0,50000000.0,"€ 50.000.000,00",quota,impegno,impegnato,,"art. 3; [TABELLA pag.5 n.1], riga 3","2026 | € 50.000.000,00",,alta,,
2025 DD MIT 141-2025.pdf,google/gemma-4-26b-a4b-it,off,m_inf.A153A1B.REGISTRO DECRETI.R.0000141,2025-04-18,Ministero delle infrastrutture e dei trasporti,,attuazione,E51I04000010007,True,definitivo,,1,singolo,7419,2,2027,350000000.0,350000000.0,"€ 350.000.000,00",quota,impegno,impegnato,,"art. 3; [TABELLA pag.5 n.1], riga 4","2027 | € 350.000.000,00",,alta,,
2025 DD MIT 141-2025.pdf,google/gemma-4-26b-a4b-it,off,m_inf.A153A1B.REGISTRO DECRETI.R.0000141,2025-04-18,Ministero delle infrastrutture e dei trasporti,,attuazione,E51I04000010007,True,definitivo,,1,singolo,7419,2,2028,200000000.0,200000000.0,"€ 200.000.000,00",quota,impegno,impegnato,,"art. 3; [TABELLA pag.5 n.1], riga 5","2028 | € 200.000.000,00",,alta,,
2025 DD MIT 141-2025.pdf,google/gemma-4-26b-a4b-it,off,m_inf.A153A1B.REGISTRO DECRETI.R.0000141,2025-04-18,Ministero delle infrastrutture e dei trasporti,,attuazione,E51I04000010007,True,definitivo,,1,singolo,7419,2,2029,150000000.0,150000000.0,"€ 150.000.000,00",quota,impegno,impegnato,,"art. 3; [TABELLA pag.5 n.1], riga 6","2029 | € 150.000.000,00",,alta,,
2025 DD MIT 141-2025.pdf,google/gemma-4-26b-a4b-it,off,m_inf.A153A1B.REGISTRO DECRETI.R.0000141,2025-04-18,Ministero delle infrastrutture e dei trasporti,,attuazione,E51I04000010007,True,definitivo,,1,singolo,7419,2,2030,450000000.0,450000000.0,"€ 450.000.000,00",quota,impegno,impegnato,,"art. 3; [TABELLA pag.5 n.1], riga 7","2030 | € 450.000.000,00",,alta,,
2025 DD MIT 141-2025.pdf,google/gemma-4-26b-a4b-it,off,m_inf.A153A1B.REGISTRO DECRETI.R.0000141,2025-04-18,Ministero delle infrastrutture e dei trasporti,,attuazione,E51I04000010007,True,definitivo,,1,singolo,7419,2,2031,450000000.0,450000000.0,"€ 450.000.000,00",quota,impegno,impegnato,,"art. 3; [TABELLA pag.5 n.1], riga 8","2031 | € 450.000.000,00",,alta,,
2025 DD MIT 141-2025.pdf,google/gemma-4-26b-a4b-it,off,m_inf.A153A1B.REGISTRO DECRETI.R.0000141,2025-04-18,Ministero delle infrastrutture e dei trasporti,,attuazione,E51I04000010007,True,definitivo,,1,singolo,7419,2,2032,400000000.0,400000000.0,"€ 400.000.000,00",quota,impegno,impegnato,,"art. 3; [TABELLA pag.5 n.1], riga 9","2032 | € 400.000.000,00",,alta,,
2025 DD MIT 141-2025.pdf,google/gemma-4-26b-a4b-it,off,m_inf.A153A1B.REGISTRO DECRETI.R.0000141,2025-04-18,Ministero delle infrastrutture e dei trasporti,,attuazione,E51I04000010007,True,definitivo,,1,singolo,7416,1,,75000000.0,75000000.0,"€ 75.000.000,00",totale,impegno,impegnato,,art. 4,"È autorizzato l’impegno delle risorse... sul capitolo 7416 piano gestonale 1... per la somma complessiva di € 75.000.000,00",,alta,,
2025 DD MIT 141-2025.pdf,google/gemma-4-26b-a4b-it,off,m_inf.A153A1B.REGISTRO DECRETI.R.0000141,2025-04-18,Ministero delle infrastrutture e dei trasporti,,attuazione,E51I04000010007,True,definitivo,,1,singolo,7416,1,2027,50000000.0,50000000.0,"50.000.000,00",quota,impegno,impegnato,,art. 4,"di cui 50.000.000,00 per l’esercizio finanziario 2027",,alta,,
2025 DD MIT 141-2025.pdf,google/gemma-4-26b-a4b-it,off,m_inf.A153A1B.REGISTRO DECRETI.R.0000141,2025-04-18,Ministero delle infrastrutture e dei trasporti,,attuazione,E51I04000010007,True,definitivo,,1,singolo,7416,1,2028,25000000.0,25000000.0,"€ 25.000.000,00",quota,impegno,impegnato,,art. 4,"e € 25.000.000,00 per l’esercizio finanziario 2028",,alta,,
2022 DD MIT 454-2022.pdf,google/gemma-4-31b-it,off,,,Ministero delle infrastrutture e dei trasporti,,impegno,E51I04000010007,True,definitivo,,1,singolo,7426,1,2021,14000000.0,14000000.0,"€ 14.000.000,00",totale,assegnazione,impegnato,,Articolo 1,"a favore di Roma Capitale per l’intervento ""Tratta Colosseo - Piazza Venezia della Linea C della metropolitana di Roma” CUP E51I04000010007, l’impegno di € 14.000.000,00",DM MIT di concerto con MEF n. 498 del 14 novembre 2014,alta,,"Impegno in conto residui di lettera F, esercizio di provenienza 2021"
2022 DD MIT 454-2022.pdf,google/gemma-4-31b-it,off,,,Ministero delle infrastrutture e dei trasporti,,impegno,E51I04000010007,True,definitivo,,1,singolo,7426,1,,131000000.0,131000000.0,"€ 131.000.000,00",totale,assegnazione,impegnato,Importo,"Articolo 2; [TABELLA pag.3 n.1], riga Totale","per l’importo complessivo di € 131.000.000,00 a favore di Roma Capitale, per l’intervento ""Tratta Colosseo - Piazza Venezia della Linea C della metropolitana di Roma” CUP E51I04000010007",DM MIT di concerto con MEF n. 498 del 14 novembre 2014,alta,,
2022 DD MIT 454-2022.pdf,google/gemma-4-31b-it,off,,,Ministero delle infrastrutture e dei trasporti,,impegno,E51I04000010007,True,definitivo,,1,singolo,7426,1,2022,35000000.0,35000000.0,"35.000.000,00 €",quota,assegnazione,impegnato,Importo,"[TABELLA pag.3 n.1], riga 1","2022 | 35.000.000,00 €",DM MIT di concerto con MEF n. 498 del 14 novembre 2014,alta,,
2022 DD MIT 454-2022.pdf,google/gemma-4-31b-it,off,,,Ministero delle infrastrutture e dei trasporti,,impegno,E51I04000010007,True,definitivo,,1,singolo,7426,1,2023,40000000.0,40000000.0,"40.000.000,00 €",quota,assegnazione,impegnato,Importo,"[TABELLA pag.3 n.1], riga 2","2023 | 40.000.000,00 €",DM MIT di concerto con MEF n. 498 del 14 novembre 2014,alta,,
2022 DD MIT 454-2022.pdf,google/gemma-4-31b-it,off,,,Ministero delle infrastrutture e dei trasporti,,impegno,E51I04000010007,True,definitivo,,1,singolo,7426,1,2024,33500000.0,33500000.0,"33.500.000,00 €",quota,assegnazione,impegnato,Importo,"[TABELLA pag.3 n.1], riga 3","2024 | 33.500.000,00 €",DM MIT di concerto con MEF n. 498 del 14 novembre 2014,alta,,
2022 DD MIT 454-2022.pdf,google/gemma-4-31b-it,off,,,Ministero delle infrastrutture e dei trasporti,,impegno,E51I04000010007,True,definitivo,,1,singolo,7426,1,2025,22500000.0,22500000.0,"22.500.000,00 €",quota,assegnazione,impegnato,Importo,"[TABELLA pag.3 n.1], riga 4","2025 | 22.500.000,00 €",DM MIT di concerto con MEF n. 498 del 14 novembre 2014,alta,,
2022 DI Mims Mef 97 20.04.2022.pdf,google/gemma-4-31b-it,off,,,Ministero delle Infrastrutture e della Mobilità Sostenibili,Ministero dell'Economia e delle Finanze,assegnazione,B39J22001360001,True,definitivo,,1,singolo,7400,8,,398000000.0,398000000.0,"398.000.000,00",totale,assegnazione,assegnato,FINANZIAMENTO AMMESSO,"art. 1, lett. a); Allegato 1 / [TABELLA pag.10 n.1], riga 1","SKYMETRO VAL BISAGNO GENOVA | B39J22001360001 | 398.000.000,00",,alta,,
2022 DI Mims Mef 97 20.04.2022.pdf,google/gemma-4-31b-it,off,,,Ministero delle Infrastrutture e della Mobilità Sostenibili,Ministero dell'Economia e delle Finanze,assegnazione,B31F20000030005,True,definitivo,,1,singolo,7400,8,,20860000.0,20860000.0,"20.860.000,00",totale,assegnazione,assegnato,FINANZIAMENTO AMMESSO,"art. 1, lett. a); Allegato 1 / [TABELLA pag.10 n.1], riga 2","PROLUNGAMENTO METROPOLITANA DI GENOVA DA BRIN A CANEPARI... | B31F20000030005 | 20.860.000,00",,alta,,
2022 DI Mims Mef 97 20.04.2022.pdf,google/gemma-4-31b-it,off,,,Ministero delle Infrastrutture e della Mobilità Sostenibili,Ministero dell'Economia e delle Finanze,assegnazione,B44D20000040001,True,definitivo,,1,singolo,7400,8,,180000000.0,180000000.0,"180.000.000,00",totale,assegnazione,assegnato,FINANZIAMENTO AMMESSO,"art. 1, lett. a); Allegato 1 / [TABELLA pag.10 n.1], riga 3","LINEA METROPOLITANA M1 PROLUNGAMENTO QUARTIERE BAGGIO – OLMI - VALSESIA | B44D20000040001 | 180.000.000,00",,alta,,
2022 DI Mims Mef 97 20.04.2022.pdf,google/gemma-4-31b-it,off,,,Ministero delle Infrastrutture e della Mobilità Sostenibili,Ministero dell'Economia e delle Finanze,assegnazione,B91J21000040001,True,definitivo,,1,singolo,7400,8,,420000000.0,420000000.0,"420.000.000,00",totale,assegnazione,assegnato,FINANZIAMENTO AMMESSO,"art. 1, lett. a); Allegato 1 / [TABELLA pag.10 n.1], riga 4","PROLUNGAMENTO LINEA METROPOLITANA M4 DA AEROPORTO LINATE A SEGRATE | B91J21000040001 | 420.000.000,00",,alta,,
2022 DI Mims Mef 97 20.04.2022.pdf,google/gemma-4-31b-it,off,,,Ministero delle Infrastrutture e della Mobilità Sostenibili,Ministero dell'Economia e delle Finanze,assegnazione,B41J21000050006,True,definitivo,,1,singolo,7400,8,,4500000.0,4500000.0,"4.500.000,00",totale,assegnazione,assegnato,FINANZIAMENTO AMMESSO,"art. 1, lett. a); Allegato 1 / [TABELLA pag.10 n.1], riga 5","NUOVA LINEA METROPOLITANA M6 RAMO SUD (PFTE) | B41J21000050006 | 4.500.000,00",,alta,,
2022 DI Mims Mef 97 20.04.2022.pdf,google/gemma-4-31b-it,off,,,Ministero delle Infrastrutture e della Mobilità Sostenibili,Ministero dell'Economia e delle Finanze,assegnazione,B41C21000010001,True,definitivo,,1,singolo,7400,8,,5500000.0,5500000.0,"5.500.000,00",totale,assegnazione,assegnato,FINANZIAMENTO AMMESSO,"art. 1, lett. a); Allegato 1 / [TABELLA pag.10 n.1], riga 6","PROLUNGAMENTO M3 SAN DONATO M. – ASTA PAULLESE (PFTE) | B41C21000010001 | 5.500.000,00",,alta,,
2022 DI Mims Mef 97 20.04.2022.pdf,google/gemma-4-31b-it,off,,,Ministero delle Infrastrutture e della Mobilità Sostenibili,Ministero dell'Economia e delle Finanze,assegnazione,F41B22000830009,True,definitivo,F41B22000740009,1,singolo,7400,8,,163500824.0,163500824.0,"163.500.824,00",totale,assegnazione,assegnato,FINANZIAMENTO AMMESSO,"art. 1, lett. a); Allegato 1 / [TABELLA pag.10 n.1], riga 8","NUOVO COLLEGAMENTO... LOTTO 1°_STRALCIO II | F41B22000830009 | 163.500.824,00",,alta,,Il CUP F41B22000740009 è indicato come CUP MASTER nella riga precedente
2022 DI Mims Mef 97 20.04.2022.pdf,google/gemma-4-31b-it,off,,,Ministero delle Infrastrutture e della Mobilità Sostenibili,Ministero dell'Economia e delle Finanze,assegnazione,F41B22000740009,True,definitivo,,1,singolo,7400,8,,631373163.0,631373163.0,"631.373.163,00",totale,assegnazione,assegnato,FINANZIAMENTO AMMESSO,"art. 1, lett. a); Allegato 1 / [TABELLA pag.10 n.1], riga 7","NUOVO COLLEGAMENTO... LOTTO 1°_STRALCIO I | F41B22000740009 (CUP MASTER) | 631.373.163,00",,alta,,
2022 DI Mims Mef 97 20.04.2022.pdf,google/gemma-4-31b-it,off,,,Ministero delle Infrastrutture e della Mobilità Sostenibili,Ministero dell'Economia e delle Finanze,assegnazione,E51I04000010007,True,definitivo,,1,singolo,7400,8,,610000000.0,610000000.0,"610.000.000,00",totale,assegnazione,assegnato,FINANZIAMENTO AMMESSO,"art. 1, lett. a); Allegato 1 / [TABELLA pag.10 n.1], riga 9","LINEA C... SUB-TRATTA FUNZIONALE DA STAZIONE VENEZIA A STAZIONE FORI IMPERIALI | E51I04000010007 | 610.000.000,00",,alta,,
2022 DI Mims Mef 97 20.04.2022.pdf,google/gemma-4-31b-it,off,,,Ministero delle Infrastrutture e della Mobilità Sostenibili,Ministero dell'Economia e delle Finanze,assegnazione,E51I04000010007,True,definitivo,,1,singolo,7400,8,,990000000.0,990000000.0,"990.000.000,00",totale,assegnazione,assegnato,FINANZIAMENTO AMMESSO,"art. 1, lett. a); Allegato 1 / [TABELLA pag.10 n.1], riga 10","LINEA C... TRATTA T2 - LOTTO COSTRUTTIVO | E51I04000010007 | 990.000.000,00",,alta,,
2022 DI Mims Mef 97 20.04.2022.pdf,google/gemma-4-31b-it,off,,,Ministero delle Infrastrutture e della Mobilità Sostenibili,Ministero dell'Economia e delle Finanze,assegnazione,C71F20000020005,True,definitivo,,1,singolo,7400,8,,1000000000.0,1000000000.0,"1.000.000.000,00",totale,assegnazione,assegnato,FINANZIAMENTO AMMESSO,"art. 1, lett. a); Allegato 1 / [TABELLA pag.10 n.1], riga 11","METROPOLITANA AUTOMATICA DI TORINO – LINEA 2... | C71F20000020005 | 1.000.000.000,00",,alta,,
2022 DI Mims Mef 97 20.04.2022.pdf,google/gemma-4-31b-it,off,,,Ministero delle Infrastrutture e della Mobilità Sostenibili,Ministero dell'Economia e delle Finanze,assegnazione,J81B21014060001,True,definitivo,,1,singolo,7400,1,,173183831.97,173183831.97,"173.183.831,97",totale,assegnazione,assegnato,FINANZIAMENTO AMMESSO,"art. 1, lett. b); Allegato 2 / [TABELLA pag.12 n.1], riga 1","LINEA TRANVIARIA TERMINI - VATICANO - AURELIO | J81B21014060001 | 173.183.831,97",,alta,,
2022 DI Mims Mef 97 20.04.2022.pdf,google/gemma-4-31b-it,off,,,Ministero delle Infrastrutture e della Mobilità Sostenibili,Ministero dell'Economia e delle Finanze,assegnazione,J84E21005150001,True,definitivo,,1,singolo,7400,1,,11284217.84,11284217.84,"11.284.217,84",totale,assegnazione,assegnato,FINANZIAMENTO AMMESSO,"art. 1, lett. b); Allegato 2 / [TABELLA pag.12 n.1], riga 2","DEPOSITO DI CENTOCELLE EST | J84E21005150001 | 11.284.217,84",,alta,,
2022 DI Mims Mef 97 20.04.2022.pdf,google/gemma-4-31b-it,off,,,Ministero delle Infrastrutture e della Mobilità Sostenibili,Ministero dell'Economia e delle Finanze,assegnazione,E31J19000030001,True,definitivo,,1,singolo,7400,1,,26500000.0,26500000.0,"26.500.000,00",totale,assegnazione,assegnato,FINANZIAMENTO AMMESSO,"art. 1, lett. b); Allegato 2 / [TABELLA pag.12 n.1], riga 3","SISTEMA DI TRASPORTO RAPIDO DI MASSA... PIACENZA | E31J19000030001 | 26.500.000,00",,alta,,
2022 DI Mims Mef 97 20.04.2022.pdf,google/gemma-4-31b-it,off,,,Ministero delle Infrastrutture e della Mobilità Sostenibili,Ministero dell'Economia e delle Finanze,assegnazione,F44I19000530001,True,definitivo,,1,singolo,7400,1,,122200000.0,122200000.0,"122.200.000,00",totale,assegnazione,assegnato,FINANZIAMENTO AMMESSO,"art. 1, lett. b); Allegato 2 / [TABELLA pag.12 n.1], riga 4","AMPLIAMENTO DEL DEPOSITO GALLARATESE... | F44I19000530001 | 122.200.000,00",,alta,,
2022 DI Mims Mef 97 20.04.2022.pdf,google/gemma-4-31b-it,off,,,Ministero delle Infrastrutture e della Mobilità Sostenibili,Ministero dell'Economia e delle Finanze,assegnazione,C11J22000000001,True,definitivo,,1,singolo,,,,221721410.41,221721410.41,"221.721.410,41",totale,assegnazione,ammesso,FINANZIAMENTO AMMESSO,"art. 2; Allegato 3 / [TABELLA pag.13 n.1], riga 1","PROLUNGAMENTO LINEA TRANVIARIA 12... | C11J22000000001 | 221.721.410,41",,alta,,Intervento inserito in graduatoria degli ammissibili non ancora finanziati
2022 DI Mims Mef 97 20.04.2022.pdf,google/gemma-4-31b-it,off,,,Ministero delle Infrastrutture e della Mobilità Sostenibili,Ministero dell'Economia e delle Finanze,assegnazione,F47C19000370001,True,definitivo,,4,aggregato,,,,20900000.02,5225000.005,"20.900.000,02",totale,assegnazione,ammesso,FINANZIAMENTO AMMESSO,"art. 2; Allegato 3 / [TABELLA pag.13 n.1], riga 2","METROPOLITANA LINEA M3... | F47C19000370001 F47D17000140005 F47C19000380001 F47C19000390001 | 20.900.000,02",,alta,,Intervento inserito in graduatoria degli ammissibili non ancora finanziati
2022 DI Mims Mef 97 20.04.2022.pdf,google/gemma-4-31b-it,off,,,Ministero delle Infrastrutture e della Mobilità Sostenibili,Ministero dell'Economia e delle Finanze,assegnazione,F47D17000140005,True,definitivo,,4,aggregato,,,,20900000.02,5225000.005,"20.900.000,02",totale,assegnazione,ammesso,FINANZIAMENTO AMMESSO,"art. 2; Allegato 3 / [TABELLA pag.13 n.1], riga 2","METROPOLITANA LINEA M3... | F47C19000370001 F47D17000140005 F47C19000380001 F47C19000390001 | 20.900.000,02",,alta,,Intervento inserito in graduatoria degli ammissibili non ancora finanziati
2022 DI Mims Mef 97 20.04.2022.pdf,google/gemma-4-31b-it,off,,,Ministero delle Infrastrutture e della Mobilità Sostenibili,Ministero dell'Economia e delle Finanze,assegnazione,F47C19000380001,True,definitivo,,4,aggregato,,,,20900000.02,5225000.005,"20.900.000,02",totale,assegnazione,ammesso,FINANZIAMENTO AMMESSO,"art. 2; Allegato 3 / [TABELLA pag.13 n.1], riga 2","METROPOLITANA LINEA M3... | F47C19000370001 F47D17000140005 F47C19000380001 F47C19000390001 | 20.900.000,02",,alta,,Intervento inserito in graduatoria degli ammissibili non ancora finanziati
2022 DI Mims Mef 97 20.04.2022.pdf,google/gemma-4-31b-it,off,,,Ministero delle Infrastrutture e della Mobilità Sostenibili,Ministero dell'Economia e delle Finanze,assegnazione,F47C19000390001,True,definitivo,,4,aggregato,,,,20900000.02,5225000.005,"20.900.000,02",totale,assegnazione,ammesso,FINANZIAMENTO AMMESSO,"art. 2; Allegato 3 / [TABELLA pag.13 n.1], riga 2","METROPOLITANA LINEA M3... | F47C19000370001 F47D17000140005 F47C19000380001 F47C19000390001 | 20.900.000,02",,alta,,Intervento inserito in graduatoria degli ammissibili non ancora finanziati
2022 DI Mims Mef 97 20.04.2022.pdf,google/gemma-4-31b-it,off,,,Ministero delle Infrastrutture e della Mobilità Sostenibili,Ministero dell'Economia e delle Finanze,assegnazione,F47C19000350001,True,definitivo,,2,aggregato,,,,45000000.07,22500000.035,"45.000.000,07",totale,assegnazione,ammesso,FINANZIAMENTO AMMESSO,"art. 2; Allegato 3 / [TABELLA pag.13 n.1], riga 3","METROPOLITANA LINEE M1 + M2... | F47C19000350001 O F47C19000360001 | 45.000.000,07",,alta,,Intervento inserito in graduatoria degli ammissibili non ancora finanziati
2022 DI Mims Mef 97 20.04.2022.pdf,google/gemma-4-31b-it,off,,,Ministero delle Infrastrutture e della Mobilità Sostenibili,Ministero dell'Economia e delle Finanze,assegnazione,F47C19000360001,True,definitivo,,2,aggregato,,,,45000000.07,22500000.035,"45.000.000,07",totale,assegnazione,ammesso,FINANZIAMENTO AMMESSO,"art. 2; Allegato 3 / [TABELLA pag.13 n.1], riga 3","METROPOLITANA LINEE M1 + M2... | F47C19000350001 O F47C19000360001 | 45.000.000,07",,alta,,Intervento inserito in graduatoria degli ammissibili non ancora finanziati
2022 DI Mims Mef 97 20.04.2022.pdf,google/gemma-4-31b-it,off,,,Ministero delle Infrastrutture e della Mobilità Sostenibili,Ministero dell'Economia e delle Finanze,assegnazione,B34J18000220001,True,definitivo,,2,aggregato,,,,74516124.63,37258062.315,"74.516.124,63",totale,assegnazione,ammesso,FINANZIAMENTO AMMESSO,"art. 2; Allegato 3 / [TABELLA pag.13 n.1], riga 4","LINEA METROPOLITANA: PROLUNGAMENTO A RIVAROLO... | B34J18000220001 B34J18000230001 | 74.516.124,63",,alta,,Intervento inserito in graduatoria degli ammissibili non ancora finanziati
2022 DI Mims Mef 97 20.04.2022.pdf,google/gemma-4-31b-it,off,,,Ministero delle Infrastrutture e della Mobilità Sostenibili,Ministero dell'Economia e delle Finanze,assegnazione,B34J18000230001,True,definitivo,,2,aggregato,,,,74516124.63,37258062.315,"74.516.124,63",totale,assegnazione,ammesso,FINANZIAMENTO AMMESSO,"art. 2; Allegato 3 / [TABELLA pag.13 n.1], riga 4","LINEA METROPOLITANA: PROLUNGAMENTO A RIVAROLO... | B34J18000220001 B34J18000230001 | 74.516.124,63",,alta,,Intervento inserito in graduatoria degli ammissibili non ancora finanziati
2023 DM MIT 342-2023.pdf,google/gemma-4-31b-it,off,,,Ministero delle infrastrutture e dei trasporti,,rettifica,,False,,,0,singolo,,,2033,217585.0,217585.0,217.585 euro,quota,assegnazione,assegnato,,"art. 1, comma 1","assegna, per l’annualità 2033, alla Regione Veneto risorse pari a 217.585 euro, in luogo dei precedenti 117.585 euro","decreto del Ministro delle infrastrutture e della mobilità sostenibili del 23 settembre 2021, n. 364",alta,,Rettifica di errore materiale; valore precedente 117.585 euro
2023 DM MIT 342-2023.pdf,google/gemma-4-31b-it,off,,,Ministero delle infrastrutture e dei trasporti,,rettifica,,False,,,0,singolo,,,2033,690994.0,690994.0,690.994 euro,quota,assegnazione,assegnato,,"art. 1, comma 1","alla Regione Emilia Romagna risorse pari a 690.994 euro, in luogo dei precedenti 790.994 euro","decreto del Ministro delle infrastrutture e della mobilità sostenibili del 23 settembre 2021, n. 364",alta,,Rettifica di errore materiale; valore precedente 790.994 euro
2023 DM MIT 342-2023.pdf,google/gemma-4-31b-it,off,,,Ministero delle infrastrutture e dei trasporti,,rettifica,,False,,,0,singolo,,,2032,125266.0,125266.0,125.266 euro,quota,assegnazione,assegnato,,"art. 1, comma 1","per l’annualità 2032, assegna alla Regione Veneto risorse pari a 125.266 euro, in luogo dei precedenti 125.268 euro","decreto del Ministro delle infrastrutture e della mobilità sostenibili del 23 settembre 2021, n. 364",alta,,Rettifica di errore materiale; valore precedente 125.268 euro
2023 DM MIT 342-2023.pdf,google/gemma-4-31b-it,off,,,Ministero delle infrastrutture e dei trasporti,,rettifica,,False,,,0,singolo,,,2032,842682.0,842682.0,842.682 euro,quota,assegnazione,assegnato,,"art. 1, comma 1","alla Regione Emilia Romagna risorse pari a 842.682 euro, in luogo dei precedenti 842.680 euro","decreto del Ministro delle infrastrutture e della mobilità sostenibili del 23 settembre 2021, n. 364",alta,,Rettifica di errore materiale; valore precedente 842.680 euro
2023 DM MIT 342-2023.pdf,google/gemma-4-31b-it,off,,,Ministero delle infrastrutture e dei trasporti,,rettifica,H49J21005480003,True,definitivo,,1,singolo,,,,47725.0,47725.0,"47.725,00",totale,assegnazione,assegnato,IMPORTO TOTALE,"Allegato 1 / [TABELLA pag.4 n.1], riga 5","INTERSCAMBIO SANT'OLCESE TULLO | 47.725,00 | 0,00 | 47.725,00 | H49J21005480003",,alta,,
2023 DM MIT 342-2023.pdf,google/gemma-4-31b-it,off,,,Ministero delle infrastrutture e dei trasporti,,rettifica,C75B23000000001,True,definitivo,,1,singolo,,,,10543255.0,10543255.0,"10.543.255,00",totale,assegnazione,assegnato,IMPORTO TOTALE,"Allegato 1 / [TABELLA pag.4 n.1], riga 11","RINNOVO, POTENZIAMENTO E MESSA IN SICUREZZA... | 10.543.255,00 | 0,00 | 10.543.255,00 | C75B23000000001",,alta,,
2023 DM MIT 342-2023.pdf,google/gemma-4-31b-it,off,,,Ministero delle infrastrutture e dei trasporti,,rettifica,C71G22000090001,True,definitivo,,1,singolo,,,,7000000.0,7000000.0,"7.000.000,00",totale,assegnazione,assegnato,IMPORTO TOTALE,"Allegato 1 / [TABELLA pag.4 n.1], riga 13","POTENZIAMENTO DEL SISTEMA DI ALIMENTAZIONE ELETTRICA... | 7.000.000,00 | 0,00 | 7.000.000,00 | C71G22000090001",,alta,,
2023 DM MIT 342-2023.pdf,google/gemma-4-31b-it,off,,,Ministero delle infrastrutture e dei trasporti,,rettifica,E51B21002250001,True,definitivo,,1,singolo,,,,20000000.0,20000000.0,"20.000.000,00",totale,assegnazione,assegnato,IMPORTO TOTALE,"Allegato 1 / [TABELLA pag.4 n.1], riga 15","INTERVENTI SULLA RETE PER STABILIZZAZIONE ORARIO... | 20.000.000,00 | 0,00 | 20.000.000,00 | E51B21002250001",,alta,,
2023 DM MIT 342-2023.pdf,google/gemma-4-31b-it,off,,,Ministero delle infrastrutture e dei trasporti,,rettifica,B41E04000210001,True,definitivo,,1,singolo,,,,50000000.0,50000000.0,"50.000.000,00",totale,assegnazione,assegnato,IMPORTO AMMASSO A FINANZIAMENTO SUD,"Allegato 1 / [TABELLA pag.5 n.1], riga 1","LINEA 1 DELLA METROPOLITANA DI NAPOLI... | 50.000.000,00 | 50.000.000,00 | 100.000.000,00 | B41E04000210001",,alta,,
2023 DM MIT 342-2023.pdf,google/gemma-4-31b-it,off,,,Ministero delle infrastrutture e dei trasporti,,rettifica,F61B21003640009,True,definitivo,,1,singolo,,,,30000000.0,30000000.0,"30.000.000,00",totale,assegnazione,assegnato,IMPORTO AMMASSO A FINANZIAMENTO SUD,"Allegato 1 / [TABELLA pag.5 n.1], riga 2","NUOVO TELECOMANDO LINEE FLEGREE... | 30.000.000,00 | 0,00 | 30.000.000,00 | F61B21003640009",,alta,,
2023 DM MIT 342-2023.pdf,google/gemma-4-31b-it,off,,,Ministero delle infrastrutture e dei trasporti,,rettifica,D69D15002090001,True,definitivo,,2,aggregato,,,,50000000.0,25000000.0,"50.000.000,00",totale,assegnazione,assegnato,IMPORTO AMMASSO A FINANZIAMENTO SUD,"Allegato 1 / [TABELLA pag.5 n.1], riga 3","COMPLETAMENTO ELETTRIFICAZIONE DORSALE SALENTO... | 50.000.000,00 | 130.000.000,00 | 180.000.000,00 | Lotto 4 - D69D15002090001 Lotto 3 - D49D15001920001",,alta,,Importo aggregato per Lotto 3 e Lotto 4
2023 DM MIT 342-2023.pdf,google/gemma-4-31b-it,off,,,Ministero delle infrastrutture e dei trasporti,,rettifica,D49D15001920001,True,definitivo,,2,aggregato,,,,50000000.0,25000000.0,"50.000.000,00",totale,assegnazione,assegnato,IMPORTO AMMASSO A FINANZIAMENTO SUD,"Allegato 1 / [TABELLA pag.5 n.1], riga 3","COMPLETAMENTO ELETTRIFICAZIONE DORSALE SALENTO... | 50.000.000,00 | 130.000.000,00 | 180.000.000,00 | Lotto 4 - D69D15002090001 Lotto 3 - D49D15001920001",,alta,,Importo aggregato per Lotto 3 e Lotto 4
2023 DM MIT 342-2023.pdf,google/gemma-4-31b-it,off,,,Ministero delle infrastrutture e dei trasporti,,rettifica,G31G22000250001,True,definitivo,,1,singolo,,,,2800000.0,2800000.0,"2.800.000,00",totale,assegnazione,assegnato,IMPORTO AMMASSO A FINANZIAMENTO SUD,"Allegato 1 / [TABELLA pag.5 n.1], riga 4","RIFACIMENTO PENSILINA BARI CENTRALE | 2.800.000,00 | 0,00 | 2.800.000,00 | G31G22000250001",,alta,,
2023 DM MIT 342-2023.pdf,google/gemma-4-31b-it,off,,,Ministero delle infrastrutture e dei trasporti,,rettifica,G71B18000620005,True,definitivo,,1,singolo,,,,2500000.0,2500000.0,"2.500.000,00",totale,assegnazione,assegnato,IMPORTO AMMASSO A FINANZIAMENTO SUD,"Allegato 1 / [TABELLA pag.5 n.1], riga 5","REALIZZAZIONE PARCHEGGIO DI INTERSCAMBIO NELLA STAZIONE DI ALTAMURA | 2.500.000,00 | 0,00 | 2.500.000,00 | G71B18000620005",,alta,,
2023 DM MIT 342-2023.pdf,google/gemma-4-31b-it,off,,,Ministero delle infrastrutture e dei trasporti,,rettifica,F81B21005610001,True,definitivo,,1,singolo,,,,18000000.0,18000000.0,"18.000.000,00",totale,assegnazione,assegnato,IMPORTO AMMASSO A FINANZIAMENTO SUD,"Allegato 1 / [TABELLA pag.6 n.1], riga 1","VARIANTE DI TRACCCIATO, REALIZZAZIONE PUNTI DI INCROCIO... | 26.400.000,00 | 0,00 | 26.400.000,00 | F81B21005610001",,alta,,"L'importo assegnato è 18.000.000,00 nonostante l'importo totale intervento sia 26.400.000,00"
2023 DM MIT 342-2023.pdf,google/gemma-4-31b-it,off,,,Ministero delle infrastrutture e dei trasporti,,rettifica,I61B21003020001,True,definitivo,,1,singolo,,,,9900000.0,9900000.0,"9.900.000,00",totale,assegnazione,assegnato,IMPORTO AMMASSO A FINANZIAMENTO SUD,"Allegato 1 / [TABELLA pag.6 n.1], riga 2","LAVORI DI REALIZZAZIONE DELLA NUOVA STAZIONE FERROVIARIA DI CATANZARO CITTÀ | 9.900.000,00 | 0,00 | 9.900.000,00 | I61B21003020001",,alta,,
2023 DM MIT 342-2023.pdf,google/gemma-4-31b-it,off,,,Ministero delle infrastrutture e dei trasporti,,rettifica,I67H21003160001,True,definitivo,,1,singolo,,,,2900000.0,2900000.0,"2.900.000,00",totale,assegnazione,assegnato,IMPORTO AMMASSO A FINANZIAMENTO SUD,"Allegato 1 / [TABELLA pag.6 n.1], riga 3","LAVORI DI MIGLIORAMENTO DELLA FRUIBILITÀ DELLA LINEA FERROVIARIA... | 2.900.000,00 | 0,00 | 2.900.000,00 | I67H21003160001",,alta,,
2023 DM MIT 342-2023.pdf,google/gemma-4-31b-it,off,,,Ministero delle infrastrutture e dei trasporti,,rettifica,B89J21020930005,True,definitivo,,1,singolo,,,,1200000.0,1200000.0,"1.200.000,00",totale,assegnazione,assegnato,IMPORTO AMMASSO A FINANZIAMENTO SUD,"Allegato 1 / [TABELLA pag.6 n.1], riga 4","CREAZIONE POSTO INTERMEDIO LOCALITÀ GUASTACCONCIA... | 1.200.000,00 | 0,00 | 1.200.000,00 | B89J21020930005",,alta,,
2023 DM MIT 342-2023.pdf,google/gemma-4-31b-it,off,,,Ministero delle infrastrutture e dei trasporti,,rettifica,I57H21005640001,True,definitivo,,1,singolo,,,,1512215.0,1512215.0,"1.512.215,00",totale,assegnazione,assegnato,SICUREZZA INTERVENTO,"Allegato 2 / [TABELLA pag.7 n.1], riga 1","INTERVENTI STRUTTURALI DI RISANAMENTO PONTE IN C.A. AL KM. 14+355 | 1.512.215,00 | 0,00 | 1.512.215,00 | I57H21005640001",,alta,,
2023 DM MIT 342-2023.pdf,google/gemma-4-31b-it,off,,,Ministero delle infrastrutture e dei trasporti,,rettifica,B19F22013250002,True,definitivo,,1,singolo,,,,2400000.0,2400000.0,"2.400.000,00",totale,assegnazione,assegnato,SICUREZZA INTERVENTO,"Allegato 2 / [TABELLA pag.7 n.1], riga 2","ELIMINAZIONE DI DUE PASSAGGI A LIVELLO... | 2.400.000,00 | 0,00 | 2.400.000,00 | B19F22013250002",,alta,,
2023 DM MIT 342-2023.pdf,google/gemma-4-31b-it,off,,,Ministero delle infrastrutture e dei trasporti,,rettifica,C89F23000050001,True,definitivo,,1,singolo,,,,600000.0,600000.0,"600.000,00",totale,assegnazione,assegnato,SICUREZZA INTERVENTO,"Allegato 2 / [TABELLA pag.7 n.1], riga 3","SOPPRESSIONE DI QUATTRO PASSAGGI A LIVELLO PRIVATI... | 600.000,00 | 0,00 | 600.000,00 | C89F23000050001",,alta,,
2023 DM MIT 342-2023.pdf,google/gemma-4-31b-it,off,,,Ministero delle infrastrutture e dei trasporti,,rettifica,C99F23000050001,True,definitivo,,1,singolo,,,,5400000.0,5400000.0,"5.400.000,00",totale,assegnazione,assegnato,SICUREZZA INTERVENTO,"Allegato 2 / [TABELLA pag.8 n.1], riga 1","LINEA BOLOGNA- PORTOMAGGIORE , SOPPRESSIONE PL... | 5.400.000,00 | 1.600.000,00 | 7.000.000,00 | C99F23000050001",,alta,,
2023 DM MIT 342-2023.pdf,google/gemma-4-31b-it,off,,,Ministero delle infrastrutture e dei trasporti,,rettifica,C56G21008730001,True,definitivo,,1,singolo,,,,3400000.0,3400000.0,"3.400.000,00",totale,assegnazione,assegnato,SICUREZZA INTERVENTO,"Allegato 2 / [TABELLA pag.8 n.1], riga 2","UPGRADE CON IMPIANTI MULTI‐ ACC | 3.400.000,00 | 0,00 | 3.400.000,00 | C56G21008730001",,alta,,
2023 DM MIT 342-2023.pdf,google/gemma-4-31b-it,off,,,Ministero delle infrastrutture e dei trasporti,,rettifica,F41B21005790009,True,definitivo,,1,singolo,,,,30000000.0,30000000.0,30.000.000,totale,assegnazione,assegnato,SICUREZZA INTERVENTO,"Allegato 2 / [TABELLA pag.9 n.1], riga 1","SOPPRESSIONE PP.LL. RETE FERROVIARIA EAV | 30.000.000 | € 0,00 | 30.000.000 | F41B21005790009",,alta,,
2023 DM MIT 342-2023.pdf,google/gemma-4-31b-it,off,,,Ministero delle infrastrutture e dei trasporti,,rettifica,G31G22000260001,True,definitivo,,1,singolo,,,,7200000.0,7200000.0,7.200.000,totale,assegnazione,assegnato,SICUREZZA INTERVENTO,"Allegato 2 / [TABELLA pag.9 n.1], riga 2",RADDOPPIO TRA BARI SANT’ANDREA E MODUGNO | 7.200.000 | 0 | 7.200.000 | G31G22000260001,,alta,,
2023 DM MIT 342-2023.pdf,google/gemma-4-31b-it,off,,,Ministero delle infrastrutture e dei trasporti,,rettifica,G11B18000550005,True,definitivo,,1,singolo,,,,3500000.0,3500000.0,3.500.000,totale,assegnazione,assegnato,SICUREZZA INTERVENTO,"Allegato 2 / [TABELLA pag.10 n.1], riga 1",Lotto “RIPRISTINO DELLA FUNZIONALITÀ DELL'OFFICINA FERROVIARIA A SERRA RIFUSA” | 3.500.000 | 0 | 3.500.000 | G11B18000550005,,alta,,
2023 DM MIT 342-2023.pdf,google/gemma-4-31b-it,off,,,Ministero delle infrastrutture e dei trasporti,,rettifica,B81B21003770005,True,definitivo,,1,singolo,,,,1750000.0,1750000.0,1.750.000,totale,assegnazione,assegnato,SICUREZZA INTERVENTO,"Allegato 2 / [TABELLA pag.10 n.1], riga 2","TESATURA DEI CONDUTTORI IN RAME... | 1.750.000,00 € | 0 | 1.750.000 | B81B21003770005",,alta,,
2025 DD MIT 141-2025.pdf,google/gemma-4-31b-it,off,R.0000141,2025-04-18,Ministero delle infrastrutture e dei trasporti,,attuazione,E51I04000010007,True,definitivo,,1,singolo,,,,3945000000.0,3945000000.0,"€ 3.945.000.000,00",totale,assegnazione,assegnato,,art. 2,"Il contributo oggetto della Convenzione di cui all’art. 1 è pari a complessivi € 3.945.000.000,00",,alta,,Importo complessivo della Convenzione approvata all'art. 1
2025 DD MIT 141-2025.pdf,google/gemma-4-31b-it,off,R.0000141,2025-04-18,Ministero delle infrastrutture e dei trasporti,,attuazione,E51I04000010007,True,definitivo,,1,singolo,7426,1,,145000000.0,145000000.0,"€ 145.000.000,00",quota,assegnazione,impegnato,,art. 2,"per € 145.000.000,00 ... impegnate con decreto dirigenziale n. 454del 22 dicembre 2022 sul pertinente capitolo di bilancio n. 7426-piano di gestione 1",decreto dirigenziale n. 454 del 22 dicembre 2022,alta,,
2025 DD MIT 141-2025.pdf,google/gemma-4-31b-it,off,R.0000141,2025-04-18,Ministero delle infrastrutture e dei trasporti,,attuazione,E51I04000010007,True,definitivo,,1,singolo,7400,1,,113733987.0,113733987.0,"€ 113.733.987,00",quota,assegnazione,impegnato,,art. 2,"capitolo di bilancio n. 7400 (piano gestionale1: € 113.733.987,00dal 2022 al 2035",decreto direttoriale n. 419 del 6 dicembre 2022,alta,,
2025 DD MIT 141-2025.pdf,google/gemma-4-31b-it,off,R.0000141,2025-04-18,Ministero delle infrastrutture e dei trasporti,,attuazione,E51I04000010007,True,definitivo,,1,singolo,7400,8,,1486266013.0,1486266013.0,"€ 1.486.266.013,00",quota,assegnazione,impegnato,,art. 2,"piano gestionale 8:€ 1.486.266.013,00dal 2022 al 2036",decreto direttoriale n. 419 del 6 dicembre 2022,alta,,
2025 DD MIT 141-2025.pdf,google/gemma-4-31b-it,off,R.0000141,2025-04-18,Ministero delle infrastrutture e dei trasporti,,attuazione,E51I04000010007,True,definitivo,,1,singolo,7419,2,,2200000000.0,2200000000.0,"€ 2.200.000.000,00",totale,assegnazione,assegnato,,art. 2,"per € 2.200.000.000,00nelle risorsestanziate dall’articolo 1, comma 478, dalla legge 29 dicembre 2022, n.197, sul capitolo n. 7419-piano gestionale 2",,alta,,
2025 DD MIT 141-2025.pdf,google/gemma-4-31b-it,off,R.0000141,2025-04-18,Ministero delle infrastrutture e dei trasporti,,attuazione,E51I04000010007,True,definitivo,,1,singolo,7419,2,,2125000000.0,2125000000.0,"€ 2.125.000.000,00",totale,impegno,impegnato,,art. 3,"È autorizzato l’impegnodelle risorse ... sul capitolo 7419, piano gestionale 2 ... per la somma complessiva di € 2.125.000.000,00",,alta,,
2025 DD MIT 141-2025.pdf,google/gemma-4-31b-it,off,R.0000141,2025-04-18,Ministero delle infrastrutture e dei trasporti,,attuazione,E51I04000010007,True,definitivo,,1,singolo,7419,2,2024,50000000.0,50000000.0,"€ 50.000.000,00",quota,impegno,impegnato,,"[TABELLA pag.5 n.1], riga 1","2024 | € 50.000.000,00",,alta,,In conto residui
2025 DD MIT 141-2025.pdf,google/gemma-4-31b-it,off,R.0000141,2025-04-18,Ministero delle infrastrutture e dei trasporti,,attuazione,E51I04000010007,True,definitivo,,1,singolo,7419,2,2025,25000000.0,25000000.0,"€ 25.000.000,00",quota,impegno,impegnato,,"[TABELLA pag.5 n.1], riga 2","2025 | € 25.000.000,00",,alta,,
2025 DD MIT 141-2025.pdf,google/gemma-4-31b-it,off,R.0000141,2025-04-18,Ministero delle infrastrutture e dei trasporti,,attuazione,E51I04000010007,True,definitivo,,1,singolo,7419,2,2026,50000000.0,50000000.0,"€ 50.000.000,00",quota,impegno,impegnato,,"[TABELLA pag.5 n.1], riga 3","2026 | € 50.000.000,00",,alta,,
2025 DD MIT 141-2025.pdf,google/gemma-4-31b-it,off,R.0000141,2025-04-18,Ministero delle infrastrutture e dei trasporti,,attuazione,E51I04000010007,True,definitivo,,1,singolo,7419,2,2027,350000000.0,350000000.0,"€ 350.000.000,00",quota,impegno,impegnato,,"[TABELLA pag.5 n.1], riga 4","2027 | € 350.000.000,00",,alta,,
2025 DD MIT 141-2025.pdf,google/gemma-4-31b-it,off,R.0000141,2025-04-18,Ministero delle infrastrutture e dei trasporti,,attuazione,E51I04000010007,True,definitivo,,1,singolo,7419,2,2028,200000000.0,200000000.0,"€ 200.000.000,00",quota,impegno,impegnato,,"[TABELLA pag.5 n.1], riga 5","2028 | € 200.000.000,00",,alta,,
2025 DD MIT 141-2025.pdf,google/gemma-4-31b-it,off,R.0000141,2025-04-18,Ministero delle infrastrutture e dei trasporti,,attuazione,E51I04000010007,True,definitivo,,1,singolo,7419,2,2029,150000000.0,150000000.0,"€ 150.000.000,00",quota,impegno,impegnato,,"[TABELLA pag.5 n.1], riga 6","2029 | € 150.000.000,00",,alta,,
2025 DD MIT 141-2025.pdf,google/gemma-4-31b-it,off,R.0000141,2025-04-18,Ministero delle infrastrutture e dei trasporti,,attuazione,E51I04000010007,True,definitivo,,1,singolo,7419,2,2030,450000000.0,450000000.0,"€ 450.000.000,00",quota,impegno,impegnato,,"[TABELLA pag.5 n.1], riga 7","2030 | € 450.000.000,00",,alta,,
2025 DD MIT 141-2025.pdf,google/gemma-4-31b-it,off,R.0000141,2025-04-18,Ministero delle infrastrutture e dei trasporti,,attuazione,E51I04000010007,True,definitivo,,1,singolo,7419,2,2031,450000000.0,450000000.0,"€ 450.000.000,00",quota,impegno,impegnato,,"[TABELLA pag.5 n.1], riga 8","2031 | € 450.000.000,00",,alta,,
2025 DD MIT 141-2025.pdf,google/gemma-4-31b-it,off,R.0000141,2025-04-18,Ministero delle infrastrutture e dei trasporti,,attuazione,E51I04000010007,True,definitivo,,1,singolo,7419,2,2032,400000000.0,400000000.0,"€ 400.000.000,00",quota,impegno,impegnato,,"[TABELLA pag.5 n.1], riga 9","2032 | € 400.000.000,00",,alta,,
2025 DD MIT 141-2025.pdf,google/gemma-4-31b-it,off,R.0000141,2025-04-18,Ministero delle infrastrutture e dei trasporti,,attuazione,E51I04000010007,True,definitivo,,1,singolo,7416,1,,75000000.0,75000000.0,"€ 75.000.000,00",totale,impegno,impegnato,,art. 4,"È autorizzato l’impegno ... sul capitolo 7416 piano gestonale 1 ... per la somma complessiva di € 75.000.000,00",,alta,,
2025 DD MIT 141-2025.pdf,google/gemma-4-31b-it,off,R.0000141,2025-04-18,Ministero delle infrastrutture e dei trasporti,,attuazione,E51I04000010007,True,definitivo,,1,singolo,7416,1,2027,50000000.0,50000000.0,"50.000.000,00",quota,impegno,impegnato,,art. 4,"di cui 50.000.000,00 per l’esercizio finanziario 2027",,alta,,
2025 DD MIT 141-2025.pdf,google/gemma-4-31b-it,off,R.0000141,2025-04-18,Ministero delle infrastrutture e dei trasporti,,attuazione,E51I04000010007,True,definitivo,,1,singolo,7416,1,2028,25000000.0,25000000.0,"€ 25.000.000,00",quota,impegno,impegnato,,art. 4,"e € 25.000.000,00 per l’esercizio finanziario 2028",,alta,,
2022 DD MIT 454-2022.pdf,minimax/minimax-m3,off,,,Ministero delle infrastrutture e dei trasporti,,impegno,E51I04000010007,True,definitivo,,1,singolo,7426,1,2021,14000000.0,14000000.0,"14.000.000,00 €",quota,assegnazione,impegnato,,art. 1,"l’impegno di € 14.000.000,00 in conto residui di lettera F, esercizio di provenienza 2021",DM MIT-MEF n. 498 del 14 novembre 2014,alta,,CUP individuato anche nelle premesse (VISTA tabella allegata al DM 498/2014); impegno in conto residui 2021
2022 DD MIT 454-2022.pdf,minimax/minimax-m3,off,,,Ministero delle infrastrutture e dei trasporti,,impegno,E51I04000010007,True,definitivo,,1,singolo,7426,1,,131000000.0,131000000.0,"131.000.000,00 €",totale,assegnazione,impegnato,Totale,"art. 2; [TABELLA pag.3 n.1], riga Totale","per l’importo complessivo di € 131.000.000,00 a favore di Roma Capitale",DM MIT-MEF n. 498 del 14 novembre 2014,alta,,Importo complessivo pluriennale articolato come da tabella allegata all'art. 2
2022 DD MIT 454-2022.pdf,minimax/minimax-m3,off,,,Ministero delle infrastrutture e dei trasporti,,impegno,E51I04000010007,True,definitivo,,1,singolo,7426,1,2022,35000000.0,35000000.0,"35.000.000,00 €",quota,assegnazione,impegnato,Anno/Importo,"art. 2; [TABELLA pag.3 n.1], riga 1","2022 | 35.000.000,00 €",DM MIT-MEF n. 498 del 14 novembre 2014,alta,,
2022 DD MIT 454-2022.pdf,minimax/minimax-m3,off,,,Ministero delle infrastrutture e dei trasporti,,impegno,E51I04000010007,True,definitivo,,1,singolo,7426,1,2023,40000000.0,40000000.0,"40.000.000,00 €",quota,assegnazione,impegnato,Anno/Importo,"art. 2; [TABELLA pag.3 n.1], riga 2","2023 | 40.000.000,00 €",DM MIT-MEF n. 498 del 14 novembre 2014,alta,,
2022 DD MIT 454-2022.pdf,minimax/minimax-m3,off,,,Ministero delle infrastrutture e dei trasporti,,impegno,E51I04000010007,True,definitivo,,1,singolo,7426,1,2024,33500000.0,33500000.0,"33.500.000,00 €",quota,assegnazione,impegnato,Anno/Importo,"art. 2; [TABELLA pag.3 n.1], riga 3","2024 | 33.500.000,00 €",DM MIT-MEF n. 498 del 14 novembre 2014,alta,,
2022 DD MIT 454-2022.pdf,minimax/minimax-m3,off,,,Ministero delle infrastrutture e dei trasporti,,impegno,E51I04000010007,True,definitivo,,1,singolo,7426,1,2025,22500000.0,22500000.0,"22.500.000,00 €",quota,assegnazione,impegnato,Anno/Importo,"art. 2; [TABELLA pag.3 n.1], riga 4","2025 | 22.500.000,00 €",DM MIT-MEF n. 498 del 14 novembre 2014,alta,,
2022 DDG 128 del 02-05-22.pdf,minimax/minimax-m3,off,,,Ministero delle infrastrutture e della mobilità sostenibili,,impegno,H94I19000130004,True,definitivo,,1,singolo,7400,7,,97154124.1,97154124.1,"97.154.124,10",totale,assegnazione,impegnato,Totale,"artt. 1 e 2; Allegato / [TABELLA pag.4 n.1], riga 1","Comune di Padova | H94I19000130004 | 7400/PG 7 | ... | Totale 97.154.124,10",DM MIMS n. 464 del 22 novembre 2021,alta,,"Totale impegnato sul cap. 7400/PG 7 (art. 2 in conto competenza) + quota 2020 (153.197,90) e quota 2021 (306.395,80) in conto residui ex art. 1"
2022 DDG 128 del 02-05-22.pdf,minimax/minimax-m3,off,,,Ministero delle infrastrutture e della mobilità sostenibili,,impegno,H94I19000130004,True,definitivo,,1,singolo,7400,7,2020,153197.9,153197.9,"153.197,90",quota,assegnazione,impegnato,2020,"art. 1; Allegato / [TABELLA pag.4 n.1], riga 1","Comune di Padova | H94I19000130004 | 7400/PG 7 | 153.197,90 | 306.395,80 | ...",DM MIMS n. 464 del 22 novembre 2021,alta,,"Quota in conto residui, esercizio di provenienza 2020 (art. 1)"
2022 DDG 128 del 02-05-22.pdf,minimax/minimax-m3,off,,,Ministero delle infrastrutture e della mobilità sostenibili,,impegno,H94I19000130004,True,definitivo,,1,singolo,7400,7,2021,306395.8,306395.8,"306.395,80",quota,assegnazione,impegnato,2021,"art. 1; Allegato / [TABELLA pag.4 n.1], riga 1","Comune di Padova | H94I19000130004 | 7400/PG 7 | 153.197,90 | 306.395,80 | ...",DM MIMS n. 464 del 22 novembre 2021,alta,,"Quota in conto residui, esercizio di provenienza 2021 (art. 1)"
2022 DDG 128 del 02-05-22.pdf,minimax/minimax-m3,off,,,Ministero delle infrastrutture e della mobilità sostenibili,,impegno,J80J18000000001,True,definitivo,,1,singolo,7400,7,,159466174.12,159466174.12,"159.466.174,12",totale,assegnazione,impegnato,Totale,"artt. 1 e 2; Allegato / [TABELLA pag.4 n.1], riga 2","Roma Capitale | J80J18000000001 | 7400/PG 7 | ... | Totale 159.466.174,12",DM MIMS n. 464 del 22 novembre 2021,alta,,Città metropolitana di Roma Capitale; totale PG 7 (art. 2) + quote 2020-2021 in conto residui (art. 1)
2022 DDG 128 del 02-05-22.pdf,minimax/minimax-m3,off,,,Ministero delle infrastrutture e della mobilità sostenibili,,impegno,J80J18000000001,True,definitivo,,1,singolo,7400,7,2020,251454.92,251454.92,"251.454,92",quota,assegnazione,impegnato,2020,"art. 1; Allegato / [TABELLA pag.4 n.1], riga 2","Roma Capitale | J80J18000000001 | 7400/PG 7 | 251.454,92 | 502.909,85 | ...",DM MIMS n. 464 del 22 novembre 2021,alta,,"Quota in conto residui, esercizio di provenienza 2020 (art. 1)"
2022 DDG 128 del 02-05-22.pdf,minimax/minimax-m3,off,,,Ministero delle infrastrutture e della mobilità sostenibili,,impegno,J80J18000000001,True,definitivo,,1,singolo,7400,7,2021,502909.85,502909.85,"502.909,85",quota,assegnazione,impegnato,2021,"art. 1; Allegato / [TABELLA pag.4 n.1], riga 2","Roma Capitale | J80J18000000001 | 7400/PG 7 | 251.454,92 | 502.909,85 | ...",DM MIMS n. 464 del 22 novembre 2021,alta,,"Quota in conto residui, esercizio di provenienza 2021 (art. 1)"
2022 DDG 128 del 02-05-22.pdf,minimax/minimax-m3,off,,,Ministero delle infrastrutture e della mobilità sostenibili,,impegno,C11B21008720001,True,definitivo,,2,aggregato,7400,7,,44494493.04,22247246.52,"44.494.493,04",totale,assegnazione,impegnato,Totale,"artt. 1 e 2; Allegato / [TABELLA pag.4 n.1], riga 3","Comune di Torino | C11B21008720001 D81E20000410007 | 7400/PG 7 | ... | Totale 44.494.493,04",DM MIMS n. 464 del 22 novembre 2021,alta,,Importo unico associato a due CUP nella stessa cella (R6); l'atto non ripartisce l'importo tra i due CUP. Totale PG 7 (art. 2) + quote 2020-2021 in conto residui (art. 1)
2022 DDG 128 del 02-05-22.pdf,minimax/minimax-m3,off,,,Ministero delle infrastrutture e della mobilità sostenibili,,impegno,D81E20000410007,True,definitivo,,2,aggregato,7400,7,,44494493.04,22247246.52,"44.494.493,04",totale,assegnazione,impegnato,Totale,"artt. 1 e 2; Allegato / [TABELLA pag.4 n.1], riga 3","Comune di Torino | C11B21008720001 D81E20000410007 | 7400/PG 7 | ... | Totale 44.494.493,04",DM MIMS n. 464 del 22 novembre 2021,alta,,Importo unico associato a due CUP nella stessa cella (R6); l'atto non ripartisce l'importo tra i due CUP. Totale PG 7 (art. 2) + quote 2020-2021 in conto residui (art. 1)
2022 DDG 128 del 02-05-22.pdf,minimax/minimax-m3,off,,,Ministero delle infrastrutture e della mobilità sostenibili,,impegno,C11B21008720001,True,definitivo,,2,aggregato,7400,7,2020,70161.34,35080.67,"70.161,34",quota,assegnazione,impegnato,2020,"art. 1; Allegato / [TABELLA pag.4 n.1], riga 3","Comune di Torino | C11B21008720001 D81E20000410007 | 7400/PG 7 | 70.161,34 | 140.322,66 | ...",DM MIMS n. 464 del 22 novembre 2021,alta,,"Quota in conto residui, esercizio di provenienza 2020 (art. 1); importo aggregato per due CUP"
2022 DDG 128 del 02-05-22.pdf,minimax/minimax-m3,off,,,Ministero delle infrastrutture e della mobilità sostenibili,,impegno,D81E20000410007,True,definitivo,,2,aggregato,7400,7,2020,70161.34,35080.67,"70.161,34",quota,assegnazione,impegnato,2020,"art. 1; Allegato / [TABELLA pag.4 n.1], riga 3","Comune di Torino | C11B21008720001 D81E20000410007 | 7400/PG 7 | 70.161,34 | 140.322,66 | ...",DM MIMS n. 464 del 22 novembre 2021,alta,,"Quota in conto residui, esercizio di provenienza 2020 (art. 1); importo aggregato per due CUP"
2022 DDG 128 del 02-05-22.pdf,minimax/minimax-m3,off,,,Ministero delle infrastrutture e della mobilità sostenibili,,impegno,C11B21008720001,True,definitivo,,2,aggregato,7400,7,2021,140322.66,70161.33,"140.322,66",quota,assegnazione,impegnato,2021,"art. 1; Allegato / [TABELLA pag.4 n.1], riga 3","Comune di Torino | C11B21008720001 D81E20000410007 | 7400/PG 7 | 70.161,34 | 140.322,66 | ...",DM MIMS n. 464 del 22 novembre 2021,alta,,"Quota in conto residui, esercizio di provenienza 2021 (art. 1); importo aggregato per due CUP"
2022 DDG 128 del 02-05-22.pdf,minimax/minimax-m3,off,,,Ministero delle infrastrutture e della mobilità sostenibili,,impegno,D81E20000410007,True,definitivo,,2,aggregato,7400,7,2021,140322.66,70161.33,"140.322,66",quota,assegnazione,impegnato,2021,"art. 1; Allegato / [TABELLA pag.4 n.1], riga 3","Comune di Torino | C11B21008720001 D81E20000410007 | 7400/PG 7 | 70.161,34 | 140.322,66 | ...",DM MIMS n. 464 del 22 novembre 2021,alta,,"Quota in conto residui, esercizio di provenienza 2021 (art. 1); importo aggregato per due CUP"
2022 DDG 128 del 02-05-22.pdf,minimax/minimax-m3,off,,,Ministero delle infrastrutture e della mobilità sostenibili,,impegno,C81B21013200005,True,definitivo,,1,singolo,7400,7,,333059208.74,333059208.74,"333.059.208,74",totale,assegnazione,impegnato,Totale,"artt. 1 e 2; Allegato / [TABELLA pag.4 n.1], riga 4","Comune di Brescia | C81B21013200005 | 7400/PG 7 | ... | Totale 333.059.208,74",DM MIMS n. 464 del 22 novembre 2021,alta,,Totale PG 7 (art. 2) + quote 2020-2021 in conto residui (art. 1)
2022 DDG 128 del 02-05-22.pdf,minimax/minimax-m3,off,,,Ministero delle infrastrutture e della mobilità sostenibili,,impegno,C81B21013200005,True,definitivo,,1,singolo,7400,7,2020,525185.84,525185.84,"525.185,84",quota,assegnazione,impegnato,2020,"art. 1; Allegato / [TABELLA pag.4 n.1], riga 4","Comune di Brescia | C81B21013200005 | 7400/PG 7 | 525.185,84 | 1.050.371,69 | ...",DM MIMS n. 464 del 22 novembre 2021,alta,,"Quota in conto residui, esercizio di provenienza 2020 (art. 1)"
2022 DDG 128 del 02-05-22.pdf,minimax/minimax-m3,off,,,Ministero delle infrastrutture e della mobilità sostenibili,,impegno,C81B21013200005,True,definitivo,,1,singolo,7400,7,2021,1050371.69,1050371.69,"1.050.371,69",quota,assegnazione,impegnato,2021,"art. 1; Allegato / [TABELLA pag.4 n.1], riga 4","Comune di Brescia | C81B21013200005 | 7400/PG 7 | 525.185,84 | 1.050.371,69 | ...",DM MIMS n. 464 del 22 novembre 2021,alta,,"Quota in conto residui, esercizio di provenienza 2021 (art. 1)"
2022 DDG 128 del 02-05-22.pdf,minimax/minimax-m3,off,,,Ministero delle infrastrutture e della mobilità sostenibili,,impegno,C81B21013200005,True,definitivo,,1,singolo,7400,1,,26486678.33,26486678.33,"26.486.678,33",totale,assegnazione,impegnato,Totale,"art. 3; Allegato / [TABELLA pag.4 n.1], riga 5","Comune di Brescia | C81B21013200005 | 7400/PG 1 | ... | Totale 26.486.678,33",DM MIMS n. 464 del 22 novembre 2021,alta,,Impegno in conto competenza sul cap. 7400/PG 1 per esercizi 2029-2034 (art. 3)
2022 DDG 128 del 02-05-22.pdf,minimax/minimax-m3,off,,,Ministero delle infrastrutture e della mobilità sostenibili,,impegno,C81B21013200005,True,definitivo,,1,singolo,7400,1,2029,4414446.39,4414446.39,"4.414.446,39",quota,assegnazione,impegnato,2029,"art. 3; Allegato / [TABELLA pag.4 n.1], riga 5","Comune di Brescia | C81B21013200005 | 7400/PG 1 | 4.414.446,39 | 4.414.446,39 | ...",DM MIMS n. 464 del 22 novembre 2021,alta,,Quota annuale PG 1
2022 DDG 128 del 02-05-22.pdf,minimax/minimax-m3,off,,,Ministero delle infrastrutture e della mobilità sostenibili,,impegno,C81B21013200005,True,definitivo,,1,singolo,7400,1,2030,4414446.39,4414446.39,"4.414.446,39",quota,assegnazione,impegnato,2030,"art. 3; Allegato / [TABELLA pag.4 n.1], riga 5","Comune di Brescia | C81B21013200005 | 7400/PG 1 | ... | 4.414.446,39 | 4.414.446,39 | ...",DM MIMS n. 464 del 22 novembre 2021,alta,,Quota annuale PG 1
2022 DDG 128 del 02-05-22.pdf,minimax/minimax-m3,off,,,Ministero delle infrastrutture e della mobilità sostenibili,,impegno,C81B21013200005,True,definitivo,,1,singolo,7400,1,2031,4414446.39,4414446.39,"4.414.446,39",quota,assegnazione,impegnato,2031,"art. 3; Allegato / [TABELLA pag.4 n.1], riga 5","Comune di Brescia | C81B21013200005 | 7400/PG 1 | ... | 4.414.446,39 | 4.414.446,39 | ...",DM MIMS n. 464 del 22 novembre 2021,alta,,Quota annuale PG 1
2022 DDG 128 del 02-05-22.pdf,minimax/minimax-m3,off,,,Ministero delle infrastrutture e della mobilità sostenibili,,impegno,C81B21013200005,True,definitivo,,1,singolo,7400,1,2032,4414446.39,4414446.39,"4.414.446,39",quota,assegnazione,impegnato,2032,"art. 3; Allegato / [TABELLA pag.4 n.1], riga 5","Comune di Brescia | C81B21013200005 | 7400/PG 1 | ... | 4.414.446,39 | 4.414.446,39 | ...",DM MIMS n. 464 del 22 novembre 2021,alta,,Quota annuale PG 1
2022 DDG 128 del 02-05-22.pdf,minimax/minimax-m3,off,,,Ministero delle infrastrutture e della mobilità sostenibili,,impegno,C81B21013200005,True,definitivo,,1,singolo,7400,1,2033,4414446.39,4414446.39,"4.414.446,39",quota,assegnazione,impegnato,2033,"art. 3; Allegato / [TABELLA pag.4 n.1], riga 5","Comune di Brescia | C81B21013200005 | 7400/PG 1 | ... | 4.414.446,39 | 4.414.446,38 | ...",DM MIMS n. 464 del 22 novembre 2021,alta,,Quota annuale PG 1
2022 DDG 128 del 02-05-22.pdf,minimax/minimax-m3,off,,,Ministero delle infrastrutture e della mobilità sostenibili,,impegno,C81B21013200005,True,definitivo,,1,singolo,7400,1,2034,4414446.38,4414446.38,"4.414.446,38",quota,assegnazione,impegnato,2034,"art. 3; Allegato / [TABELLA pag.4 n.1], riga 5","Comune di Brescia | C81B21013200005 | 7400/PG 1 | ... | 4.414.446,38 | 26.486.678,33",DM MIMS n. 464 del 22 novembre 2021,alta,,"Quota annuale PG 1 (ultima annualità, differenza di 0,01 per arrotondamento)"
2022 DI Mims Mef 97 20.04.2022.pdf,minimax/minimax-m3,off,,,Ministero delle Infrastrutture e della Mobilità Sostenibili,Ministero dell'Economia e delle Finanze,assegnazione,B39J22001360001,True,definitivo,,1,singolo,7400,1,,398000000.0,398000000.0,"398.000.000,00",totale,assegnazione,assegnato,FINANZIAMENTO AMMESSO,"art. 1, c. 1, lett. a); Allegato 1 / [TABELLA pag.10 n.1], riga 1","SKYMETRO VAL BISAGNO GENOVA | COMUNE DI GENOVA | B39J22001360001 | 398.000.000,00",,alta,,Il cofinanziamento risulta '---' (non indicato); il finanziamento ammesso coincide con il costo intervento.
2022 DI Mims Mef 97 20.04.2022.pdf,minimax/minimax-m3,off,,,Ministero delle Infrastrutture e della Mobilità Sostenibili,Ministero dell'Economia e delle Finanze,assegnazione,B31F20000030005,True,definitivo,,1,singolo,7400,1,,20860000.0,20860000.0,"20.860.000,00",totale,assegnazione,assegnato,FINANZIAMENTO AMMESSO,"art. 1, c. 1, lett. a); Allegato 1 / [TABELLA pag.10 n.1], riga 2","PROLUNGAMENTO METROPOLITANA DI GENOVA DA BRIN A CANEPARI | B31F20000030005 | 20.860.000,00",,alta,,
2022 DI Mims Mef 97 20.04.2022.pdf,minimax/minimax-m3,off,,,Ministero delle Infrastrutture e della Mobilità Sostenibili,Ministero dell'Economia e delle Finanze,assegnazione,B44D20000040001,True,definitivo,,1,singolo,7400,1,,180000000.0,180000000.0,"180.000.000,00",totale,assegnazione,assegnato,FINANZIAMENTO AMMESSO,"art. 1, c. 1, lett. a); Allegato 1 / [TABELLA pag.10 n.1], riga 3","LINEA METROPOLITANA M1 PROLUNGAMENTO BAGGIO-OLMI-VALSESIA | B44D20000040001 | 180.000.000,00",,alta,,"Costo intervento 398.000.000,00; cofinanziamento 218.000.000,00; finanziamento ammesso 180.000.000,00."
2022 DI Mims Mef 97 20.04.2022.pdf,minimax/minimax-m3,off,,,Ministero delle Infrastrutture e della Mobilità Sostenibili,Ministero dell'Economia e delle Finanze,assegnazione,B91J21000040001,True,definitivo,,1,singolo,7400,1,,420000000.0,420000000.0,"420.000.000,00",totale,assegnazione,assegnato,FINANZIAMENTO AMMESSO,"art. 1, c. 1, lett. a); Allegato 1 / [TABELLA pag.10 n.1], riga 4","PROLUNGAMENTO LINEA METROPOLITANA M4 AEROPORTO LINATE-SEGRATE | B91J21000040001 | 420.000.000,00",,alta,,
2022 DI Mims Mef 97 20.04.2022.pdf,minimax/minimax-m3,off,,,Ministero delle Infrastrutture e della Mobilità Sostenibili,Ministero dell'Economia e delle Finanze,assegnazione,B41J21000050006,True,definitivo,,1,singolo,7400,1,,4500000.0,4500000.0,"4.500.000,00",totale,assegnazione,assegnato,FINANZIAMENTO AMMESSO,"art. 1, c. 1, lett. a); Allegato 1 / [TABELLA pag.10 n.1], riga 5","NUOVA LINEA METROPOLITANA M6 RAMO SUD | B41J21000050006 | 4.500.000,00",,alta,,
2022 DI Mims Mef 97 20.04.2022.pdf,minimax/minimax-m3,off,,,Ministero delle Infrastrutture e della Mobilità Sostenibili,Ministero dell'Economia e delle Finanze,assegnazione,B41C21000010001,True,definitivo,,1,singolo,7400,1,,5500000.0,5500000.0,"5.500.000,00",totale,assegnazione,assegnato,FINANZIAMENTO AMMESSO,"art. 1, c. 1, lett. a); Allegato 1 / [TABELLA pag.10 n.1], riga 6","PROLUNGAMENTO M3 SAN DONATO M. – ASTA PAULLESE | B41C21000010001 | 5.500.000,00",,alta,,
2022 DI Mims Mef 97 20.04.2022.pdf,minimax/minimax-m3,off,,,Ministero delle Infrastrutture e della Mobilità Sostenibili,Ministero dell'Economia e delle Finanze,assegnazione,,False,,F41B22000740009,0,singolo,7400,1,,631373163.0,631373163.0,"631.373.163,00",totale,assegnazione,assegnato,FINANZIAMENTO AMMESSO,"art. 1, c. 1, lett. a); Allegato 1 / [TABELLA pag.10 n.1], riga 7","NUOVO COLLEGAMENTO AV AFRAGOLA-RETE METROPOLITANA NAPOLI LOTTO 1° STRALCIO I | F41B22000740009 (CUP MASTER) | 631.373.163,00",,media,Nella tabella il codice F41B22000740009 è esplicitamente indicato come CUP MASTER; il CUP dell'intervento non è leggibile nel testo.,Nella colonna CUP della tabella compare solo il CUP MASTER; il CUP di intervento non è desumibile dal testo fornito.
2022 DI Mims Mef 97 20.04.2022.pdf,minimax/minimax-m3,off,,,Ministero delle Infrastrutture e della Mobilità Sostenibili,Ministero dell'Economia e delle Finanze,assegnazione,F41B22000830009,True,definitivo,,1,singolo,7400,1,,163500824.0,163500824.0,"163.500.824,00",totale,assegnazione,assegnato,FINANZIAMENTO AMMESSO,"art. 1, c. 1, lett. a); Allegato 1 / [TABELLA pag.10 n.1], riga 8","NUOVO COLLEGAMENTO AV AFRAGOLA-RETE METROPOLITANA NAPOLI LOTTO 1° STRALCIO II | F41B22000830009 | 163.500.824,00",,alta,,
2022 DI Mims Mef 97 20.04.2022.pdf,minimax/minimax-m3,off,,,Ministero delle Infrastrutture e della Mobilità Sostenibili,Ministero dell'Economia e delle Finanze,assegnazione,E51I04000010007,True,definitivo,,1,singolo,7400,1,,610000000.0,610000000.0,"610.000.000,00",totale,assegnazione,assegnato,FINANZIAMENTO AMMESSO,"art. 1, c. 1, lett. a); Allegato 1 / [TABELLA pag.10 n.1], riga 9","LINEA C ROMA - SUB-TRATTA FUNZIONALE VENEZIA-FORI IMPERIALI | E51I04000010007 | 610.000.000,00",,alta,,"Costo 755.000.000,00; cofin. 145.000.000,00; finanziamento ammesso 610.000.000,00."
2022 DI Mims Mef 97 20.04.2022.pdf,minimax/minimax-m3,off,,,Ministero delle Infrastrutture e della Mobilità Sostenibili,Ministero dell'Economia e delle Finanze,assegnazione,E51I04000010007,True,definitivo,,1,singolo,7400,1,,990000000.0,990000000.0,"990.000.000,00",totale,assegnazione,assegnato,FINANZIAMENTO AMMESSO,"art. 1, c. 1, lett. a); Allegato 1 / [TABELLA pag.10 n.1], riga 10","LINEA C ROMA - TRATTA T2 - LOTTO COSTRUTTIVO | E51I04000010007 | 990.000.000,00",,alta,,Stesso CUP E51I04000010007 indicato per due interventi/sub-tratte distinti della Linea C di Roma: si producono due record distinti (R4).
2022 DI Mims Mef 97 20.04.2022.pdf,minimax/minimax-m3,off,,,Ministero delle Infrastrutture e della Mobilità Sostenibili,Ministero dell'Economia e delle Finanze,assegnazione,C71F20000020005,True,definitivo,,1,singolo,7400,1,,1000000000.0,1000000000.0,"1.000.000.000,00",totale,assegnazione,assegnato,FINANZIAMENTO AMMESSO,"art. 1, c. 1, lett. a); Allegato 1 / [TABELLA pag.10 n.1], riga 11","METROPOLITANA AUTOMATICA DI TORINO – LINEA 2 POLITECNICO-REBAUDENGO | C71F20000020005 | 1.000.000.000,00",,alta,,"Costo intervento 1.800.000.000,00; cofinanziamento 800.000.000,00; finanziamento ammesso 1.000.000.000,00."
2022 DI Mims Mef 97 20.04.2022.pdf,minimax/minimax-m3,off,,,Ministero delle Infrastrutture e della Mobilità Sostenibili,Ministero dell'Economia e delle Finanze,assegnazione,J81B21014060001,True,definitivo,,1,singolo,7400,1,,173183831.97,173183831.97,"173.183.831,97",totale,assegnazione,assegnato,FINANZIAMENTO AMMESSO,"art. 1, c. 1, lett. b); Allegato 2 / [TABELLA pag.12 n.1], riga 1","LINEA TRANVIARIA TERMINI - VATICANO - AURELIO | J81B21014060001 | 173.183.831,97",,alta,,"Costo totale 293.183.831,97; cofin. 120.000.000,00 (DM 16/11/2021 n. 448); finanziamento ammesso 173.183.831,97."
2022 DI Mims Mef 97 20.04.2022.pdf,minimax/minimax-m3,off,,,Ministero delle Infrastrutture e della Mobilità Sostenibili,Ministero dell'Economia e delle Finanze,assegnazione,J84E21005150001,True,definitivo,,1,singolo,7400,1,,11284217.84,11284217.84,"11.284.217,84",totale,assegnazione,assegnato,FINANZIAMENTO AMMESSO,"art. 1, c. 1, lett. b); Allegato 2 / [TABELLA pag.12 n.1], riga 2","DEPOSITO DI CENTOCELLE EST | J84E21005150001 | 11.284.217,84",,alta,,
2022 DI Mims Mef 97 20.04.2022.pdf,minimax/minimax-m3,off,,,Ministero delle Infrastrutture e della Mobilità Sostenibili,Ministero dell'Economia e delle Finanze,assegnazione,E31J19000030001,True,definitivo,,1,singolo,7400,1,,26500000.0,26500000.0,"26.500.000,00",totale,assegnazione,assegnato,FINANZIAMENTO AMMESSO,"art. 1, c. 1, lett. b); Allegato 2 / [TABELLA pag.12 n.1], riga 3","SISTEMA DI TRASPORTO RAPIDO DI MASSA TRA STAZIONE DI PIACENZA E NUOVO POLO OSPEDALIERO | E31J19000030001 | 26.500.000,00",,alta,,
2022 DI Mims Mef 97 20.04.2022.pdf,minimax/minimax-m3,off,,,Ministero delle Infrastrutture e della Mobilità Sostenibili,Ministero dell'Economia e delle Finanze,assegnazione,F44I19000530001,True,definitivo,,1,singolo,7400,1,,122200000.0,122200000.0,"122.200.000,00",totale,assegnazione,assegnato,FINANZIAMENTO AMMESSO,"art. 1, c. 1, lett. b); Allegato 2 / [TABELLA pag.12 n.1], riga 4","AMPLIAMENTO DEPOSITO GALLARATESE - LINEA METROPOLITANA 1 MILANO | F44I19000530001 | 122.200.000,00",,alta,,
2022 DI Mims Mef 97 20.04.2022.pdf,minimax/minimax-m3,off,,,Ministero delle Infrastrutture e della Mobilità Sostenibili,Ministero dell'Economia e delle Finanze,assegnazione,C11J22000000001,True,definitivo,,1,singolo,7400,,,221721410.41,221721410.41,"221.721.410,41",totale,altro,ammesso,FINANZIAMENTO AMMESSO,"art. 2, c. 1; Allegato 3 / [TABELLA pag.13 n.1], riga 1","PROLUNGAMENTO LINEA TRANVIARIA 12 ALL'ALLIANZ STADIUM E RECUPERO TRINCEA TORINO-CERES | C11J22000000001 | 221.721.410,41",,alta,,"Intervento in Allegato 3: ammissibile a finanziamento ma non ancora assegnato; sarà finanziato con scorrimento di graduatoria (art. 2, c. 2)."
2022 DI Mims Mef 97 20.04.2022.pdf,minimax/minimax-m3,off,,,Ministero delle Infrastrutture e della Mobilità Sostenibili,Ministero dell'Economia e delle Finanze,assegnazione,F47C19000370001,True,definitivo,,4,aggregato,7400,,,20900000.02,5225000.005,"20.900.000,02",totale,altro,ammesso,FINANZIAMENTO AMMESSO,"art. 2, c. 1; Allegato 3 / [TABELLA pag.13 n.1], riga 2","METROPOLITANA LINEA M3 ADEGUAMENTO ANTINCENDIO DM 21.10.2015 | F47C19000370001 F47D17000140005 F47C19000380001 F47C19000390001 | 20.900.000,02",,alta,,"Importo unico associato a 4 CUP elencati nella stessa cella (R6). Intervento ammissibile, non ancora assegnato."
2022 DI Mims Mef 97 20.04.2022.pdf,minimax/minimax-m3,off,,,Ministero delle Infrastrutture e della Mobilità Sostenibili,Ministero dell'Economia e delle Finanze,assegnazione,F47D17000140005,True,definitivo,,4,aggregato,7400,,,20900000.02,5225000.005,"20.900.000,02",totale,altro,ammesso,FINANZIAMENTO AMMESSO,"art. 2, c. 1; Allegato 3 / [TABELLA pag.13 n.1], riga 2","METROPOLITANA LINEA M3 ADEGUAMENTO ANTINCENDIO DM 21.10.2015 | F47C19000370001 F47D17000140005 F47C19000380001 F47C19000390001 | 20.900.000,02",,alta,,"Importo unico associato a 4 CUP elencati nella stessa cella (R6). Intervento ammissibile, non ancora assegnato."
2022 DI Mims Mef 97 20.04.2022.pdf,minimax/minimax-m3,off,,,Ministero delle Infrastrutture e della Mobilità Sostenibili,Ministero dell'Economia e delle Finanze,assegnazione,F47C19000380001,True,definitivo,,4,aggregato,7400,,,20900000.02,5225000.005,"20.900.000,02",totale,altro,ammesso,FINANZIAMENTO AMMESSO,"art. 2, c. 1; Allegato 3 / [TABELLA pag.13 n.1], riga 2","METROPOLITANA LINEA M3 ADEGUAMENTO ANTINCENDIO DM 21.10.2015 | F47C19000370001 F47D17000140005 F47C19000380001 F47C19000390001 | 20.900.000,02",,alta,,"Importo unico associato a 4 CUP elencati nella stessa cella (R6). Intervento ammissibile, non ancora assegnato."
2022 DI Mims Mef 97 20.04.2022.pdf,minimax/minimax-m3,off,,,Ministero delle Infrastrutture e della Mobilità Sostenibili,Ministero dell'Economia e delle Finanze,assegnazione,F47C19000390001,True,definitivo,,4,aggregato,7400,,,20900000.02,5225000.005,"20.900.000,02",totale,altro,ammesso,FINANZIAMENTO AMMESSO,"art. 2, c. 1; Allegato 3 / [TABELLA pag.13 n.1], riga 2","METROPOLITANA LINEA M3 ADEGUAMENTO ANTINCENDIO DM 21.10.2015 | F47C19000370001 F47D17000140005 F47C19000380001 F47C19000390001 | 20.900.000,02",,alta,,"Importo unico associato a 4 CUP elencati nella stessa cella (R6). Intervento ammissibile, non ancora assegnato."
2022 DI Mims Mef 97 20.04.2022.pdf,minimax/minimax-m3,off,,,Ministero delle Infrastrutture e della Mobilità Sostenibili,Ministero dell'Economia e delle Finanze,assegnazione,F47C19000350001,True,definitivo,,2,aggregato,7400,,,45000000.07,22500000.035,"45.000.000,07",totale,altro,ammesso,FINANZIAMENTO AMMESSO,"art. 2, c. 1; Allegato 3 / [TABELLA pag.13 n.1], riga 3","METROPOLITANA LINEE M1+M2 ADEGUAMENTO ANTINCENDIO FASE 2 | F47C19000350001 O F47C19000360001 | 45.000.000,07",,alta,,"Importo unico associato a 2 CUP alternativi ('O') elencati nella stessa cella (R6). Intervento ammissibile, non ancora assegnato."
2022 DI Mims Mef 97 20.04.2022.pdf,minimax/minimax-m3,off,,,Ministero delle Infrastrutture e della Mobilità Sostenibili,Ministero dell'Economia e delle Finanze,assegnazione,F47C19000360001,True,definitivo,,2,aggregato,7400,,,45000000.07,22500000.035,"45.000.000,07",totale,altro,ammesso,FINANZIAMENTO AMMESSO,"art. 2, c. 1; Allegato 3 / [TABELLA pag.13 n.1], riga 3","METROPOLITANA LINEE M1+M2 ADEGUAMENTO ANTINCENDIO FASE 2 | F47C19000350001 O F47C19000360001 | 45.000.000,07",,alta,,"Importo unico associato a 2 CUP alternativi ('O') elencati nella stessa cella (R6). Intervento ammissibile, non ancora assegnato."
2022 DI Mims Mef 97 20.04.2022.pdf,minimax/minimax-m3,off,,,Ministero delle Infrastrutture e della Mobilità Sostenibili,Ministero dell'Economia e delle Finanze,assegnazione,B34J18000220001,True,definitivo,,2,aggregato,7400,,,74516124.63,37258062.315,"74.516.124,63",totale,altro,ammesso,FINANZIAMENTO AMMESSO,"art. 2, c. 1; Allegato 3 / [TABELLA pag.13 n.1], riga 4","LINEA METROPOLITANA: PROLUNGAMENTO A RIVAROLO E COMPLETAMENTO STAZIONE MARTINEZ/TERRALBA | B34J18000220001 B34J18000230001 | 74.516.124,63",,alta,,"Importo unico associato a 2 CUP elencati nella stessa cella (R6). Intervento ammissibile, non ancora assegnato."
2022 DI Mims Mef 97 20.04.2022.pdf,minimax/minimax-m3,off,,,Ministero delle Infrastrutture e della Mobilità Sostenibili,Ministero dell'Economia e delle Finanze,assegnazione,B34J18000230001,True,definitivo,,2,aggregato,7400,,,74516124.63,37258062.315,"74.516.124,63",totale,altro,ammesso,FINANZIAMENTO AMMESSO,"art. 2, c. 1; Allegato 3 / [TABELLA pag.13 n.1], riga 4","LINEA METROPOLITANA: PROLUNGAMENTO A RIVAROLO E COMPLETAMENTO STAZIONE MARTINEZ/TERRALBA | B34J18000220001 B34J18000230001 | 74.516.124,63",,alta,,"Importo unico associato a 2 CUP elencati nella stessa cella (R6). Intervento ammissibile, non ancora assegnato."
2023 DM MIT 342-2023.pdf,minimax/minimax-m3,off,,,Ministero delle infrastrutture e dei trasporti,,rettifica,,False,,,0,aggregato,,,2033,217585.0,217585.0,217.585,quota,rimodulazione,rimodulato,POTENZIAMENTO Veneto (annualità),"art. 1, comma 1; Allegato 3 / [TABELLA pag.11 n.2], riga 2033, colonna VENETO","assegna, per l'annualità 2033, alla Regione Veneto risorse pari a 217.585 euro, in luogo dei precedenti 117.585 euro","decreto del Ministro delle infrastrutture e della mobilità sostenibili del 23 settembre 2021, n. 364",alta,,"rettifica errore materiale: valore originario 117.585 euro; importo riferito al capitolo 7150 p.g. 3 (POTENZIAMENTO), nessun CUP"
2023 DM MIT 342-2023.pdf,minimax/minimax-m3,off,,,Ministero delle infrastrutture e dei trasporti,,rettifica,,False,,,0,aggregato,,,2033,690994.0,690994.0,690.994,quota,rimodulazione,rimodulato,POTENZIAMENTO Emilia Romagna (annualità),"art. 1, comma 1; Allegato 3 / [TABELLA pag.11 n.2], riga 2033, colonna EMILIA ROMAGNA","alla Regione Emilia Romagna risorse pari a 690.994 euro, in luogo dei precedenti 790.994 euro","decreto del Ministro delle infrastrutture e della mobilità sostenibili del 23 settembre 2021, n. 364",alta,,"rettifica errore materiale: valore originario 790.994 euro; importo riferito al capitolo 7150 p.g. 3 (POTENZIAMENTO), nessun CUP"
2023 DM MIT 342-2023.pdf,minimax/minimax-m3,off,,,Ministero delle infrastrutture e dei trasporti,,rettifica,,False,,,0,aggregato,,,2032,125266.0,125266.0,125.266,quota,rimodulazione,rimodulato,POTENZIAMENTO Veneto (annualità),"art. 1, comma 1; Allegato 3 / [TABELLA pag.11 n.2], riga 2032, colonna VENETO","per l'annualità 2032, assegna alla Regione Veneto risorse pari a 125.266 euro, in luogo dei precedenti 125.268 euro","decreto del Ministro delle infrastrutture e della mobilità sostenibili del 23 settembre 2021, n. 364",alta,,"rettifica errore materiale: valore originario 125.268 euro; importo riferito al capitolo 7150 p.g. 3 (POTENZIAMENTO), nessun CUP"
2023 DM MIT 342-2023.pdf,minimax/minimax-m3,off,,,Ministero delle infrastrutture e dei trasporti,,rettifica,,False,,,0,aggregato,,,2032,842682.0,842682.0,842.682,quota,rimodulazione,rimodulato,POTENZIAMENTO Emilia Romagna (annualità),"art. 1, comma 1; Allegato 3 / [TABELLA pag.11 n.2], riga 2032, colonna EMILIA ROMAGNA","alla Regione Emilia Romagna risorse pari a 842.682 euro, in luogo dei precedenti 842.680 euro","decreto del Ministro delle infrastrutture e della mobilità sostenibili del 23 settembre 2021, n. 364",alta,,"rettifica errore materiale: valore originario 842.680 euro; importo riferito al capitolo 7150 p.g. 3 (POTENZIAMENTO), nessun CUP"
2023 DM MIT 342-2023.pdf,minimax/minimax-m3,off,,,Ministero delle infrastrutture e dei trasporti,,rettifica,H49J21005480003,True,definitivo,,1,singolo,7150,3,,256450.0,256450.0,"256.450,00",totale,rimodulazione,rimodulato,IMPORTO AMMASSO A FINANZIAMENTO CENTRO - NORD - POTENZIAMENTO,"art. 1, comma 3; Allegato 1 / [TABELLA pag.4 n.1], subtotale Liguria","FERROVIA GENOVA CASELLA | ... | 256.450,00 | 0,00 | 256.450,00 | 256.450,00","decreto del Ministro delle infrastrutture e della mobilità sostenibili del 23 settembre 2021, n. 364",alta,,subtotale di 8 interventi Genova Casella; CUP indicato nella prima riga; Allegato 1 REV. 2 aggiorna e sostituisce l'Allegato 1 del DM 364/2021
2023 DM MIT 342-2023.pdf,minimax/minimax-m3,off,,,Ministero delle infrastrutture e dei trasporti,,rettifica,C75B23000000001,True,definitivo,,1,singolo,7150,3,,10543255.0,10543255.0,"10.543.255,00",totale,rimodulazione,rimodulato,IMPORTO AMMASSO A FINANZIAMENTO CENTRO - NORD - POTENZIAMENTO,"art. 1, comma 3; Allegato 1 / [TABELLA pag.4 n.1], riga Roma-Viterbo linea contatto","Roma - Viterbo | ferrovia Roma – Viterbo nella tratta Catalano – Viterbo | ASTRAL S.p.A | ... | 10.543.255,00 | 0,00 | 10.543.255,00 | 10.543.255,00","decreto del Ministro delle infrastrutture e della mobilità sostenibili del 23 settembre 2021, n. 364",alta,,Allegato 1 REV. 2 aggiorna e sostituisce l'Allegato 1 del DM 364/2021
2023 DM MIT 342-2023.pdf,minimax/minimax-m3,off,,,Ministero delle infrastrutture e dei trasporti,,rettifica,C71G22000090001,True,definitivo,,1,singolo,7150,3,,7000000.0,7000000.0,"7.000.000,00",totale,rimodulazione,rimodulato,IMPORTO AMMASSO A FINANZIAMENTO CENTRO - NORD - POTENZIAMENTO,"art. 1, comma 3; Allegato 1 / [TABELLA pag.4 n.1], riga Roma-Viterbo SSE e DOTE","Roma - Viterbo | Ferrovia Roma – Viterbo | ASTRAL S.p.A | POTENZIAMENTO DEL SISTEMA DI ALIMENTAZIONE ELETTRICA ... | 7.000.000,00 | 0,00 | 7.000.000,00 | 7.000.000,00","decreto del Ministro delle infrastrutture e della mobilità sostenibili del 23 settembre 2021, n. 364",alta,,Allegato 1 REV. 2 aggiorna e sostituisce l'Allegato 1 del DM 364/2021
2023 DM MIT 342-2023.pdf,minimax/minimax-m3,off,,,Ministero delle infrastrutture e dei trasporti,,rettifica,E51B21002250001,True,definitivo,,1,singolo,7150,3,,20000000.0,20000000.0,"20.000.000,00",totale,rimodulazione,rimodulato,IMPORTO AMMASSO A FINANZIAMENTO CENTRO - NORD - POTENZIAMENTO,"art. 1, comma 3; Allegato 1 / [TABELLA pag.4 n.1], riga Ferrovie Nord Milano-Varese","FERROVIA REGIONALE | Milano -Varese - Laveno. | FERROVIENORD | INTERVENTI SULLA RETE PER STABILIZZAZIONE ORARIO ... | 20.000.000,00 | 0,00 | 20.000.000,00 | 20.000.000,00","decreto del Ministro delle infrastrutture e della mobilità sostenibili del 23 settembre 2021, n. 364",alta,,Allegato 1 REV. 2 aggiorna e sostituisce l'Allegato 1 del DM 364/2021
2023 DM MIT 342-2023.pdf,minimax/minimax-m3,off,,,Ministero delle infrastrutture e dei trasporti,,rettifica,B41E04000210001,True,definitivo,,1,singolo,7150,3,,50000000.0,50000000.0,"50.000.000,00",totale,rimodulazione,rimodulato,IMPORTO AMMASSO A FINANZIAMENTO SUD POTENZIAMENTO,"art. 1, comma 3; Allegato 1 / [TABELLA pag.5 n.1], riga Circumvesuviana","ENTE AUTONOMO VOLTURNO S.R.L. | LINEE VESUVIANE | Comune di Napoli | LINEA 1 DELLA METROPOLITANA DI NAPOLI ... | 50.000.000,00 | 50.000.000,00 | 100.000.000,00 | 50.000.000,00","decreto del Ministro delle infrastrutture e della mobilità sostenibili del 23 settembre 2021, n. 364",alta,,Allegato 1 REV. 2 aggiorna e sostituisce l'Allegato 1 del DM 364/2021
2023 DM MIT 342-2023.pdf,minimax/minimax-m3,off,,,Ministero delle infrastrutture e dei trasporti,,rettifica,F61B21003640009,True,definitivo,,1,singolo,7150,3,,30000000.0,30000000.0,"30.000.000,00",totale,rimodulazione,rimodulato,IMPORTO AMMASSO A FINANZIAMENTO SUD POTENZIAMENTO,"art. 1, comma 3; Allegato 1 / [TABELLA pag.5 n.1], riga Linee Flegree","ENTE AUTONOMO VOLTURNO S.R.L. | LINEE FLEGREE | EAV S.R.L. | NUOVO TELECOMANDO LINEE FLEGREE ... | 30.000.000,00 | 0,00 | 30.000.000,00 | 30.000.000,00","decreto del Ministro delle infrastrutture e della mobilità sostenibili del 23 settembre 2021, n. 364",alta,,Allegato 1 REV. 2 aggiorna e sostituisce l'Allegato 1 del DM 364/2021
2023 DM MIT 342-2023.pdf,minimax/minimax-m3,off,,,Ministero delle infrastrutture e dei trasporti,,rettifica,G31G22000250001,True,definitivo,,1,singolo,7150,3,,2800000.0,2800000.0,"2.800.000,00",totale,rimodulazione,rimodulato,IMPORTO AMMASSO A FINANZIAMENTO SUD POTENZIAMENTO,"art. 1, comma 3; Allegato 1 / [TABELLA pag.5 n.1], riga FAL Bari Centrale","BARI- MATERA | BARI - MATERA | FERROVIE APPULO LUCANE | RIFACIMENTO PENSILINA BARI CENTRALE | 2.800.000,00 | 0,00 | 2.800.000,00 | 2.800.000,00","decreto del Ministro delle infrastrutture e della mobilità sostenibili del 23 settembre 2021, n. 364",alta,,Allegato 1 REV. 2 aggiorna e sostituisce l'Allegato 1 del DM 364/2021
2023 DM MIT 342-2023.pdf,minimax/minimax-m3,off,,,Ministero delle infrastrutture e dei trasporti,,rettifica,D69D15002090001,True,definitivo,,2,aggregato,7150,3,,50000000.0,25000000.0,"50.000.000,00",totale,rimodulazione,rimodulato,IMPORTO AMMASSO A FINANZIAMENTO SUD POTENZIAMENTO,"art. 1, comma 3; Allegato 1 / [TABELLA pag.5 n.1], riga Maglie-Otranto e Zollino-Gagliano","MAGLIE- OTRANTO | MAGLIE- OTRANTO e TRATTA ZOLLINO- GAGLIANO C. | FERROVIE SUD EST | COMPLETAMENTO ELETTRIFICAZIONE DORSALE SALENTO ... | 50.000.000,00 | 130.000.000,00 | 180.000.000,00 | 50.000.000,00","decreto del Ministro delle infrastrutture e della mobilità sostenibili del 23 settembre 2021, n. 364",alta,,importo unico per due CUP/lotti: Lotto 4 Maglie-Otranto D69D15002090001 e Lotto 3 Zollino-Gagliano D49D15001920001; Allegato 1 REV. 2 aggiorna e sostituisce l'Allegato 1 del DM 364/2021
2023 DM MIT 342-2023.pdf,minimax/minimax-m3,off,,,Ministero delle infrastrutture e dei trasporti,,rettifica,D49D15001920001,True,definitivo,,2,aggregato,7150,3,,50000000.0,25000000.0,"50.000.000,00",totale,rimodulazione,rimodulato,IMPORTO AMMASSO A FINANZIAMENTO SUD POTENZIAMENTO,"art. 1, comma 3; Allegato 1 / [TABELLA pag.5 n.1], riga Maglie-Otranto e Zollino-Gagliano","MAGLIE- OTRANTO | MAGLIE- OTRANTO e TRATTA ZOLLINO- GAGLIANO C. | FERROVIE SUD EST | COMPLETAMENTO ELETTRIFICAZIONE DORSALE SALENTO ... | 50.000.000,00 | 130.000.000,00 | 180.000.000,00 | 50.000.000,00","decreto del Ministro delle infrastrutture e della mobilità sostenibili del 23 settembre 2021, n. 364",alta,,importo unico per due CUP/lotti: Lotto 4 Maglie-Otranto D69D15002090001 e Lotto 3 Zollino-Gagliano D49D15001920001; Allegato 1 REV. 2 aggiorna e sostituisce l'Allegato 1 del DM 364/2021
2023 DM MIT 342-2023.pdf,minimax/minimax-m3,off,,,Ministero delle infrastrutture e dei trasporti,,rettifica,G71B18000620005,True,definitivo,,1,singolo,7150,3,,2500000.0,2500000.0,"2.500.000,00",totale,rimodulazione,rimodulato,IMPORTO AMMASSO A FINANZIAMENTO SUD POTENZIAMENTO,"art. 1, comma 3; Allegato 1 / [TABELLA pag.5 n.1], riga FAL Altamura","BARI- MATERA | STAZIONE ALTAMURA | FERROVIE APPULO LUCANE | REALIZZAZIONE PARCHEGGIO DI INTERSCAMBIO NELLA STAZIONE DI ALTAMURA | 2.500.000,00 | 0,00 | 2.500.000,00 | 2.500.000,00","decreto del Ministro delle infrastrutture e della mobilità sostenibili del 23 settembre 2021, n. 364",alta,,Allegato 1 REV. 2 aggiorna e sostituisce l'Allegato 1 del DM 364/2021
2023 DM MIT 342-2023.pdf,minimax/minimax-m3,off,,,Ministero delle infrastrutture e dei trasporti,,rettifica,F81B21005610001,True,definitivo,,1,singolo,7150,3,,18000000.0,18000000.0,"18.000.000,00",totale,rimodulazione,rimodulato,IMPORTO AMMASSO A FINANZIAMENTO SUD POTENZIAMENTO,"art. 1, comma 3; Allegato 1 / [TABELLA pag.6 n.1], riga ARST Monserrato-Isili","Monserrato - Isili | Monserrato - Isili | ARST | VARIANTE DI TRACCIATO ... | 26.400.000,00 | 0,00 | 26.400.000,00 | 18.000.000,00","decreto del Ministro delle infrastrutture e della mobilità sostenibili del 23 settembre 2021, n. 364",alta,,Allegato 1 REV. 2 aggiorna e sostituisce l'Allegato 1 del DM 364/2021
2023 DM MIT 342-2023.pdf,minimax/minimax-m3,off,,,Ministero delle infrastrutture e dei trasporti,,rettifica,I61B21003020001,True,definitivo,,1,singolo,7150,3,,9900000.0,9900000.0,"9.900.000,00",totale,rimodulazione,rimodulato,IMPORTO AMMASSO A FINANZIAMENTO SUD POTENZIAMENTO,"art. 1, comma 3; Allegato 1 / [TABELLA pag.6 n.1], riga Ferrovie Calabria Catanzaro Città","Ferrovie della Calabria S.r.l | Soveria M. - Catanzaro - Catanzaro Lido | Ferrovie della Calabria S.r.l. | LAVORI DI REALIZZAZIONE DELLA NUOVA STAZIONE FERROVIARIA DI CATANZARO CITTÀ | 9.900.000,00 | 0,00 | 9.900.000,00 | 9.900.000,00","decreto del Ministro delle infrastrutture e della mobilità sostenibili del 23 settembre 2021, n. 364",alta,,Allegato 1 REV. 2 aggiorna e sostituisce l'Allegato 1 del DM 364/2021
2023 DM MIT 342-2023.pdf,minimax/minimax-m3,off,,,Ministero delle infrastrutture e dei trasporti,,rettifica,I67H21003160001,True,definitivo,,1,singolo,7150,3,,2900000.0,2900000.0,"2.900.000,00",totale,rimodulazione,rimodulato,IMPORTO AMMASSO A FINANZIAMENTO SUD POTENZIAMENTO,"art. 1, comma 3; Allegato 1 / [TABELLA pag.6 n.1], riga Ferrovie Calabria Catanzaro-Germaneto","Ferrovie della Calabria S.r.l | Soveria M. - Catanzaro - Catanzaro Lido - Germaneto | Ferrovie della Calabria S.r.l. | LAVORI DI MIGLIORAMENTO DELLA FRUIBILITÀ DELLA LINEA FERROVIARIA ... | 2.900.000,00 | 0,00 | 2.900.000,00 | 2.900.000,00","decreto del Ministro delle infrastrutture e della mobilità sostenibili del 23 settembre 2021, n. 364",alta,,Allegato 1 REV. 2 aggiorna e sostituisce l'Allegato 1 del DM 364/2021
2023 DM MIT 342-2023.pdf,minimax/minimax-m3,off,,,Ministero delle infrastrutture e dei trasporti,,rettifica,B89J21020930005,True,definitivo,,1,singolo,7150,3,,1200000.0,1200000.0,"1.200.000,00",totale,rimodulazione,rimodulato,IMPORTO AMMASSO A FINANZIAMENTO SUD POTENZIAMENTO,"art. 1, comma 3; Allegato 1 / [TABELLA pag.6 n.1], riga TUA Fossacesia-Saletti","Divisione Ferroviaria di TUA S.p.A. | Fossacesia-Saletti | Divisione Ferroviaria di TUA S.p.A. | CREAZIONE POSTO INTERMEDIO LOCALITÀ GUASTACCONCIA ... | 1.200.000,00 | 0,00 | 1.200.000,00 | 1.200.000,00","decreto del Ministro delle infrastrutture e della mobilità sostenibili del 23 settembre 2021, n. 364",alta,,Allegato 1 REV. 2 aggiorna e sostituisce l'Allegato 1 del DM 364/2021
2023 DM MIT 342-2023.pdf,minimax/minimax-m3,off,,,Ministero delle infrastrutture e dei trasporti,,rettifica,I57H21005640001,True,definitivo,,1,singolo,7150,4,,1512215.0,1512215.0,"1.512.215,00",totale,rimodulazione,rimodulato,SICUREZZA INTERVENTO,"art. 1, comma 3; Allegato 2 / [TABELLA pag.7 n.1], riga Veneto Adria-Mestre","ADRIA‐ MESTRE | | INFRASTRUTTRE VENETE SRL | INTERVENTI STRUTTURALI DI RISANAMENTO PONTE IN C.A. AL KM. 14+355 | 1.512.215,00 | 0,00 | 1.512.215,00 | 1.512.215,00","decreto del Ministro delle infrastrutture e della mobilità sostenibili del 23 settembre 2021, n. 364",alta,,rettifica errore materiale rispetto al valore 1.412.215 indicato nell'Allegato 3 del DM 364/2021; Allegato 2 REV. 4 aggiorna e sostituisce l'Allegato 2 del DM 364/2021
2023 DM MIT 342-2023.pdf,minimax/minimax-m3,off,,,Ministero delle infrastrutture e dei trasporti,,rettifica,B19F22013250002,True,definitivo,,1,singolo,7150,4,,2400000.0,2400000.0,"2.400.000,00",totale,rimodulazione,rimodulato,SICUREZZA INTERVENTO,"art. 1, comma 3; Allegato 2 / [TABELLA pag.7 n.1], riga Toscana Stia-Arezzo-Sinalunga","STIA ‐ AREZZO ‐ SINALUNGA | STIA ‐ AREZZO ‐ SINALUNGA | LA FERROVIARIA ITALIANA SPA | ELIMINAZIONE DI DUE PASSAGGI A LIVELLO ... | 2.400.000,00 | 0,00 | 2.400.000,00 | 2.400.000,00","decreto del Ministro delle infrastrutture e della mobilità sostenibili del 23 settembre 2021, n. 364",alta,,Allegato 2 REV. 4 aggiorna e sostituisce l'Allegato 2 del DM 364/2021
2023 DM MIT 342-2023.pdf,minimax/minimax-m3,off,,,Ministero delle infrastrutture e dei trasporti,,rettifica,C89F23000050001,True,definitivo,,1,singolo,7150,4,,600000.0,600000.0,"600.000,00",totale,rimodulazione,rimodulato,SICUREZZA INTERVENTO,"art. 1, comma 3; Allegato 2 / [TABELLA pag.7 n.1], riga Emilia Romagna Parma-Suzzara Brescello","Ferrovie dell'Emilia Romagna | Parma- Suzzara - Comune di Brescello (RE) | FERROVIE EMILIA ROMGNA S.R.L. | SOPPRESSIONE DI QUATTRO PASSAGGI A LIVELLO PRIVATI ... | 600.000,00 | 0,00 | 600.000,00 | 600.000,00","decreto del Ministro delle infrastrutture e della mobilità sostenibili del 23 settembre 2021, n. 364",alta,,Allegato 2 REV. 4 aggiorna e sostituisce l'Allegato 2 del DM 364/2021
2023 DM MIT 342-2023.pdf,minimax/minimax-m3,off,,,Ministero delle infrastrutture e dei trasporti,,rettifica,C99F23000050001,True,definitivo,,1,singolo,7150,4,,5400000.0,5400000.0,"5.400.000,00",totale,rimodulazione,rimodulato,SICUREZZA INTERVENTO,"art. 1, comma 3; Allegato 2 / [TABELLA pag.8 n.1], riga Bologna-Portomaggiore Castenaso","Ferrovie dell'Emilia Romagna | Bologna- Portomaggiore - Comune di Castenaso (BO) | FERROVIE EMILIA ROMGNA S.R.L. | LINEA BOLOGNA- PORTOMAGGIORE ... | 5.400.000,00 | 1.600.000,00 | 7.000.000,00 | 5.400.000,00","decreto del Ministro delle infrastrutture e della mobilità sostenibili del 23 settembre 2021, n. 364",alta,,Allegato 2 REV. 4 aggiorna e sostituisce l'Allegato 2 del DM 364/2021
2023 DM MIT 342-2023.pdf,minimax/minimax-m3,off,,,Ministero delle infrastrutture e dei trasporti,,rettifica,C56G21008730001,True,definitivo,,1,singolo,7150,4,,3400000.0,3400000.0,"3.400.000,00",totale,rimodulazione,rimodulato,SICUREZZA INTERVENTO,"art. 1, comma 3; Allegato 2 / [TABELLA pag.8 n.1], riga Emilia Romagna Reggio E.-Guastalla","Ferrovie dell'Emilia Romagna | Reggio E. Guastalla | FERROVIE EMILIA ROMGNA S.R.L. | UPGRADE CON IMPIANTI MULTI‐ ACC | 3.400.000,00 | 0,00 | 3.400.000,00 | 3.400.000,00","decreto del Ministro delle infrastrutture e della mobilità sostenibili del 23 settembre 2021, n. 364",alta,,Allegato 2 REV. 4 aggiorna e sostituisce l'Allegato 2 del DM 364/2021
2023 DM MIT 342-2023.pdf,minimax/minimax-m3,off,,,Ministero delle infrastrutture e dei trasporti,,rettifica,F41B21005790009,True,definitivo,,1,singolo,7150,4,,30000000.0,30000000.0,30.000.000,totale,rimodulazione,rimodulato,SICUREZZA INTERVENTO,"art. 1, comma 3; Allegato 2 / [TABELLA pag.9 n.1], riga Campania EAV","ENTE AUTONOMO VOLTURNO S.R.L. | LINEA SUBURBANA NAPOLI‐ PIEDIMONTE MATESE | EAV S.R.L. | SOPPRESSIONE PP.LL. RETE FERROVIARIA EAV | 30.000.000 | € 0,00 | 30.000.000 | 30.000.000","decreto del Ministro delle infrastrutture e della mobilità sostenibili del 23 settembre 2021, n. 364",alta,,Allegato 2 REV. 4 aggiorna e sostituisce l'Allegato 2 del DM 364/2021
2023 DM MIT 342-2023.pdf,minimax/minimax-m3,off,,,Ministero delle infrastrutture e dei trasporti,,rettifica,G31G22000260001,True,definitivo,,1,singolo,7150,4,,7200000.0,7200000.0,7.200.000,totale,rimodulazione,rimodulato,SICUREZZA INTERVENTO,"art. 1, comma 3; Allegato 2 / [TABELLA pag.9 n.1], riga Puglia FAL Bari Sant'Andrea-Modugno",BARI‐ MATERA | Bari Sant'Andrea - Modugno | FERROVIE APPULO LUCANE S.r.l | RADDOPPIO TRA BARI SANT'ANDREA E MODUGNO | 7.200.000 | 0 | 7.200.000 | 7.200.000,"decreto del Ministro delle infrastrutture e della mobilità sostenibili del 23 settembre 2021, n. 364",alta,,Allegato 2 REV. 4 aggiorna e sostituisce l'Allegato 2 del DM 364/2021
2023 DM MIT 342-2023.pdf,minimax/minimax-m3,off,,,Ministero delle infrastrutture e dei trasporti,,rettifica,G11B18000550005,True,definitivo,,1,singolo,7150,4,,3500000.0,3500000.0,3.500.000,totale,rimodulazione,rimodulato,SICUREZZA INTERVENTO,"art. 1, comma 3; Allegato 2 / [TABELLA pag.10 n.1], riga Basilicata FAL Serra Rifusa","FERROVIE APPULO LUCANE S.r.l | tratta Matera ‐ Altamura della linea Bari ‐ Matera | FERROVIE APPULO LUCANE S.r.l | Interventi sui piazzali di Matera Serra Rifusa ... | 3.500.000,00 | 0 | 3.500.000 | 3.500.000","decreto del Ministro delle infrastrutture e della mobilità sostenibili del 23 settembre 2021, n. 364",alta,,Allegato 2 REV. 4 aggiorna e sostituisce l'Allegato 2 del DM 364/2021
2023 DM MIT 342-2023.pdf,minimax/minimax-m3,off,,,Ministero delle infrastrutture e dei trasporti,,rettifica,B81B21003770005,True,definitivo,,1,singolo,7150,4,,1750000.0,1750000.0,1.750.000,totale,rimodulazione,rimodulato,SICUREZZA INTERVENTO,"art. 1, comma 3; Allegato 2 / [TABELLA pag.10 n.1], riga Abruzzo TUA Fossacesia-Archi","Divisione Ferroviaria di TUA S.p.A. | Fossacesia‐ Archi | Divisione Ferroviaria di TUA S.p.A. | TESATURA DEI CONDUTTORI IN RAME ... | 1.750.000,00 € | 0 | 1.750.000 | 1.750.000","decreto del Ministro delle infrastrutture e della mobilità sostenibili del 23 settembre 2021, n. 364",alta,,Allegato 2 REV. 4 aggiorna e sostituisce l'Allegato 2 del DM 364/2021
2025 DD MIT 141-2025.pdf,minimax/minimax-m3,off,141,2025-04-18,Ministero delle Infrastrutture e dei Trasporti,,impegno,E51I04000010007,True,definitivo,,1,singolo,,,,3945000000.0,3945000000.0,"€ 3.945.000.000,00",totale,assegnazione,assegnato,,art. 2,"Il contributo oggetto della Convenzione di cui all'art. 1 è pari a complessivi € 3.945.000.000,00 (CUP: E51I04000010007)",,alta,,"Importo complessivo della Convenzione; somma di tre fonti di finanziamento (art. 1, art. 2 e art. 3 del d.l. 133/2014; art. 1 co. 393 L. 234/2021; art. 1 co. 478 L. 197/2022). L'atto approva la Convenzione ma dispone anche un impegno specifico (artt. 3 e 4)."
2025 DD MIT 141-2025.pdf,minimax/minimax-m3,off,141,2025-04-18,Ministero delle Infrastrutture e dei Trasporti,,impegno,E51I04000010007,True,definitivo,,1,singolo,7426,1,,145000000.0,145000000.0,"€ 145.000.000,00",quota,assegnazione,assegnato,,"art. 2, primo alinea","per € 145.000.000,00 nelle risorse stanziate dall'articolo 3, comma 1, del decreto-legge 12 settembre 2014, n. 133 ... impegnate con decreto dirigenziale n. 454 del 22 dicembre 2022 sul pertinente capitolo di bilancio n. 7426-piano di gestione 1",Decreto dirigenziale n. 454 del 22 dicembre 2022,alta,,Quota già impegnata con d.d. 454/2022; l'atto corrente ne richiama l'impegno pregresso come fonte di copertura della Convenzione.
2025 DD MIT 141-2025.pdf,minimax/minimax-m3,off,141,2025-04-18,Ministero delle Infrastrutture e dei Trasporti,,impegno,E51I04000010007,True,definitivo,,1,singolo,7400,1,2022-2035,113733987.0,113733987.0,"€ 113.733.987,00",quota,assegnazione,assegnato,,"art. 2, secondo alinea","capitolo di bilancio n. 7400 (piano gestionale 1: € 113.733.987,00 dal 2022 al 2035)",Decreto direttoriale n. 419 del 6 dicembre 2022,alta,,Quota già impegnata con d. 419/2022.
2025 DD MIT 141-2025.pdf,minimax/minimax-m3,off,141,2025-04-18,Ministero delle Infrastrutture e dei Trasporti,,impegno,E51I04000010007,True,definitivo,,1,singolo,7400,8,2022-2036,1486266013.0,1486266013.0,"€ 1.486.266.013,00",quota,assegnazione,assegnato,,"art. 2, secondo alinea","piano gestionale 8: € 1.486.266.013,00 dal 2022 al 2036",Decreto direttoriale n. 419 del 6 dicembre 2022,alta,,Quota già impegnata con d. 419/2022.
2025 DD MIT 141-2025.pdf,minimax/minimax-m3,off,141,2025-04-18,Ministero delle Infrastrutture e dei Trasporti,,impegno,E51I04000010007,True,definitivo,,1,singolo,7419,2,2023-2032,2200000000.0,2200000000.0,"€ 2.200.000.000,00",quota,assegnazione,assegnato,,"art. 2, terzo alinea","per € 2.200.000.000,00 nelle risorse stanziate dall'articolo 1, comma 478, dalla legge 29 dicembre 2022, n. 197, sul capitolo n. 7419-piano gestionale 2-per gli esercizi finanziari dal 2023 al 2032","Art. 1, comma 478, L. 197/2022",alta,,Stanziamento autorizzato dalla L. 197/2022; l'atto corrente ne impegna una quota nell'art. 3.
2025 DD MIT 141-2025.pdf,minimax/minimax-m3,off,141,2025-04-18,Ministero delle Infrastrutture e dei Trasporti,,impegno,E51I04000010007,True,definitivo,,1,singolo,7419,2,,2125000000.0,2125000000.0,"€ 2.125.000.000,00",totale,impegno,impegnato,,"art. 3; Allegato tabella annualità (art. 3) / [TABELLA pag.5 n.1], riga 10","È autorizzato l'impegno delle risorse ... sul capitolo 7419, piano gestionale 2 ... per la somma complessiva di € 2.125.000.000,00 ... TOTALE € 2.125.000.000,00","Art. 1, comma 478, L. 197/2022",alta,,"Impegno disposto dall'atto corrente sul cap. 7419/PG2, di cui € 50.000.000 in conto residui 2024 e € 2.075.000.000 per gli esercizi 2025-2032. Differenza di € 75.000.000 rispetto allo stanziamento complessivo di € 2.200.000.000 (cfr. art. 4)."
2025 DD MIT 141-2025.pdf,minimax/minimax-m3,off,141,2025-04-18,Ministero delle Infrastrutture e dei Trasporti,,impegno,E51I04000010007,True,definitivo,,1,singolo,7419,2,2024,50000000.0,50000000.0,"€ 50.000.000,00",quota,impegno,impegnato,,"art. 3; [TABELLA pag.5 n.1], riga 1","2024 € 50.000.000,00",,alta,,"Quota in conto residui, esercizio di provenienza 2024."
2025 DD MIT 141-2025.pdf,minimax/minimax-m3,off,141,2025-04-18,Ministero delle Infrastrutture e dei Trasporti,,impegno,E51I04000010007,True,definitivo,,1,singolo,7419,2,2025,25000000.0,25000000.0,"€ 25.000.000,00",quota,impegno,impegnato,,"art. 3; [TABELLA pag.5 n.1], riga 2","2025 € 25.000.000,00",,alta,,
2025 DD MIT 141-2025.pdf,minimax/minimax-m3,off,141,2025-04-18,Ministero delle Infrastrutture e dei Trasporti,,impegno,E51I04000010007,True,definitivo,,1,singolo,7419,2,2026,50000000.0,50000000.0,"€ 50.000.000,00",quota,impegno,impegnato,,"art. 3; [TABELLA pag.5 n.1], riga 3","2026 € 50.000.000,00",,alta,,
2025 DD MIT 141-2025.pdf,minimax/minimax-m3,off,141,2025-04-18,Ministero delle Infrastrutture e dei Trasporti,,impegno,E51I04000010007,True,definitivo,,1,singolo,7419,2,2027,350000000.0,350000000.0,"€ 350.000.000,00",quota,impegno,impegnato,,"art. 3; [TABELLA pag.5 n.1], riga 4","2027 € 350.000.000,00",,alta,,
2025 DD MIT 141-2025.pdf,minimax/minimax-m3,off,141,2025-04-18,Ministero delle Infrastrutture e dei Trasporti,,impegno,E51I04000010007,True,definitivo,,1,singolo,7419,2,2028,200000000.0,200000000.0,"€ 200.000.000,00",quota,impegno,impegnato,,"art. 3; [TABELLA pag.5 n.1], riga 5","2028 € 200.000.000,00",,alta,,
2025 DD MIT 141-2025.pdf,minimax/minimax-m3,off,141,2025-04-18,Ministero delle Infrastrutture e dei Trasporti,,impegno,E51I04000010007,True,definitivo,,1,singolo,7419,2,2029,150000000.0,150000000.0,"€ 150.000.000,00",quota,impegno,impegnato,,"art. 3; [TABELLA pag.5 n.1], riga 6","2029 € 150.000.000,00",,alta,,
2025 DD MIT 141-2025.pdf,minimax/minimax-m3,off,141,2025-04-18,Ministero delle Infrastrutture e dei Trasporti,,impegno,E51I04000010007,True,definitivo,,1,singolo,7419,2,2030,450000000.0,450000000.0,"€ 450.000.000,00",quota,impegno,impegnato,,"art. 3; [TABELLA pag.5 n.1], riga 7","2030 € 450.000.000,00",,alta,,
2025 DD MIT 141-2025.pdf,minimax/minimax-m3,off,141,2025-04-18,Ministero delle Infrastrutture e dei Trasporti,,impegno,E51I04000010007,True,definitivo,,1,singolo,7419,2,2031,450000000.0,450000000.0,"€ 450.000.000,00",quota,impegno,impegnato,,"art. 3; [TABELLA pag.5 n.1], riga 8","2031 € 450.000.000,00",,alta,,
2025 DD MIT 141-2025.pdf,minimax/minimax-m3,off,141,2025-04-18,Ministero delle Infrastrutture e dei Trasporti,,impegno,E51I04000010007,True,definitivo,,1,singolo,7419,2,2032,400000000.0,400000000.0,"€ 400.000.000,00",quota,impegno,impegnato,,"art. 3; [TABELLA pag.5 n.1], riga 9","2032 € 400.000.000,00",,alta,,
2025 DD MIT 141-2025.pdf,minimax/minimax-m3,off,141,2025-04-18,Ministero delle Infrastrutture e dei Trasporti,,impegno,E51I04000010007,True,definitivo,,1,singolo,7416,1,,75000000.0,75000000.0,"€ 75.000.000,00",totale,impegno,impegnato,,art. 4,"È autorizzato l'impegno delle risorse ... sul capitolo 7416 piano gestionale 1 ... per la somma complessiva di € 75.000.000,00, di cui 50.000.000,00 per l'esercizio finanziario 2027 e € 25.000.000,00 per l'esercizio finanziario 2028","Art. 1, comma 478, L. 197/2022",alta,,"L'atto impegna sul cap. 7416/PG1 € 75.000.000, a valere sulle risorse di cui all'art. 1, comma 478, L. 197/2022 (capitolo/PG differente da quello indicato all'art. 2 e all'art. 3)."
2025 DD MIT 141-2025.pdf,minimax/minimax-m3,off,141,2025-04-18,Ministero delle Infrastrutture e dei Trasporti,,impegno,E51I04000010007,True,definitivo,,1,singolo,7416,1,2027,50000000.0,50000000.0,"€ 50.000.000,00",quota,impegno,impegnato,,art. 4,"€ 50.000.000,00 per l'esercizio finanziario 2027",,alta,,
2025 DD MIT 141-2025.pdf,minimax/minimax-m3,off,141,2025-04-18,Ministero delle Infrastrutture e dei Trasporti,,impegno,E51I04000010007,True,definitivo,,1,singolo,7416,1,2028,25000000.0,25000000.0,"€ 25.000.000,00",quota,impegno,impegnato,,art. 4,"€ 25.000.000,00 per l'esercizio finanziario 2028",,alta,,
2022 DD MIT 454-2022.pdf,moonshotai/kimi-k2.6,off,,,Ministero delle infrastrutture e dei trasporti,Ministero dell'economia e delle finanze,impegno,E51I04000010007,True,definitivo,,1,singolo,7426,1,2021,14000000.0,14000000.0,"€ 14.000.000,00",quota,assegnazione,impegnato,,art. 1,"è autorizzato, per il corrente esercizio finanziario, a favore di Roma Capitale per l'intervento ""Tratta Colosseo - Piazza Venezia della Linea C della metropolitana di Roma"" CUP E51I04000010007, l'impegno di € 14.000.000,00 in conto residui di lettera F, esercizio di provenienza 2021","decreto del Ministro delle infrastrutture e dei trasporti di concerto con il Ministro dell'economia e delle finanze, n. 498 del 14 novembre 2014",alta,,"impegno in conto residui di lettera F, esercizio di provenienza 2021"
2022 DD MIT 454-2022.pdf,moonshotai/kimi-k2.6,off,,,Ministero delle infrastrutture e dei trasporti,Ministero dell'economia e delle finanze,impegno,E51I04000010007,True,definitivo,,1,singolo,7426,1,,131000000.0,131000000.0,"€ 131.000.000,00",totale,assegnazione,impegnato,,art. 2,"è autorizzato l'impegno, sul capitolo 7426, piano di gestione 1, per l'importo complessivo di € 131.000.000,00 a favore di Roma Capitale, per l'intervento ""Tratta Colosseo - Piazza Venezia della Linea C della metropolitana di Roma"" CUP E51I04000010007","decreto del Ministro delle infrastrutture e dei trasporti di concerto con il Ministro dell'economia e delle finanze, n. 498 del 14 novembre 2014",alta,,importo complessivo pluriennale 2022-2025
2022 DD MIT 454-2022.pdf,moonshotai/kimi-k2.6,off,,,Ministero delle infrastrutture e dei trasporti,Ministero dell'economia e delle finanze,impegno,E51I04000010007,True,definitivo,,1,singolo,7426,1,2022,35000000.0,35000000.0,"35.000.000,00 €",quota,assegnazione,impegnato,Importo,"art. 2; [TABELLA pag.3 n.1], riga 1","2022 | 35.000.000,00 €","decreto del Ministro delle infrastrutture e dei trasporti di concerto con il Ministro dell'economia e delle finanze, n. 498 del 14 novembre 2014",alta,,
2022 DD MIT 454-2022.pdf,moonshotai/kimi-k2.6,off,,,Ministero delle infrastrutture e dei trasporti,Ministero dell'economia e delle finanze,impegno,E51I04000010007,True,definitivo,,1,singolo,7426,1,2023,40000000.0,40000000.0,"40.000.000,00 €",quota,assegnazione,impegnato,Importo,"art. 2; [TABELLA pag.3 n.1], riga 2","2023 | 40.000.000,00 €","decreto del Ministro delle infrastrutture e dei trasporti di concerto con il Ministro dell'economia e delle finanze, n. 498 del 14 novembre 2014",alta,,
2022 DD MIT 454-2022.pdf,moonshotai/kimi-k2.6,off,,,Ministero delle infrastrutture e dei trasporti,Ministero dell'economia e delle finanze,impegno,E51I04000010007,True,definitivo,,1,singolo,7426,1,2024,33500000.0,33500000.0,"33.500.000,00 €",quota,assegnazione,impegnato,Importo,"art. 2; [TABELLA pag.3 n.1], riga 3","2024 | 33.500.000,00 €","decreto del Ministro delle infrastrutture e dei trasporti di concerto con il Ministro dell'economia e delle finanze, n. 498 del 14 novembre 2014",alta,,
2022 DD MIT 454-2022.pdf,moonshotai/kimi-k2.6,off,,,Ministero delle infrastrutture e dei trasporti,Ministero dell'economia e delle finanze,impegno,E51I04000010007,True,definitivo,,1,singolo,7426,1,2025,22500000.0,22500000.0,"22.500.000,00 €",quota,assegnazione,impegnato,Importo,"art. 2; [TABELLA pag.3 n.1], riga 4","2025 | 22.500.000,00 €","decreto del Ministro delle infrastrutture e dei trasporti di concerto con il Ministro dell'economia e delle finanze, n. 498 del 14 novembre 2014",alta,,
2022 DDG 128 del 02-05-22.pdf,moonshotai/kimi-k2.6,off,,,Ministero delle infrastrutture e della mobilità sostenibili,,impegno,H94I19000130004,True,definitivo,,1,singolo,7400,7,2020,153197.9,153197.9,"153.197,90",quota,assegnazione,impegnato,2020,"art. 1; [TABELLA pag.4 n.1], riga 2","Comune di Padova | H94I19000130004 | 7400/PG 7 | 153.197,90 | ...",Decreto del Ministro delle infrastrutture e della mobilità sostenibili n. 464 del 22 novembre 2021,alta,,"impegno in conto residui di stanziamento, esercizio di provenienza 2020"
2022 DDG 128 del 02-05-22.pdf,moonshotai/kimi-k2.6,off,,,Ministero delle infrastrutture e della mobilità sostenibili,,impegno,H94I19000130004,True,definitivo,,1,singolo,7400,7,2021,306395.8,306395.8,"306.395,80",quota,assegnazione,impegnato,2021,"art. 1; [TABELLA pag.4 n.1], riga 2","Comune di Padova | H94I19000130004 | 7400/PG 7 | ... | 306.395,80 | ...",Decreto del Ministro delle infrastrutture e della mobilità sostenibili n. 464 del 22 novembre 2021,alta,,"impegno in conto residui di stanziamento, esercizio di provenienza 2021"
2022 DDG 128 del 02-05-22.pdf,moonshotai/kimi-k2.6,off,,,Ministero delle infrastrutture e della mobilità sostenibili,,impegno,H94I19000130004,True,definitivo,,1,singolo,7400,7,2022,612791.59,612791.59,"612.791,59",quota,assegnazione,impegnato,2022,"art. 2; [TABELLA pag.4 n.1], riga 2","Comune di Padova | H94I19000130004 | 7400/PG 7 | ... | 612.791,59 | ...",Decreto del Ministro delle infrastrutture e della mobilità sostenibili n. 464 del 22 novembre 2021,alta,,"impegno in conto competenza, annualità 2022-2034"
2022 DDG 128 del 02-05-22.pdf,moonshotai/kimi-k2.6,off,,,Ministero delle infrastrutture e della mobilità sostenibili,,impegno,H94I19000130004,True,definitivo,,1,singolo,7400,7,2023,1302182.14,1302182.14,"1.302.182,14",quota,assegnazione,impegnato,2023,"art. 2; [TABELLA pag.4 n.1], riga 2","Comune di Padova | H94I19000130004 | 7400/PG 7 | ... | 1.302.182,14 | ...",Decreto del Ministro delle infrastrutture e della mobilità sostenibili n. 464 del 22 novembre 2021,alta,,
2022 DDG 128 del 02-05-22.pdf,moonshotai/kimi-k2.6,off,,,Ministero delle infrastrutture e della mobilità sostenibili,,impegno,H94I19000130004,True,definitivo,,1,singolo,7400,7,2024,1685176.88,1685176.88,"1.685.176,88",quota,assegnazione,impegnato,2024,"art. 2; [TABELLA pag.4 n.1], riga 2","Comune di Padova | H94I19000130004 | 7400/PG 7 | ... | 1.685.176,88 | ...",Decreto del Ministro delle infrastrutture e della mobilità sostenibili n. 464 del 22 novembre 2021,alta,,
2022 DDG 128 del 02-05-22.pdf,moonshotai/kimi-k2.6,off,,,Ministero delle infrastrutture e della mobilità sostenibili,,impegno,H94I19000130004,True,definitivo,,1,singolo,7400,7,2025,6970504.38,6970504.38,"6.970.504,38",quota,assegnazione,impegnato,2025,"art. 2; [TABELLA pag.4 n.1], riga 2","Comune di Padova | H94I19000130004 | 7400/PG 7 | ... | 6.970.504,38 | ...",Decreto del Ministro delle infrastrutture e della mobilità sostenibili n. 464 del 22 novembre 2021,alta,,
2022 DDG 128 del 02-05-22.pdf,moonshotai/kimi-k2.6,off,,,Ministero delle infrastrutture e della mobilità sostenibili,,impegno,H94I19000130004,True,definitivo,,1,singolo,7400,7,2026,8732280.22,8732280.22,"8.732.280,22",quota,assegnazione,impegnato,2026,"art. 2; [TABELLA pag.4 n.1], riga 2","Comune di Padova | H94I19000130004 | 7400/PG 7 | ... | 8.732.280,22 | ...",Decreto del Ministro delle infrastrutture e della mobilità sostenibili n. 464 del 22 novembre 2021,alta,,
2022 DDG 128 del 02-05-22.pdf,moonshotai/kimi-k2.6,off,,,Ministero delle infrastrutture e della mobilità sostenibili,,impegno,H94I19000130004,True,definitivo,,1,singolo,7400,7,2027,10597311.43,10597311.43,"10.597.311,43",quota,assegnazione,impegnato,2027,"art. 2; [TABELLA pag.4 n.1], riga 2","Comune di Padova | H94I19000130004 | 7400/PG 7 | ... | 10.597.311,43 | ...",Decreto del Ministro delle infrastrutture e della mobilità sostenibili n. 464 del 22 novembre 2021,alta,,
2022 DDG 128 del 02-05-22.pdf,moonshotai/kimi-k2.6,off,,,Ministero delle infrastrutture e della mobilità sostenibili,,impegno,H94I19000130004,True,definitivo,,1,singolo,7400,7,2028,11030248.69,11030248.69,"11.030.248,69",quota,assegnazione,impegnato,2028,"art. 2; [TABELLA pag.4 n.1], riga 2","Comune di Padova | H94I19000130004 | 7400/PG 7 | ... | 11.030.248,69 | ...",Decreto del Ministro delle infrastrutture e della mobilità sostenibili n. 464 del 22 novembre 2021,alta,,
2022 DDG 128 del 02-05-22.pdf,moonshotai/kimi-k2.6,off,,,Ministero delle infrastrutture e della mobilità sostenibili,,impegno,H94I19000130004,True,definitivo,,1,singolo,7400,7,2029,12255831.88,12255831.88,"12.255.831,88",quota,assegnazione,impegnato,2029,"art. 2; [TABELLA pag.4 n.1], riga 2","Comune di Padova | H94I19000130004 | 7400/PG 7 | ... | 12.255.831,88 | ...",Decreto del Ministro delle infrastrutture e della mobilità sostenibili n. 464 del 22 novembre 2021,alta,,
2022 DDG 128 del 02-05-22.pdf,moonshotai/kimi-k2.6,off,,,Ministero delle infrastrutture e della mobilità sostenibili,,impegno,H94I19000130004,True,definitivo,,1,singolo,7400,7,2030,12255831.88,12255831.88,"12.255.831,88",quota,assegnazione,impegnato,2030,"art. 2; [TABELLA pag.4 n.1], riga 2","Comune di Padova | H94I19000130004 | 7400/PG 7 | ... | 12.255.831,88 | ...",Decreto del Ministro delle infrastrutture e della mobilità sostenibili n. 464 del 22 novembre 2021,alta,,
2022 DDG 128 del 02-05-22.pdf,moonshotai/kimi-k2.6,off,,,Ministero delle infrastrutture e della mobilità sostenibili,,impegno,H94I19000130004,True,definitivo,,1,singolo,7400,7,2031,7659894.93,7659894.93,"7.659.894,93",quota,assegnazione,impegnato,2031,"art. 2; [TABELLA pag.4 n.1], riga 2","Comune di Padova | H94I19000130004 | 7400/PG 7 | ... | 7.659.894,93 | ...",Decreto del Ministro delle infrastrutture e della mobilità sostenibili n. 464 del 22 novembre 2021,alta,,
2022 DDG 128 del 02-05-22.pdf,moonshotai/kimi-k2.6,off,,,Ministero delle infrastrutture e della mobilità sostenibili,,impegno,H94I19000130004,True,definitivo,,1,singolo,7400,7,2032,7506697.03,7506697.03,"7.506.697,03",quota,assegnazione,impegnato,2032,"art. 2; [TABELLA pag.4 n.1], riga 2","Comune di Padova | H94I19000130004 | 7400/PG 7 | ... | 7.506.697,03 | ...",Decreto del Ministro delle infrastrutture e della mobilità sostenibili n. 464 del 22 novembre 2021,alta,,
2022 DDG 128 del 02-05-22.pdf,moonshotai/kimi-k2.6,off,,,Ministero delle infrastrutture e della mobilità sostenibili,,impegno,H94I19000130004,True,definitivo,,1,singolo,7400,7,2033,7659894.93,7659894.93,"7.659.894,93",quota,assegnazione,impegnato,2033,"art. 2; [TABELLA pag.4 n.1], riga 2","Comune di Padova | H94I19000130004 | 7400/PG 7 | ... | 7.659.894,93 | ...",Decreto del Ministro delle infrastrutture e della mobilità sostenibili n. 464 del 22 novembre 2021,alta,,
2022 DDG 128 del 02-05-22.pdf,moonshotai/kimi-k2.6,off,,,Ministero delle infrastrutture e della mobilità sostenibili,,impegno,H94I19000130004,True,definitivo,,1,singolo,7400,7,2034,8425884.42,8425884.42,"8.425.884,42",quota,assegnazione,impegnato,2034,"art. 2; [TABELLA pag.4 n.1], riga 2","Comune di Padova | H94I19000130004 | 7400/PG 7 | ... | 8.425.884,42 | ...",Decreto del Ministro delle infrastrutture e della mobilità sostenibili n. 464 del 22 novembre 2021,alta,,
2022 DDG 128 del 02-05-22.pdf,moonshotai/kimi-k2.6,off,,,Ministero delle infrastrutture e della mobilità sostenibili,,impegno,H94I19000130004,True,definitivo,,1,singolo,7400,7,,97154124.1,97154124.1,"97.154.124,10",totale,assegnazione,impegnato,Totale,"art. 2; [TABELLA pag.4 n.1], riga 2","Comune di Padova | H94I19000130004 | 7400/PG 7 | ... | 97.154.124,10",Decreto del Ministro delle infrastrutture e della mobilità sostenibili n. 464 del 22 novembre 2021,alta,,
2022 DDG 128 del 02-05-22.pdf,moonshotai/kimi-k2.6,off,,,Ministero delle infrastrutture e della mobilità sostenibili,,impegno,J80J18000000001,True,definitivo,,1,singolo,7400,7,2020,251454.92,251454.92,"251.454,92",quota,assegnazione,impegnato,2020,"art. 1; [TABELLA pag.4 n.1], riga 3","Roma Capitale | J80J18000000001 | 7400/PG 7 | 251.454,92 | ...",Decreto del Ministro delle infrastrutture e della mobilità sostenibili n. 464 del 22 novembre 2021,alta,,"impegno in conto residui di stanziamento, esercizio di provenienza 2020"
2022 DDG 128 del 02-05-22.pdf,moonshotai/kimi-k2.6,off,,,Ministero delle infrastrutture e della mobilità sostenibili,,impegno,J80J18000000001,True,definitivo,,1,singolo,7400,7,2021,502909.85,502909.85,"502.909,85",quota,assegnazione,impegnato,2021,"art. 1; [TABELLA pag.4 n.1], riga 3","Roma Capitale | J80J18000000001 | 7400/PG 7 | ... | 502.909,85 | ...",Decreto del Ministro delle infrastrutture e della mobilità sostenibili n. 464 del 22 novembre 2021,alta,,"impegno in conto residui di stanziamento, esercizio di provenienza 2021"
2022 DDG 128 del 02-05-22.pdf,moonshotai/kimi-k2.6,off,,,Ministero delle infrastrutture e della mobilità sostenibili,,impegno,J80J18000000001,True,definitivo,,1,singolo,7400,7,2022,1005819.69,1005819.69,"1.005.819,69",quota,assegnazione,impegnato,2022,"art. 2; [TABELLA pag.4 n.1], riga 3","Roma Capitale | J80J18000000001 | 7400/PG 7 | ... | 1.005.819,69 | ...",Decreto del Ministro delle infrastrutture e della mobilità sostenibili n. 464 del 22 novembre 2021,alta,,"impegno in conto competenza, annualità 2022-2034"
2022 DDG 128 del 02-05-22.pdf,moonshotai/kimi-k2.6,off,,,Ministero delle infrastrutture e della mobilità sostenibili,,impegno,J80J18000000001,True,definitivo,,1,singolo,7400,7,2023,2137366.84,2137366.84,"2.137.366,84",quota,assegnazione,impegnato,2023,"art. 2; [TABELLA pag.4 n.1], riga 3","Roma Capitale | J80J18000000001 | 7400/PG 7 | ... | 2.137.366,84 | ...",Decreto del Ministro delle infrastrutture e della mobilità sostenibili n. 464 del 22 novembre 2021,alta,,
2022 DDG 128 del 02-05-22.pdf,moonshotai/kimi-k2.6,off,,,Ministero delle infrastrutture e della mobilità sostenibili,,impegno,J80J18000000001,True,definitivo,,1,singolo,7400,7,2024,2766004.15,2766004.15,"2.766.004,15",quota,assegnazione,impegnato,2024,"art. 2; [TABELLA pag.4 n.1], riga 3","Roma Capitale | J80J18000000001 | 7400/PG 7 | ... | 2.766.004,15 | ...",Decreto del Ministro delle infrastrutture e della mobilità sostenibili n. 464 del 22 novembre 2021,alta,,
2022 DDG 128 del 02-05-22.pdf,moonshotai/kimi-k2.6,off,,,Ministero delle infrastrutture e della mobilità sostenibili,,impegno,J80J18000000001,True,definitivo,,1,singolo,7400,7,2025,11441198.98,11441198.98,"11.441.198,98",quota,assegnazione,impegnato,2025,"art. 2; [TABELLA pag.4 n.1], riga 3","Roma Capitale | J80J18000000001 | 7400/PG 7 | ... | 11.441.198,98 | ...",Decreto del Ministro delle infrastrutture e della mobilità sostenibili n. 464 del 22 novembre 2021,alta,,
2022 DDG 128 del 02-05-22.pdf,moonshotai/kimi-k2.6,off,,,Ministero delle infrastrutture e della mobilità sostenibili,,impegno,J80J18000000001,True,definitivo,,1,singolo,7400,7,2026,14332930.59,14332930.59,"14.332.930,59",quota,assegnazione,impegnato,2026,"art. 2; [TABELLA pag.4 n.1], riga 3","Roma Capitale | J80J18000000001 | 7400/PG 7 | ... | 14.332.930,59 | ...",Decreto del Ministro delle infrastrutture e della mobilità sostenibili n. 464 del 22 novembre 2021,alta,,
2022 DDG 128 del 02-05-22.pdf,moonshotai/kimi-k2.6,off,,,Ministero delle infrastrutture e della mobilità sostenibili,,impegno,J80J18000000001,True,definitivo,,1,singolo,7400,7,2027,17394142.82,17394142.82,"17.394.142,82",quota,assegnazione,impegnato,2027,"art. 2; [TABELLA pag.4 n.1], riga 3","Roma Capitale | J80J18000000001 | 7400/PG 7 | ... | 17.394.142,82 | ...",Decreto del Ministro delle infrastrutture e della mobilità sostenibili n. 464 del 22 novembre 2021,alta,,
2022 DDG 128 del 02-05-22.pdf,moonshotai/kimi-k2.6,off,,,Ministero delle infrastrutture e della mobilità sostenibili,,impegno,J80J18000000001,True,definitivo,,1,singolo,7400,7,2028,18104754.43,18104754.43,"18.104.754,43",quota,assegnazione,impegnato,2028,"art. 2; [TABELLA pag.4 n.1], riga 3","Roma Capitale | J80J18000000001 | 7400/PG 7 | ... | 18.104.754,43 | ...",Decreto del Ministro delle infrastrutture e della mobilità sostenibili n. 464 del 22 novembre 2021,alta,,
2022 DDG 128 del 02-05-22.pdf,moonshotai/kimi-k2.6,off,,,Ministero delle infrastrutture e della mobilità sostenibili,,impegno,J80J18000000001,True,definitivo,,1,singolo,7400,7,2029,20116393.81,20116393.81,"20.116.393,81",quota,assegnazione,impegnato,2029,"art. 2; [TABELLA pag.4 n.1], riga 3","Roma Capitale | J80J18000000001 | 7400/PG 7 | ... | 20.116.393,81 | ...",Decreto del Ministro delle infrastrutture e della mobilità sostenibili n. 464 del 22 novembre 2021,alta,,
2022 DDG 128 del 02-05-22.pdf,moonshotai/kimi-k2.6,off,,,Ministero delle infrastrutture e della mobilità sostenibili,,impegno,J80J18000000001,True,definitivo,,1,singolo,7400,7,2030,20116393.81,20116393.81,"20.116.393,81",quota,assegnazione,impegnato,2030,"art. 2; [TABELLA pag.4 n.1], riga 3","Roma Capitale | J80J18000000001 | 7400/PG 7 | ... | 20.116.393,81 | ...",Decreto del Ministro delle infrastrutture e della mobilità sostenibili n. 464 del 22 novembre 2021,alta,,
2022 DDG 128 del 02-05-22.pdf,moonshotai/kimi-k2.6,off,,,Ministero delle infrastrutture e della mobilità sostenibili,,impegno,J80J18000000001,True,definitivo,,1,singolo,7400,7,2031,12572746.13,12572746.13,"12.572.746,13",quota,assegnazione,impegnato,2031,"art. 2; [TABELLA pag.4 n.1], riga 3","Roma Capitale | J80J18000000001 | 7400/PG 7 | ... | 12.572.746,13 | ...",Decreto del Ministro delle infrastrutture e della mobilità sostenibili n. 464 del 22 novembre 2021,alta,,
2022 DDG 128 del 02-05-22.pdf,moonshotai/kimi-k2.6,off,,,Ministero delle infrastrutture e della mobilità sostenibili,,impegno,J80J18000000001,True,definitivo,,1,singolo,7400,7,2032,12321291.21,12321291.21,"12.321.291,21",quota,assegnazione,impegnato,2032,"art. 2; [TABELLA pag.4 n.1], riga 3","Roma Capitale | J80J18000000001 | 7400/PG 7 | ... | 12.321.291,21 | ...",Decreto del Ministro delle infrastrutture e della mobilità sostenibili n. 464 del 22 novembre 2021,alta,,
2022 DDG 128 del 02-05-22.pdf,moonshotai/kimi-k2.6,off,,,Ministero delle infrastrutture e della mobilità sostenibili,,impegno,J80J18000000001,True,definitivo,,1,singolo,7400,7,2033,12572746.13,12572746.13,"12.572.746,13",quota,assegnazione,impegnato,2033,"art. 2; [TABELLA pag.4 n.1], riga 3","Roma Capitale | J80J18000000001 | 7400/PG 7 | ... | 12.572.746,13 | ...",Decreto del Ministro delle infrastrutture e della mobilità sostenibili n. 464 del 22 novembre 2021,alta,,
2022 DDG 128 del 02-05-22.pdf,moonshotai/kimi-k2.6,off,,,Ministero delle infrastrutture e della mobilità sostenibili,,impegno,J80J18000000001,True,definitivo,,1,singolo,7400,7,2034,13830020.76,13830020.76,"13.830.020,76",quota,assegnazione,impegnato,2034,"art. 2; [TABELLA pag.4 n.1], riga 3","Roma Capitale | J80J18000000001 | 7400/PG 7 | ... | 13.830.020,76 | ...",Decreto del Ministro delle infrastrutture e della mobilità sostenibili n. 464 del 22 novembre 2021,alta,,
2022 DDG 128 del 02-05-22.pdf,moonshotai/kimi-k2.6,off,,,Ministero delle infrastrutture e della mobilità sostenibili,,impegno,J80J18000000001,True,definitivo,,1,singolo,7400,7,,159466174.12,159466174.12,"159.466.174,12",totale,assegnazione,impegnato,Totale,"art. 2; [TABELLA pag.4 n.1], riga 3","Roma Capitale | J80J18000000001 | 7400/PG 7 | ... | 159.466.174,12",Decreto del Ministro delle infrastrutture e della mobilità sostenibili n. 464 del 22 novembre 2021,alta,,
2022 DDG 128 del 02-05-22.pdf,moonshotai/kimi-k2.6,off,,,Ministero delle infrastrutture e della mobilità sostenibili,,impegno,C11B21008720001,True,definitivo,,2,aggregato,7400,7,2020,70161.34,35080.67,"70.161,34",quota,assegnazione,impegnato,2020,"art. 1; [TABELLA pag.4 n.1], riga 4","Comune di Torino | C11B21008720001 D81E20000410007 | 7400/PG 7 | 70.161,34 | ...",Decreto del Ministro delle infrastrutture e della mobilità sostenibili n. 464 del 22 novembre 2021,alta,,"impegno in conto residui di stanziamento, esercizio di provenienza 2020; importo aggregato per due CUP, l'atto non ripartisce tra i due progetti"
2022 DDG 128 del 02-05-22.pdf,moonshotai/kimi-k2.6,off,,,Ministero delle infrastrutture e della mobilità sostenibili,,impegno,D81E20000410007,True,definitivo,,2,aggregato,7400,7,2020,70161.34,35080.67,"70.161,34",quota,assegnazione,impegnato,2020,"art. 1; [TABELLA pag.4 n.1], riga 4","Comune di Torino | C11B21008720001 D81E20000410007 | 7400/PG 7 | 70.161,34 | ...",Decreto del Ministro delle infrastrutture e della mobilità sostenibili n. 464 del 22 novembre 2021,alta,,"impegno in conto residui di stanziamento, esercizio di provenienza 2020; importo aggregato per due CUP, l'atto non ripartisce tra i due progetti"
2022 DDG 128 del 02-05-22.pdf,moonshotai/kimi-k2.6,off,,,Ministero delle infrastrutture e della mobilità sostenibili,,impegno,C11B21008720001,True,definitivo,,2,aggregato,7400,7,2021,140322.66,70161.33,"140.322,66",quota,assegnazione,impegnato,2021,"art. 1; [TABELLA pag.4 n.1], riga 4","Comune di Torino | C11B21008720001 D81E20000410007 | 7400/PG 7 | ... | 140.322,66 | ...",Decreto del Ministro delle infrastrutture e della mobilità sostenibili n. 464 del 22 novembre 2021,alta,,"impegno in conto residui di stanziamento, esercizio di provenienza 2021; importo aggregato per due CUP, l'atto non ripartisce tra i due progetti"
2022 DDG 128 del 02-05-22.pdf,moonshotai/kimi-k2.6,off,,,Ministero delle infrastrutture e della mobilità sostenibili,,impegno,D81E20000410007,True,definitivo,,2,aggregato,7400,7,2021,140322.66,70161.33,"140.322,66",quota,assegnazione,impegnato,2021,"art. 1; [TABELLA pag.4 n.1], riga 4","Comune di Torino | C11B21008720001 D81E20000410007 | 7400/PG 7 | ... | 140.322,66 | ...",Decreto del Ministro delle infrastrutture e della mobilità sostenibili n. 464 del 22 novembre 2021,alta,,"impegno in conto residui di stanziamento, esercizio di provenienza 2021; importo aggregato per due CUP, l'atto non ripartisce tra i due progetti"
2022 DDG 128 del 02-05-22.pdf,moonshotai/kimi-k2.6,off,,,Ministero delle infrastrutture e della mobilità sostenibili,,impegno,C11B21008720001,True,definitivo,,2,aggregato,7400,7,2022,280645.33,140322.665,"280.645,33",quota,assegnazione,impegnato,2022,"art. 2; [TABELLA pag.4 n.1], riga 4","Comune di Torino | C11B21008720001 D81E20000410007 | 7400/PG 7 | ... | 280.645,33 | ...",Decreto del Ministro delle infrastrutture e della mobilità sostenibili n. 464 del 22 novembre 2021,alta,,"impegno in conto competenza, annualità 2022-2034; importo aggregato per due CUP, l'atto non ripartisce tra i due progetti"
2022 DDG 128 del 02-05-22.pdf,moonshotai/kimi-k2.6,off,,,Ministero delle infrastrutture e della mobilità sostenibili,,impegno,D81E20000410007,True,definitivo,,2,aggregato,7400,7,2022,280645.33,140322.665,"280.645,33",quota,assegnazione,impegnato,2022,"art. 2; [TABELLA pag.4 n.1], riga 4","Comune di Torino | C11B21008720001 D81E20000410007 | 7400/PG 7 | ... | 280.645,33 | ...",Decreto del Ministro delle infrastrutture e della mobilità sostenibili n. 464 del 22 novembre 2021,alta,,"impegno in conto competenza, annualità 2022-2034; importo aggregato per due CUP, l'atto non ripartisce tra i due progetti"
2022 DDG 128 del 02-05-22.pdf,moonshotai/kimi-k2.6,off,,,Ministero delle infrastrutture e della mobilità sostenibili,,impegno,C11B21008720001,True,definitivo,,2,aggregato,7400,7,2023,596371.33,298185.665,"596.371,33",quota,assegnazione,impegnato,2023,"art. 2; [TABELLA pag.4 n.1], riga 4","Comune di Torino | C11B21008720001 D81E20000410007 | 7400/PG 7 | ... | 596.371,33 | ...",Decreto del Ministro delle infrastrutture e della mobilità sostenibili n. 464 del 22 novembre 2021,alta,,"importo aggregato per due CUP, l'atto non ripartisce tra i due progetti"
2022 DDG 128 del 02-05-22.pdf,moonshotai/kimi-k2.6,off,,,Ministero delle infrastrutture e della mobilità sostenibili,,impegno,D81E20000410007,True,definitivo,,2,aggregato,7400,7,2023,596371.33,298185.665,"596.371,33",quota,assegnazione,impegnato,2023,"art. 2; [TABELLA pag.4 n.1], riga 4","Comune di Torino | C11B21008720001 D81E20000410007 | 7400/PG 7 | ... | 596.371,33 | ...",Decreto del Ministro delle infrastrutture e della mobilità sostenibili n. 464 del 22 novembre 2021,alta,,"importo aggregato per due CUP, l'atto non ripartisce tra i due progetti"
2022 DDG 128 del 02-05-22.pdf,moonshotai/kimi-k2.6,off,,,Ministero delle infrastrutture e della mobilità sostenibili,,impegno,C11B21008720001,True,definitivo,,2,aggregato,7400,7,2024,771774.66,385887.33,"771.774,66",quota,assegnazione,impegnato,2024,"art. 2; [TABELLA pag.4 n.1], riga 4","Comune di Torino | C11B21008720001 D81E20000410007 | 7400/PG 7 | ... | 771.774,66 | ...",Decreto del Ministro delle infrastrutture e della mobilità sostenibili n. 464 del 22 novembre 2021,alta,,"importo aggregato per due CUP, l'atto non ripartisce tra i due progetti"
2022 DDG 128 del 02-05-22.pdf,moonshotai/kimi-k2.6,off,,,Ministero delle infrastrutture e della mobilità sostenibili,,impegno,D81E20000410007,True,definitivo,,2,aggregato,7400,7,2024,771774.66,385887.33,"771.774,66",quota,assegnazione,impegnato,2024,"art. 2; [TABELLA pag.4 n.1], riga 4","Comune di Torino | C11B21008720001 D81E20000410007 | 7400/PG 7 | ... | 771.774,66 | ...",Decreto del Ministro delle infrastrutture e della mobilità sostenibili n. 464 del 22 novembre 2021,alta,,"importo aggregato per due CUP, l'atto non ripartisce tra i due progetti"
2022 DDG 128 del 02-05-22.pdf,moonshotai/kimi-k2.6,off,,,Ministero delle infrastrutture e della mobilità sostenibili,,impegno,C11B21008720001,True,definitivo,,2,aggregato,7400,7,2025,3192340.64,1596170.32,"3.192.340,64",quota,assegnazione,impegnato,2025,"art. 2; [TABELLA pag.4 n.1], riga 4","Comune di Torino | C11B21008720001 D81E20000410007 | 7400/PG 7 | ... | 3.192.340,64 | ...",Decreto del Ministro delle infrastrutture e della mobilità sostenibili n. 464 del 22 novembre 2021,alta,,"importo aggregato per due CUP, l'atto non ripartisce tra i due progetti"
2022 DDG 128 del 02-05-22.pdf,moonshotai/kimi-k2.6,off,,,Ministero delle infrastrutture e della mobilità sostenibili,,impegno,D81E20000410007,True,definitivo,,2,aggregato,7400,7,2025,3192340.64,1596170.32,"3.192.340,64",quota,assegnazione,impegnato,2025,"art. 2; [TABELLA pag.4 n.1], riga 4","Comune di Torino | C11B21008720001 D81E20000410007 | 7400/PG 7 | ... | 3.192.340,64 | ...",Decreto del Ministro delle infrastrutture e della mobilità sostenibili n. 464 del 22 novembre 2021,alta,,"importo aggregato per due CUP, l'atto non ripartisce tra i due progetti"
2022 DDG 128 del 02-05-22.pdf,moonshotai/kimi-k2.6,off,,,Ministero delle infrastrutture e della mobilità sostenibili,,impegno,C11B21008720001,True,definitivo,,2,aggregato,7400,7,2026,3999195.96,1999597.98,"3.999.195,96",quota,assegnazione,impegnato,2026,"art. 2; [TABELLA pag.4 n.1], riga 4","Comune di Torino | C11B21008720001 D81E20000410007 | 7400/PG 7 | ... | 3.999.195,96 | ...",Decreto del Ministro delle infrastrutture e della mobilità sostenibili n. 464 del 22 novembre 2021,alta,,"importo aggregato per due CUP, l'atto non ripartisce tra i due progetti"
2022 DDG 128 del 02-05-22.pdf,moonshotai/kimi-k2.6,off,,,Ministero delle infrastrutture e della mobilità sostenibili,,impegno,D81E20000410007,True,definitivo,,2,aggregato,7400,7,2026,3999195.96,1999597.98,"3.999.195,96",quota,assegnazione,impegnato,2026,"art. 2; [TABELLA pag.4 n.1], riga 4","Comune di Torino | C11B21008720001 D81E20000410007 | 7400/PG 7 | ... | 3.999.195,96 | ...",Decreto del Ministro delle infrastrutture e della mobilità sostenibili n. 464 del 22 novembre 2021,alta,,"importo aggregato per due CUP, l'atto non ripartisce tra i due progetti"
2022 DDG 128 del 02-05-22.pdf,moonshotai/kimi-k2.6,off,,,Ministero delle infrastrutture e della mobilità sostenibili,,impegno,C11B21008720001,True,definitivo,,2,aggregato,7400,7,2027,4853340.04,2426670.02,"4.853.340,04",quota,assegnazione,impegnato,2027,"art. 2; [TABELLA pag.4 n.1], riga 4","Comune di Torino | C11B21008720001 D81E20000410007 | 7400/PG 7 | ... | 4.853.340,04 | ...",Decreto del Ministro delle infrastrutture e della mobilità sostenibili n. 464 del 22 novembre 2021,alta,,"importo aggregato per due CUP, l'atto non ripartisce tra i due progetti"
2022 DDG 128 del 02-05-22.pdf,moonshotai/kimi-k2.6,off,,,Ministero delle infrastrutture e della mobilità sostenibili,,impegno,D81E20000410007,True,definitivo,,2,aggregato,7400,7,2027,4853340.04,2426670.02,"4.853.340,04",quota,assegnazione,impegnato,2027,"art. 2; [TABELLA pag.4 n.1], riga 4","Comune di Torino | C11B21008720001 D81E20000410007 | 7400/PG 7 | ... | 4.853.340,04 | ...",Decreto del Ministro delle infrastrutture e della mobilità sostenibili n. 464 del 22 novembre 2021,alta,,"importo aggregato per due CUP, l'atto non ripartisce tra i due progetti"
2022 DDG 128 del 02-05-22.pdf,moonshotai/kimi-k2.6,off,,,Ministero delle infrastrutture e della mobilità sostenibili,,impegno,C11B21008720001,True,definitivo,,2,aggregato,7400,7,2028,5051615.96,2525807.98,"5.051.615,96",quota,assegnazione,impegnato,2028,"art. 2; [TABELLA pag.4 n.1], riga 4","Comune di Torino | C11B21008720001 D81E20000410007 | 7400/PG 7 | ... | 5.051.615,96 | ...",Decreto del Ministro delle infrastrutture e della mobilità sostenibili n. 464 del 22 novembre 2021,alta,,"importo aggregato per due CUP, l'atto non ripartisce tra i due progetti"
2022 DDG 128 del 02-05-22.pdf,moonshotai/kimi-k2.6,off,,,Ministero delle infrastrutture e della mobilità sostenibili,,impegno,D81E20000410007,True,definitivo,,2,aggregato,7400,7,2028,5051615.96,2525807.98,"5.051.615,96",quota,assegnazione,impegnato,2028,"art. 2; [TABELLA pag.4 n.1], riga 4","Comune di Torino | C11B21008720001 D81E20000410007 | 7400/PG 7 | ... | 5.051.615,96 | ...",Decreto del Ministro delle infrastrutture e della mobilità sostenibili n. 464 del 22 novembre 2021,alta,,"importo aggregato per due CUP, l'atto non ripartisce tra i due progetti"
2022 DDG 128 del 02-05-22.pdf,moonshotai/kimi-k2.6,off,,,Ministero delle infrastrutture e della mobilità sostenibili,,impegno,C11B21008720001,True,definitivo,,2,aggregato,7400,7,2029,5612906.63,2806453.315,"5.612.906,63",quota,assegnazione,impegnato,2029,"art. 2; [TABELLA pag.4 n.1], riga 4","Comune di Torino | C11B21008720001 D81E20000410007 | 7400/PG 7 | ... | 5.612.906,63 | ...",Decreto del Ministro delle infrastrutture e della mobilità sostenibili n. 464 del 22 novembre 2021,alta,,"importo aggregato per due CUP, l'atto non ripartisce tra i due progetti"
2022 DDG 128 del 02-05-22.pdf,moonshotai/kimi-k2.6,off,,,Ministero delle infrastrutture e della mobilità sostenibili,,impegno,D81E20000410007,True,definitivo,,2,aggregato,7400,7,2029,5612906.63,2806453.315,"5.612.906,63",quota,assegnazione,impegnato,2029,"art. 2; [TABELLA pag.4 n.1], riga 4","Comune di Torino | C11B21008720001 D81E20000410007 | 7400/PG 7 | ... | 5.612.906,63 | ...",Decreto del Ministro delle infrastrutture e della mobilità sostenibili n. 464 del 22 novembre 2021,alta,,"importo aggregato per due CUP, l'atto non ripartisce tra i due progetti"
2022 DDG 128 del 02-05-22.pdf,moonshotai/kimi-k2.6,off,,,Ministero delle infrastrutture e della mobilità sostenibili,,impegno,C11B21008720001,True,definitivo,,2,aggregato,7400,7,2030,5612906.63,2806453.315,"5.612.906,63",quota,assegnazione,impegnato,2030,"art. 2; [TABELLA pag.4 n.1], riga 4","Comune di Torino | C11B21008720001 D81E20000410007 | 7400/PG 7 | ... | 5.612.906,63 | ...",Decreto del Ministro delle infrastrutture e della mobilità sostenibili n. 464 del 22 novembre 2021,alta,,"importo aggregato per due CUP, l'atto non ripartisce tra i due progetti"
2022 DDG 128 del 02-05-22.pdf,moonshotai/kimi-k2.6,off,,,Ministero delle infrastrutture e della mobilità sostenibili,,impegno,D81E20000410007,True,definitivo,,2,aggregato,7400,7,2030,5612906.63,2806453.315,"5.612.906,63",quota,assegnazione,impegnato,2030,"art. 2; [TABELLA pag.4 n.1], riga 4","Comune di Torino | C11B21008720001 D81E20000410007 | 7400/PG 7 | ... | 5.612.906,63 | ...",Decreto del Ministro delle infrastrutture e della mobilità sostenibili n. 464 del 22 novembre 2021,alta,,"importo aggregato per due CUP, l'atto non ripartisce tra i due progetti"
2022 DDG 128 del 02-05-22.pdf,moonshotai/kimi-k2.6,off,,,Ministero delle infrastrutture e della mobilità sostenibili,,impegno,C11B21008720001,True,definitivo,,2,aggregato,7400,7,2031,3508066.64,1754033.32,"3.508.066,64",quota,assegnazione,impegnato,2031,"art. 2; [TABELLA pag.4 n.1], riga 4","Comune di Torino | C11B21008720001 D81E20000410007 | 7400/PG 7 | ... | 3.508.066,64 | ...",Decreto del Ministro delle infrastrutture e della mobilità sostenibili n. 464 del 22 novembre 2021,alta,,"importo aggregato per due CUP, l'atto non ripartisce tra i due progetti"
2022 DDG 128 del 02-05-22.pdf,moonshotai/kimi-k2.6,off,,,Ministero delle infrastrutture e della mobilità sostenibili,,impegno,D81E20000410007,True,definitivo,,2,aggregato,7400,7,2031,3508066.64,1754033.32,"3.508.066,64",quota,assegnazione,impegnato,2031,"art. 2; [TABELLA pag.4 n.1], riga 4","Comune di Torino | C11B21008720001 D81E20000410007 | 7400/PG 7 | ... | 3.508.066,64 | ...",Decreto del Ministro delle infrastrutture e della mobilità sostenibili n. 464 del 22 novembre 2021,alta,,"importo aggregato per due CUP, l'atto non ripartisce tra i due progetti"
2022 DDG 128 del 02-05-22.pdf,moonshotai/kimi-k2.6,off,,,Ministero delle infrastrutture e della mobilità sostenibili,,impegno,C11B21008720001,True,definitivo,,2,aggregato,7400,7,2032,3437905.3,1718952.65,"3.437.905,30",quota,assegnazione,impegnato,2032,"art. 2; [TABELLA pag.4 n.1], riga 4","Comune di Torino | C11B21008720001 D81E20000410007 | 7400/PG 7 | ... | 3.437.905,30 | ...",Decreto del Ministro delle infrastrutture e della mobilità sostenibili n. 464 del 22 novembre 2021,alta,,"importo aggregato per due CUP, l'atto non ripartisce tra i due progetti"
2022 DDG 128 del 02-05-22.pdf,moonshotai/kimi-k2.6,off,,,Ministero delle infrastrutture e della mobilità sostenibili,,impegno,D81E20000410007,True,definitivo,,2,aggregato,7400,7,2032,3437905.3,1718952.65,"3.437.905,30",quota,assegnazione,impegnato,2032,"art. 2; [TABELLA pag.4 n.1], riga 4","Comune di Torino | C11B21008720001 D81E20000410007 | 7400/PG 7 | ... | 3.437.905,30 | ...",Decreto del Ministro delle infrastrutture e della mobilità sostenibili n. 464 del 22 novembre 2021,alta,,"importo aggregato per due CUP, l'atto non ripartisce tra i due progetti"
2022 DDG 128 del 02-05-22.pdf,moonshotai/kimi-k2.6,off,,,Ministero delle infrastrutture e della mobilità sostenibili,,impegno,C11B21008720001,True,definitivo,,2,aggregato,7400,7,2033,3508066.64,1754033.32,"3.508.066,64",quota,assegnazione,impegnato,2033,"art. 2; [TABELLA pag.4 n.1], riga 4","Comune di Torino | C11B21008720001 D81E20000410007 | 7400/PG 7 | ... | 3.508.066,64 | ...",Decreto del Ministro delle infrastrutture e della mobilità sostenibili n. 464 del 22 novembre 2021,alta,,"importo aggregato per due CUP, l'atto non ripartisce tra i due progetti"
2022 DDG 128 del 02-05-22.pdf,moonshotai/kimi-k2.6,off,,,Ministero delle infrastrutture e della mobilità sostenibili,,impegno,D81E20000410007,True,definitivo,,2,aggregato,7400,7,2033,3508066.64,1754033.32,"3.508.066,64",quota,assegnazione,impegnato,2033,"art. 2; [TABELLA pag.4 n.1], riga 4","Comune di Torino | C11B21008720001 D81E20000410007 | 7400/PG 7 | ... | 3.508.066,64 | ...",Decreto del Ministro delle infrastrutture e della mobilità sostenibili n. 464 del 22 novembre 2021,alta,,"importo aggregato per due CUP, l'atto non ripartisce tra i due progetti"
2022 DDG 128 del 02-05-22.pdf,moonshotai/kimi-k2.6,off,,,Ministero delle infrastrutture e della mobilità sostenibili,,impegno,C11B21008720001,True,definitivo,,2,aggregato,7400,7,2034,3858873.28,1929436.64,"3.858.873,28",quota,assegnazione,impegnato,2034,"art. 2; [TABELLA pag.4 n.1], riga 4","Comune di Torino | C11B21008720001 D81E20000410007 | 7400/PG 7 | ... | 3.858.873,28 | ...",Decreto del Ministro delle infrastrutture e della mobilità sostenibili n. 464 del 22 novembre 2021,alta,,"importo aggregato per due CUP, l'atto non ripartisce tra i due progetti"
2022 DDG 128 del 02-05-22.pdf,moonshotai/kimi-k2.6,off,,,Ministero delle infrastrutture e della mobilità sostenibili,,impegno,D81E20000410007,True,definitivo,,2,aggregato,7400,7,2034,3858873.28,1929436.64,"3.858.873,28",quota,assegnazione,impegnato,2034,"art. 2; [TABELLA pag.4 n.1], riga 4","Comune di Torino | C11B21008720001 D81E20000410007 | 7400/PG 7 | ... | 3.858.873,28 | ...",Decreto del Ministro delle infrastrutture e della mobilità sostenibili n. 464 del 22 novembre 2021,alta,,"importo aggregato per due CUP, l'atto non ripartisce tra i due progetti"
2022 DDG 128 del 02-05-22.pdf,moonshotai/kimi-k2.6,off,,,Ministero delle infrastrutture e della mobilità sostenibili,,impegno,C11B21008720001,True,definitivo,,2,aggregato,7400,7,,44494493.04,22247246.52,"44.494.493,04",totale,assegnazione,impegnato,Totale,"art. 2; [TABELLA pag.4 n.1], riga 4","Comune di Torino | C11B21008720001 D81E20000410007 | 7400/PG 7 | ... | 44.494.493,04",Decreto del Ministro delle infrastrutture e della mobilità sostenibili n. 464 del 22 novembre 2021,alta,,"importo aggregato per due CUP, l'atto non ripartisce tra i due progetti; totale complessivo per entrambi i CUP"
2022 DDG 128 del 02-05-22.pdf,moonshotai/kimi-k2.6,off,,,Ministero delle infrastrutture e della mobilità sostenibili,,impegno,D81E20000410007,True,definitivo,,2,aggregato,7400,7,,44494493.04,22247246.52,"44.494.493,04",totale,assegnazione,impegnato,Totale,"art. 2; [TABELLA pag.4 n.1], riga 4","Comune di Torino | C11B21008720001 D81E20000410007 | 7400/PG 7 | ... | 44.494.493,04",Decreto del Ministro delle infrastrutture e della mobilità sostenibili n. 464 del 22 novembre 2021,alta,,"importo aggregato per due CUP, l'atto non ripartisce tra i due progetti; totale complessivo per entrambi i CUP"
2022 DDG 128 del 02-05-22.pdf,moonshotai/kimi-k2.6,off,,,Ministero delle infrastrutture e della mobilità sostenibili,,impegno,C81B21013200005,True,definitivo,,1,singolo,7400,7,2020,525185.84,525185.84,"525.185,84",quota,assegnazione,impegnato,2020,"art. 1; [TABELLA pag.4 n.1], riga 5","Comune di Brescia | C81B21013200005 | 7400/PG 7 | 525.185,84 | ...",Decreto del Ministro delle infrastrutture e della mobilità sostenibili n. 464 del 22 novembre 2021,alta,,"impegno in conto residui di stanziamento, esercizio di provenienza 2020"
2022 DDG 128 del 02-05-22.pdf,moonshotai/kimi-k2.6,off,,,Ministero delle infrastrutture e della mobilità sostenibili,,impegno,C81B21013200005,True,definitivo,,1,singolo,7400,7,2021,1050371.69,1050371.69,"1.050.371,69",quota,assegnazione,impegnato,2021,"art. 1; [TABELLA pag.4 n.1], riga 5","Comune di Brescia | C81B21013200005 | 7400/PG 7 | ... | 1.050.371,69 | ...",Decreto del Ministro delle infrastrutture e della mobilità sostenibili n. 464 del 22 novembre 2021,alta,,"impegno in conto residui di stanziamento, esercizio di provenienza 2021"
2022 DDG 128 del 02-05-22.pdf,moonshotai/kimi-k2.6,off,,,Ministero delle infrastrutture e della mobilità sostenibili,,impegno,C81B21013200005,True,definitivo,,1,singolo,7400,7,2022,2100743.39,2100743.39,"2.100.743,39",quota,assegnazione,impegnato,2022,"art. 2; [TABELLA pag.4 n.1], riga 5","Comune di Brescia | C81B21013200005 | 7400/PG 7 | ... | 2.100.743,39 | ...",Decreto del Ministro delle infrastrutture e della mobilità sostenibili n. 464 del 22 novembre 2021,alta,,"impegno in conto competenza, annualità 2022-2034"
2022 DDG 128 del 02-05-22.pdf,moonshotai/kimi-k2.6,off,,,Ministero delle infrastrutture e della mobilità sostenibili,,impegno,C81B21013200005,True,definitivo,,1,singolo,7400,7,2023,4464079.69,4464079.69,"4.464.079,69",quota,assegnazione,impegnato,2023,"art. 2; [TABELLA pag.4 n.1], riga 5","Comune di Brescia | C81B21013200005 | 7400/PG 7 | ... | 4.464.079,69 | ...",Decreto del Ministro delle infrastrutture e della mobilità sostenibili n. 464 del 22 novembre 2021,alta,,
2022 DDG 128 del 02-05-22.pdf,moonshotai/kimi-k2.6,off,,,Ministero delle infrastrutture e della mobilità sostenibili,,impegno,C81B21013200005,True,definitivo,,1,singolo,7400,7,2024,5777044.31,5777044.31,"5.777.044,31",quota,assegnazione,impegnato,2024,"art. 2; [TABELLA pag.4 n.1], riga 5","Comune di Brescia | C81B21013200005 | 7400/PG 7 | ... | 5.777.044,31 | ...",Decreto del Ministro delle infrastrutture e della mobilità sostenibili n. 464 del 22 novembre 2021,alta,,
2022 DDG 128 del 02-05-22.pdf,moonshotai/kimi-k2.6,off,,,Ministero delle infrastrutture e della mobilità sostenibili,,impegno,C81B21013200005,True,definitivo,,1,singolo,7400,7,2025,23895956.0,23895956.0,"23.895.956,00",quota,assegnazione,impegnato,2025,"art. 2; [TABELLA pag.4 n.1], riga 5","Comune di Brescia | C81B21013200005 | 7400/PG 7 | ... | 23.895.956,00 | ...",Decreto del Ministro delle infrastrutture e della mobilità sostenibili n. 464 del 22 novembre 2021,alta,,
2022 DDG 128 del 02-05-22.pdf,moonshotai/kimi-k2.6,off,,,Ministero delle infrastrutture e della mobilità sostenibili,,impegno,C81B21013200005,True,definitivo,,1,singolo,7400,7,2026,29935593.23,29935593.23,"29.935.593,23",quota,assegnazione,impegnato,2026,"art. 2; [TABELLA pag.4 n.1], riga 5","Comune di Brescia | C81B21013200005 | 7400/PG 7 | ... | 29.935.593,23 | ...",Decreto del Ministro delle infrastrutture e della mobilità sostenibili n. 464 del 22 novembre 2021,alta,,
2022 DDG 128 del 02-05-22.pdf,moonshotai/kimi-k2.6,off,,,Ministero delle infrastrutture e della mobilità sostenibili,,impegno,C81B21013200005,True,definitivo,,1,singolo,7400,7,2027,36329205.71,36329205.71,"36.329.205,71",quota,assegnazione,impegnato,2027,"art. 2; [TABELLA pag.4 n.1], riga 5","Comune di Brescia | C81B21013200005 | 7400/PG 7 | ... | 36.329.205,71 | ...",Decreto del Ministro delle infrastrutture e della mobilità sostenibili n. 464 del 22 novembre 2021,alta,,
2022 DDG 128 del 02-05-22.pdf,moonshotai/kimi-k2.6,off,,,Ministero delle infrastrutture e della mobilità sostenibili,,impegno,C81B21013200005,True,definitivo,,1,singolo,7400,7,2028,37813380.92,37813380.92,"37.813.380,92",quota,assegnazione,impegnato,2028,"art. 2; [TABELLA pag.4 n.1], riga 5","Comune di Brescia | C81B21013200005 | 7400/PG 7 | ... | 37.813.380,92 | ...",Decreto del Ministro delle infrastrutture e della mobilità sostenibili n. 464 del 22 novembre 2021,alta,,
2022 DDG 128 del 02-05-22.pdf,moonshotai/kimi-k2.6,off,,,Ministero delle infrastrutture e della mobilità sostenibili,,impegno,C81B21013200005,True,definitivo,,1,singolo,7400,7,2029,42014867.68,42014867.68,"42.014.867,68",quota,assegnazione,impegnato,2029,"art. 2; [TABELLA pag.4 n.1], riga 5","Comune di Brescia | C81B21013200005 | 7400/PG 7 | ... | 42.014.867,68 | ...",Decreto del Ministro delle infrastrutture e della mobilità sostenibili n. 464 del 22 novembre 2021,alta,,
2022 DDG 128 del 02-05-22.pdf,moonshotai/kimi-k2.6,off,,,Ministero delle infrastrutture e della mobilità sostenibili,,impegno,C81B21013200005,True,definitivo,,1,singolo,7400,7,2030,42014867.68,42014867.68,"42.014.867,68",quota,assegnazione,impegnato,2030,"art. 2; [TABELLA pag.4 n.1], riga 5","Comune di Brescia | C81B21013200005 | 7400/PG 7 | ... | 42.014.867,68 | ...",Decreto del Ministro delle infrastrutture e della mobilità sostenibili n. 464 del 22 novembre 2021,alta,,
2022 DDG 128 del 02-05-22.pdf,moonshotai/kimi-k2.6,off,,,Ministero delle infrastrutture e della mobilità sostenibili,,impegno,C81B21013200005,True,definitivo,,1,singolo,7400,7,2031,26259292.3,26259292.3,"26.259.292,30",quota,assegnazione,impegnato,2031,"art. 2; [TABELLA pag.4 n.1], riga 5","Comune di Brescia | C81B21013200005 | 7400/PG 7 | ... | 26.259.292,30 | ...",Decreto del Ministro delle infrastrutture e della mobilità sostenibili n. 464 del 22 novembre 2021,alta,,
2022 DDG 128 del 02-05-22.pdf,moonshotai/kimi-k2.6,off,,,Ministero delle infrastrutture e della mobilità sostenibili,,impegno,C81B21013200005,True,definitivo,,1,singolo,7400,7,2032,25734106.46,25734106.46,"25.734.106,46",quota,assegnazione,impegnato,2032,"art. 2; [TABELLA pag.4 n.1], riga 5","Comune di Brescia | C81B21013200005 | 7400/PG 7 | ... | 25.734.106,46 | ...",Decreto del Ministro delle infrastrutture e della mobilità sostenibili n. 464 del 22 novembre 2021,alta,,
2022 DDG 128 del 02-05-22.pdf,moonshotai/kimi-k2.6,off,,,Ministero delle infrastrutture e della mobilità sostenibili,,impegno,C81B21013200005,True,definitivo,,1,singolo,7400,7,2033,26259292.3,26259292.3,"26.259.292,30",quota,assegnazione,impegnato,2033,"art. 2; [TABELLA pag.4 n.1], riga 5","Comune di Brescia | C81B21013200005 | 7400/PG 7 | ... | 26.259.292,30 | ...",Decreto del Ministro delle infrastrutture e della mobilità sostenibili n. 464 del 22 novembre 2021,alta,,
2022 DDG 128 del 02-05-22.pdf,moonshotai/kimi-k2.6,off,,,Ministero delle infrastrutture e della mobilità sostenibili,,impegno,C81B21013200005,True,definitivo,,1,singolo,7400,7,2034,28885221.54,28885221.54,"28.885.221,54",quota,assegnazione,impegnato,2034,"art. 2; [TABELLA pag.4 n.1], riga 5","Comune di Brescia | C81B21013200005 | 7400/PG 7 | ... | 28.885.221,54 | ...",Decreto del Ministro delle infrastrutture e della mobilità sostenibili n. 464 del 22 novembre 2021,alta,,
2022 DDG 128 del 02-05-22.pdf,moonshotai/kimi-k2.6,off,,,Ministero delle infrastrutture e della mobilità sostenibili,,impegno,C81B21013200005,True,definitivo,,1,singolo,7400,7,,333059208.74,333059208.74,"333.059.208,74",totale,assegnazione,impegnato,Totale,"art. 2; [TABELLA pag.4 n.1], riga 5","Comune di Brescia | C81B21013200005 | 7400/PG 7 | ... | 333.059.208,74",Decreto del Ministro delle infrastrutture e della mobilità sostenibili n. 464 del 22 novembre 2021,alta,,
2022 DDG 128 del 02-05-22.pdf,moonshotai/kimi-k2.6,off,,,Ministero delle infrastrutture e della mobilità sostenibili,,impegno,C81B21013200005,True,definitivo,,1,singolo,7400,1,2029,4414446.39,4414446.39,"4.414.446,39",quota,assegnazione,impegnato,2029,"art. 3; [TABELLA pag.4 n.1], riga 6","Comune di Brescia | C81B21013200005 | 7400/PG 1 | ... | 4.414.446,39 | ...",Decreto del Ministro delle infrastrutture e della mobilità sostenibili n. 464 del 22 novembre 2021,alta,,"impegno in conto competenza su PG 1, annualità 2029-2034; risorse legge 30 dicembre 2020, n. 178"
2022 DDG 128 del 02-05-22.pdf,moonshotai/kimi-k2.6,off,,,Ministero delle infrastrutture e della mobilità sostenibili,,impegno,C81B21013200005,True,definitivo,,1,singolo,7400,1,2030,4414446.39,4414446.39,"4.414.446,39",quota,assegnazione,impegnato,2030,"art. 3; [TABELLA pag.4 n.1], riga 6","Comune di Brescia | C81B21013200005 | 7400/PG 1 | ... | 4.414.446,39 | ...",Decreto del Ministro delle infrastrutture e della mobilità sostenibili n. 464 del 22 novembre 2021,alta,,
2022 DDG 128 del 02-05-22.pdf,moonshotai/kimi-k2.6,off,,,Ministero delle infrastrutture e della mobilità sostenibili,,impegno,C81B21013200005,True,definitivo,,1,singolo,7400,1,2031,4414446.39,4414446.39,"4.414.446,39",quota,assegnazione,impegnato,2031,"art. 3; [TABELLA pag.4 n.1], riga 6","Comune di Brescia | C81B21013200005 | 7400/PG 1 | ... | 4.414.446,39 | ...",Decreto del Ministro delle infrastrutture e della mobilità sostenibili n. 464 del 22 novembre 2021,alta,,
2022 DDG 128 del 02-05-22.pdf,moonshotai/kimi-k2.6,off,,,Ministero delle infrastrutture e della mobilità sostenibili,,impegno,C81B21013200005,True,definitivo,,1,singolo,7400,1,2032,4414446.39,4414446.39,"4.414.446,39",quota,assegnazione,impegnato,2032,"art. 3; [TABELLA pag.4 n.1], riga 6","Comune di Brescia | C81B21013200005 | 7400/PG 1 | ... | 4.414.446,39 | ...",Decreto del Ministro delle infrastrutture e della mobilità sostenibili n. 464 del 22 novembre 2021,alta,,
2022 DDG 128 del 02-05-22.pdf,moonshotai/kimi-k2.6,off,,,Ministero delle infrastrutture e della mobilità sostenibili,,impegno,C81B21013200005,True,definitivo,,1,singolo,7400,1,2033,4414446.39,4414446.39,"4.414.446,39",quota,assegnazione,impegnato,2033,"art. 3; [TABELLA pag.4 n.1], riga 6","Comune di Brescia | C81B21013200005 | 7400/PG 1 | ... | 4.414.446,39 | ...",Decreto del Ministro delle infrastrutture e della mobilità sostenibili n. 464 del 22 novembre 2021,alta,,
2022 DDG 128 del 02-05-22.pdf,moonshotai/kimi-k2.6,off,,,Ministero delle infrastrutture e della mobilità sostenibili,,impegno,C81B21013200005,True,definitivo,,1,singolo,7400,1,2034,4414446.38,4414446.38,"4.414.446,38",quota,assegnazione,impegnato,2034,"art. 3; [TABELLA pag.4 n.1], riga 6","Comune di Brescia | C81B21013200005 | 7400/PG 1 | ... | 4.414.446,38 | ...",Decreto del Ministro delle infrastrutture e della mobilità sostenibili n. 464 del 22 novembre 2021,alta,,
2022 DDG 128 del 02-05-22.pdf,moonshotai/kimi-k2.6,off,,,Ministero delle infrastrutture e della mobilità sostenibili,,impegno,C81B21013200005,True,definitivo,,1,singolo,7400,1,,26486678.33,26486678.33,"26.486.678,33",totale,assegnazione,impegnato,Totale,"art. 3; [TABELLA pag.4 n.1], riga 6","Comune di Brescia | C81B21013200005 | 7400/PG 1 | ... | 26.486.678,33",Decreto del Ministro delle infrastrutture e della mobilità sostenibili n. 464 del 22 novembre 2021,alta,,"totale impegno su PG 1 per Brescia; risorse legge 30 dicembre 2020, n. 178"
2022 DI Mims Mef 97 20.04.2022.pdf,moonshotai/kimi-k2.6,off,,,Ministero delle Infrastrutture e della Mobilità Sostenibili,Ministero dell'Economia e delle Finanze,assegnazione,B39J22001360001,True,definitivo,,1,singolo,7400,8,,398000000.0,398000000.0,"398.000.000,00",totale,assegnazione,assegnato,FINANZIAMENTO AMMESSO,"art. 1, comma 1, lett. a); Allegato 1 / [TABELLA pag.10 n.1], riga 2","COMUNE DI GENOVA | SKYMETRO VAL BISAGNO GENOVA | B39J22001360001 | PFTE | 31.03.2023 | 30.06.2025 | 31.12.2027 | 398.000.000,00 | --- | 398.000.000,00",,alta,,
2022 DI Mims Mef 97 20.04.2022.pdf,moonshotai/kimi-k2.6,off,,,Ministero delle Infrastrutture e della Mobilità Sostenibili,Ministero dell'Economia e delle Finanze,assegnazione,B31F20000030005,True,definitivo,,1,singolo,7400,8,,20860000.0,20860000.0,"20.860.000,00",totale,assegnazione,assegnato,FINANZIAMENTO AMMESSO,"art. 1, comma 1, lett. a); Allegato 1 / [TABELLA pag.10 n.1], riga 3","COMUNE DI GENOVA | PROLUNGAMENTO METROPOLITANA DI GENOVA DA BRIN A CANEPARI... | B31F20000030005 | PFTE | 31.03.2023 | 31.12.2023 | 30.09.2024 | 20.860.000,00 | --- | 20.860.000,00",,alta,,
2022 DI Mims Mef 97 20.04.2022.pdf,moonshotai/kimi-k2.6,off,,,Ministero delle Infrastrutture e della Mobilità Sostenibili,Ministero dell'Economia e delle Finanze,assegnazione,B44D20000040001,True,definitivo,,1,singolo,7400,8,,180000000.0,180000000.0,"180.000.000,00",totale,assegnazione,assegnato,FINANZIAMENTO AMMESSO,"art. 1, comma 1, lett. a); Allegato 1 / [TABELLA pag.10 n.1], riga 4","COMUNE DI MILANO | LINEA METROPOLITANA M1 PROLUNGAMENTO QUARTIERE BAGGIO – OLMI - VALSESIA | B44D20000040001 | PROGETTO DEFINITIVO | 31.12.2022 | 31.12.2025 | 31.12.2027 | 398.000.000,00 | 218.000.000,00 | 180.000.000,00",,alta,,"Costo intervento 398.000.000,00; cofinanziamento disponibile 218.000.000,00; finanziamento ammesso 180.000.000,00"
2022 DI Mims Mef 97 20.04.2022.pdf,moonshotai/kimi-k2.6,off,,,Ministero delle Infrastrutture e della Mobilità Sostenibili,Ministero dell'Economia e delle Finanze,assegnazione,B91J21000040001,True,definitivo,,1,singolo,7400,8,,420000000.0,420000000.0,"420.000.000,00",totale,assegnazione,assegnato,FINANZIAMENTO AMMESSO,"art. 1, comma 1, lett. a); Allegato 1 / [TABELLA pag.10 n.1], riga 5","COMUNE DI MILANO | PROLUNGAMENTO LINEA METROPOLITANA M4 DA AEROPORTO LINATE A SEGRATE | B91J21000040001 | PFTE | 31.12.2025 | 31.12.2028 | 31.12.2030 | 420.000.000,00 | --- | 420.000.000,00",,alta,,
2022 DI Mims Mef 97 20.04.2022.pdf,moonshotai/kimi-k2.6,off,,,Ministero delle Infrastrutture e della Mobilità Sostenibili,Ministero dell'Economia e delle Finanze,assegnazione,B41J21000050006,True,definitivo,,1,singolo,7400,8,,4500000.0,4500000.0,"4.500.000,00",totale,assegnazione,assegnato,FINANZIAMENTO AMMESSO,"art. 1, comma 1, lett. a); Allegato 1 / [TABELLA pag.10 n.1], riga 6","COMUNE DI MILANO | NUOVA LINEA METROPOLITANA M6 RAMO SUD (PFTE) | B41J21000050006 | --- | 31.03.2023 | 30.06.2024 | 31.12.2025 | 4.500.000,00 | --- | 4.500.000,00",,alta,,Livello di progettazione indicato come '---' nella tabella
2022 DI Mims Mef 97 20.04.2022.pdf,moonshotai/kimi-k2.6,off,,,Ministero delle Infrastrutture e della Mobilità Sostenibili,Ministero dell'Economia e delle Finanze,assegnazione,B41C21000010001,True,definitivo,,1,singolo,7400,8,,5500000.0,5500000.0,"5.500.000,00",totale,assegnazione,assegnato,FINANZIAMENTO AMMESSO,"art. 1, comma 1, lett. a); Allegato 1 / [TABELLA pag.10 n.1], riga 7","COMUNE DI MILANO | PROLUNGAMENTO M3 SAN DONATO M. – ASTA PAULLESE (PFTE) | B41C21000010001 | PFTE – 1° FASE | 31.03.2023 | 30.06.2024 | 31.12.2025 | 5.500.000,00 | --- | 5.500.000,00",,alta,,
2022 DI Mims Mef 97 20.04.2022.pdf,moonshotai/kimi-k2.6,off,,,Ministero delle Infrastrutture e della Mobilità Sostenibili,Ministero dell'Economia e delle Finanze,assegnazione,F41B22000740009,True,definitivo,F41B22000740009,1,singolo,7400,8,,631373163.0,631373163.0,"631.373.163,00",totale,assegnazione,assegnato,FINANZIAMENTO AMMESSO,"art. 1, comma 1, lett. a); Allegato 1 / [TABELLA pag.10 n.1], riga 8","COMUNE DI NAPOLI / EAV Srl | NUOVO COLLEGAMENTO IN SEDE PROPRIA TRA LA STAZIONE AV DI AFRAGOLA E LA RETE METROPOLITANA DI NAPOLI. LOTTO 1°_STRALCIO I | F41B22000740009 (CUP MASTER) | PFTE | 31.03.2023 | 30.06.2025 | 31.12.2027 | 631.373.163,00 | --- | 631.373.163,00",,media,"Il CUP F41B22000740009 è indicato come 'CUP MASTER' nella tabella, ma è anche l'unico CUP dell'intervento; il valore del finanziamento ammesso si riferisce a questo CUP","Il CUP indicato come 'CUP MASTER' è l'unico codice presente per l'intervento; trattato come CUP dell'intervento con cup_master uguale al CUP stesso per fedeltà testuale, ma semanticamente potrebbe essere un errore di compilazione della tabella"
2022 DI Mims Mef 97 20.04.2022.pdf,moonshotai/kimi-k2.6,off,,,Ministero delle Infrastrutture e della Mobilità Sostenibili,Ministero dell'Economia e delle Finanze,assegnazione,F41B22000830009,True,definitivo,,1,singolo,7400,8,,163500824.0,163500824.0,"163.500.824,00",totale,assegnazione,assegnato,FINANZIAMENTO AMMESSO,"art. 1, comma 1, lett. a); Allegato 1 / [TABELLA pag.10 n.1], riga 9","COMUNE DI NAPOLI / EAV Srl | NUOVO COLLEGAMENTO IN SEDE PROPRIA TRA LA STAZIONE AV DI AFRAGOLA E LA RETE METROPOLITANA DI NAPOLI. LOTTO 1°_STRALCIO II | F41B22000830009 | PFTE | 31.03.2026 | 31.12.2026 | 31.12.2027 | 163.500.824,00 | --- | 163.500.824,00",,alta,,
2022 DI Mims Mef 97 20.04.2022.pdf,moonshotai/kimi-k2.6,off,,,Ministero delle Infrastrutture e della Mobilità Sostenibili,Ministero dell'Economia e delle Finanze,assegnazione,E51I04000010007,True,definitivo,,1,singolo,7400,8,,610000000.0,610000000.0,"610.000.000,00",totale,assegnazione,assegnato,FINANZIAMENTO AMMESSO,"art. 1, comma 1, lett. a); Allegato 1 / [TABELLA pag.10 n.1], riga 10","ROMA CAPITALE / ROMA METROPOLITANE Srl | LINEA C DELLA METROPOLITANA DI ROMA - SUB-TRATTA FUNZIONALE DA STAZIONE VENEZIA A STAZIONE FORI IMPERIALI | E51I04000010007 | PROGETTO DEFINITIVO | 31.12.2022 | 31.12.2027 | 31.12.2032 | 755.000.000,00 | 145.000.000,00 | 610.000.000,00",,alta,,"Costo intervento 755.000.000,00; cofinanziamento disponibile 145.000.000,00; finanziamento ammesso 610.000.000,00"
2022 DI Mims Mef 97 20.04.2022.pdf,moonshotai/kimi-k2.6,off,,,Ministero delle Infrastrutture e della Mobilità Sostenibili,Ministero dell'Economia e delle Finanze,assegnazione,E51I04000010007,True,definitivo,,1,singolo,7400,8,,990000000.0,990000000.0,"990.000.000,00",totale,assegnazione,assegnato,FINANZIAMENTO AMMESSO,"art. 1, comma 1, lett. a); Allegato 1 / [TABELLA pag.10 n.1], riga 11","ROMA CAPITALE / ROMA METROPOLITANE Srl | LINEA C DELLA METROPOLITANA DI ROMA - TRATTA T2 - LOTTO COSTRUTTIVO | E51I04000010007 | PROGETTO PRELIMINARE | 30.06.2023 | 30.09.2024 | 31.12.2026 | 990.000.000,00 | --- | 990.000.000,00",,alta,Stesso CUP E51I04000010007 di un altro intervento (sub-tratta Venezia-Fori Imperiali) ma con diverso livello di progettazione e diverso importo; si tratta di due interventi distinti con stesso CUP o di fasi dello stesso progetto?,"Secondo intervento con stesso CUP E51I04000010007 ma livello PROGETTO PRELIMINARE e importo 990.000.000,00; potrebbe trattarsi di fasi distinte del medesimo progetto complessivo Linea C"
2022 DI Mims Mef 97 20.04.2022.pdf,moonshotai/kimi-k2.6,off,,,Ministero delle Infrastrutture e della Mobilità Sostenibili,Ministero dell'Economia e delle Finanze,assegnazione,C71F20000020005,True,definitivo,,1,singolo,7400,8,,1000000000.0,1000000000.0,"1.000.000.000,00",totale,assegnazione,assegnato,FINANZIAMENTO AMMESSO,"art. 1, comma 1, lett. a); Allegato 1 / [TABELLA pag.10 n.1], riga 12","COMUNE DI TORINO | METROPOLITANA AUTOMATICA DI TORINO – LINEA 2 – TRATTA 'POLITECNICO – REBAUDENGO' | C71F20000020005 | PROGETTO DEFINITIVO | 31.12.2023 | 30.06.2028 | 31.12.2031 | 1.800.000.000,00 | 800.000.000,00 | 1.000.000.000,00",,alta,,"Costo intervento 1.800.000.000,00; cofinanziamento disponibile 800.000.000,00; finanziamento ammesso 1.000.000.000,00"
2022 DI Mims Mef 97 20.04.2022.pdf,moonshotai/kimi-k2.6,off,,,Ministero delle Infrastrutture e della Mobilità Sostenibili,Ministero dell'Economia e delle Finanze,assegnazione,J81B21014060001,True,definitivo,,1,singolo,7400,1,,173183831.97,173183831.97,"173.183.831,97",totale,assegnazione,assegnato,FINANZIAMENTO AMMESSO,"art. 1, comma 1, lett. b); Allegato 2 / [TABELLA pag.12 n.1], riga 2","ROMA CAPITALE | LINEA TRANVIARIA TERMINI - VATICANO - AURELIO | J81B21014060001 | TRANVIA | 293.183.831,97 | 120.000.000,00 | 173.183.831,97",,alta,,"Costo intervento 293.183.831,97; cofinanziamento disponibile 120.000.000,00 (da DM 448/2021 PNRR); finanziamento ammesso 173.183.831,97"
2022 DI Mims Mef 97 20.04.2022.pdf,moonshotai/kimi-k2.6,off,,,Ministero delle Infrastrutture e della Mobilità Sostenibili,Ministero dell'Economia e delle Finanze,assegnazione,J84E21005150001,True,definitivo,,1,singolo,7400,1,,11284217.84,11284217.84,"11.284.217,84",totale,assegnazione,assegnato,FINANZIAMENTO AMMESSO,"art. 1, comma 1, lett. b); Allegato 2 / [TABELLA pag.12 n.1], riga 3","ROMA CAPITALE | DEPOSITO DI CENTOCELLE EST | J84E21005150001 | TRANVIA | 11.284.217,84 | --- | 11.284.217,84",,alta,,
2022 DI Mims Mef 97 20.04.2022.pdf,moonshotai/kimi-k2.6,off,,,Ministero delle Infrastrutture e della Mobilità Sostenibili,Ministero dell'Economia e delle Finanze,assegnazione,E31J19000030001,True,definitivo,,1,singolo,7400,1,,26500000.0,26500000.0,"26.500.000,00",totale,assegnazione,assegnato,FINANZIAMENTO AMMESSO,"art. 1, comma 1, lett. b); Allegato 2 / [TABELLA pag.12 n.1], riga 4","COMUNE DI PIACENZA | SISTEMA DI TRASPORTO RAPIDO DI MASSA PER IL COLLEGAMENTO TRA LA STAZIONE FERROVIARIA DI PIACENZA ED IL NUOVO POLO OSPEDALIERO | E31J19000030001 | BUSVIA | 26.500.000,00 | --- | 26.500.000,00",,alta,,
2022 DI Mims Mef 97 20.04.2022.pdf,moonshotai/kimi-k2.6,off,,,Ministero delle Infrastrutture e della Mobilità Sostenibili,Ministero dell'Economia e delle Finanze,assegnazione,F44I19000530001,True,definitivo,,1,singolo,7400,1,,122200000.0,122200000.0,"122.200.000,00",totale,assegnazione,assegnato,FINANZIAMENTO AMMESSO,"art. 1, comma 1, lett. b); Allegato 2 / [TABELLA pag.12 n.1], riga 5","COMUNE DI MILANO | AMPLIAMENTO DEL DEPOSITO GALLARATESE DEI TRENI DELLA LINEA METROPOLITANA 1 | F44I19000530001 | METRO | 122.200.000,00 | --- | 122.200.000,00",,alta,,
2022 DI Mims Mef 97 20.04.2022.pdf,moonshotai/kimi-k2.6,off,,,Ministero delle Infrastrutture e della Mobilità Sostenibili,Ministero dell'Economia e delle Finanze,assegnazione,C11J22000000001,True,definitivo,,1,singolo,,,,221721410.41,221721410.41,"221.721.410,41",totale,assegnazione,ammesso,FINANZIAMENTO AMMESSO,"art. 2; Allegato 3 / [TABELLA pag.13 n.1], riga 2","COMUNE DI TORINO | PROLUNGAMENTO LINEA TRANVIARIA 12 ALL'ALLIANZ STADIUM E RECUPERO TRINCEA FERROVIA TORINO-CERES | C11J22000000001 | TRANVIA | 221.721.410,41 | --- | 221.721.410,41",,alta,,Stato_importo 'ammesso' (non 'assegnato') perché l'art. 2 dispone solo l'inserimento in graduatoria di interventi ammissibili a finanziamento ma non finanziati; non è prevista assegnazione con il presente decreto
2022 DI Mims Mef 97 20.04.2022.pdf,moonshotai/kimi-k2.6,off,,,Ministero delle Infrastrutture e della Mobilità Sostenibili,Ministero dell'Economia e delle Finanze,assegnazione,F47C19000370001,True,definitivo,,4,aggregato,,,,20900000.02,5225000.005,"20.900.000,02",totale,assegnazione,ammesso,FINANZIAMENTO AMMESSO,"art. 2; Allegato 3 / [TABELLA pag.13 n.1], riga 3","COMUNE DI MILANO | METROPOLITANA LINEA M3: INTERVENTI DI ADEGUAMENTO ANTINCENDIO AI SENSI DEL DM 21.10.2015 | F47C19000370001 F47D17000140005 F47C19000380001 F47C19000390001 | METRO | 25.000.000,02 | 4.100.000,00 | 20.900.000,02",,alta,,"Stato_importo 'ammesso'; quattro CUP per un unico importo di finanziamento ammesso; costo totale 25.000.000,02; cofinanziamento disponibile 4.100.000,00"
2022 DI Mims Mef 97 20.04.2022.pdf,moonshotai/kimi-k2.6,off,,,Ministero delle Infrastrutture e della Mobilità Sostenibili,Ministero dell'Economia e delle Finanze,assegnazione,F47D17000140005,True,definitivo,,4,aggregato,,,,20900000.02,5225000.005,"20.900.000,02",totale,assegnazione,ammesso,FINANZIAMENTO AMMESSO,"art. 2; Allegato 3 / [TABELLA pag.13 n.1], riga 3","COMUNE DI MILANO | METROPOLITANA LINEA M3: INTERVENTI DI ADEGUAMENTO ANTINCENDIO AI SENSI DEL DM 21.10.2015 | F47C19000370001 F47D17000140005 F47C19000380001 F47C19000390001 | METRO | 25.000.000,02 | 4.100.000,00 | 20.900.000,02",,alta,,"Stato_importo 'ammesso'; quattro CUP per un unico importo di finanziamento ammesso; costo totale 25.000.000,02; cofinanziamento disponibile 4.100.000,00"
2022 DI Mims Mef 97 20.04.2022.pdf,moonshotai/kimi-k2.6,off,,,Ministero delle Infrastrutture e della Mobilità Sostenibili,Ministero dell'Economia e delle Finanze,assegnazione,F47C19000380001,True,definitivo,,4,aggregato,,,,20900000.02,5225000.005,"20.900.000,02",totale,assegnazione,ammesso,FINANZIAMENTO AMMESSO,"art. 2; Allegato 3 / [TABELLA pag.13 n.1], riga 3","COMUNE DI MILANO | METROPOLITANA LINEA M3: INTERVENTI DI ADEGUAMENTO ANTINCENDIO AI SENSI DEL DM 21.10.2015 | F47C19000370001 F47D17000140005 F47C19000380001 F47C19000390001 | METRO | 25.000.000,02 | 4.100.000,00 | 20.900.000,02",,alta,,"Stato_importo 'ammesso'; quattro CUP per un unico importo di finanziamento ammesso; costo totale 25.000.000,02; cofinanziamento disponibile 4.100.000,00"
2022 DI Mims Mef 97 20.04.2022.pdf,moonshotai/kimi-k2.6,off,,,Ministero delle Infrastrutture e della Mobilità Sostenibili,Ministero dell'Economia e delle Finanze,assegnazione,F47C19000390001,True,definitivo,,4,aggregato,,,,20900000.02,5225000.005,"20.900.000,02",totale,assegnazione,ammesso,FINANZIAMENTO AMMESSO,"art. 2; Allegato 3 / [TABELLA pag.13 n.1], riga 3","COMUNE DI MILANO | METROPOLITANA LINEA M3: INTERVENTI DI ADEGUAMENTO ANTINCENDIO AI SENSI DEL DM 21.10.2015 | F47C19000370001 F47D17000140005 F47C19000380001 F47C19000390001 | METRO | 25.000.000,02 | 4.100.000,00 | 20.900.000,02",,alta,,"Stato_importo 'ammesso'; quattro CUP per un unico importo di finanziamento ammesso; costo totale 25.000.000,02; cofinanziamento disponibile 4.100.000,00"
2022 DI Mims Mef 97 20.04.2022.pdf,moonshotai/kimi-k2.6,off,,,Ministero delle Infrastrutture e della Mobilità Sostenibili,Ministero dell'Economia e delle Finanze,assegnazione,F47C19000350001,True,definitivo,,2,aggregato,,,,45000000.07,22500000.035,"45.000.000,07",totale,assegnazione,ammesso,FINANZIAMENTO AMMESSO,"art. 2; Allegato 3 / [TABELLA pag.13 n.1], riga 4","COMUNE DI MILANO | METROPOLITANA LINEE M1 + M2 - INTERVENTI DI ADEGUAMENTO ANTINCENDIO AI SENSI DEL DM 21.10.2015 FASE 2 | F47C19000350001 O F47C19000360001 | METRO | 45.000.000,07 | --- | 45.000.000,07",,alta,La tabella riporta 'F47C19000350001 O F47C19000360001' con connettore 'O' (o); trattati come due CUP alternativi ma entrambi associati allo stesso importo aggregato,Stato_importo 'ammesso'; due CUP per un unico importo; il testo della tabella usa 'O' come separatore
2022 DI Mims Mef 97 20.04.2022.pdf,moonshotai/kimi-k2.6,off,,,Ministero delle Infrastrutture e della Mobilità Sostenibili,Ministero dell'Economia e delle Finanze,assegnazione,F47C19000360001,True,definitivo,,2,aggregato,,,,45000000.07,22500000.035,"45.000.000,07",totale,assegnazione,ammesso,FINANZIAMENTO AMMESSO,"art. 2; Allegato 3 / [TABELLA pag.13 n.1], riga 4","COMUNE DI MILANO | METROPOLITANA LINEE M1 + M2 - INTERVENTI DI ADEGUAMENTO ANTINCENDIO AI SENSI DEL DM 21.10.2015 FASE 2 | F47C19000350001 O F47C19000360001 | METRO | 45.000.000,07 | --- | 45.000.000,07",,alta,La tabella riporta 'F47C19000350001 O F47C19000360001' con connettore 'O' (o); trattati come due CUP alternativi ma entrambi associati allo stesso importo aggregato,Stato_importo 'ammesso'; due CUP per un unico importo; il testo della tabella usa 'O' come separatore
2022 DI Mims Mef 97 20.04.2022.pdf,moonshotai/kimi-k2.6,off,,,Ministero delle Infrastrutture e della Mobilità Sostenibili,Ministero dell'Economia e delle Finanze,assegnazione,B34J18000220001,True,definitivo,,2,aggregato,,,,74516124.63,37258062.315,"74.516.124,63",totale,assegnazione,ammesso,FINANZIAMENTO AMMESSO,"art. 2; Allegato 3 / [TABELLA pag.13 n.1], riga 5","COMUNE DI GENOVA | LINEA METROPOLITANA: PROLUNGAMENTO A RIVAROLO E COMPLETAMENTO DELLA STAZIONE DI MARTINEZ / TERRALBA | B34J18000220001 B34J18000230001 | METRO | 74.516.124,63 | --- | 74.516.124,63",,alta,,Stato_importo 'ammesso'; due CUP per un unico importo di finanziamento ammesso
2022 DI Mims Mef 97 20.04.2022.pdf,moonshotai/kimi-k2.6,off,,,Ministero delle Infrastrutture e della Mobilità Sostenibili,Ministero dell'Economia e delle Finanze,assegnazione,B34J18000230001,True,definitivo,,2,aggregato,,,,74516124.63,37258062.315,"74.516.124,63",totale,assegnazione,ammesso,FINANZIAMENTO AMMESSO,"art. 2; Allegato 3 / [TABELLA pag.13 n.1], riga 5","COMUNE DI GENOVA | LINEA METROPOLITANA: PROLUNGAMENTO A RIVAROLO E COMPLETAMENTO DELLA STAZIONE DI MARTINEZ / TERRALBA | B34J18000220001 B34J18000230001 | METRO | 74.516.124,63 | --- | 74.516.124,63",,alta,,Stato_importo 'ammesso'; due CUP per un unico importo di finanziamento ammesso
2023 DM MIT 342-2023.pdf,moonshotai/kimi-k2.6,off,,,Ministero delle infrastrutture e dei trasporti,,rettifica,,False,,,0,singolo,7150,3,2033,217585.0,217585.0,217.585 euro,quota,assegnazione,assegnato,,"art. 1, comma 1","assegna, per l'annualità 2033, alla Regione Veneto risorse pari a 217.585 euro, in luogo dei precedenti 117.585 euro","decreto del Ministro delle infrastrutture e della mobilità sostenibili del 23 settembre 2021, n. 364",alta,,rettifica errore materiale: valore precedente 117.585 euro
2023 DM MIT 342-2023.pdf,moonshotai/kimi-k2.6,off,,,Ministero delle infrastrutture e dei trasporti,,rettifica,,False,,,0,singolo,7150,3,2033,690994.0,690994.0,690.994 euro,quota,assegnazione,assegnato,,"art. 1, comma 1","assegna, per l'annualità 2033, alla Regione Emilia Romagna risorse pari a 690.994 euro, in luogo dei precedenti 790.994 euro","decreto del Ministro delle infrastrutture e della mobilità sostenibili del 23 settembre 2021, n. 364",alta,,rettifica errore materiale: valore precedente 790.994 euro
2023 DM MIT 342-2023.pdf,moonshotai/kimi-k2.6,off,,,Ministero delle infrastrutture e dei trasporti,,rettifica,,False,,,0,singolo,7150,3,2032,125266.0,125266.0,125.266 euro,quota,assegnazione,assegnato,,"art. 1, comma 1","per l'annualità 2032, assegna alla Regione Veneto risorse pari a 125.266 euro, in luogo dei precedenti 125.268 euro","decreto del Ministro delle infrastrutture e della mobilità sostenibili del 23 settembre 2021, n. 364",alta,,rettifica errore materiale: valore precedente 125.268 euro
2023 DM MIT 342-2023.pdf,moonshotai/kimi-k2.6,off,,,Ministero delle infrastrutture e dei trasporti,,rettifica,,False,,,0,singolo,7150,3,2032,842682.0,842682.0,842.682 euro,quota,assegnazione,assegnato,,"art. 1, comma 1","per l'annualità 2032, assegna alla Regione Emilia Romagna risorse pari a 842.682 euro, in luogo dei precedenti 842.680 euro","decreto del Ministro delle infrastrutture e della mobilità sostenibili del 23 settembre 2021, n. 364",alta,,rettifica errore materiale: valore precedente 842.680 euro
2023 DM MIT 342-2023.pdf,moonshotai/kimi-k2.6,off,,,Ministero delle infrastrutture e dei trasporti,,rettifica,H49J21005480003,True,definitivo,,1,singolo,7150,3,,256450.0,256450.0,"256.450,00",totale,assegnazione,assegnato,IMPORTO TOTALE INTERVENTO,"Allegato 1 / [TABELLA pag.4 n.1], riga totale Liguria","FERROVIA GENOVA CASELLA | ... | 256.450,00 | 0,00 | 256.450,00 | 256.450,00 | H49J21005480003","decreto del Ministro delle infrastrutture e della mobilità sostenibili del 23 settembre 2021, n. 364",alta,,totale aggregato per 9 interventi di interscambio stazioni Genova-Casella; CUP presente in riga Sant'Olcese Tullo ma riferito all'intero aggregato
2023 DM MIT 342-2023.pdf,moonshotai/kimi-k2.6,off,,,Ministero delle infrastrutture e dei trasporti,,rettifica,C75B23000000001,True,definitivo,,1,singolo,7150,3,,10543255.0,10543255.0,"10.543.255,00",totale,assegnazione,assegnato,IMPORTO TOTALE INTERVENTO,"Allegato 1 / [TABELLA pag.4 n.1], riga Roma-Viterbo Catalano-Viterbo","Roma - Viterbo | ferrovia Roma – Viterbo nella tratta Catalano – Viterbo | ASTRAL S.p.A | ... | 10.543.255,00 | 0,00 | 10.543.255,00 | 10.543.255,00 | C75B23000000001",,alta,,
2023 DM MIT 342-2023.pdf,moonshotai/kimi-k2.6,off,,,Ministero delle infrastrutture e dei trasporti,,rettifica,C71G22000090001,True,definitivo,,1,singolo,7150,3,,7000000.0,7000000.0,"7.000.000,00",totale,assegnazione,assegnato,IMPORTO TOTALE INTERVENTO,"Allegato 1 / [TABELLA pag.4 n.1], riga Roma-Viterbo SSE e DOTE","Roma - Viterbo | Ferrovia Roma – Viterbo | ASTRAL S.p.A | POTENZIAMENTO DEL SISTEMA DI ALIMENTAZIONE ELETTRICA | ... | 7.000.000,00 | 0,00 | 7.000.000,00 | 7.000.000,00 | C71G22000090001",,alta,,
2023 DM MIT 342-2023.pdf,moonshotai/kimi-k2.6,off,,,Ministero delle infrastrutture e dei trasporti,,rettifica,E51B21002250001,True,definitivo,,1,singolo,7150,3,,20000000.0,20000000.0,"20.000.000,00",totale,assegnazione,assegnato,IMPORTO TOTALE INTERVENTO,"Allegato 1 / [TABELLA pag.4 n.1], riga Milano-Varese-Laveno","FERROVIA REGIONALE | Milano -Varese - Laveno. | FERROVIENORD | ... | 20.000.000,00 | 0,00 | 20.000.000,00 | 20.000.000,00 | E51B21002250001",,alta,,
2023 DM MIT 342-2023.pdf,moonshotai/kimi-k2.6,off,,,Ministero delle infrastrutture e dei trasporti,,rettifica,B41E04000210001,True,definitivo,,1,singolo,7150,3,,100000000.0,100000000.0,"100.000.000,00",totale,assegnazione,assegnato,IMPORTO TOTALE INTERVENTO,"Allegato 1 / [TABELLA pag.5 n.1], riga Linea 1 Metropolitana Napoli","ENTE AUTONOMO VOLTURNO S.R.L. | LINEE VESUVIANE | Comune di Napoli | ... | 50.000.000,00 | 50.000.000,00 | 100.000.000,00 | | B41E04000210001",,alta,,importo totale intervento comprende cofinanziamento
2023 DM MIT 342-2023.pdf,moonshotai/kimi-k2.6,off,,,Ministero delle infrastrutture e dei trasporti,,rettifica,F61B21003640009,True,definitivo,,1,singolo,7150,3,,30000000.0,30000000.0,"30.000.000,00",totale,assegnazione,assegnato,IMPORTO TOTALE INTERVENTO,"Allegato 1 / [TABELLA pag.5 n.1], riga Linee Flegree","ENTE AUTONOMO VOLTURNO S.R.L. | LINEE FLEGREE | EAV S.R.L. | ... | 30.000.000,00 | 0,00 | 30.000.000,00 | | F61B21003640009",,alta,,
2023 DM MIT 342-2023.pdf,moonshotai/kimi-k2.6,off,,,Ministero delle infrastrutture e dei trasporti,,rettifica,G31G22000250001,True,definitivo,,1,singolo,7150,3,,2800000.0,2800000.0,"2.800.000,00",totale,assegnazione,assegnato,IMPORTO TOTALE INTERVENTO,"Allegato 1 / [TABELLA pag.5 n.1], riga Bari-Matera pensilina","BARI- MATERA | BARI - MATERA | FERROVIE APPULO LUCANE | RIFACIMENTO PENSILINA BARI CENTRALE | ... | 2.800.000,00 | 0,00 | 2.800.000,00 | 2.800.000,00 | G31G22000250001",,alta,,
2023 DM MIT 342-2023.pdf,moonshotai/kimi-k2.6,off,,,Ministero delle infrastrutture e dei trasporti,,rettifica,D69D15002090001,True,definitivo,,2,aggregato,7150,3,,180000000.0,90000000.0,"180.000.000,00",totale,assegnazione,assegnato,IMPORTO TOTALE INTERVENTO,"Allegato 1 / [TABELLA pag.5 n.1], riga Maglie-Otranto/Zollino-Gagliano","MAGLIE- OTRANTO | MAGLIE- OTRANTO e TRATTA ZOLLINO- GAGLIANO C. | FERROVIE SUD EST | ... | 50.000.000,00 | 130.000.000,00 | 180.000.000,00 | | Lotto 4 - D69D15002090001 Lotto 3 - D49D15001920001",,alta,,importo unico per due lotti/CUP; l'atto non ripartisce tra i due lotti
2023 DM MIT 342-2023.pdf,moonshotai/kimi-k2.6,off,,,Ministero delle infrastrutture e dei trasporti,,rettifica,D49D15001920001,True,definitivo,,2,aggregato,7150,3,,180000000.0,90000000.0,"180.000.000,00",totale,assegnazione,assegnato,IMPORTO TOTALE INTERVENTO,"Allegato 1 / [TABELLA pag.5 n.1], riga Maglie-Otranto/Zollino-Gagliano","MAGLIE- OTRANTO | MAGLIE- OTRANTO e TRATTA ZOLLINO- GAGLIANO C. | FERROVIE SUD EST | ... | 50.000.000,00 | 130.000.000,00 | 180.000.000,00 | | Lotto 4 - D69D15002090001 Lotto 3 - D49D15001920001",,alta,,importo unico per due lotti/CUP; l'atto non ripartisce tra i due lotti
2023 DM MIT 342-2023.pdf,moonshotai/kimi-k2.6,off,,,Ministero delle infrastrutture e dei trasporti,,rettifica,G71B18000620005,True,definitivo,,1,singolo,7150,3,,2500000.0,2500000.0,"2.500.000,00",totale,assegnazione,assegnato,IMPORTO TOTALE INTERVENTO,"Allegato 1 / [TABELLA pag.5 n.1], riga Altamura parcheggio","BARI- MATERA | STAZIONE ALTAMURA | FERROVIE APPULO LUCANE | REALIZZAZIONE PARCHEGGIO DI INTERSCAMBIO | ... | 2.500.000,00 | 0,00 | 2.500.000,00 | 2.500.000,00 | G71B18000620005",,alta,,
2023 DM MIT 342-2023.pdf,moonshotai/kimi-k2.6,off,,,Ministero delle infrastrutture e dei trasporti,,rettifica,F81B21005610001,True,definitivo,,1,singolo,7150,3,,26400000.0,26400000.0,"26.400.000,00",totale,assegnazione,assegnato,IMPORTO TOTALE INTERVENTO,"Allegato 1 / [TABELLA pag.6 n.1], riga Monserrato-Isili","Monserrato - Isili | Monserrato - Isili | ARST | VARIANTE DI TRACCCIATO, REALIZZAZIONE PUNTI DI INCROCIO E RADDOPPIO | ... | 26.400.000,00 | 0,00 | 26.400.000,00 | | F81B21005610001",,alta,,"importo ammasso a finanziamento 18.000.000,00 in colonna separata"
2023 DM MIT 342-2023.pdf,moonshotai/kimi-k2.6,off,,,Ministero delle infrastrutture e dei trasporti,,rettifica,I61B21003020001,True,definitivo,,1,singolo,7150,3,,9900000.0,9900000.0,"9.900.000,00",totale,assegnazione,assegnato,IMPORTO TOTALE INTERVENTO,"Allegato 1 / [TABELLA pag.6 n.1], riga Catanzaro Città","Ferrovie della Calabria S.r.l | Soveria M. - Catanzaro - Catanzaro Lido | Ferrovie della Calabria S.r.l. | LAVORI DI REALIZZAZIONE DELLA NUOVA STAZIONE FERROVIARIA DI CATANZARO CITTÀ | ... | 9.900.000,00 | 0,00 | 9.900.000,00 | 9.900.000,00 | I61B21003020001",,alta,,
2023 DM MIT 342-2023.pdf,moonshotai/kimi-k2.6,off,,,Ministero delle infrastrutture e dei trasporti,,rettifica,I67H21003160001,True,definitivo,,1,singolo,7150,3,,2900000.0,2900000.0,"2.900.000,00",totale,assegnazione,assegnato,IMPORTO TOTALE INTERVENTO,"Allegato 1 / [TABELLA pag.6 n.1], riga Catanzaro-Germaneto","Ferrovie della Calabria S.r.l | Soveria M. - Catanzaro - Catanzaro Lido - Germaneto | Ferrovie della Calabria S.r.l. | LAVORI DI MIGLIORAMENTO DELLA FRUIBILITÀ | ... | 2.900.000,00 | 0,00 | 2.900.000,00 | 2.900.000,00 | I67H21003160001",,alta,,
2023 DM MIT 342-2023.pdf,moonshotai/kimi-k2.6,off,,,Ministero delle infrastrutture e dei trasporti,,rettifica,B89J21020930005,True,definitivo,,1,singolo,7150,3,,1200000.0,1200000.0,"1.200.000,00",totale,assegnazione,assegnato,IMPORTO TOTALE INTERVENTO,"Allegato 1 / [TABELLA pag.6 n.1], riga Fossacesia-Saletti","Divisione Ferroviari a di TUA S.p.A. | Fossacesia-Saletti | Divisione Ferroviaria di TUA S.p.A. | CREAZIONE POSTO INTERMEDIO LOCALITÀ GUASTACCONCIA | ... | 1.200.000,00 | 0,00 | 1.200.000,00 | 1.200.000,00 | B89J21020930005",,alta,,
2023 DM MIT 342-2023.pdf,moonshotai/kimi-k2.6,off,,,Ministero delle infrastrutture e dei trasporti,,rettifica,I57H21005640001,True,definitivo,,1,singolo,7150,4,,1512215.0,1512215.0,"1.512.215,00",totale,assegnazione,assegnato,IMPORTO TOTALE INTERVENTO,"Allegato 2 / [TABELLA pag.7 n.1], riga Adria-Mestre","ADRIA‐ MESTRE | | INFRASTRUTTRE VENETE SRL | INTERVENTI STRUTTURALI DI RISANAMENTO PONTE | ... | 1.512.215,00 | 0,00 | 1.512.215,00 | 1.512.215,00 | I57H21005640001",,alta,,
2023 DM MIT 342-2023.pdf,moonshotai/kimi-k2.6,off,,,Ministero delle infrastrutture e dei trasporti,,rettifica,B19F22013250002,True,definitivo,,1,singolo,7150,4,,2400000.0,2400000.0,"2.400.000,00",totale,assegnazione,assegnato,IMPORTO TOTALE INTERVENTO,"Allegato 2 / [TABELLA pag.7 n.1], riga Stia-Arezzo-Sinalunga","STIA ‐ AREZZO ‐ SINALUNGA | STIA ‐ AREZZO ‐ SINALUNGA | LA FERROVIARIA ITALIANA SPA | ELIMINAZIONE DI DUE PASSAGGI A LIVELLO | ... | 2.400.000,00 | 0,00 | 2.400.000,00 | 2.400.000,00 | B19F22013250002",,alta,,
2023 DM MIT 342-2023.pdf,moonshotai/kimi-k2.6,off,,,Ministero delle infrastrutture e dei trasporti,,rettifica,C89F23000050001,True,definitivo,,1,singolo,7150,4,,600000.0,600000.0,"600.000,00",totale,assegnazione,assegnato,IMPORTO TOTALE INTERVENTO,"Allegato 2 / [TABELLA pag.7 n.1], riga Parma-Suzzara","Parma- Suzzara - Comune di Brescello (RE) | FERROVIE EMILIA ROMGNA S.R.L. | SOPPRESSIONE DI QUATTRO PASSAGGI A LIVELLO PRIVATI | ... | 600.000,00 | 0,00 | 600.000,00 | 600.000,00 | C89F23000050001",,alta,,
2023 DM MIT 342-2023.pdf,moonshotai/kimi-k2.6,off,,,Ministero delle infrastrutture e dei trasporti,,rettifica,C99F23000050001,True,definitivo,,1,singolo,7150,4,,7000000.0,7000000.0,"7.000.000,00",totale,assegnazione,assegnato,IMPORTO TOTALE INTERVENTO,"Allegato 2 / [TABELLA pag.8 n.1], riga Bologna-Portomaggiore","Bologna- Portomaggiore - Comune di Castenaso (BO) | FERROVIE EMILIA ROMGNA S.R.L. | LINEA BOLOGNA- PORTOMAGGIORE, SOPPRESSIONE PL IN LOC. CA' DELL'ORBO | ... | 7.000.000,00 | 1.600.000,00 | 7.000.000,00 | 5.400.000,00 | C99F23000050001",,alta,,"colonna SICUREZZA 5.400.000,00; importo richiesto 5.400.000,00 con cofinanziamento 1.600.000,00"
2023 DM MIT 342-2023.pdf,moonshotai/kimi-k2.6,off,,,Ministero delle infrastrutture e dei trasporti,,rettifica,C56G21008730001,True,definitivo,,1,singolo,7150,4,,3400000.0,3400000.0,"3.400.000,00",totale,assegnazione,assegnato,IMPORTO TOTALE INTERVENTO,"Allegato 2 / [TABELLA pag.8 n.1], riga Reggio E.-Guastalla","Reggio E. Guastalla | FERROVIE EMILIA ROMGNA S.R.L. | UPGRADE CON IMPIANTI MULTI-ACC | ... | 3.400.000,00 | 0,00 | 3.400.000,00 | 3.400.000,00 | C56G21008730001",,alta,,
2023 DM MIT 342-2023.pdf,moonshotai/kimi-k2.6,off,,,Ministero delle infrastrutture e dei trasporti,,rettifica,F41B21005790009,True,definitivo,,1,singolo,7150,4,,30000000.0,30000000.0,30.000.000,totale,assegnazione,assegnato,IMPORTO TOTALE INTERVENTO,"Allegato 2 / [TABELLA pag.9 n.1], riga Napoli-Piedimonte Matese","ENTE AUTONOMO VOLTURNO S.R.L. | LINEA SUBURB ANA NAPOLI‐ PIEDIMO NTE MATESE | EAV S.R.L. | SOPPRESSIONE PP.LL. RETE FERROVIARIA EAV | ... | 30.000.000 | € 0,00 | 30.000.000 | 30.000.000 | F41B21005790009",,alta,,notazione € in cella importo richiesto: 30.000.000 €
2023 DM MIT 342-2023.pdf,moonshotai/kimi-k2.6,off,,,Ministero delle infrastrutture e dei trasporti,,rettifica,G31G22000260001,True,definitivo,,1,singolo,7150,4,,7200000.0,7200000.0,7.200.000,totale,assegnazione,assegnato,IMPORTO TOTALE INTERVENTO,"Allegato 2 / [TABELLA pag.9 n.1], riga Bari Sant'Andrea-Modugno",BARI‐ MATERA | Bari Sant'Andrea - Modugno | FERROVIE APPULO LUCANE S.r.l | RADDOPPIO TRA BARI SANT'ANDREA E MODUGNO | ... | 7.200.000 | 0 | 7.200.000 | 7.200.000 | G31G22000260001,,alta,,
2023 DM MIT 342-2023.pdf,moonshotai/kimi-k2.6,off,,,Ministero delle infrastrutture e dei trasporti,,rettifica,G11B18000550005,True,definitivo,,1,singolo,7150,4,,3500000.0,3500000.0,"3.500.000,00",totale,assegnazione,assegnato,IMPORTO TOTALE INTERVENTO,"Allegato 2 / [TABELLA pag.10 n.1], riga Matera-Altamura officina","FERROVIE APPULO LUCANE S.r.l | tratta Matera ‐ Altamura della linea Bari ‐ Matera | FERROVIE APPULO LUCANE S.r.l | Interventi sui piazzali di Matera Serra Rifusa | ... | 3.500.000,00 | 0 | 3.500.000 | 3.500.000 | G11B18000550005",,alta,,
2023 DM MIT 342-2023.pdf,moonshotai/kimi-k2.6,off,,,Ministero delle infrastrutture e dei trasporti,,rettifica,B81B21003770005,True,definitivo,,1,singolo,7150,4,,1750000.0,1750000.0,"1.750.000,00 €",totale,assegnazione,assegnato,IMPORTO TOTALE INTERVENTO,"Allegato 2 / [TABELLA pag.10 n.1], riga Fossacesia-Archi","Divisione Ferroviaria di TUA S.p.A. | Fossacesia‐ Archi | Divisione Ferroviaria di TUA S.p.A. | TESATURA DEI CONDUTTORI IN RAME | ... | 1.750.000,00 € | 0 | 1.750.000 | 1.750.000 | B81B21003770005",,alta,,"notazione € in cella importo richiesto: 1.750.000,00 €"
2025 DD MIT 141-2025.pdf,moonshotai/kimi-k2.6,off,141,2025-04-18,Ministero delle infrastrutture e dei trasporti,,impegno,E51I04000010007,True,definitivo,,1,singolo,7419,2,2024,50000000.0,50000000.0,"€ 50.000.000,00",quota,assegnazione,impegnato,,"art. 3; [TABELLA pag.5 n.1], riga 1","2024 | € 50.000.000,00",,alta,,"importo in conto residui, esercizio di provenienza 2024"
2025 DD MIT 141-2025.pdf,moonshotai/kimi-k2.6,off,141,2025-04-18,Ministero delle infrastrutture e dei trasporti,,impegno,E51I04000010007,True,definitivo,,1,singolo,7419,2,2025,25000000.0,25000000.0,"€ 25.000.000,00",quota,assegnazione,impegnato,,"art. 3; [TABELLA pag.5 n.1], riga 2","2025 | € 25.000.000,00",,alta,,
2025 DD MIT 141-2025.pdf,moonshotai/kimi-k2.6,off,141,2025-04-18,Ministero delle infrastrutture e dei trasporti,,impegno,E51I04000010007,True,definitivo,,1,singolo,7419,2,2026,50000000.0,50000000.0,"€ 50.000.000,00",quota,assegnazione,impegnato,,"art. 3; [TABELLA pag.5 n.1], riga 3","2026 | € 50.000.000,00",,alta,,
2025 DD MIT 141-2025.pdf,moonshotai/kimi-k2.6,off,141,2025-04-18,Ministero delle infrastrutture e dei trasporti,,impegno,E51I04000010007,True,definitivo,,1,singolo,7419,2,2027,350000000.0,350000000.0,"€ 350.000.000,00",quota,assegnazione,impegnato,,"art. 3; [TABELLA pag.5 n.1], riga 4","2027 | € 350.000.000,00",,alta,,
2025 DD MIT 141-2025.pdf,moonshotai/kimi-k2.6,off,141,2025-04-18,Ministero delle infrastrutture e dei trasporti,,impegno,E51I04000010007,True,definitivo,,1,singolo,7419,2,2028,200000000.0,200000000.0,"€ 200.000.000,00",quota,assegnazione,impegnato,,"art. 3; [TABELLA pag.5 n.1], riga 5","2028 | € 200.000.000,00",,alta,,
2025 DD MIT 141-2025.pdf,moonshotai/kimi-k2.6,off,141,2025-04-18,Ministero delle infrastrutture e dei trasporti,,impegno,E51I04000010007,True,definitivo,,1,singolo,7419,2,2029,150000000.0,150000000.0,"€ 150.000.000,00",quota,assegnazione,impegnato,,"art. 3; [TABELLA pag.5 n.1], riga 6","2029 | € 150.000.000,00",,alta,,
2025 DD MIT 141-2025.pdf,moonshotai/kimi-k2.6,off,141,2025-04-18,Ministero delle infrastrutture e dei trasporti,,impegno,E51I04000010007,True,definitivo,,1,singolo,7419,2,2030,450000000.0,450000000.0,"€ 450.000.000,00",quota,assegnazione,impegnato,,"art. 3; [TABELLA pag.5 n.1], riga 7","2030 | € 450.000.000,00",,alta,,
2025 DD MIT 141-2025.pdf,moonshotai/kimi-k2.6,off,141,2025-04-18,Ministero delle infrastrutture e dei trasporti,,impegno,E51I04000010007,True,definitivo,,1,singolo,7419,2,2031,450000000.0,450000000.0,"€ 450.000.000,00",quota,assegnazione,impegnato,,"art. 3; [TABELLA pag.5 n.1], riga 8","2031 | € 450.000.000,00",,alta,,
2025 DD MIT 141-2025.pdf,moonshotai/kimi-k2.6,off,141,2025-04-18,Ministero delle infrastrutture e dei trasporti,,impegno,E51I04000010007,True,definitivo,,1,singolo,7419,2,2032,400000000.0,400000000.0,"€ 400.000.000,00",quota,assegnazione,impegnato,,"art. 3; [TABELLA pag.5 n.1], riga 9","2032 | € 400.000.000,00",,alta,,
2025 DD MIT 141-2025.pdf,moonshotai/kimi-k2.6,off,141,2025-04-18,Ministero delle infrastrutture e dei trasporti,,impegno,E51I04000010007,True,definitivo,,1,singolo,7419,2,,2125000000.0,2125000000.0,"€ 2.125.000.000,00",totale,assegnazione,impegnato,,"art. 3; [TABELLA pag.5 n.1], riga 10 (TOTALE)","TOTALE | € 2.125.000.000,00",,alta,,"somma complessiva di cui € 50.000.000,00 in conto residui esercizio 2024 e € 2.075.000.000,00 per esercizi 2025-2032"
2025 DD MIT 141-2025.pdf,moonshotai/kimi-k2.6,off,141,2025-04-18,Ministero delle infrastrutture e dei trasporti,,impegno,E51I04000010007,True,definitivo,,1,singolo,7416,1,2027,50000000.0,50000000.0,"€ 50.000.000,00",quota,assegnazione,impegnato,,art. 4,"per la somma complessiva di € 75.000.000,00, di cui 50.000.000,00 per l'esercizio finanziario 2027",,alta,,
2025 DD MIT 141-2025.pdf,moonshotai/kimi-k2.6,off,141,2025-04-18,Ministero delle infrastrutture e dei trasporti,,impegno,E51I04000010007,True,definitivo,,1,singolo,7416,1,2028,25000000.0,25000000.0,"€ 25.000.000,00",quota,assegnazione,impegnato,,art. 4,"€ 25.000.000,00 per l'esercizio finanziario 2028",,alta,,
2025 DD MIT 141-2025.pdf,moonshotai/kimi-k2.6,off,141,2025-04-18,Ministero delle infrastrutture e dei trasporti,,impegno,E51I04000010007,True,definitivo,,1,singolo,7416,1,,75000000.0,75000000.0,"€ 75.000.000,00",totale,assegnazione,impegnato,,art. 4,"per la somma complessiva di € 75.000.000,00",,alta,,
2022 DD MIT 454-2022.pdf,qwen/qwen3.6-35b-a3b,off,non specificato nel testo,,Ministero delle infrastrutture e dei trasporti,,impegno,E51I04000010007,True,definitivo,,1,singolo,7426,1,2021,14000000.0,14000000.0,"€ 14.000.000,00",quota,assegnazione,impegnato,Impegno in conto residui,art. 1,"è autorizzato... a favore di Roma Capitale per l’intervento... CUP E51I04000010007, l’impegno di € 14.000.000,00 in conto residui di lettera F, esercizio di provenienza 2021.","DM MIT 14 novembre 2014, n. 498",alta,,"Importo relativo all'esercizio 2021, reiscritto da risorse non impegnate nel 2018."
2022 DD MIT 454-2022.pdf,qwen/qwen3.6-35b-a3b,off,non specificato nel testo,,Ministero delle infrastrutture e dei trasporti,,impegno,E51I04000010007,True,definitivo,,1,singolo,7426,1,,131000000.0,131000000.0,"€ 131.000.000,00",totale,assegnazione,impegnato,Impegno complessivo,art. 2,"è autorizzato l’impegno... per l’importo complessivo di € 131.000.000,00 a favore di Roma Capitale, per l’intervento... CUP E51I04000010007","DM MIT 14 novembre 2014, n. 498",alta,,Importo complessivo ripartito in annualità 2022-2025.
2022 DD MIT 454-2022.pdf,qwen/qwen3.6-35b-a3b,off,non specificato nel testo,,Ministero delle infrastrutture e dei trasporti,,impegno,E51I04000010007,True,definitivo,,1,singolo,7426,1,2022,35000000.0,35000000.0,"35.000.000,00 €",quota,assegnazione,impegnato,Importo annualità,"art. 2; [TABELLA pag.3 n.1], riga 1","Anno 2022 | Importo 35.000.000,00 €","DM MIT 14 novembre 2014, n. 498",alta,,
2022 DD MIT 454-2022.pdf,qwen/qwen3.6-35b-a3b,off,non specificato nel testo,,Ministero delle infrastrutture e dei trasporti,,impegno,E51I04000010007,True,definitivo,,1,singolo,7426,1,2023,40000000.0,40000000.0,"40.000.000,00 €",quota,assegnazione,impegnato,Importo annualità,"art. 2; [TABELLA pag.3 n.1], riga 2","Anno 2023 | Importo 40.000.000,00 €","DM MIT 14 novembre 2014, n. 498",alta,,
2022 DD MIT 454-2022.pdf,qwen/qwen3.6-35b-a3b,off,non specificato nel testo,,Ministero delle infrastrutture e dei trasporti,,impegno,E51I04000010007,True,definitivo,,1,singolo,7426,1,2024,33500000.0,33500000.0,"33.500.000,00 €",quota,assegnazione,impegnato,Importo annualità,"art. 2; [TABELLA pag.3 n.1], riga 3","Anno 2024 | Importo 33.500.000,00 €","DM MIT 14 novembre 2014, n. 498",alta,,
2022 DD MIT 454-2022.pdf,qwen/qwen3.6-35b-a3b,off,non specificato nel testo,,Ministero delle infrastrutture e dei trasporti,,impegno,E51I04000010007,True,definitivo,,1,singolo,7426,1,2025,22500000.0,22500000.0,"22.500.000,00 €",quota,assegnazione,impegnato,Importo annualità,"art. 2; [TABELLA pag.3 n.1], riga 4","Anno 2025 | Importo 22.500.000,00 €","DM MIT 14 novembre 2014, n. 498",alta,,
2022 DDG 128 del 02-05-22.pdf,qwen/qwen3.6-35b-a3b,off,464/2021,,Ministero delle infrastrutture e della mobilità sostenibili,,impegno,H94I19000130004,True,definitivo,,1,singolo,7400,7,,97154124.1,97154124.1,"97.154.124,10",totale,assegnazione,impegnato,Totale,"Allegato / [TABELLA pag.4 n.1], riga 1","Comune di Padova | H94I19000130004 | 7400/PG 7 | ... | 97.154.124,10","DM MIT 22 novembre 2021, n. 464",alta,,Impegno in conto competenza (Art. 2) e residui (Art. 1) per l'intero importo totale dell'allegato.
2022 DDG 128 del 02-05-22.pdf,qwen/qwen3.6-35b-a3b,off,464/2021,,Ministero delle infrastrutture e della mobilità sostenibili,,impegno,J80J18000000001,True,definitivo,,1,singolo,7400,7,,159466174.12,159466174.12,"159.466.174,12",totale,assegnazione,impegnato,Totale,"Allegato / [TABELLA pag.4 n.1], riga 2","Roma Capitale | J80J18000000001 | 7400/PG 7 | ... | 159.466.174,12","DM MIT 22 novembre 2021, n. 464",alta,,Impegno in conto competenza (Art. 2) e residui (Art. 1) per l'intero importo totale dell'allegato.
2022 DDG 128 del 02-05-22.pdf,qwen/qwen3.6-35b-a3b,off,464/2021,,Ministero delle infrastrutture e della mobilità sostenibili,,impegno,C11B21008720001,True,definitivo,,2,aggregato,7400,7,,44494493.04,22247246.52,"44.494.493,04",totale,assegnazione,impegnato,Totale,"Allegato / [TABELLA pag.4 n.1], riga 3","Comune di Torino | C11B21008720001 D81E20000410007 | 7400/PG 7 | ... | 44.494.493,04","DM MIT 22 novembre 2021, n. 464",alta,,Importo aggregato per due CUP distinti nella stessa riga. Impegno in conto competenza (Art. 2) e residui (Art. 1).
2022 DDG 128 del 02-05-22.pdf,qwen/qwen3.6-35b-a3b,off,464/2021,,Ministero delle infrastrutture e della mobilità sostenibili,,impegno,D81E20000410007,True,definitivo,,2,aggregato,7400,7,,44494493.04,22247246.52,"44.494.493,04",totale,assegnazione,impegnato,Totale,"Allegato / [TABELLA pag.4 n.1], riga 3","Comune di Torino | C11B21008720001 D81E20000410007 | 7400/PG 7 | ... | 44.494.493,04","DM MIT 22 novembre 2021, n. 464",alta,,Importo aggregato per due CUP distinti nella stessa riga. Impegno in conto competenza (Art. 2) e residui (Art. 1).
2022 DDG 128 del 02-05-22.pdf,qwen/qwen3.6-35b-a3b,off,464/2021,,Ministero delle infrastrutture e della mobilità sostenibili,,impegno,C81B21013200005,True,definitivo,,1,singolo,7400,7,,333059208.74,333059208.74,"333.059.208,74",totale,assegnazione,impegnato,Totale,"Allegato / [TABELLA pag.4 n.1], riga 4","Comune di Brescia | C81B21013200005 | 7400/PG 7 | ... | 333.059.208,74","DM MIT 22 novembre 2021, n. 464",alta,,Impegno in conto competenza (Art. 2) e residui (Art. 1) per l'intero importo totale dell'allegato.
2022 DDG 128 del 02-05-22.pdf,qwen/qwen3.6-35b-a3b,off,464/2021,,Ministero delle infrastrutture e della mobilità sostenibili,,impegno,C81B21013200005,True,definitivo,,1,singolo,7400,1,,26486678.33,26486678.33,"26.486.678,33",totale,assegnazione,impegnato,Totale,"Allegato / [TABELLA pag.4 n.1], riga 5","Comune di Brescia | C81B21013200005 | 7400/PG 1 | ... | 26.486.678,33","DM MIT 22 novembre 2021, n. 464",alta,,Impegno in conto competenza (Art. 3) per l'intero importo totale dell'allegato.
2022 DI Mims Mef 97 20.04.2022.pdf,qwen/qwen3.6-35b-a3b,off,464,2022-04-29,Ministero delle Infrastrutture e della Mobilità Sostenibili,Ministero dell'Economia e delle Finanze,assegnazione,B39J22001360001,True,definitivo,,1,singolo,7400,8,,398000000.0,398000000.0,"398.000.000,00",totale,assegnazione,assegnato,Finanziamento disponibile,"art. 1, comma 1, lett. a); Allegato 1 / [TABELLA pag.10 n.1], riga 2","SKYMETRO VAL BISAGNO GENOVA | B39J22001360001 | 398.000.000,00",,alta,,
2022 DI Mims Mef 97 20.04.2022.pdf,qwen/qwen3.6-35b-a3b,off,464,2022-04-29,Ministero delle Infrastrutture e della Mobilità Sostenibili,Ministero dell'Economia e delle Finanze,assegnazione,B31F20000030005,True,definitivo,,1,singolo,7400,8,,20860000.0,20860000.0,"20.860.000,00",totale,assegnazione,assegnato,Finanziamento disponibile,"art. 1, comma 1, lett. a); Allegato 1 / [TABELLA pag.10 n.1], riga 4","PROLUNGAMENTO METROPOLITANA DI GENOVA DA BRIN A CANEPARI... | B31F20000030005 | 20.860.000,00",,alta,,
2022 DI Mims Mef 97 20.04.2022.pdf,qwen/qwen3.6-35b-a3b,off,464,2022-04-29,Ministero delle Infrastrutture e della Mobilità Sostenibili,Ministero dell'Economia e delle Finanze,assegnazione,B44D20000040001,True,definitivo,,1,singolo,7400,8,,180000000.0,180000000.0,"180.000.000,00",totale,assegnazione,assegnato,Finanziamento disponibile,"art. 1, comma 1, lett. a); Allegato 1 / [TABELLA pag.10 n.1], riga 6","LINEA METROPOLITANA M1 PROLUNGAMENTO QUARTIERE BAGGIO... | B44D20000040001 | 180.000.000,00",,alta,,
2022 DI Mims Mef 97 20.04.2022.pdf,qwen/qwen3.6-35b-a3b,off,464,2022-04-29,Ministero delle Infrastrutture e della Mobilità Sostenibili,Ministero dell'Economia e delle Finanze,assegnazione,B91J21000040001,True,definitivo,,1,singolo,7400,8,,420000000.0,420000000.0,"420.000.000,00",totale,assegnazione,assegnato,Finanziamento disponibile,"art. 1, comma 1, lett. a); Allegato 1 / [TABELLA pag.10 n.1], riga 8","PROLUNGAMENTO LINEA METROPOLITANA M4 DA AEROPORTO LINATE A SEGRATE | B91J21000040001 | 420.000.000,00",,alta,,
2022 DI Mims Mef 97 20.04.2022.pdf,qwen/qwen3.6-35b-a3b,off,464,2022-04-29,Ministero delle Infrastrutture e della Mobilità Sostenibili,Ministero dell'Economia e delle Finanze,assegnazione,B41J21000050006,True,definitivo,,1,singolo,7400,8,,4500000.0,4500000.0,"4.500.000,00",totale,assegnazione,assegnato,Finanziamento disponibile,"art. 1, comma 1, lett. a); Allegato 1 / [TABELLA pag.10 n.1], riga 10","NUOVA LINEA METROPOLITANA M6 RAMO SUD (PFTE) | B41J21000050006 | 4.500.000,00",,alta,,
2022 DI Mims Mef 97 20.04.2022.pdf,qwen/qwen3.6-35b-a3b,off,464,2022-04-29,Ministero delle Infrastrutture e della Mobilità Sostenibili,Ministero dell'Economia e delle Finanze,assegnazione,B41C21000010001,True,definitivo,,1,singolo,7400,8,,5500000.0,5500000.0,"5.500.000,00",totale,assegnazione,assegnato,Finanziamento disponibile,"art. 1, comma 1, lett. a); Allegato 1 / [TABELLA pag.10 n.1], riga 12","PROLUNGAMENTO M3 SAN DONATO M. – ASTA PAULLESE (PFTE) | B41C21000010001 | 5.500.000,00",,alta,,
2022 DI Mims Mef 97 20.04.2022.pdf,qwen/qwen3.6-35b-a3b,off,464,2022-04-29,Ministero delle Infrastrutture e della Mobilità Sostenibili,Ministero dell'Economia e delle Finanze,assegnazione,F41B22000740009,True,definitivo,,1,singolo,7400,8,,631373163.0,631373163.0,"631.373.163,00",totale,assegnazione,assegnato,Finanziamento disponibile,"art. 1, comma 1, lett. a); Allegato 1 / [TABELLA pag.10 n.1], riga 14","NUOVO COLLEGAMENTO IN SEDE PROPRIA TRA LA STAZIONE AV DI AFRAGOLA... LOTTO 1°_STRALCIO I | F41B22000740009 (CUP MASTER) | 631.373.163,00",,alta,,"Il CUP indicato è identificato come CUP MASTER nella tabella, ma è l'unico codice associato all'importo di questo lotto specifico."
2022 DI Mims Mef 97 20.04.2022.pdf,qwen/qwen3.6-35b-a3b,off,464,2022-04-29,Ministero delle Infrastrutture e della Mobilità Sostenibili,Ministero dell'Economia e delle Finanze,assegnazione,F41B22000830009,True,definitivo,,1,singolo,7400,8,,163500824.0,163500824.0,"163.500.824,00",totale,assegnazione,assegnato,Finanziamento disponibile,"art. 1, comma 1, lett. a); Allegato 1 / [TABELLA pag.10 n.1], riga 16","NUOVO COLLEGAMENTO IN SEDE PROPRIA TRA LA STAZIONE AV DI AFRAGOLA... LOTTO 1°_STRALCIO II | F41B22000830009 | 163.500.824,00",,alta,,
2022 DI Mims Mef 97 20.04.2022.pdf,qwen/qwen3.6-35b-a3b,off,464,2022-04-29,Ministero delle Infrastrutture e della Mobilità Sostenibili,Ministero dell'Economia e delle Finanze,assegnazione,E51I04000010007,True,definitivo,,1,singolo,7400,8,,610000000.0,610000000.0,"610.000.000,00",totale,assegnazione,assegnato,Finanziamento disponibile,"art. 1, comma 1, lett. a); Allegato 1 / [TABELLA pag.10 n.1], riga 18","LINEA C DELLA METROPOLITANA DI ROMA - SUB-TRATTA FUNZIONALE... | E51I04000010007 | 610.000.000,00",,alta,,
2022 DI Mims Mef 97 20.04.2022.pdf,qwen/qwen3.6-35b-a3b,off,464,2022-04-29,Ministero delle Infrastrutture e della Mobilità Sostenibili,Ministero dell'Economia e delle Finanze,assegnazione,E51I04000010007,True,definitivo,,1,singolo,7400,8,,990000000.0,990000000.0,"990.000.000,00",totale,assegnazione,assegnato,Finanziamento disponibile,"art. 1, comma 1, lett. a); Allegato 1 / [TABELLA pag.10 n.1], riga 20","LINEA C DELLA METROPOLITANA DI ROMA - TRATTA T2 - LOTTO COSTRUTTIVO | E51I04000010007 | 990.000.000,00",,alta,,
2022 DI Mims Mef 97 20.04.2022.pdf,qwen/qwen3.6-35b-a3b,off,464,2022-04-29,Ministero delle Infrastrutture e della Mobilità Sostenibili,Ministero dell'Economia e delle Finanze,assegnazione,C71F20000020005,True,definitivo,,1,singolo,7400,8,,1000000000.0,1000000000.0,"1.000.000.000,00",totale,assegnazione,assegnato,Finanziamento disponibile,"art. 1, comma 1, lett. a); Allegato 1 / [TABELLA pag.10 n.1], riga 22","METROPOLITANA AUTOMATICA DI TORINO – LINEA 2 – TRATTA “POLITECNICO – REBAUDENGO” | C71F20000020005 | 1.000.000.000,00",,alta,,
2022 DI Mims Mef 97 20.04.2022.pdf,qwen/qwen3.6-35b-a3b,off,464,2022-04-29,Ministero delle Infrastrutture e della Mobilità Sostenibili,Ministero dell'Economia e delle Finanze,assegnazione,J81B21014060001,True,definitivo,,1,singolo,7400,1,,173183831.97,173183831.97,"173.183.831,97",totale,assegnazione,assegnato,Finanziamento disponibile,"art. 1, comma 1, lett. b); Allegato 2 / [TABELLA pag.12 n.1], riga 2","LINEA TRANVIARIA TERMINI - VATICANO - AURELIO | J81B21014060001 | 173.183.831,97",,alta,,
2022 DI Mims Mef 97 20.04.2022.pdf,qwen/qwen3.6-35b-a3b,off,464,2022-04-29,Ministero delle Infrastrutture e della Mobilità Sostenibili,Ministero dell'Economia e delle Finanze,assegnazione,J84E21005150001,True,definitivo,,1,singolo,7400,1,,11284217.84,11284217.84,"11.284.217,84",totale,assegnazione,assegnato,Finanziamento disponibile,"art. 1, comma 1, lett. b); Allegato 2 / [TABELLA pag.12 n.1], riga 4","DEPOSITO DI CENTOCELLE EST | J84E21005150001 | 11.284.217,84",,alta,,
2022 DI Mims Mef 97 20.04.2022.pdf,qwen/qwen3.6-35b-a3b,off,464,2022-04-29,Ministero delle Infrastrutture e della Mobilità Sostenibili,Ministero dell'Economia e delle Finanze,assegnazione,E31J19000030001,True,definitivo,,1,singolo,7400,1,,26500000.0,26500000.0,"26.500.000,00",totale,assegnazione,assegnato,Finanziamento disponibile,"art. 1, comma 1, lett. b); Allegato 2 / [TABELLA pag.12 n.1], riga 6","SISTEMA DI TRASPORTO RAPIDO DI MASSA PER IL COLLEGAMENTO... PIACENZA | E31J19000030001 | 26.500.000,00",,alta,,
2022 DI Mims Mef 97 20.04.2022.pdf,qwen/qwen3.6-35b-a3b,off,464,2022-04-29,Ministero delle Infrastrutture e della Mobilità Sostenibili,Ministero dell'Economia e delle Finanze,assegnazione,F44I19000530001,True,definitivo,,1,singolo,7400,1,,122200000.0,122200000.0,"122.200.000,00",totale,assegnazione,assegnato,Finanziamento disponibile,"art. 1, comma 1, lett. b); Allegato 2 / [TABELLA pag.12 n.1], riga 8","AMPLIAMENTO DEL DEPOSITO GALLARATESE DEI TRENI DELLA LINEA METROPOLITANA 1 | F44I19000530001 | 122.200.000,00",,alta,,
2022 DI Mims Mef 97 20.04.2022.pdf,qwen/qwen3.6-35b-a3b,off,464,2022-04-29,Ministero delle Infrastrutture e della Mobilità Sostenibili,Ministero dell'Economia e delle Finanze,assegnazione,C11J22000000001,True,definitivo,,1,singolo,,,,221721410.41,221721410.41,"221.721.410,41",totale,altro,ammesso,Finanziamento ammesso,"art. 2, comma 1; Allegato 3 / [TABELLA pag.13 n.1], riga 2","PROLUNGAMENTO LINEA TRANVIARIA 12 ALL'ALLIANZ STADIUM... | C11J22000000001 | 221.721.410,41",,alta,,Intervento ammesso a finanziamento ma non assegnato nel presente decreto (scorrimento graduatoria).
2022 DI Mims Mef 97 20.04.2022.pdf,qwen/qwen3.6-35b-a3b,off,464,2022-04-29,Ministero delle Infrastrutture e della Mobilità Sostenibili,Ministero dell'Economia e delle Finanze,assegnazione,F47C19000370001,True,definitivo,,4,aggregato,,,,20900000.02,5225000.005,"20.900.000,02",totale,altro,ammesso,Finanziamento ammesso,"art. 2, comma 1; Allegato 3 / [TABELLA pag.13 n.1], riga 4","METROPOLITANA LINEA M3: INTERVENTI DI ADEGUAMENTO ANTINCENDIO... | F47C19000370001 F47D17000140005 F47C19000380001 F47C19000390001 | 20.900.000,02",,alta,,Intervento ammesso a finanziamento ma non assegnato nel presente decreto (scorrimento graduatoria).
2022 DI Mims Mef 97 20.04.2022.pdf,qwen/qwen3.6-35b-a3b,off,464,2022-04-29,Ministero delle Infrastrutture e della Mobilità Sostenibili,Ministero dell'Economia e delle Finanze,assegnazione,F47D17000140005,True,definitivo,,4,aggregato,,,,20900000.02,5225000.005,"20.900.000,02",totale,altro,ammesso,Finanziamento ammesso,"art. 2, comma 1; Allegato 3 / [TABELLA pag.13 n.1], riga 4","METROPOLITANA LINEA M3: INTERVENTI DI ADEGUAMENTO ANTINCENDIO... | F47C19000370001 F47D17000140005 F47C19000380001 F47C19000390001 | 20.900.000,02",,alta,,Intervento ammesso a finanziamento ma non assegnato nel presente decreto (scorrimento graduatoria).
2022 DI Mims Mef 97 20.04.2022.pdf,qwen/qwen3.6-35b-a3b,off,464,2022-04-29,Ministero delle Infrastrutture e della Mobilità Sostenibili,Ministero dell'Economia e delle Finanze,assegnazione,F47C19000380001,True,definitivo,,4,aggregato,,,,20900000.02,5225000.005,"20.900.000,02",totale,altro,ammesso,Finanziamento ammesso,"art. 2, comma 1; Allegato 3 / [TABELLA pag.13 n.1], riga 4","METROPOLITANA LINEA M3: INTERVENTI DI ADEGUAMENTO ANTINCENDIO... | F47C19000370001 F47D17000140005 F47C19000380001 F47C19000390001 | 20.900.000,02",,alta,,Intervento ammesso a finanziamento ma non assegnato nel presente decreto (scorrimento graduatoria).
2022 DI Mims Mef 97 20.04.2022.pdf,qwen/qwen3.6-35b-a3b,off,464,2022-04-29,Ministero delle Infrastrutture e della Mobilità Sostenibili,Ministero dell'Economia e delle Finanze,assegnazione,F47C19000390001,True,definitivo,,4,aggregato,,,,20900000.02,5225000.005,"20.900.000,02",totale,altro,ammesso,Finanziamento ammesso,"art. 2, comma 1; Allegato 3 / [TABELLA pag.13 n.1], riga 4","METROPOLITANA LINEA M3: INTERVENTI DI ADEGUAMENTO ANTINCENDIO... | F47C19000370001 F47D17000140005 F47C19000380001 F47C19000390001 | 20.900.000,02",,alta,,Intervento ammesso a finanziamento ma non assegnato nel presente decreto (scorrimento graduatoria).
2022 DI Mims Mef 97 20.04.2022.pdf,qwen/qwen3.6-35b-a3b,off,464,2022-04-29,Ministero delle Infrastrutture e della Mobilità Sostenibili,Ministero dell'Economia e delle Finanze,assegnazione,F47C19000350001,True,definitivo,,2,aggregato,,,,45000000.07,22500000.035,"45.000.000,07",totale,altro,ammesso,Finanziamento ammesso,"art. 2, comma 1; Allegato 3 / [TABELLA pag.13 n.1], riga 6","METROPOLITANA LINEE M1 + M2 - INTERVENTI DI ADEGUAMENTO ANTINCENDI... | F47C19000350001 O F47C19000360001 | 45.000.000,07",,media,"Il CUP è indicato come 'F47C19000350001 O F47C19000360001', suggerendo una scelta alternativa tra due codici per lo stesso importo. Entrambi sono inclusi nella lista.",Intervento ammesso a finanziamento ma non assegnato nel presente decreto (scorrimento graduatoria).
2022 DI Mims Mef 97 20.04.2022.pdf,qwen/qwen3.6-35b-a3b,off,464,2022-04-29,Ministero delle Infrastrutture e della Mobilità Sostenibili,Ministero dell'Economia e delle Finanze,assegnazione,F47C19000360001,True,definitivo,,2,aggregato,,,,45000000.07,22500000.035,"45.000.000,07",totale,altro,ammesso,Finanziamento ammesso,"art. 2, comma 1; Allegato 3 / [TABELLA pag.13 n.1], riga 6","METROPOLITANA LINEE M1 + M2 - INTERVENTI DI ADEGUAMENTO ANTINCENDI... | F47C19000350001 O F47C19000360001 | 45.000.000,07",,media,"Il CUP è indicato come 'F47C19000350001 O F47C19000360001', suggerendo una scelta alternativa tra due codici per lo stesso importo. Entrambi sono inclusi nella lista.",Intervento ammesso a finanziamento ma non assegnato nel presente decreto (scorrimento graduatoria).
2022 DI Mims Mef 97 20.04.2022.pdf,qwen/qwen3.6-35b-a3b,off,464,2022-04-29,Ministero delle Infrastrutture e della Mobilità Sostenibili,Ministero dell'Economia e delle Finanze,assegnazione,B34J18000220001,True,definitivo,,2,aggregato,,,,74516124.63,37258062.315,"74.516.124,63",totale,altro,ammesso,Finanziamento ammesso,"art. 2, comma 1; Allegato 3 / [TABELLA pag.13 n.1], riga 8","LINEA METROPOLITANA: PROLUNGAMENTO A RIVAROLO E COMPLETAMENTO... | B34J18000220001 B34J18000230001 | 74.516.124,63",,alta,,Intervento ammesso a finanziamento ma non assegnato nel presente decreto (scorrimento graduatoria).
2022 DI Mims Mef 97 20.04.2022.pdf,qwen/qwen3.6-35b-a3b,off,464,2022-04-29,Ministero delle Infrastrutture e della Mobilità Sostenibili,Ministero dell'Economia e delle Finanze,assegnazione,B34J18000230001,True,definitivo,,2,aggregato,,,,74516124.63,37258062.315,"74.516.124,63",totale,altro,ammesso,Finanziamento ammesso,"art. 2, comma 1; Allegato 3 / [TABELLA pag.13 n.1], riga 8","LINEA METROPOLITANA: PROLUNGAMENTO A RIVAROLO E COMPLETAMENTO... | B34J18000220001 B34J18000230001 | 74.516.124,63",,alta,,Intervento ammesso a finanziamento ma non assegnato nel presente decreto (scorrimento graduatoria).
2023 DM MIT 342-2023.pdf,qwen/qwen3.6-35b-a3b,off,182,2024-03-28,Ministero delle infrastrutture e dei trasporti,,rettifica,D69D15002090001,True,definitivo,,2,aggregato,7150,3,2033,50000000.0,25000000.0,"50.000.000,00",quota,assegnazione,assegnato,Finanziamento,"Allegato 1 / [TABELLA pag.5 n.1], riga Maglie-Otranto","Maglie- Otranto | Ferrovie Sud Est | COMPLETAMENTO ELETTRIFICAZIONE DORSALE SALENTO (TRATTA MAGLIE- OTRANTO E ZOLLINO- GAGLIANO) | 50.000.000,00 | 130.000.000,00 | 180.000.000,00 | 50.000.000,00 | Lotto 4 - D69D15002090001 Lotto 3 - D49D15001920001",,alta,,Importo aggregato per due CUP (Lotto 4 e Lotto 3) nella stessa riga
2023 DM MIT 342-2023.pdf,qwen/qwen3.6-35b-a3b,off,182,2024-03-28,Ministero delle infrastrutture e dei trasporti,,rettifica,D49D15001920001,True,definitivo,,2,aggregato,7150,3,2033,50000000.0,25000000.0,"50.000.000,00",quota,assegnazione,assegnato,Finanziamento,"Allegato 1 / [TABELLA pag.5 n.1], riga Maglie-Otranto","Maglie- Otranto | Ferrovie Sud Est | COMPLETAMENTO ELETTRIFICAZIONE DORSALE SALENTO (TRATTA MAGLIE- OTRANTO E ZOLLINO- GAGLIANO) | 50.000.000,00 | 130.000.000,00 | 180.000.000,00 | 50.000.000,00 | Lotto 4 - D69D15002090001 Lotto 3 - D49D15001920001",,alta,,Importo aggregato per due CUP (Lotto 4 e Lotto 3) nella stessa riga
2023 DM MIT 342-2023.pdf,qwen/qwen3.6-35b-a3b,off,182,2024-03-28,Ministero delle infrastrutture e dei trasporti,,rettifica,D69D15002090001,True,definitivo,,2,aggregato,7150,3,2032,18000000.0,9000000.0,"18.000.000,00",quota,assegnazione,assegnato,Finanziamento,"Allegato 1 / [TABELLA pag.6 n.1], riga Maglie-Otranto","Maglie- Otranto | Ferrovie Sud Est | COMPLETAMENTO ELETTRIFICAZIONE DORSALE SALENTO (TRATTA MAGLIE- OTRANTO E ZOLLINO- GAGLIANO) | 50.000.000,00 | 130.000.000,00 | 180.000.000,00 | 18.000.000,00 | Lotto 4 - D69D15002090001 Lotto 3 - D49D15001920001",,alta,,Importo aggregato per due CUP (Lotto 4 e Lotto 3) nella stessa riga
2023 DM MIT 342-2023.pdf,qwen/qwen3.6-35b-a3b,off,182,2024-03-28,Ministero delle infrastrutture e dei trasporti,,rettifica,D49D15001920001,True,definitivo,,2,aggregato,7150,3,2032,18000000.0,9000000.0,"18.000.000,00",quota,assegnazione,assegnato,Finanziamento,"Allegato 1 / [TABELLA pag.6 n.1], riga Maglie-Otranto","Maglie- Otranto | Ferrovie Sud Est | COMPLETAMENTO ELETTRIFICAZIONE DORSALE SALENTO (TRATTA MAGLIE- OTRANTO E ZOLLINO- GAGLIANO) | 50.000.000,00 | 130.000.000,00 | 180.000.000,00 | 18.000.000,00 | Lotto 4 - D69D15002090001 Lotto 3 - D49D15001920001",,alta,,Importo aggregato per due CUP (Lotto 4 e Lotto 3) nella stessa riga
2023 DM MIT 342-2023.pdf,qwen/qwen3.6-35b-a3b,off,182,2024-03-28,Ministero delle infrastrutture e dei trasporti,,rettifica,C75B23000000001,True,definitivo,,1,singolo,7150,3,2033,10543255.0,10543255.0,"10.543.255,00",quota,assegnazione,assegnato,Finanziamento,"Allegato 1 / [TABELLA pag.4 n.1], riga Roma-Viterbo Catalano-Viterbo","Roma - Viterbo | ASTRAL S.p.A | RINNOVO, POTENZIAMENTO E MESSA IN SICUREZZA DELLE TRATTE PIÙ AMMALORATE DELLA LINEA DI CONTATTO DELLA FERROVIA ROMA – VITERBO NELLA TRATTA CATALANO – VITERBO | 10.543.255,00 | 0,00 | 10.543.255,00 | 10.543.255,00 | C75B23000000001",,alta,,
2023 DM MIT 342-2023.pdf,qwen/qwen3.6-35b-a3b,off,182,2024-03-28,Ministero delle infrastrutture e dei trasporti,,rettifica,C75B23000000001,True,definitivo,,1,singolo,7150,3,2032,10543255.0,10543255.0,"10.543.255,00",quota,assegnazione,assegnato,Finanziamento,"Allegato 1 / [TABELLA pag.6 n.1], riga Roma-Viterbo Catalano-Viterbo","Roma - Viterbo | ASTRAL S.p.A | RINNOVO, POTENZIAMENTO E MESSA IN SICUREZZA DELLE TRATTE PIÙ AMMALORATE DELLA LINEA DI CONTATTO DELLA FERROVIA ROMA – VITERBO NELLA TRATTA CATALANO – VITERBO | 10.543.255,00 | 0,00 | 10.543.255,00 | 10.543.255,00 | C75B23000000001",,alta,,
2023 DM MIT 342-2023.pdf,qwen/qwen3.6-35b-a3b,off,182,2024-03-28,Ministero delle infrastrutture e dei trasporti,,rettifica,C71G22000090001,True,definitivo,,1,singolo,7150,3,2033,7000000.0,7000000.0,"7.000.000,00",quota,assegnazione,assegnato,Finanziamento,"Allegato 1 / [TABELLA pag.4 n.1], riga Roma-Viterbo SSE DOTE","Roma - Viterbo | ASTRAL S.p.A | POTENZIAMENTO DEL SISTEMA DI ALIMENTAZIONE ELETTRICA DELLA LINEA ROMA-VITERBO (SSE E DOTE) | 7.000.000,00 | 0,00 | 7.000.000,00 | 7.000.000,00 | C71G22000090001",,alta,,
2023 DM MIT 342-2023.pdf,qwen/qwen3.6-35b-a3b,off,182,2024-03-28,Ministero delle infrastrutture e dei trasporti,,rettifica,C71G22000090001,True,definitivo,,1,singolo,7150,3,2032,7000000.0,7000000.0,"7.000.000,00",quota,assegnazione,assegnato,Finanziamento,"Allegato 1 / [TABELLA pag.6 n.1], riga Roma-Viterbo SSE DOTE","Roma - Viterbo | ASTRAL S.p.A | POTENZIAMENTO DEL SISTEMA DI ALIMENTAZIONE ELETTRICA DELLA LINEA ROMA-VITERBO (SSE E DOTE) | 7.000.000,00 | 0,00 | 7.000.000,00 | 7.000.000,00 | C71G22000090001",,alta,,
2023 DM MIT 342-2023.pdf,qwen/qwen3.6-35b-a3b,off,182,2024-03-28,Ministero delle infrastrutture e dei trasporti,,rettifica,E51B21002250001,True,definitivo,,1,singolo,7150,3,2033,20000000.0,20000000.0,"20.000.000,00",quota,assegnazione,assegnato,Finanziamento,"Allegato 1 / [TABELLA pag.4 n.1], riga Milano-Varese","FERROVIA REGIONALE | Milano -Varese | FERROVIENORD | INTERVENTI SULLA RETE PER STABILIZZAZIONE ORARIO... | 20.000.000,00 | 0,00 | 20.000.000,00 | 20.000.000,00 | E51B21002250001",,alta,,
2023 DM MIT 342-2023.pdf,qwen/qwen3.6-35b-a3b,off,182,2024-03-28,Ministero delle infrastrutture e dei trasporti,,rettifica,E51B21002250001,True,definitivo,,1,singolo,7150,3,2032,20000000.0,20000000.0,"20.000.000,00",quota,assegnazione,assegnato,Finanziamento,"Allegato 1 / [TABELLA pag.6 n.1], riga Milano-Varese","FERROVIA REGIONALE | Milano -Varese | FERROVIENORD | INTERVENTI SULLA RETE PER STABILIZZAZIONE ORARIO... | 20.000.000,00 | 0,00 | 20.000.000,00 | 20.000.000,00 | E51B21002250001",,alta,,
2023 DM MIT 342-2023.pdf,qwen/qwen3.6-35b-a3b,off,182,2024-03-28,Ministero delle infrastrutture e dei trasporti,,rettifica,B41E04000210001,True,definitivo,,1,singolo,7150,3,2033,50000000.0,50000000.0,"50.000.000,00",quota,assegnazione,assegnato,Finanziamento,"Allegato 1 / [TABELLA pag.5 n.1], riga Napoli Linea 1","ENTE AUTONOMO VOLTURNO S.R.L. | LINEE VESUVIANE | Comune di Napoli | LINEA 1 DELLA METROPOLITANA DI NAPOLI – TRATTA CDN –CAPODICHINO... | 50.000.000,00 | 50.000.000,00 | 100.000.000,00 | 50.000.000,00 | B41E04000210001",,alta,,
2023 DM MIT 342-2023.pdf,qwen/qwen3.6-35b-a3b,off,182,2024-03-28,Ministero delle infrastrutture e dei trasporti,,rettifica,B41E04000210001,True,definitivo,,1,singolo,7150,3,2032,50000000.0,50000000.0,"50.000.000,00",quota,assegnazione,assegnato,Finanziamento,"Allegato 1 / [TABELLA pag.6 n.1], riga Napoli Linea 1","ENTE AUTONOMO VOLTURNO S.R.L. | LINEE VESUVIANE | Comune di Napoli | LINEA 1 DELLA METROPOLITANA DI NAPOLI – TRATTA CDN –CAPODICHINO... | 50.000.000,00 | 50.000.000,00 | 100.000.000,00 | 50.000.000,00 | B41E04000210001",,alta,,
2023 DM MIT 342-2023.pdf,qwen/qwen3.6-35b-a3b,off,182,2024-03-28,Ministero delle infrastrutture e dei trasporti,,rettifica,F61B21003640009,True,definitivo,,1,singolo,7150,3,2033,30000000.0,30000000.0,"30.000.000,00",quota,assegnazione,assegnato,Finanziamento,"Allegato 1 / [TABELLA pag.5 n.1], riga Linee Flegree","ENTE AUTONOMO VOLTURNO S.R.L. | LINEE FLEGREE | EAV S.R.L. | NUOVO TELECOMANDO LINEE FLEGREE CON FORNITURA IN OPERA DI TRE SOTTOSTAZIONI ELETTRICHE... | 30.000.000,00 | 0,00 | 30.000.000,00 | 30.000.000,00 | F61B21003640009",,alta,,
2023 DM MIT 342-2023.pdf,qwen/qwen3.6-35b-a3b,off,182,2024-03-28,Ministero delle infrastrutture e dei trasporti,,rettifica,F61B21003640009,True,definitivo,,1,singolo,7150,3,2032,30000000.0,30000000.0,"30.000.000,00",quota,assegnazione,assegnato,Finanziamento,"Allegato 1 / [TABELLA pag.6 n.1], riga Linee Flegree","ENTE AUTONOMO VOLTURNO S.R.L. | LINEE FLEGREE | EAV S.R.L. | NUOVO TELECOMANDO LINEE FLEGREE CON FORNITURA IN OPERA DI TRE SOTTOSTAZIONI ELETTRICHE... | 30.000.000,00 | 0,00 | 30.000.000,00 | 30.000.000,00 | F61B21003640009",,alta,,
2023 DM MIT 342-2023.pdf,qwen/qwen3.6-35b-a3b,off,182,2024-03-28,Ministero delle infrastrutture e dei trasporti,,rettifica,G31G22000250001,True,definitivo,,1,singolo,7150,3,2033,2800000.0,2800000.0,"2.800.000,00",quota,assegnazione,assegnato,Finanziamento,"Allegato 1 / [TABELLA pag.5 n.1], riga Bari Centrale","BARI- MATERA | BARI - MATERA | FERROVIE APPULO LUCANE | RIFACIMENTO PENSILINA BARI CENTRALE | 2.800.000,00 | 0,00 | 2.800.000,00 | 2.800.000,00 | G31G22000250001",,alta,,
2023 DM MIT 342-2023.pdf,qwen/qwen3.6-35b-a3b,off,182,2024-03-28,Ministero delle infrastrutture e dei trasporti,,rettifica,G31G22000250001,True,definitivo,,1,singolo,7150,3,2032,2800000.0,2800000.0,"2.800.000,00",quota,assegnazione,assegnato,Finanziamento,"Allegato 1 / [TABELLA pag.6 n.1], riga Bari Centrale","BARI- MATERA | BARI - MATERA | FERROVIE APPULO LUCANE | RIFACIMENTO PENSILINA BARI CENTRALE | 2.800.000,00 | 0,00 | 2.800.000,00 | 2.800.000,00 | G31G22000250001",,alta,,
2023 DM MIT 342-2023.pdf,qwen/qwen3.6-35b-a3b,off,182,2024-03-28,Ministero delle infrastrutture e dei trasporti,,rettifica,G71B18000620005,True,definitivo,,1,singolo,7150,3,2033,2500000.0,2500000.0,"2.500.000,00",quota,assegnazione,assegnato,Finanziamento,"Allegato 1 / [TABELLA pag.5 n.1], riga Altamura","BARI- MATERA | STAZIONE ALTAMURA | FERROVIE APPULO LUCANE | REALIZZAZIONE PARCHEGGIO DI INTERSCAMBIO NELLA STAZIONE DI ALTAMURA | 2.500.000,00 | 0,00 | 2.500.000,00 | 2.500.000,00 | G71B18000620005",,alta,,
2023 DM MIT 342-2023.pdf,qwen/qwen3.6-35b-a3b,off,182,2024-03-28,Ministero delle infrastrutture e dei trasporti,,rettifica,G71B18000620005,True,definitivo,,1,singolo,7150,3,2032,2500000.0,2500000.0,"2.500.000,00",quota,assegnazione,assegnato,Finanziamento,"Allegato 1 / [TABELLA pag.6 n.1], riga Altamura","BARI- MATERA | STAZIONE ALTAMURA | FERROVIE APPULO LUCANE | REALIZZAZIONE PARCHEGGIO DI INTERSCAMBIO NELLA STAZIONE DI ALTAMURA | 2.500.000,00 | 0,00 | 2.500.000,00 | 2.500.000,00 | G71B18000620005",,alta,,
2023 DM MIT 342-2023.pdf,qwen/qwen3.6-35b-a3b,off,182,2024-03-28,Ministero delle infrastrutture e dei trasporti,,rettifica,F81B21005610001,True,definitivo,,1,singolo,7150,3,2033,18000000.0,18000000.0,"18.000.000,00",quota,assegnazione,assegnato,Finanziamento,"Allegato 1 / [TABELLA pag.5 n.1], riga Monserrato-Isili","Monserrato - Isili | ARST | VARIANTE DI TRACCCIATO, REALIZZAZIONE PUNTI DI INCROCIO E RADDOPPIO TRATTA MONSERRATO SETTIMO/SAN PIETRO | 26.400.000,00 | 0,00 | 26.400.000,00 | 18.000.000,00 | F81B21005610001",,alta,,
2023 DM MIT 342-2023.pdf,qwen/qwen3.6-35b-a3b,off,182,2024-03-28,Ministero delle infrastrutture e dei trasporti,,rettifica,F81B21005610001,True,definitivo,,1,singolo,7150,3,2032,18000000.0,18000000.0,"18.000.000,00",quota,assegnazione,assegnato,Finanziamento,"Allegato 1 / [TABELLA pag.6 n.1], riga Monserrato-Isili","Monserrato - Isili | ARST | VARIANTE DI TRACCCIATO, REALIZZAZIONE PUNTI DI INCROCIO E RADDOPPIO TRATTA MONSERRATO SETTIMO/SAN PIETRO | 26.400.000,00 | 0,00 | 26.400.000,00 | 18.000.000,00 | F81B21005610001",,alta,,
2023 DM MIT 342-2023.pdf,qwen/qwen3.6-35b-a3b,off,182,2024-03-28,Ministero delle infrastrutture e dei trasporti,,rettifica,I61B21003020001,True,definitivo,,1,singolo,7150,3,2033,9900000.0,9900000.0,"9.900.000,00",quota,assegnazione,assegnato,Finanziamento,"Allegato 1 / [TABELLA pag.5 n.1], riga Catanzaro Città","Ferrovie della Calabria S.r.l | Soveria M. - Catanzaro - Catanzaro Lido | Ferrovie della Calabria S.r.l. | LAVORI DI REALIZZAZIONE DELLA NUOVA STAZIONE FERROVIARIA DI CATANZARO CITTÀ | 9.900.000,00 | 0,00 | 9.900.000,00 | 9.900.000,00 | I61B21003020001",,alta,,
2023 DM MIT 342-2023.pdf,qwen/qwen3.6-35b-a3b,off,182,2024-03-28,Ministero delle infrastrutture e dei trasporti,,rettifica,I61B21003020001,True,definitivo,,1,singolo,7150,3,2032,9900000.0,9900000.0,"9.900.000,00",quota,assegnazione,assegnato,Finanziamento,"Allegato 1 / [TABELLA pag.6 n.1], riga Catanzaro Città","Ferrovie della Calabria S.r.l | Soveria M. - Catanzaro - Catanzaro Lido | Ferrovie della Calabria S.r.l. | LAVORI DI REALIZZAZIONE DELLA NUOVA STAZIONE FERROVIARIA DI CATANZARO CITTÀ | 9.900.000,00 | 0,00 | 9.900.000,00 | 9.900.000,00 | I61B21003020001",,alta,,
2023 DM MIT 342-2023.pdf,qwen/qwen3.6-35b-a3b,off,182,2024-03-28,Ministero delle infrastrutture e dei trasporti,,rettifica,I67H21003160001,True,definitivo,,1,singolo,7150,3,2033,2900000.0,2900000.0,"2.900.000,00",quota,assegnazione,assegnato,Finanziamento,"Allegato 1 / [TABELLA pag.5 n.1], riga Catanzaro Città-Germaneto","Ferrovie della Calabria S.r.l | Soveria M. - Catanzaro - Catanzaro Lido - Germaneto | Ferrovie della Calabria S.r.l. | LAVORI DI MIGLIORAMENTO DELLA FRUIBILITÀ DELLA LINEA FERROVIARIA SULLA TRATTA CATANZARO CITTÀ - CATANZARO - CATANZARO LIDO -GERMANETO | 2.900.000,00 | 0,00 | 2.900.000,00 | 2.900.000,00 | I67H21003160001",,alta,,
2023 DM MIT 342-2023.pdf,qwen/qwen3.6-35b-a3b,off,182,2024-03-28,Ministero delle infrastrutture e dei trasporti,,rettifica,I67H21003160001,True,definitivo,,1,singolo,7150,3,2032,2900000.0,2900000.0,"2.900.000,00",quota,assegnazione,assegnato,Finanziamento,"Allegato 1 / [TABELLA pag.6 n.1], riga Catanzaro Città-Germaneto","Ferrovie della Calabria S.r.l | Soveria M. - Catanzaro - Catanzaro Lido - Germaneto | Ferrovie della Calabria S.r.l. | LAVORI DI MIGLIORAMENTO DELLA FRUIBILITÀ DELLA LINEA FERROVIARIA SULLA TRATTA CATANZARO CITTÀ - CATANZARO - CATANZARO LIDO -GERMANETO | 2.900.000,00 | 0,00 | 2.900.000,00 | 2.900.000,00 | I67H21003160001",,alta,,
2023 DM MIT 342-2023.pdf,qwen/qwen3.6-35b-a3b,off,182,2024-03-28,Ministero delle infrastrutture e dei trasporti,,rettifica,B89J21020930005,True,definitivo,,1,singolo,7150,3,2033,1200000.0,1200000.0,"1.200.000,00",quota,assegnazione,assegnato,Finanziamento,"Allegato 1 / [TABELLA pag.5 n.1], riga Fossacesia-Saletti","Divisione Ferroviari a di TUA S.p.A. | Fossacesia-Saletti | Divisione Ferroviaria di TUA S.p.A. | CREAZIONE POSTO INTERMEDIO LOCALITÀ GUASTACCONCIA NELLA TRATTA FOSSACESIA- SALETTI | 1.200.000,00 | 0,00 | 1.200.000,00 | 1.200.000,00 | B89J21020930005",,alta,,
2023 DM MIT 342-2023.pdf,qwen/qwen3.6-35b-a3b,off,182,2024-03-28,Ministero delle infrastrutture e dei trasporti,,rettifica,B89J21020930005,True,definitivo,,1,singolo,7150,3,2032,1200000.0,1200000.0,"1.200.000,00",quota,assegnazione,assegnato,Finanziamento,"Allegato 1 / [TABELLA pag.6 n.1], riga Fossacesia-Saletti","Divisione Ferroviari a di TUA S.p.A. | Fossacesia-Saletti | Divisione Ferroviaria di TUA S.p.A. | CREAZIONE POSTO INTERMEDIO LOCALITÀ GUASTACCONCIA NELLA TRATTA FOSSACESIA- SALETTI | 1.200.000,00 | 0,00 | 1.200.000,00 | 1.200.000,00 | B89J21020930005",,alta,,
2023 DM MIT 342-2023.pdf,qwen/qwen3.6-35b-a3b,off,182,2024-03-28,Ministero delle infrastrutture e dei trasporti,,rettifica,I57H21005640001,True,definitivo,,1,singolo,7150,4,2033,1512215.0,1512215.0,"1.512.215,00",quota,assegnazione,assegnato,Finanziamento,"Allegato 2 / [TABELLA pag.7 n.1], riga Adria-Mestre","ADRIA‐ MESTRE | INFRASTRUTTRE VENETE SRL | INTERVENTI STRUTTURALI DI RISANAMENTO PONTE IN C.A. AL KM. 14+355 | 1.512.215,00 | 0,00 | 1.512.215,00 | 1.512.215,00 | I57H21005640001",,alta,,
2023 DM MIT 342-2023.pdf,qwen/qwen3.6-35b-a3b,off,182,2024-03-28,Ministero delle infrastrutture e dei trasporti,,rettifica,I57H21005640001,True,definitivo,,1,singolo,7150,4,2032,1512215.0,1512215.0,"1.512.215,00",quota,assegnazione,assegnato,Finanziamento,"Allegato 2 / [TABELLA pag.8 n.1], riga Adria-Mestre","ADRIA‐ MESTRE | INFRASTRUTTRE VENETE SRL | INTERVENTI STRUTTURALI DI RISANAMENTO PONTE IN C.A. AL KM. 14+355 | 1.512.215,00 | 0,00 | 1.512.215,00 | 1.512.215,00 | I57H21005640001",,alta,,
2023 DM MIT 342-2023.pdf,qwen/qwen3.6-35b-a3b,off,182,2024-03-28,Ministero delle infrastrutture e dei trasporti,,rettifica,B19F22013250002,True,definitivo,,1,singolo,7150,4,2033,2400000.0,2400000.0,"2.400.000,00",quota,assegnazione,assegnato,Finanziamento,"Allegato 2 / [TABELLA pag.7 n.1], riga Stia-Arezzo-Sinalunga","STIA ‐ AREZZO ‐ SINALUNGA | LA FERROVIARIA ITALIANA SPA | ELIMINAZIONE DI DUE PASSAGGI A LIVELLO DI TIPO AUTOMATICO UBICATI NELLA STAZIONE DI GIOVI DELLA FERROVIA AREZZO - SINALUNGA | 2.400.000,00 | 0,00 | 2.400.000,00 | 2.400.000,00 | B19F22013250002",,alta,,
2023 DM MIT 342-2023.pdf,qwen/qwen3.6-35b-a3b,off,182,2024-03-28,Ministero delle infrastrutture e dei trasporti,,rettifica,B19F22013250002,True,definitivo,,1,singolo,7150,4,2032,2400000.0,2400000.0,"2.400.000,00",quota,assegnazione,assegnato,Finanziamento,"Allegato 2 / [TABELLA pag.8 n.1], riga Stia-Arezzo-Sinalunga","STIA ‐ AREZZO ‐ SINALUNGA | LA FERROVIARIA ITALIANA SPA | ELIMINAZIONE DI DUE PASSAGGI A LIVELLO DI TIPO AUTOMATICO UBICATI NELLA STAZIONE DI GIOVI DELLA FERROVIA AREZZO - SINALUNGA | 2.400.000,00 | 0,00 | 2.400.000,00 | 2.400.000,00 | B19F22013250002",,alta,,
2023 DM MIT 342-2023.pdf,qwen/qwen3.6-35b-a3b,off,182,2024-03-28,Ministero delle infrastrutture e dei trasporti,,rettifica,C89F23000050001,True,definitivo,,1,singolo,7150,4,2033,600000.0,600000.0,"600.000,00",quota,assegnazione,assegnato,Finanziamento,"Allegato 2 / [TABELLA pag.7 n.1], riga Parma-Suzzara","Ferrovie dell’Emilia Romagna | Parma- Suzzara - Comune di Brescello (RE) | FERROVIE EMILIA ROMGNA S.R.L. | SOPPRESSIONE DI QUATTRO PASSAGGI A LIVELLO PRIVATI (PLP 39 – PLP 40 – PLP 41 – PLP 42) SULLA TRATTA DELLA LINEA FERROVIARIA PARMA – SUZZARA IN COMUNE DI BRESCELLO (RE) | 600.000,00 | 0,00 | 600.000,00 | 600.000,00 | C89F23000050001",,alta,,
2023 DM MIT 342-2023.pdf,qwen/qwen3.6-35b-a3b,off,182,2024-03-28,Ministero delle infrastrutture e dei trasporti,,rettifica,C89F23000050001,True,definitivo,,1,singolo,7150,4,2032,600000.0,600000.0,"600.000,00",quota,assegnazione,assegnato,Finanziamento,"Allegato 2 / [TABELLA pag.8 n.1], riga Parma-Suzzara","Ferrovie dell’Emilia Romagna | Parma- Suzzara - Comune di Brescello (RE) | FERROVIE EMILIA ROMGNA S.R.L. | SOPPRESSIONE DI QUATTRO PASSAGGI A LIVELLO PRIVATI (PLP 39 – PLP 40 – PLP 41 – PLP 42) SULLA TRATTA DELLA LINEA FERROVIARIA PARMA – SUZZARA IN COMUNE DI BRESCELLO (RE) | 600.000,00 | 0,00 | 600.000,00 | 600.000,00 | C89F23000050001",,alta,,
2023 DM MIT 342-2023.pdf,qwen/qwen3.6-35b-a3b,off,182,2024-03-28,Ministero delle infrastrutture e dei trasporti,,rettifica,C99F23000050001,True,definitivo,,1,singolo,7150,4,2033,5400000.0,5400000.0,"5.400.000,00",quota,assegnazione,assegnato,Finanziamento,"Allegato 2 / [TABELLA pag.7 n.1], riga Bologna-Portomaggiore","Ferrovie Bologna- Portomaggiore - Comune di Castenaso (BO) | FERROVIE EMILIA ROMGNA S.R.L. | LINEA BOLOGNA- PORTOMAGGIORE , SOPPRESSIONE PL IN LOC. CA’ DELL'ORBO A SEGUITO RIALZO LINEA | 5.400.000,00 | 1.600.000,00 | 7.000.000,00 | 5.400.000,00 | C99F23000050001",,alta,,
2023 DM MIT 342-2023.pdf,qwen/qwen3.6-35b-a3b,off,182,2024-03-28,Ministero delle infrastrutture e dei trasporti,,rettifica,C99F23000050001,True,definitivo,,1,singolo,7150,4,2032,5400000.0,5400000.0,"5.400.000,00",quota,assegnazione,assegnato,Finanziamento,"Allegato 2 / [TABELLA pag.8 n.1], riga Bologna-Portomaggiore","Ferrovie Bologna- Portomaggiore - Comune di Castenaso (BO) | FERROVIE EMILIA ROMGNA S.R.L. | LINEA BOLOGNA- PORTOMAGGIORE , SOPPRESSIONE PL IN LOC. CA’ DELL'ORBO A SEGUITO RIALZO LINEA | 5.400.000,00 | 1.600.000,00 | 7.000.000,00 | 5.400.000,00 | C99F23000050001",,alta,,
2023 DM MIT 342-2023.pdf,qwen/qwen3.6-35b-a3b,off,182,2024-03-28,Ministero delle infrastrutture e dei trasporti,,rettifica,C56G21008730001,True,definitivo,,1,singolo,7150,4,2033,3400000.0,3400000.0,"3.400.000,00",quota,assegnazione,assegnato,Finanziamento,"Allegato 2 / [TABELLA pag.7 n.1], riga Reggio E. Guastalla","Ferrovie Reggio E. dell’Emilia Romagna | Reggio E. Guastalla | FERROVIE EMILIA ROMGNA S.R.L. | UPGRADE CON IMPIANTI MULTI‐ ACC | 3.400.000,00 | 0,00 | 3.400.000,00 | 3.400.000,00 | C56G21008730001",,alta,,
2023 DM MIT 342-2023.pdf,qwen/qwen3.6-35b-a3b,off,182,2024-03-28,Ministero delle infrastrutture e dei trasporti,,rettifica,C56G21008730001,True,definitivo,,1,singolo,7150,4,2032,3400000.0,3400000.0,"3.400.000,00",quota,assegnazione,assegnato,Finanziamento,"Allegato 2 / [TABELLA pag.8 n.1], riga Reggio E. Guastalla","Ferrovie Reggio E. dell’Emilia Romagna | Reggio E. Guastalla | FERROVIE EMILIA ROMGNA S.R.L. | UPGRADE CON IMPIANTI MULTI‐ ACC | 3.400.000,00 | 0,00 | 3.400.000,00 | 3.400.000,00 | C56G21008730001",,alta,,
2023 DM MIT 342-2023.pdf,qwen/qwen3.6-35b-a3b,off,182,2024-03-28,Ministero delle infrastrutture e dei trasporti,,rettifica,F41B21005790009,True,definitivo,,1,singolo,7150,4,2033,30000000.0,30000000.0,30.000.000,quota,assegnazione,assegnato,Finanziamento,"Allegato 2 / [TABELLA pag.9 n.1], riga Napoli-Piedimonte Matese","ENTE AUTONOMO VOLTURNO S.R.L. | LINEA SUBURB ANA NAPOLI‐ PIEDIMO NTE MATESE | EAV S.R.L. | SOPPRESSIONE PP.LL. RETE FERROVIARIA EAV | 30.000.000 | € 0,00 | 30.000.000 | 30.000.000 | F41B21005790009",,alta,,
2023 DM MIT 342-2023.pdf,qwen/qwen3.6-35b-a3b,off,182,2024-03-28,Ministero delle infrastrutture e dei trasporti,,rettifica,F41B21005790009,True,definitivo,,1,singolo,7150,4,2032,30000000.0,30000000.0,30.000.000,quota,assegnazione,assegnato,Finanziamento,"Allegato 2 / [TABELLA pag.10 n.1], riga Napoli-Piedimonte Matese","ENTE AUTONOMO VOLTURNO S.R.L. | LINEA SUBURB ANA NAPOLI‐ PIEDIMO NTE MATESE | EAV S.R.L. | SOPPRESSIONE PP.LL. RETE FERROVIARIA EAV | 30.000.000 | € 0,00 | 30.000.000 | 30.000.000 | F41B21005790009",,alta,,
2023 DM MIT 342-2023.pdf,qwen/qwen3.6-35b-a3b,off,182,2024-03-28,Ministero delle infrastrutture e dei trasporti,,rettifica,G31G22000260001,True,definitivo,,1,singolo,7150,4,2033,7200000.0,7200000.0,7.200.000,quota,assegnazione,assegnato,Finanziamento,"Allegato 2 / [TABELLA pag.9 n.1], riga Bari Sant'Andrea-Modugno",BARI‐ MATERA | Bari Sant’Andrea - Modugno | FERROVIE APPULO LUCANE S.r.l | RADDOPPIO TRA BARI SANT’ANDREA E MODUGNO | 7.200.000 | 0 | 7.200.000 | 7.200.000 | G31G22000260001,,alta,,
2023 DM MIT 342-2023.pdf,qwen/qwen3.6-35b-a3b,off,182,2024-03-28,Ministero delle infrastrutture e dei trasporti,,rettifica,G31G22000260001,True,definitivo,,1,singolo,7150,4,2032,7200000.0,7200000.0,7.200.000,quota,assegnazione,assegnato,Finanziamento,"Allegato 2 / [TABELLA pag.10 n.1], riga Bari Sant'Andrea-Modugno",BARI‐ MATERA | Bari Sant’Andrea - Modugno | FERROVIE APPULO LUCANE S.r.l | RADDOPPIO TRA BARI SANT’ANDREA E MODUGNO | 7.200.000 | 0 | 7.200.000 | 7.200.000 | G31G22000260001,,alta,,
2023 DM MIT 342-2023.pdf,qwen/qwen3.6-35b-a3b,off,182,2024-03-28,Ministero delle infrastrutture e dei trasporti,,rettifica,G11B18000550005,True,definitivo,,1,singolo,7150,4,2033,3500000.0,3500000.0,"3.500.000,00",quota,assegnazione,assegnato,Finanziamento,"Allegato 2 / [TABELLA pag.9 n.1], riga Matera Serra Rifusa","FERROVIE APPULO LUCANE S.r.l | tratta Matera ‐ Altamura della linea Bari ‐ Matera | FERROVIE APPULO LUCANE S.r.l | Interventi sui piazzali di Matera Serra Rifusa e di Matera Villa Longo... | 3.500.000,00 | 0 | 3.500.000 | 3.500.000 | G11B18000550005",,alta,,
2023 DM MIT 342-2023.pdf,qwen/qwen3.6-35b-a3b,off,182,2024-03-28,Ministero delle infrastrutture e dei trasporti,,rettifica,G11B18000550005,True,definitivo,,1,singolo,7150,4,2032,3500000.0,3500000.0,"3.500.000,00",quota,assegnazione,assegnato,Finanziamento,"Allegato 2 / [TABELLA pag.10 n.1], riga Matera Serra Rifusa","FERROVIE APPULO LUCANE S.r.l | tratta Matera ‐ Altamura della linea Bari ‐ Matera | FERROVIE APPULO LUCANE S.r.l | Interventi sui piazzali di Matera Serra Rifusa e di Matera Villa Longo... | 3.500.000,00 | 0 | 3.500.000 | 3.500.000 | G11B18000550005",,alta,,
2023 DM MIT 342-2023.pdf,qwen/qwen3.6-35b-a3b,off,182,2024-03-28,Ministero delle infrastrutture e dei trasporti,,rettifica,B81B21003770005,True,definitivo,,1,singolo,7150,4,2033,1750000.0,1750000.0,"1.750.000,00",quota,assegnazione,assegnato,Finanziamento,"Allegato 2 / [TABELLA pag.9 n.1], riga Fossacesia-Archi","Divisione Ferroviaria di TUA S.p.A. | Fossacesia‐ Archi | Divisione Ferroviaria di TUA S.p.A. | TESATURA DEI CONDUTTORI IN RAME DELL’IMPIANTO TE DELLA TRATTA FOSSACESIA ‐ ARCHI E REALIZZAZIONE DELLA PALIFICATA DI SOSTEGNO SUL PONTE FIUME SANGRO | 1.750.000,00 | € 0 | 1.750.000 | 1.750.000 | B81B21003770005",,alta,,
2023 DM MIT 342-2023.pdf,qwen/qwen3.6-35b-a3b,off,182,2024-03-28,Ministero delle infrastrutture e dei trasporti,,rettifica,B81B21003770005,True,definitivo,,1,singolo,7150,4,2032,1750000.0,1750000.0,"1.750.000,00",quota,assegnazione,assegnato,Finanziamento,"Allegato 2 / [TABELLA pag.10 n.1], riga Fossacesia-Archi","Divisione Ferroviaria di TUA S.p.A. | Fossacesia‐ Archi | Divisione Ferroviaria di TUA S.p.A. | TESATURA DEI CONDUTTORI IN RAME DELL’IMPIANTO TE DELLA TRATTA FOSSACESIA ‐ ARCHI E REALIZZAZIONE DELLA PALIFICATA DI SOSTEGNO SUL PONTE FIUME SANGRO | 1.750.000,00 | € 0 | 1.750.000 | 1.750.000 | B81B21003770005",,alta,,
2023 DM MIT 342-2023.pdf,qwen/qwen3.6-35b-a3b,off,182,2024-03-28,Ministero delle infrastrutture e dei trasporti,,rettifica,H49J21005480003,True,definitivo,,1,singolo,7150,3,2033,47725.0,47725.0,"47.725,00",quota,assegnazione,assegnato,Finanziamento,"Allegato 1 / [TABELLA pag.4 n.1], riga Genova Sant'Olcese Tullio","FERROVIA GENOVA P.ZZA MANIN - CASELLA | AMT SPA GENOVA | INTERSCAMBIO SANT'OLCESE TULLIO | STAZIONE DI SANT'OLCESE TULLO REALIZZAZIONE DI PARCHEGGIO INTERSCAMBIO PER AUTO E BICICLETTE SISTEMAZIONE AREA | 47.725,00 | 0,00 | 47.725,00 | 47.725,00 | H49J21005480003",,alta,,
2023 DM MIT 342-2023.pdf,qwen/qwen3.6-35b-a3b,off,182,2024-03-28,Ministero delle infrastrutture e dei trasporti,,rettifica,H49J21005480003,True,definitivo,,1,singolo,7150,3,2032,47725.0,47725.0,"47.725,00",quota,assegnazione,assegnato,Finanziamento,"Allegato 1 / [TABELLA pag.6 n.1], riga Genova Sant'Olcese Tullio","FERROVIA GENOVA P.ZZA MANIN - CASELLA | AMT SPA GENOVA | INTERSCAMBIO SANT'OLCESE TULLIO | STAZIONE DI SANT'OLCESE TULLO REALIZZAZIONE DI PARCHEGGIO INTERSCAMBIO PER AUTO E BICICLETTE SISTEMAZIONE AREA | 47.725,00 | 0,00 | 47.725,00 | 47.725,00 | H49J21005480003",,alta,,
2023 DM MIT 342-2023.pdf,qwen/qwen3.6-35b-a3b,off,182,2024-03-28,Ministero delle infrastrutture e dei trasporti,,rettifica,H49J21005480003,True,definitivo,,1,singolo,7150,3,2033,44275.0,44275.0,"44.275,00",quota,assegnazione,assegnato,Finanziamento,"Allegato 1 / [TABELLA pag.4 n.1], riga Genova Casella","FERROVIA GENOVA P.ZZA MANIN - CASELLA | AMT SPA GENOVA | INTERSCAMBIO CASELLA | ALTERNATIVA INTERVENTO 1. STAZIONE DI CASELLA REALIZZAZIONE DI PARCHEGGIO INTERSCAMBIO PER BICICLETTE | 44.275,00 | 0,00 | 44.275,00 | 44.275,00 | H49J21005480003",,alta,,
2023 DM MIT 342-2023.pdf,qwen/qwen3.6-35b-a3b,off,182,2024-03-28,Ministero delle infrastrutture e dei trasporti,,rettifica,H49J21005480003,True,definitivo,,1,singolo,7150,3,2032,44275.0,44275.0,"44.275,00",quota,assegnazione,assegnato,Finanziamento,"Allegato 1 / [TABELLA pag.6 n.1], riga Genova Casella","FERROVIA GENOVA P.ZZA MANIN - CASELLA | AMT SPA GENOVA | INTERSCAMBIO CASELLA | ALTERNATIVA INTERVENTO 1. STAZIONE DI CASELLA REALIZZAZIONE DI PARCHEGGIO INTERSCAMBIO PER BICICLETTE | 44.275,00 | 0,00 | 44.275,00 | 44.275,00 | H49J21005480003",,alta,,
2023 DM MIT 342-2023.pdf,qwen/qwen3.6-35b-a3b,off,182,2024-03-28,Ministero delle infrastrutture e dei trasporti,,rettifica,H49J21005480003,True,definitivo,,1,singolo,7150,3,2033,6325.0,6325.0,"6.325,00",quota,assegnazione,assegnato,Finanziamento,"Allegato 1 / [TABELLA pag.4 n.1], riga Genova Manin","FERROVIA GENOVA P.ZZA MANIN - CASELLA | AMT SPA GENOVA | INTERSCAMBIO GENOVA MANIN | STAZIONE DI GENOVA REALIZZAZIONE DI PARCHEGGIO INTERSCAMBIO PER BICICLETTE E PUNTO DI RICARICA AUTO ELETTRICA | 6.325,00 | 0,00 | 6.325,00 | 6.325,00 | H49J21005480003",,alta,,
2023 DM MIT 342-2023.pdf,qwen/qwen3.6-35b-a3b,off,182,2024-03-28,Ministero delle infrastrutture e dei trasporti,,rettifica,H49J21005480003,True,definitivo,,1,singolo,7150,3,2032,6325.0,6325.0,"6.325,00",quota,assegnazione,assegnato,Finanziamento,"Allegato 1 / [TABELLA pag.6 n.1], riga Genova Manin","FERROVIA GENOVA P.ZZA MANIN - CASELLA | AMT SPA GENOVA | INTERSCAMBIO GENOVA MANIN | STAZIONE DI GENOVA REALIZZAZIONE DI PARCHEGGIO INTERSCAMBIO PER BICICLETTE E PUNTO DI RICARICA AUTO ELETTRICA | 6.325,00 | 0,00 | 6.325,00 | 6.325,00 | H49J21005480003",,alta,,
2023 DM MIT 342-2023.pdf,qwen/qwen3.6-35b-a3b,off,182,2024-03-28,Ministero delle infrastrutture e dei trasporti,,rettifica,H49J21005480003,True,definitivo,,1,singolo,7150,3,2033,86250.0,86250.0,"86.250,00",quota,assegnazione,assegnato,Finanziamento,"Allegato 1 / [TABELLA pag.4 n.1], riga Genova Campi","FERROVIA GENOVA P.ZZA MANIN - CASELLA | AMT SPA GENOVA | INTERSCAMBIO CAMPI | STAZIONE DI CAMPI REALIZZAZIONE DI PARCHEGGIO INTERSCAMBIO PER AUTO E BICICLETTE SISTEMAZIONE AREA | 86.250,00 | 0,00 | 86.250,00 | 86.250,00 | H49J21005480003",,alta,,
2023 DM MIT 342-2023.pdf,qwen/qwen3.6-35b-a3b,off,182,2024-03-28,Ministero delle infrastrutture e dei trasporti,,rettifica,H49J21005480003,True,definitivo,,1,singolo,7150,3,2032,86250.0,86250.0,"86.250,00",quota,assegnazione,assegnato,Finanziamento,"Allegato 1 / [TABELLA pag.6 n.1], riga Genova Campi","FERROVIA GENOVA P.ZZA MANIN - CASELLA | AMT SPA GENOVA | INTERSCAMBIO CAMPI | STAZIONE DI CAMPI REALIZZAZIONE DI PARCHEGGIO INTERSCAMBIO PER AUTO E BICICLETTE SISTEMAZIONE AREA | 86.250,00 | 0,00 | 86.250,00 | 86.250,00 | H49J21005480003",,alta,,
2023 DM MIT 342-2023.pdf,qwen/qwen3.6-35b-a3b,off,182,2024-03-28,Ministero delle infrastrutture e dei trasporti,,rettifica,H49J21005480003,True,definitivo,,1,singolo,7150,3,2033,25875.0,25875.0,"25.875,00",quota,assegnazione,assegnato,Finanziamento,"Allegato 1 / [TABELLA pag.4 n.1], riga Genova Busalletta","FERROVIA GENOVA P.ZZA MANIN - CASELLA | AMT SPA GENOVA | INTERSCAMBIO BUSALLETTA | STAZIONE DI BUSALLETTA REALIZZAZIONE DI PARCHEGGIO INTERSCAMBIO PER AUTO E BICICLETTE SISTEMAZIONE AREA | 25.875,00 | 0,00 | 25.875,00 | 25.875,00 | H49J21005480003",,alta,,
2023 DM MIT 342-2023.pdf,qwen/qwen3.6-35b-a3b,off,182,2024-03-28,Ministero delle infrastrutture e dei trasporti,,rettifica,H49J21005480003,True,definitivo,,1,singolo,7150,3,2032,25875.0,25875.0,"25.875,00",quota,assegnazione,assegnato,Finanziamento,"Allegato 1 / [TABELLA pag.6 n.1], riga Genova Busalletta","FERROVIA GENOVA P.ZZA MANIN - CASELLA | AMT SPA GENOVA | INTERSCAMBIO BUSALLETTA | STAZIONE DI BUSALLETTA REALIZZAZIONE DI PARCHEGGIO INTERSCAMBIO PER AUTO E BICICLETTE SISTEMAZIONE AREA | 25.875,00 | 0,00 | 25.875,00 | 25.875,00 | H49J21005480003",,alta,,
2023 DM MIT 342-2023.pdf,qwen/qwen3.6-35b-a3b,off,182,2024-03-28,Ministero delle infrastrutture e dei trasporti,,rettifica,H49J21005480003,True,definitivo,,1,singolo,7150,3,2033,7475.0,7475.0,"7.475,00",quota,assegnazione,assegnato,Finanziamento,"Allegato 1 / [TABELLA pag.4 n.1], riga Genova Vicomorasso","FERROVIA GENOVA P.ZZA MANIN - CASELLA | AMT SPA GENOVA | INTERSCAMBIO VICOMORASSO | STAZIONE DI VICOMORASSO REALIZZAZIONE DI PARCHEGGIO INTERSCAMBIO PER BICICLETTE | 7.475,00 | 0,00 | 7.475,00 | 7.475,00 | H49J21005480003",,alta,,
2023 DM MIT 342-2023.pdf,qwen/qwen3.6-35b-a3b,off,182,2024-03-28,Ministero delle infrastrutture e dei trasporti,,rettifica,H49J21005480003,True,definitivo,,1,singolo,7150,3,2032,7475.0,7475.0,"7.475,00",quota,assegnazione,assegnato,Finanziamento,"Allegato 1 / [TABELLA pag.6 n.1], riga Genova Vicomorasso","FERROVIA GENOVA P.ZZA MANIN - CASELLA | AMT SPA GENOVA | INTERSCAMBIO VICOMORASSO | STAZIONE DI VICOMORASSO REALIZZAZIONE DI PARCHEGGIO INTERSCAMBIO PER BICICLETTE | 7.475,00 | 0,00 | 7.475,00 | 7.475,00 | H49J21005480003",,alta,,
2023 DM MIT 342-2023.pdf,qwen/qwen3.6-35b-a3b,off,182,2024-03-28,Ministero delle infrastrutture e dei trasporti,,rettifica,H49J21005480003,True,definitivo,,1,singolo,7150,3,2033,25300.0,25300.0,"25.300,00",quota,assegnazione,assegnato,Finanziamento,"Allegato 1 / [TABELLA pag.4 n.1], riga Genova Torrazza","FERROVIA GENOVA P.ZZA MANIN - CASELLA | AMT SPA GENOVA | INTERSCAMBIO TORRAZZA | STAZIONE DI TORRAZZA REALIZZAZIONE DI PARCHEGGIO INTERSCAMBIO PER BICICLETTE | 25.300,00 | 0,00 | 25.300,00 | 25.300,00 | H49J21005480003",,alta,,
2023 DM MIT 342-2023.pdf,qwen/qwen3.6-35b-a3b,off,182,2024-03-28,Ministero delle infrastrutture e dei trasporti,,rettifica,H49J21005480003,True,definitivo,,1,singolo,7150,3,2032,25300.0,25300.0,"25.300,00",quota,assegnazione,assegnato,Finanziamento,"Allegato 1 / [TABELLA pag.6 n.1], riga Genova Torrazza","FERROVIA GENOVA P.ZZA MANIN - CASELLA | AMT SPA GENOVA | INTERSCAMBIO TORRAZZA | STAZIONE DI TORRAZZA REALIZZAZIONE DI PARCHEGGIO INTERSCAMBIO PER BICICLETTE | 25.300,00 | 0,00 | 25.300,00 | 25.300,00 | H49J21005480003",,alta,,
2023 DM MIT 342-2023.pdf,qwen/qwen3.6-35b-a3b,off,182,2024-03-28,Ministero delle infrastrutture e dei trasporti,,rettifica,H49J21005480003,True,definitivo,,1,singolo,7150,3,2033,9200.0,9200.0,"9.200,00",quota,assegnazione,assegnato,Finanziamento,"Allegato 1 / [TABELLA pag.4 n.1], riga Genova Sant'Olcese Chiesa","FERROVIA GENOVA P.ZZA MANIN - CASELLA | AMT SPA GENOVA | INTERSCAMBIO SANT'OLCESE CHIESA | STAZIONE DI TORRAZZA REALIZZAZIONE DI PARCHEGGIO INTERSCAMBIO PER BICICLETTE | 9.200,00 | 0,00 | 9.200,00 | 9.200,00 | H49J21005480003",,alta,,
2023 DM MIT 342-2023.pdf,qwen/qwen3.6-35b-a3b,off,182,2024-03-28,Ministero delle infrastrutture e dei trasporti,,rettifica,H49J21005480003,True,definitivo,,1,singolo,7150,3,2032,9200.0,9200.0,"9.200,00",quota,assegnazione,assegnato,Finanziamento,"Allegato 1 / [TABELLA pag.6 n.1], riga Genova Sant'Olcese Chiesa","FERROVIA GENOVA P.ZZA MANIN - CASELLA | AMT SPA GENOVA | INTERSCAMBIO SANT'OLCESE CHIESA | STAZIONE DI TORRAZZA REALIZZAZIONE DI PARCHEGGIO INTERSCAMBIO PER BICICLETTE | 9.200,00 | 0,00 | 9.200,00 | 9.200,00 | H49J21005480003",,alta,,
2023 DM MIT 342-2023.pdf,qwen/qwen3.6-35b-a3b,off,182,2024-03-28,Ministero delle infrastrutture e dei trasporti,,rettifica,H49J21005480003,True,definitivo,,1,singolo,7150,3,2033,4025.0,4025.0,"4.025,00",quota,assegnazione,assegnato,Finanziamento,"Allegato 1 / [TABELLA pag.4 n.1], riga Genova Canova","FERROVIA GENOVA P.ZZA MANIN - CASELLA | AMT SPA GENOVA | INTERSCAMBIO CANOVA | STAZIONE DI TORRAZZA REALIZZAZIONE DI PARCHEGGIO INTERSCAMBIO PER BICICLETTE | 4.025,00 | 0,00 | 4.025,00 | 4.025,00 | H49J21005480003",,alta,,
2023 DM MIT 342-2023.pdf,qwen/qwen3.6-35b-a3b,off,182,2024-03-28,Ministero delle infrastrutture e dei trasporti,,rettifica,H49J21005480003,True,definitivo,,1,singolo,7150,3,2032,4025.0,4025.0,"4.025,00",quota,assegnazione,assegnato,Finanziamento,"Allegato 1 / [TABELLA pag.6 n.1], riga Genova Canova","FERROVIA GENOVA P.ZZA MANIN - CASELLA | AMT SPA GENOVA | INTERSCAMBIO CANOVA | STAZIONE DI TORRAZZA REALIZZAZIONE DI PARCHEGGIO INTERSCAMBIO PER BICICLETTE | 4.025,00 | 0,00 | 4.025,00 | 4.025,00 | H49J21005480003",,alta,,
2025 DD MIT 141-2025.pdf,qwen/qwen3.6-35b-a3b,off,141,2025-04-18,Ministero delle infrastrutture e dei trasporti,,attuazione,E51I04000010007,True,definitivo,,1,singolo,7419,2,2024,50000000.0,50000000.0,"€ 50.000.000,00",quota,assegnazione,impegnato,,"art. 3; [TABELLA pag.5 n.1], riga 1","2024 | € 50.000.000,00",,alta,,Ripartizione annuale dell'importo complessivo di cui all'art. 3
2025 DD MIT 141-2025.pdf,qwen/qwen3.6-35b-a3b,off,141,2025-04-18,Ministero delle infrastrutture e dei trasporti,,attuazione,E51I04000010007,True,definitivo,,1,singolo,7419,2,2025,25000000.0,25000000.0,"€ 25.000.000,00",quota,assegnazione,impegnato,,"art. 3; [TABELLA pag.5 n.1], riga 2","2025 | € 25.000.000,00",,alta,,Ripartizione annuale dell'importo complessivo di cui all'art. 3
2025 DD MIT 141-2025.pdf,qwen/qwen3.6-35b-a3b,off,141,2025-04-18,Ministero delle infrastrutture e dei trasporti,,attuazione,E51I04000010007,True,definitivo,,1,singolo,7419,2,2026,50000000.0,50000000.0,"€ 50.000.000,00",quota,assegnazione,impegnato,,"art. 3; [TABELLA pag.5 n.1], riga 3","2026 | € 50.000.000,00",,alta,,Ripartizione annuale dell'importo complessivo di cui all'art. 3
2025 DD MIT 141-2025.pdf,qwen/qwen3.6-35b-a3b,off,141,2025-04-18,Ministero delle infrastrutture e dei trasporti,,attuazione,E51I04000010007,True,definitivo,,1,singolo,7419,2,2027,350000000.0,350000000.0,"€ 350.000.000,00",quota,assegnazione,impegnato,,"art. 3; [TABELLA pag.5 n.1], riga 4","2027 | € 350.000.000,00",,alta,,Ripartizione annuale dell'importo complessivo di cui all'art. 3
2025 DD MIT 141-2025.pdf,qwen/qwen3.6-35b-a3b,off,141,2025-04-18,Ministero delle infrastrutture e dei trasporti,,attuazione,E51I04000010007,True,definitivo,,1,singolo,7419,2,2028,200000000.0,200000000.0,"€ 200.000.000,00",quota,assegnazione,impegnato,,"art. 3; [TABELLA pag.5 n.1], riga 5","2028 | € 200.000.000,00",,alta,,Ripartizione annuale dell'importo complessivo di cui all'art. 3
2025 DD MIT 141-2025.pdf,qwen/qwen3.6-35b-a3b,off,141,2025-04-18,Ministero delle infrastrutture e dei trasporti,,attuazione,E51I04000010007,True,definitivo,,1,singolo,7419,2,2029,150000000.0,150000000.0,"€ 150.000.000,00",quota,assegnazione,impegnato,,"art. 3; [TABELLA pag.5 n.1], riga 6","2029 | € 150.000.000,00",,alta,,Ripartizione annuale dell'importo complessivo di cui all'art. 3
2025 DD MIT 141-2025.pdf,qwen/qwen3.6-35b-a3b,off,141,2025-04-18,Ministero delle infrastrutture e dei trasporti,,attuazione,E51I04000010007,True,definitivo,,1,singolo,7419,2,2030,450000000.0,450000000.0,"€ 450.000.000,00",quota,assegnazione,impegnato,,"art. 3; [TABELLA pag.5 n.1], riga 7","2030 | € 450.000.000,00",,alta,,Ripartizione annuale dell'importo complessivo di cui all'art. 3
2025 DD MIT 141-2025.pdf,qwen/qwen3.6-35b-a3b,off,141,2025-04-18,Ministero delle infrastrutture e dei trasporti,,attuazione,E51I04000010007,True,definitivo,,1,singolo,7419,2,2031,450000000.0,450000000.0,"€ 450.000.000,00",quota,assegnazione,impegnato,,"art. 3; [TABELLA pag.5 n.1], riga 8","2031 | € 450.000.000,00",,alta,,Ripartizione annuale dell'importo complessivo di cui all'art. 3
2025 DD MIT 141-2025.pdf,qwen/qwen3.6-35b-a3b,off,141,2025-04-18,Ministero delle infrastrutture e dei trasporti,,attuazione,E51I04000010007,True,definitivo,,1,singolo,7419,2,2032,400000000.0,400000000.0,"€ 400.000.000,00",quota,assegnazione,impegnato,,"art. 3; [TABELLA pag.5 n.1], riga 9","2032 | € 400.000.000,00",,alta,,Ripartizione annuale dell'importo complessivo di cui all'art. 3
2025 DD MIT 141-2025.pdf,qwen/qwen3.6-35b-a3b,off,141,2025-04-18,Ministero delle infrastrutture e dei trasporti,,attuazione,E51I04000010007,True,definitivo,,1,singolo,7419,2,,2125000000.0,2125000000.0,"€ 2.125.000.000,00",totale,assegnazione,impegnato,,"art. 3; [TABELLA pag.5 n.1], riga TOTALE","TOTALE | € 2.125.000.000,00",,alta,,"Importo complessivo impegnato ex art. 1, comma 478, L. 29/12/2022 n. 197"
2025 DD MIT 141-2025.pdf,qwen/qwen3.6-35b-a3b,off,141,2025-04-18,Ministero delle infrastrutture e dei trasporti,,attuazione,E51I04000010007,True,definitivo,,1,singolo,7416,1,2027,50000000.0,50000000.0,"€ 50.000.000,00",quota,assegnazione,impegnato,,art. 4,"€ 50.000.000,00 per l’esercizio finanziario 2027",,alta,,Ripartizione annuale dell'importo complessivo di cui all'art. 4
2025 DD MIT 141-2025.pdf,qwen/qwen3.6-35b-a3b,off,141,2025-04-18,Ministero delle infrastrutture e dei trasporti,,attuazione,E51I04000010007,True,definitivo,,1,singolo,7416,1,2028,25000000.0,25000000.0,"€ 25.000.000,00",quota,assegnazione,impegnato,,art. 4,"€ 25.000.000,00 per l’esercizio finanziario 2028",,alta,,Ripartizione annuale dell'importo complessivo di cui all'art. 4
2025 DD MIT 141-2025.pdf,qwen/qwen3.6-35b-a3b,off,141,2025-04-18,Ministero delle infrastrutture e dei trasporti,,attuazione,E51I04000010007,True,definitivo,,1,singolo,7416,1,,75000000.0,75000000.0,"€ 75.000.000,00",totale,assegnazione,impegnato,,art. 4,"somma complessiva di € 75.000.000,00",,alta,,"Importo complessivo impegnato ex art. 1, comma 478, L. 29/12/2022 n. 197"
2022 DD MIT 454-2022.pdf,z-ai/glm-4.7-flash,off,,,Ministero delle Infrastrutture e dei Trasporti,,impegno,E51I04000010007,True,definitivo,,1,singolo,7426,1,2021,14000000.0,14000000.0,"€ 14.000.000,00",totale,assegnazione,impegnato,,Articolo 1,"l'impegno di € 14.000.000,00 in conto residui di lettera F, esercizio di provenienza 2021",Decreto MIMS di concerto con MEF n. 498 del 14 novembre 2014,alta,,"Impegno in conto residui, esercizio di provenienza 2021"
2022 DD MIT 454-2022.pdf,z-ai/glm-4.7-flash,off,,,Ministero delle Infrastrutture e dei Trasporti,,impegno,E51I04000010007,True,definitivo,,1,singolo,7426,1,,131000000.0,131000000.0,"€ 131.000.000,00",totale,assegnazione,impegnato,,Articolo 2,"per l'importo complessivo di € 131.000.000,00 a favore di Roma Capitale",Decreto MIMS di concerto con MEF n. 498 del 14 novembre 2014,alta,,Importo complessivo pluriennale
2022 DD MIT 454-2022.pdf,z-ai/glm-4.7-flash,off,,,Ministero delle Infrastrutture e dei Trasporti,,impegno,E51I04000010007,True,definitivo,,1,singolo,7426,1,2022,35000000.0,35000000.0,"35.000.000,00 €",quota,assegnazione,impegnato,Importo,"Articolo 2; [TABELLA pag.3 n.1], riga 1","2022 | 35.000.000,00 €",,alta,,
2022 DD MIT 454-2022.pdf,z-ai/glm-4.7-flash,off,,,Ministero delle Infrastrutture e dei Trasporti,,impegno,E51I04000010007,True,definitivo,,1,singolo,7426,1,2023,40000000.0,40000000.0,"40.000.000,00 €",quota,assegnazione,impegnato,Importo,"Articolo 2; [TABELLA pag.3 n.1], riga 2","2023 | 40.000.000,00 €",,alta,,
2022 DD MIT 454-2022.pdf,z-ai/glm-4.7-flash,off,,,Ministero delle Infrastrutture e dei Trasporti,,impegno,E51I04000010007,True,definitivo,,1,singolo,7426,1,2024,33500000.0,33500000.0,"33.500.000,00 €",quota,assegnazione,impegnato,Importo,"Articolo 2; [TABELLA pag.3 n.1], riga 3","2024 | 33.500.000,00 €",,alta,,
2022 DD MIT 454-2022.pdf,z-ai/glm-4.7-flash,off,,,Ministero delle Infrastrutture e dei Trasporti,,impegno,E51I04000010007,True,definitivo,,1,singolo,7426,1,2025,22500000.0,22500000.0,"22.500.000,00 €",quota,assegnazione,impegnato,Importo,"Articolo 2; [TABELLA pag.3 n.1], riga 4","2025 | 22.500.000,00 €",,alta,,
2022 DI Mims Mef 97 20.04.2022.pdf,z-ai/glm-4.7-flash,off,,,Ministero delle Infrastrutture e della Mobilità Sostenibili,Ministero dell'Economia e delle Finanze,assegnazione,B39J22001360001,True,definitivo,,1,singolo,7400,8,,398000000.0,398000000.0,"398.000.000,00",totale,assegnazione,assegnato,FINANZIAMENTO AMMESSO,"art. 1, comma 1, lett. a); Allegato 1 / [TABELLA pag.10 n.1], riga 1","SKYMETRO VAL BISAGNO GENOVA | COMUNE DI GENOVA | B39J22001360001 | PFTE | 398.000.000,00 | --- | 398.000.000,00",,alta,,
2022 DI Mims Mef 97 20.04.2022.pdf,z-ai/glm-4.7-flash,off,,,Ministero delle Infrastrutture e della Mobilità Sostenibili,Ministero dell'Economia e delle Finanze,assegnazione,B31F20000030005,True,definitivo,,1,singolo,7400,8,,20860000.0,20860000.0,"20.860.000,00",totale,assegnazione,assegnato,FINANZIAMENTO AMMESSO,"art. 1, comma 1, lett. a); Allegato 1 / [TABELLA pag.10 n.1], riga 2","PROLUNGAMENTO METROPOLITANA DI GENOVA DA BRIN A CANEPARI... | COMUNE DI GENOVA | B31F20000030005 | PFTE | 20.860.000,00 | --- | 20.860.000,00",,alta,,
2022 DI Mims Mef 97 20.04.2022.pdf,z-ai/glm-4.7-flash,off,,,Ministero delle Infrastrutture e della Mobilità Sostenibili,Ministero dell'Economia e delle Finanze,assegnazione,B44D20000040001,True,definitivo,,1,singolo,7400,8,,180000000.0,180000000.0,"180.000.000,00",totale,assegnazione,assegnato,FINANZIAMENTO AMMESSO,"art. 1, comma 1, lett. a); Allegato 1 / [TABELLA pag.10 n.1], riga 3","LINEA METROPOLITANA M1 PROLUNGAMENTO QUARTIERE BAGGIO – OLMI - VALSESIA | COMUNE DI MILANO | B44D20000040001 | PROGETTO DEFINITIVO | 398.000.000,00 | 218.000.000,00 | 180.000.000,00",,alta,,"costo intervento 398.000.000,00; cofinanziamento disponibile 218.000.000,00; finanziamento ammesso 180.000.000,00"
2022 DI Mims Mef 97 20.04.2022.pdf,z-ai/glm-4.7-flash,off,,,Ministero delle Infrastrutture e della Mobilità Sostenibili,Ministero dell'Economia e delle Finanze,assegnazione,B91J21000040001,True,definitivo,,1,singolo,7400,8,,420000000.0,420000000.0,"420.000.000,00",totale,assegnazione,assegnato,FINANZIAMENTO AMMESSO,"art. 1, comma 1, lett. a); Allegato 1 / [TABELLA pag.10 n.1], riga 4","PROLUNGAMENTO LINEA METROPOLITANA M4 DA AEROPORTO LINATE A SEGRATE | COMUNE DI MILANO | B91J21000040001 | PFTE | 420.000.000,00 | --- | 420.000.000,00",,alta,,
2022 DI Mims Mef 97 20.04.2022.pdf,z-ai/glm-4.7-flash,off,,,Ministero delle Infrastrutture e della Mobilità Sostenibili,Ministero dell'Economia e delle Finanze,assegnazione,B41J21000050006,True,definitivo,,1,singolo,7400,8,,4500000.0,4500000.0,"4.500.000,00",totale,assegnazione,assegnato,FINANZIAMENTO AMMESSO,"art. 1, comma 1, lett. a); Allegato 1 / [TABELLA pag.10 n.1], riga 5","NUOVA LINEA METROPOLITANA M6 RAMO SUD (PFTE) | COMUNE DI MILANO | B41J21000050006 | --- | 4.500.000,00 | --- | 4.500.000,00",,alta,,
2022 DI Mims Mef 97 20.04.2022.pdf,z-ai/glm-4.7-flash,off,,,Ministero delle Infrastrutture e della Mobilità Sostenibili,Ministero dell'Economia e delle Finanze,assegnazione,B41C21000010001,True,definitivo,,1,singolo,7400,8,,5500000.0,5500000.0,"5.500.000,00",totale,assegnazione,assegnato,FINANZIAMENTO AMMESSO,"art. 1, comma 1, lett. a); Allegato 1 / [TABELLA pag.10 n.1], riga 6","PROLUNGAMENTO M3 SAN DONATO M. – ASTA PAULLESE (PFTE) | COMUNE DI MILANO | B41C21000010001 | PFTE – 1° FASE | 5.500.000,00 | --- | 5.500.000,00",,alta,,
2022 DI Mims Mef 97 20.04.2022.pdf,z-ai/glm-4.7-flash,off,,,Ministero delle Infrastrutture e della Mobilità Sostenibili,Ministero dell'Economia e delle Finanze,assegnazione,F41B22000740009,True,definitivo,F41B22000740009,1,singolo,7400,8,,631373163.0,631373163.0,"631.373.163,00",totale,assegnazione,assegnato,FINANZIAMENTO AMMESSO,"art. 1, comma 1, lett. a); Allegato 1 / [TABELLA pag.10 n.1], riga 7","NUOVO COLLEGAMENTO IN SEDE PROPRIA TRA LA STAZIONE AV DI AFRAGOLA... | COMUNE DI NAPOLI / EAV Srl | F41B22000740009 (CUP MASTER) | PFTE | 631.373.163,00 | --- | 631.373.163,00",,alta,,il CUP F41B22000740009 è indicato come CUP MASTER nella tabella; non è presente un altro CUP dell'intervento nella stessa riga
2022 DI Mims Mef 97 20.04.2022.pdf,z-ai/glm-4.7-flash,off,,,Ministero delle Infrastrutture e della Mobilità Sostenibili,Ministero dell'Economia e delle Finanze,assegnazione,F41B22000830009,True,definitivo,,1,singolo,7400,8,,163500824.0,163500824.0,"163.500.824,00",totale,assegnazione,assegnato,FINANZIAMENTO AMMESSO,"art. 1, comma 1, lett. a); Allegato 1 / [TABELLA pag.10 n.1], riga 8","NUOVO COLLEGAMENTO IN SEDE PROPRIA TRA LA STAZIONE AV DI AFRAGOLA... LOTTO 1°_STRALCIO II | COMUNE DI NAPOLI / EAV Srl | F41B22000830009 | PFTE | 163.500.824,00 | --- | 163.500.824,00",,alta,,
2022 DI Mims Mef 97 20.04.2022.pdf,z-ai/glm-4.7-flash,off,,,Ministero delle Infrastrutture e della Mobilità Sostenibili,Ministero dell'Economia e delle Finanze,assegnazione,E51I04000010007,True,definitivo,,1,singolo,7400,8,,610000000.0,610000000.0,"610.000.000,00",totale,assegnazione,assegnato,FINANZIAMENTO AMMESSO,"art. 1, comma 1, lett. a); Allegato 1 / [TABELLA pag.10 n.1], riga 9","LINEA C DELLA METROPOLITANA DI ROMA - SUB-TRATTA FUNZIONALE DA STAZIONE VENEZIA A STAZIONE FORI IMPERIALI | ROMA CAPITALE / ROMA METROPOLITANE Srl | E51I04000010007 | PROGETTO DEFINITIVO | 755.000.000,00 | 145.000.000,00 | 610.000.000,00",,alta,,"costo intervento 755.000.000,00; cofinanziamento disponibile 145.000.000,00; finanziamento ammesso 610.000.000,00"
2022 DI Mims Mef 97 20.04.2022.pdf,z-ai/glm-4.7-flash,off,,,Ministero delle Infrastrutture e della Mobilità Sostenibili,Ministero dell'Economia e delle Finanze,assegnazione,E51I04000010007,True,definitivo,,1,singolo,7400,8,,990000000.0,990000000.0,"990.000.000,00",totale,assegnazione,assegnato,FINANZIAMENTO AMMESSO,"art. 1, comma 1, lett. a); Allegato 1 / [TABELLA pag.10 n.1], riga 10","LINEA C DELLA METROPOLITANA DI ROMA - TRATTA T2 - LOTTO COSTRUTTIVO | ROMA CAPITALE / ROMA METROPOLITANE Srl | E51I04000010007 | PROGETTO PRELIMINARE | 990.000.000,00 | --- | 990.000.000,00",,alta,,stesso CUP E51I04000010007 per due interventi distinti (sub-tratta Venezia-Fori Imperiali e tratta T2); due record separati come da R4
2022 DI Mims Mef 97 20.04.2022.pdf,z-ai/glm-4.7-flash,off,,,Ministero delle Infrastrutture e della Mobilità Sostenibili,Ministero dell'Economia e delle Finanze,assegnazione,C71F20000020005,True,definitivo,,1,singolo,7400,8,,1000000000.0,1000000000.0,"1.000.000.000,00",totale,assegnazione,assegnato,FINANZIAMENTO AMMESSO,"art. 1, comma 1, lett. a); Allegato 1 / [TABELLA pag.10 n.1], riga 11","METROPOLITANA AUTOMATICA DI TORINO – LINEA 2 – TRATTA “POLITECNICO – REBAUDENGO” | COMUNE DI TORINO | C71F20000020005 | PROGETTO DEFINITIVO | 1.800.000.000,00 | 800.000.000,00 | 1.000.000.000,00",,alta,,"costo intervento 1.800.000.000,00; cofinanziamento disponibile 800.000.000,00; finanziamento ammesso 1.000.000.000,00"
2022 DI Mims Mef 97 20.04.2022.pdf,z-ai/glm-4.7-flash,off,,,Ministero delle Infrastrutture e della Mobilità Sostenibili,Ministero dell'Economia e delle Finanze,assegnazione,J81B21014060001,True,definitivo,,1,singolo,7400,1,,173183831.97,173183831.97,"173.183.831,97",totale,assegnazione,assegnato,FINANZIAMENTO AMMESSO,"art. 1, comma 1, lett. b); Allegato 2 / [TABELLA pag.12 n.1], riga 1","LINEA TRANVIARIA TERMINI - VATICANO - AURELIO | J81B21014060001 | TRANVIA | 293.183.831,97 | 120.000.000,00 | 173.183.831,97",,alta,,"costo intervento 293.183.831,97; cofinanziamento disponibile 120.000.000,00 (riconosciuto con DM 16 novembre 2021, n. 448); finanziamento ammesso 173.183.831,97"
2022 DI Mims Mef 97 20.04.2022.pdf,z-ai/glm-4.7-flash,off,,,Ministero delle Infrastrutture e della Mobilità Sostenibili,Ministero dell'Economia e delle Finanze,assegnazione,J84E21005150001,True,definitivo,,1,singolo,7400,1,,11284217.84,11284217.84,"11.284.217,84",totale,assegnazione,assegnato,FINANZIAMENTO AMMESSO,"art. 1, comma 1, lett. b); Allegato 2 / [TABELLA pag.12 n.1], riga 2","DEPOSITO DI CENTOCELLE EST | J84E21005150001 | TRANVIA | 11.284.217,84 | --- | 11.284.217,84",,alta,,
2022 DI Mims Mef 97 20.04.2022.pdf,z-ai/glm-4.7-flash,off,,,Ministero delle Infrastrutture e della Mobilità Sostenibili,Ministero dell'Economia e delle Finanze,assegnazione,E31J19000030001,True,definitivo,,1,singolo,7400,1,,26500000.0,26500000.0,"26.500.000,00",totale,assegnazione,assegnato,FINANZIAMENTO AMMESSO,"art. 1, comma 1, lett. b); Allegato 2 / [TABELLA pag.12 n.1], riga 3","SISTEMA DI TRASPORTO RAPIDO DI MASSA PER IL COLLEGAMENTO TRA LA STAZIONE FERROVIARIA DI PIACENZA ED IL NUOVO POLO OSPEDALIERO | E31J19000030001 | BUSVIA | 26.500.000,00 | --- | 26.500.000,00",,alta,,
2022 DI Mims Mef 97 20.04.2022.pdf,z-ai/glm-4.7-flash,off,,,Ministero delle Infrastrutture e della Mobilità Sostenibili,Ministero dell'Economia e delle Finanze,assegnazione,F44I19000530001,True,definitivo,,1,singolo,7400,1,,122200000.0,122200000.0,"122.200.000,00",totale,assegnazione,assegnato,FINANZIAMENTO AMMESSO,"art. 1, comma 1, lett. b); Allegato 2 / [TABELLA pag.12 n.1], riga 4","AMPLIAMENTO DEL DEPOSITO GALLARATESE DEI TRENI DELLA LINEA METROPOLITANA 1 | F44I19000530001 | METRO | 122.200.000,00 | --- | 122.200.000,00",,alta,,
2022 DI Mims Mef 97 20.04.2022.pdf,z-ai/glm-4.7-flash,off,,,Ministero delle Infrastrutture e della Mobilità Sostenibili,Ministero dell'Economia e delle Finanze,assegnazione,C11J22000000001,True,definitivo,,1,singolo,,,,221721410.41,221721410.41,"221.721.410,41",totale,altro,ammissibile,FINANZIAMENTO AMMESSO,"art. 2, comma 1; Allegato 3 / [TABELLA pag.13 n.1], riga 1","PROLUNGAMENTO LINEA TRANVIARIA 12 ALL'ALLIANZ STADIUM E RECUPERO TRINCEA FERROVIA TORINO-CERES | C11J22000000001 | TRANVIA | 221.721.410,41 | --- | 221.721.410,41",,alta,,"intervento ammissibile a finanziamento, non finanziato con il presente decreto; sarà finanziato con lo scorrimento della graduatoria (art. 2, comma 2)"
2022 DI Mims Mef 97 20.04.2022.pdf,z-ai/glm-4.7-flash,off,,,Ministero delle Infrastrutture e della Mobilità Sostenibili,Ministero dell'Economia e delle Finanze,assegnazione,F47C19000370001,True,definitivo,,4,aggregato,,,,20900000.02,5225000.005,"20.900.000,02",totale,altro,ammissibile,FINANZIAMENTO AMMESSO,"art. 2, comma 1; Allegato 3 / [TABELLA pag.13 n.1], riga 2","METROPOLITANA LINEA M3: INTERVENTI DI ADEGUAMENTO ANTINCENDIO AI SENSI DEL DM 21.10.2015 | F47C19000370001 F47D17000140005 F47C19000380001 F47C19000390001 | METRO | 25.000.000,02 | 4.100.000,00 | 20.900.000,02",,alta,,"importo unico per quattro CUP; l'atto non ripartisce; intervento ammissibile a finanziamento, non finanziato con il presente decreto"
2022 DI Mims Mef 97 20.04.2022.pdf,z-ai/glm-4.7-flash,off,,,Ministero delle Infrastrutture e della Mobilità Sostenibili,Ministero dell'Economia e delle Finanze,assegnazione,F47D17000140005,True,definitivo,,4,aggregato,,,,20900000.02,5225000.005,"20.900.000,02",totale,altro,ammissibile,FINANZIAMENTO AMMESSO,"art. 2, comma 1; Allegato 3 / [TABELLA pag.13 n.1], riga 2","METROPOLITANA LINEA M3: INTERVENTI DI ADEGUAMENTO ANTINCENDIO AI SENSI DEL DM 21.10.2015 | F47C19000370001 F47D17000140005 F47C19000380001 F47C19000390001 | METRO | 25.000.000,02 | 4.100.000,00 | 20.900.000,02",,alta,,"importo unico per quattro CUP; l'atto non ripartisce; intervento ammissibile a finanziamento, non finanziato con il presente decreto"
2022 DI Mims Mef 97 20.04.2022.pdf,z-ai/glm-4.7-flash,off,,,Ministero delle Infrastrutture e della Mobilità Sostenibili,Ministero dell'Economia e delle Finanze,assegnazione,F47C19000380001,True,definitivo,,4,aggregato,,,,20900000.02,5225000.005,"20.900.000,02",totale,altro,ammissibile,FINANZIAMENTO AMMESSO,"art. 2, comma 1; Allegato 3 / [TABELLA pag.13 n.1], riga 2","METROPOLITANA LINEA M3: INTERVENTI DI ADEGUAMENTO ANTINCENDIO AI SENSI DEL DM 21.10.2015 | F47C19000370001 F47D17000140005 F47C19000380001 F47C19000390001 | METRO | 25.000.000,02 | 4.100.000,00 | 20.900.000,02",,alta,,"importo unico per quattro CUP; l'atto non ripartisce; intervento ammissibile a finanziamento, non finanziato con il presente decreto"
2022 DI Mims Mef 97 20.04.2022.pdf,z-ai/glm-4.7-flash,off,,,Ministero delle Infrastrutture e della Mobilità Sostenibili,Ministero dell'Economia e delle Finanze,assegnazione,F47C19000390001,True,definitivo,,4,aggregato,,,,20900000.02,5225000.005,"20.900.000,02",totale,altro,ammissibile,FINANZIAMENTO AMMESSO,"art. 2, comma 1; Allegato 3 / [TABELLA pag.13 n.1], riga 2","METROPOLITANA LINEA M3: INTERVENTI DI ADEGUAMENTO ANTINCENDIO AI SENSI DEL DM 21.10.2015 | F47C19000370001 F47D17000140005 F47C19000380001 F47C19000390001 | METRO | 25.000.000,02 | 4.100.000,00 | 20.900.000,02",,alta,,"importo unico per quattro CUP; l'atto non ripartisce; intervento ammissibile a finanziamento, non finanziato con il presente decreto"
2022 DI Mims Mef 97 20.04.2022.pdf,z-ai/glm-4.7-flash,off,,,Ministero delle Infrastrutture e della Mobilità Sostenibili,Ministero dell'Economia e delle Finanze,assegnazione,F47C19000350001,True,definitivo,,2,aggregato,,,,45000000.07,22500000.035,"45.000.000,07",totale,altro,ammissibile,FINANZIAMENTO AMMESSO,"art. 2, comma 1; Allegato 3 / [TABELLA pag.13 n.1], riga 3","METROPOLITANA LINEE M1 + M2 - INTERVENTI DI ADEGUAMENTO ANTINCENDI AI SENSI DEL DM 21.10.2015 FASE 2 | F47C19000350001 O F47C19000360001 | METRO | 45.000.000,07 | --- | 45.000.000,07",,alta,,"importo unico per due CUP; l'atto non ripartisce; intervento ammissibile a finanziamento, non finanziato con il presente decreto"
2022 DI Mims Mef 97 20.04.2022.pdf,z-ai/glm-4.7-flash,off,,,Ministero delle Infrastrutture e della Mobilità Sostenibili,Ministero dell'Economia e delle Finanze,assegnazione,F47C19000360001,True,definitivo,,2,aggregato,,,,45000000.07,22500000.035,"45.000.000,07",totale,altro,ammissibile,FINANZIAMENTO AMMESSO,"art. 2, comma 1; Allegato 3 / [TABELLA pag.13 n.1], riga 3","METROPOLITANA LINEE M1 + M2 - INTERVENTI DI ADEGUAMENTO ANTINCENDI AI SENSI DEL DM 21.10.2015 FASE 2 | F47C19000350001 O F47C19000360001 | METRO | 45.000.000,07 | --- | 45.000.000,07",,alta,,"importo unico per due CUP; l'atto non ripartisce; intervento ammissibile a finanziamento, non finanziato con il presente decreto"
2022 DI Mims Mef 97 20.04.2022.pdf,z-ai/glm-4.7-flash,off,,,Ministero delle Infrastrutture e della Mobilità Sostenibili,Ministero dell'Economia e delle Finanze,assegnazione,B34J18000220001,True,definitivo,,2,aggregato,,,,74516124.63,37258062.315,"74.516.124,63",totale,altro,ammissibile,FINANZIAMENTO AMMESSO,"art. 2, comma 1; Allegato 3 / [TABELLA pag.13 n.1], riga 4","LINEA METROPOLITANA: PROLUNGAMENTO A RIVAROLO E COMPLETAMENTO DELLA STAZIONE DI MARTINEZ / TERRALBA | B34J18000220001 B34J18000230001 | METRO | 74.516.124,63 | --- | 74.516.124,63",,alta,,"importo unico per due CUP; l'atto non ripartisce; intervento ammissibile a finanziamento, non finanziato con il presente decreto"
2022 DI Mims Mef 97 20.04.2022.pdf,z-ai/glm-4.7-flash,off,,,Ministero delle Infrastrutture e della Mobilità Sostenibili,Ministero dell'Economia e delle Finanze,assegnazione,B34J18000230001,True,definitivo,,2,aggregato,,,,74516124.63,37258062.315,"74.516.124,63",totale,altro,ammissibile,FINANZIAMENTO AMMESSO,"art. 2, comma 1; Allegato 3 / [TABELLA pag.13 n.1], riga 4","LINEA METROPOLITANA: PROLUNGAMENTO A RIVAROLO E COMPLETAMENTO DELLA STAZIONE DI MARTINEZ / TERRALBA | B34J18000220001 B34J18000230001 | METRO | 74.516.124,63 | --- | 74.516.124,63",,alta,,"importo unico per due CUP; l'atto non ripartisce; intervento ammissibile a finanziamento, non finanziato con il presente decreto"
2023 DM MIT 342-2023.pdf,z-ai/glm-4.7-flash,off,,,Ministero delle Infrastrutture e dei Trasporti,,rettifica,H49J21005480003,True,definitivo,,1,singolo,7150,3,,44275.0,44275.0,"44.275,00",totale,assegnazione,assegnato,IMPORTO AMMASSO A FINANZIAMENTO CENTRO - NORD - POTENZIAMENTO,"Allegato 1 / [TABELLA pag.4 n.1], riga 1","ALTERNATIVA INTERVENTO 1. STAZIONE DI CASELLA REALIZZAZIONE DI PARCHEGGIO INTERSCAMBIO PER BICICLETTE | 44.275,00 | 0,00 | 44.275,00 | | H49J21005480003",,alta,,
2023 DM MIT 342-2023.pdf,z-ai/glm-4.7-flash,off,,,Ministero delle Infrastrutture e dei Trasporti,,rettifica,,False,,,0,singolo,7150,3,,6325.0,6325.0,"6.325,00",totale,assegnazione,assegnato,IMPORTO AMMASSO A FINANZIAMENTO CENTRO - NORD - POTENZIAMENTO,"Allegato 1 / [TABELLA pag.4 n.1], riga 2","REALIZZAZIONE DI PARCHEGGIO INTERSCAMBIO PER BICICLETTE E PUNTO DI RICARICA AUTO ELETTRICA | 6.325,00 | 0,00 | 6.325,00 |",,alta,,CUP non presente nel testo
2023 DM MIT 342-2023.pdf,z-ai/glm-4.7-flash,off,,,Ministero delle Infrastrutture e dei Trasporti,,rettifica,,False,,,0,singolo,7150,3,,86250.0,86250.0,"86.250,00",totale,assegnazione,assegnato,IMPORTO AMMASSO A FINANZIAMENTO CENTRO - NORD - POTENZIAMENTO,"Allegato 1 / [TABELLA pag.4 n.1], riga 3","REALIZZAZIONE DI PARCHEGGIO INTERSCAMBIO PER AUTO E BICICLETTE SISTEMAZIONE AREA | 86.250,00 | 0,00 | 86.250,00 |",,alta,,CUP non presente nel testo
2023 DM MIT 342-2023.pdf,z-ai/glm-4.7-flash,off,,,Ministero delle Infrastrutture e dei Trasporti,,rettifica,,False,,,0,singolo,7150,3,,25875.0,25875.0,"25.875,00",totale,assegnazione,assegnato,IMPORTO AMMASSO A FINANZIAMENTO CENTRO - NORD - POTENZIAMENTO,"Allegato 1 / [TABELLA pag.4 n.1], riga 4","REALIZZAZIONE DI PARCHEGGIO INTERSCAMBIO PER AUTO E BICICLETTE SISTEMAZIONE AREA | 25.875,00 | 0,00 | 25.875,00 |",,alta,,CUP non presente nel testo
2023 DM MIT 342-2023.pdf,z-ai/glm-4.7-flash,off,,,Ministero delle Infrastrutture e dei Trasporti,,rettifica,,False,,,0,singolo,7150,3,,47725.0,47725.0,"47.725,00",totale,assegnazione,assegnato,IMPORTO AMMASSO A FINANZIAMENTO CENTRO - NORD - POTENZIAMENTO,"Allegato 1 / [TABELLA pag.4 n.1], riga 5","REALIZZAZIONE DI PARCHEGGIO INTERSCAMBIO PER AUTO E BICICLETTE SISTEMAZIONE AREA | 47.725,00 | 0,00 | 47.725,00 |",,alta,,CUP non presente nel testo
2023 DM MIT 342-2023.pdf,z-ai/glm-4.7-flash,off,,,Ministero delle Infrastrutture e dei Trasporti,,rettifica,,False,,,0,singolo,7150,3,,7475.0,7475.0,"7.475,00",totale,assegnazione,assegnato,IMPORTO AMMASSO A FINANZIAMENTO CENTRO - NORD - POTENZIAMENTO,"Allegato 1 / [TABELLA pag.4 n.1], riga 6","REALIZZAZIONE DI PARCHEGGIO INTERSCAMBIO PER BICICLETTE | 7.475,00 | 0,00 | 7.475,00 |",,alta,,CUP non presente nel testo
2023 DM MIT 342-2023.pdf,z-ai/glm-4.7-flash,off,,,Ministero delle Infrastrutture e dei Trasporti,,rettifica,,False,,,0,singolo,7150,3,,25300.0,25300.0,"25.300,00",totale,assegnazione,assegnato,IMPORTO AMMASSO A FINANZIAMENTO CENTRO - NORD - POTENZIAMENTO,"Allegato 1 / [TABELLA pag.4 n.1], riga 7","REALIZZAZIONE DI PARCHEGGIO INTERSCAMBIO PER BICICLETTE | 25.300,00 | 0,00 | 25.300,00 |",,alta,,CUP non presente nel testo
2023 DM MIT 342-2023.pdf,z-ai/glm-4.7-flash,off,,,Ministero delle Infrastrutture e dei Trasporti,,rettifica,,False,,,0,singolo,7150,3,,9200.0,9200.0,"9.200,00",totale,assegnazione,assegnato,IMPORTO AMMASSO A FINANZIAMENTO CENTRO - NORD - POTENZIAMENTO,"Allegato 1 / [TABELLA pag.4 n.1], riga 8","REALIZZAZIONE DI PARCHEGGIO INTERSCAMBIO PER BICICLETTE | 9.200,00 | 0,00 | 9.200,00 |",,alta,,CUP non presente nel testo
2023 DM MIT 342-2023.pdf,z-ai/glm-4.7-flash,off,,,Ministero delle Infrastrutture e dei Trasporti,,rettifica,,False,,,0,singolo,7150,3,,4025.0,4025.0,"4.025,00",totale,assegnazione,assegnato,IMPORTO AMMASSO A FINANZIAMENTO CENTRO - NORD - POTENZIAMENTO,"Allegato 1 / [TABELLA pag.4 n.1], riga 9","REALIZZAZIONE DI PARCHEGGIO INTERSCAMBIO PER BICICLETTE | 4.025,00 | 0,00 | 4.025,00 |",,alta,,CUP non presente nel testo
2023 DM MIT 342-2023.pdf,z-ai/glm-4.7-flash,off,,,Ministero delle Infrastrutture e dei Trasporti,,rettifica,C75B23000000001,True,definitivo,,1,singolo,7150,3,,10543255.0,10543255.0,"10.543.255,00",totale,assegnazione,assegnato,IMPORTO AMMASSO A FINANZIAMENTO CENTRO - NORD - POTENZIAMENTO,"Allegato 1 / [TABELLA pag.4 n.1], riga 10","RINNOVO, POTENZIAMENTO E MESSA IN SICUREZZA DELLE TRATTE PIÙ AMMALORATE DELLA LINEA DI CONTATTO DELLA FERROVIA ROMA – VITERBO NELLA TRATTA CATALANO – VITERBO | 10.543.255,00 | 0,00 | 10.543.255,00 | | C75B23000000001",,alta,,
2023 DM MIT 342-2023.pdf,z-ai/glm-4.7-flash,off,,,Ministero delle Infrastrutture e dei Trasporti,,rettifica,C71G22000090001,True,definitivo,,1,singolo,7150,3,,7000000.0,7000000.0,"7.000.000,00",totale,assegnazione,assegnato,IMPORTO AMMASSO A FINANZIAMENTO CENTRO - NORD - POTENZIAMENTO,"Allegato 1 / [TABELLA pag.4 n.1], riga 11","POTENZIAMENTO DEL SISTEMA DI ALIMENTAZIONE ELETTRICA DELLA LINEA ROMA-VITERBO (SSE E DOTE) | 7.000.000,00 | 0,00 | 7.000.000,00 | | C71G22000090001",,alta,,
2023 DM MIT 342-2023.pdf,z-ai/glm-4.7-flash,off,,,Ministero delle Infrastrutture e dei Trasporti,,rettifica,E51B21002250001,True,definitivo,,1,singolo,7150,3,,20000000.0,20000000.0,"20.000.000,00",totale,assegnazione,assegnato,IMPORTO AMMASSO A FINANZIAMENTO CENTRO - NORD - POTENZIAMENTO,"Allegato 1 / [TABELLA pag.4 n.1], riga 12","INTERVENTI SULLA RETE PER STABILIZZAZIONE ORARIO: RADDOPPIO SELETTIVO VARESE - LAVENO E SISTEMAZIONI INCROCI (GEMONIO E CITTIGLIO) | 20.000.000,00 | 0,00 | 20.000.000,00 | | E51B21002250001",,alta,,
2023 DM MIT 342-2023.pdf,z-ai/glm-4.7-flash,off,,,Ministero delle Infrastrutture e dei Trasporti,,rettifica,B41E04000210001,True,definitivo,,1,singolo,7150,3,,50000000.0,50000000.0,"50.000.000,00",totale,assegnazione,assegnato,IMPORTO AMMASSO A FINANZIAMENTO SUD POTENZIAMENTO,"Allegato 1 / [TABELLA pag.5 n.1], riga 1","LINEA 1 DELLA METROPOLITANA DI NAPOLI – TRATTA CDN –CAPODICHINO. OPERE COMPLEMENTARI PER L’IMPERMEABILIZZAZIONE DELLA ADIACENTE GALLERIA CIRCUMVESUVIANA COMPLETAMENTO | 50.000.000,00 | 50.000.000,00 | 100.000.000,00 | | B41E04000210001",,alta,,"cofinanziamento di 50.000.000,00 euro non attribuito a CUP"
2023 DM MIT 342-2023.pdf,z-ai/glm-4.7-flash,off,,,Ministero delle Infrastrutture e dei Trasporti,,rettifica,F61B21003640009,True,definitivo,,1,singolo,7150,3,,30000000.0,30000000.0,"30.000.000,00",totale,assegnazione,assegnato,IMPORTO AMMASSO A FINANZIAMENTO SUD POTENZIAMENTO,"Allegato 1 / [TABELLA pag.5 n.1], riga 2","NUOVO TELECOMANDO LINEE FLEGREE CON FORNITURA IN OPERA DI TRE SOTTOSTAZIONI ELETTRICHE ED ADEGUAMENTO TE GALLERIE | 30.000.000,00 | 0,00 | 30.000.000,00 | | F61B21003640009",,alta,,
2023 DM MIT 342-2023.pdf,z-ai/glm-4.7-flash,off,,,Ministero delle Infrastrutture e dei Trasporti,,rettifica,G31G22000250001,True,definitivo,,1,singolo,7150,3,,2800000.0,2800000.0,"2.800.000,00",totale,assegnazione,assegnato,IMPORTO AMMASSO A FINANZIAMENTO SUD POTENZIAMENTO,"Allegato 1 / [TABELLA pag.5 n.1], riga 3","RIFACIMENTO PENSILINA BARI CENTRALE | 2.800.000,00 | 0,00 | 2.800.000,00 | | G31G22000250001",,alta,,
2023 DM MIT 342-2023.pdf,z-ai/glm-4.7-flash,off,,,Ministero delle Infrastrutture e dei Trasporti,,rettifica,D69D15002090001,True,definitivo,,2,aggregato,7150,3,,50000000.0,25000000.0,"50.000.000,00",totale,assegnazione,assegnato,IMPORTO AMMASSO A FINANZIAMENTO SUD POTENZIAMENTO,"Allegato 1 / [TABELLA pag.5 n.1], riga 4","COMPLETAMENTO ELETTRIFICAZIONE DORSALE SALENTO (TRATTA MAGLIE- OTRANTO E ZOLLINO- GAGLIANO) | 50.000.000,00 | 130.000.000,00 | 180.000.000,00 | | Lotto 4 - D69D15002090001 Lotto 3 - D49D15001920001",,alta,,importo unico per due lotti/CUP; l'atto non ripartisce
2023 DM MIT 342-2023.pdf,z-ai/glm-4.7-flash,off,,,Ministero delle Infrastrutture e dei Trasporti,,rettifica,D49D15001920001,True,definitivo,,2,aggregato,7150,3,,50000000.0,25000000.0,"50.000.000,00",totale,assegnazione,assegnato,IMPORTO AMMASSO A FINANZIAMENTO SUD POTENZIAMENTO,"Allegato 1 / [TABELLA pag.5 n.1], riga 4","COMPLETAMENTO ELETTRIFICAZIONE DORSALE SALENTO (TRATTA MAGLIE- OTRANTO E ZOLLINO- GAGLIANO) | 50.000.000,00 | 130.000.000,00 | 180.000.000,00 | | Lotto 4 - D69D15002090001 Lotto 3 - D49D15001920001",,alta,,importo unico per due lotti/CUP; l'atto non ripartisce
2023 DM MIT 342-2023.pdf,z-ai/glm-4.7-flash,off,,,Ministero delle Infrastrutture e dei Trasporti,,rettifica,G71B18000620005,True,definitivo,,1,singolo,7150,3,,2500000.0,2500000.0,"2.500.000,00",totale,assegnazione,assegnato,IMPORTO AMMASSO A FINANZIAMENTO SUD POTENZIAMENTO,"Allegato 1 / [TABELLA pag.5 n.1], riga 5","REALIZZAZIONE PARCHEGGIO DI INTERSCAMBIO NELLA STAZIONE DI ALTAMURA | 2.500.000,00 | 0,00 | 2.500.000,00 | | G71B18000620005",,alta,,
2023 DM MIT 342-2023.pdf,z-ai/glm-4.7-flash,off,,,Ministero delle Infrastrutture e dei Trasporti,,rettifica,F81B21005610001,True,definitivo,,1,singolo,7150,3,,18000000.0,18000000.0,"18.000.000,00",totale,assegnazione,assegnato,IMPORTO AMMASSO A FINANZIAMENTO SUD POTENZIAMENTO,"Allegato 1 / [TABELLA pag.6 n.1], riga 1","VARIANTE DI TRACCCIATO, REALIZZAZIONE PUNTI DI INCROCIO E RADDOPPIO TRATTA MONSERRATO SETTIMO/SAN PIETRO | 26.400.000,00 | 0,00 | 26.400.000,00 | | F81B21005610001",,alta,,"importo ammesso a finanziamento (18.000.000,00) inferiore all'importo richiesto (26.400.000,00)"
2023 DM MIT 342-2023.pdf,z-ai/glm-4.7-flash,off,,,Ministero delle Infrastrutture e dei Trasporti,,rettifica,I61B21003020001,True,definitivo,,1,singolo,7150,3,,9900000.0,9900000.0,"9.900.000,00",totale,assegnazione,assegnato,IMPORTO AMMASSO A FINANZIAMENTO SUD POTENZIAMENTO,"Allegato 1 / [TABELLA pag.6 n.1], riga 2","LAVORI DI REALIZZAZIONE DELLA NUOVA STAZIONE FERROVIARIA DI CATANZARO CITTÀ | 9.900.000,00 | 0,00 | 9.900.000,00 | | I61B21003020001",,alta,,
2023 DM MIT 342-2023.pdf,z-ai/glm-4.7-flash,off,,,Ministero delle Infrastrutture e dei Trasporti,,rettifica,I67H21003160001,True,definitivo,,1,singolo,7150,3,,2900000.0,2900000.0,"2.900.000,00",totale,assegnazione,assegnato,IMPORTO AMMASSO A FINANZIAMENTO SUD POTENZIAMENTO,"Allegato 1 / [TABELLA pag.6 n.1], riga 3","LAVORI DI MIGLIORAMENTO DELLA FRUIBILITÀ DELLA LINEA FERROVIARIA SULLA TRATTA CATANZARO CITTÀ - CATANZARO - CATANZARO LIDO -GERMANETO | 2.900.000,00 | 0,00 | 2.900.000,00 | | I67H21003160001",,alta,,
2023 DM MIT 342-2023.pdf,z-ai/glm-4.7-flash,off,,,Ministero delle Infrastrutture e dei Trasporti,,rettifica,B89J21020930005,True,definitivo,,1,singolo,7150,3,,1200000.0,1200000.0,"1.200.000,00",totale,assegnazione,assegnato,IMPORTO AMMASSO A FINANZIAMENTO SUD POTENZIAMENTO,"Allegato 1 / [TABELLA pag.6 n.1], riga 4","CREAZIONE POSTO INTERMEDIO LOCALITÀ GUASTACCONCIA NELLA TRATTA FOSSACESIA- SALETTI | 1.200.000,00 | 0,00 | 1.200.000,00 | | B89J21020930005",,alta,,
2023 DM MIT 342-2023.pdf,z-ai/glm-4.7-flash,off,,,Ministero delle Infrastrutture e dei Trasporti,,rettifica,I57H21005640001,True,definitivo,,1,singolo,7150,4,,1512215.0,1512215.0,"1.512.215,00",totale,assegnazione,assegnato,IMPORTO AMMASSO A FINANZIAMENTO SICUREZZA,"Allegato 2 / [TABELLA pag.7 n.1], riga 1","INTERVENTI STRUTTURALI DI RISANAMENTO PONTE IN C.A. AL KM. 14+355 | 1.512.215,00 | 0,00 | 1.512.215,00 | | I57H21005640001",,alta,,
2023 DM MIT 342-2023.pdf,z-ai/glm-4.7-flash,off,,,Ministero delle Infrastrutture e dei Trasporti,,rettifica,B19F22013250002,True,definitivo,,1,singolo,7150,4,,2400000.0,2400000.0,"2.400.000,00",totale,assegnazione,assegnato,IMPORTO AMMASSO A FINANZIAMENTO SICUREZZA,"Allegato 2 / [TABELLA pag.7 n.1], riga 2","ELIMINAZIONE DI DUE PASSAGGI A LIVELLO DI TIPO AUTOMATICO UBICATI NELLA STAZIONE DI GIOVI DELLA FERROVIA AREZZO - SINALUNGA | 2.400.000,00 | 0,00 | 2.400.000,00 | | B19F22013250002",,alta,,
2023 DM MIT 342-2023.pdf,z-ai/glm-4.7-flash,off,,,Ministero delle Infrastrutture e dei Trasporti,,rettifica,C89F23000050001,True,definitivo,,1,singolo,7150,4,,600000.0,600000.0,"600.000,00",totale,assegnazione,assegnato,IMPORTO AMMASSO A FINANZIAMENTO SICUREZZA,"Allegato 2 / [TABELLA pag.7 n.1], riga 3","SOPPRESSIONE DI QUATTRO PASSAGGI A LIVELLO PRIVATI (PLP 39 – PLP 40 – PLP 41 – PLP 42) SULLA TRATTA DELLA LINEA FERROVIARIA PARMA – SUZZARA IN COMUNE DI BRESCELLO (RE) | 600.000,00 | 0,00 | 600.000,00 | | C89F23000050001",,alta,,
2023 DM MIT 342-2023.pdf,z-ai/glm-4.7-flash,off,,,Ministero delle Infrastrutture e dei Trasporti,,rettifica,C99F23000050001,True,definitivo,,1,singolo,7150,4,,5400000.0,5400000.0,"5.400.000,00",totale,assegnazione,assegnato,IMPORTO AMMASSO A FINANZIAMENTO SICUREZZA,"Allegato 2 / [TABELLA pag.8 n.1], riga 1","LINEA BOLOGNA- PORTOMAGGIORE , SOPPRESSIONE PL IN LOC. CA’ DELL'ORBO A SEGUITO RIALZO LINEA | 5.400.000,00 | 1.600.000,00 | 7.000.000,00 | | C99F23000050001",,alta,,"cofinanziamento di 1.600.000,00 euro non attribuito a CUP"
2023 DM MIT 342-2023.pdf,z-ai/glm-4.7-flash,off,,,Ministero delle Infrastrutture e dei Trasporti,,rettifica,C56G21008730001,True,definitivo,,1,singolo,7150,4,,3400000.0,3400000.0,"3.400.000,00",totale,assegnazione,assegnato,IMPORTO AMMASSO A FINANZIAMENTO SICUREZZA,"Allegato 2 / [TABELLA pag.8 n.1], riga 2","UPGRADE CON IMPIANTI MULTI‐ ACC | 3.400.000,00 | 0,00 | 3.400.000,00 | | C56G21008730001",,alta,,
2023 DM MIT 342-2023.pdf,z-ai/glm-4.7-flash,off,,,Ministero delle Infrastrutture e dei Trasporti,,rettifica,F41B21005790009,True,definitivo,,1,singolo,7150,4,,30000000.0,30000000.0,30.000.000,totale,assegnazione,assegnato,IMPORTO AMMASSO A FINANZIAMENTO SICUREZZA,"Allegato 2 / [TABELLA pag.9 n.1], riga 1","SOPPRESSIONE PP.LL. RETE FERROVIARIA EAV | 30.000.000 | € 0,00 | 30.000.000 | | F41B21005790009",,alta,,
2023 DM MIT 342-2023.pdf,z-ai/glm-4.7-flash,off,,,Ministero delle Infrastrutture e dei Trasporti,,rettifica,G31G22000260001,True,definitivo,,1,singolo,7150,4,,7200000.0,7200000.0,7.200.000,totale,assegnazione,assegnato,IMPORTO AMMASSO A FINANZIAMENTO SICUREZZA,"Allegato 2 / [TABELLA pag.9 n.1], riga 2",RADDOPPIO TRA BARI SANT’ANDREA E MODUGNO | 7.200.000 | 0 | 7.200.000 | | G31G22000260001,,alta,,
2023 DM MIT 342-2023.pdf,z-ai/glm-4.7-flash,off,,,Ministero delle Infrastrutture e dei Trasporti,,rettifica,G11B18000550005,True,definitivo,,1,singolo,7150,4,,3500000.0,3500000.0,"3.500.000,00",totale,assegnazione,assegnato,IMPORTO AMMASSO A FINANZIAMENTO SICUREZZA,"Allegato 2 / [TABELLA pag.10 n.1], riga 1","Interventi sui piazzali di Matera Serra Rifusa e di Matera Villa Longo tra le progressive km 71+425 e km 72+046 della linea Bari ‐ Matera ‐ Lotto “RIPRISTINO DELLA FUNZIONALITÀ DELL'OFFICINA FERROVIARIA A SERRA RIFUSA” | 3.500.000,00 | 0 | 3.500.000 | | G11B18000550005",,alta,,
2023 DM MIT 342-2023.pdf,z-ai/glm-4.7-flash,off,,,Ministero delle Infrastrutture e dei Trasporti,,rettifica,B81B21003770005,True,definitivo,,1,singolo,7150,4,,1750000.0,1750000.0,"1.750.000,00",totale,assegnazione,assegnato,IMPORTO AMMASSO A FINANZIAMENTO SICUREZZA,"Allegato 2 / [TABELLA pag.10 n.1], riga 2","TESATURA DEI CONDUTTORI IN RAME DELL’IMPIANTO TE DELLA TRATTA FOSSACESIA ‐ ARCHI E REALIZZAZIONE DELLA PALIFICATA DI SOSTEGNO SUL PONTE FIUME SANGRO | 1.750.000,00 | 0 | 1.750.000 | | B81B21003770005",,alta,,
2025 DD MIT 141-2025.pdf,z-ai/glm-4.7-flash,off,,2025-04-18,Ministero delle infrastrutture e dei trasporti,,attuazione,E51I04000010007,True,definitivo,,1,singolo,,,,3945000000.0,3945000000.0,"€ 3.945.000.000,00",totale,assegnazione,assegnato,,art. 2,"Il contributo oggetto della Convenzione di cui all'art. 1 è pari a complessivi € 3.945.000.000,00",,alta,,Contributo complessivo della Convenzione; copertura ripartita su tre fonti (art. 2)
2025 DD MIT 141-2025.pdf,z-ai/glm-4.7-flash,off,,2025-04-18,Ministero delle infrastrutture e dei trasporti,,attuazione,E51I04000010007,True,definitivo,,1,singolo,7426,1,,145000000.0,145000000.0,"€ 145.000.000,00",quota,assegnazione,impegnato,,"art. 2, punto 1","per € 145.000.000,00 nelle risorse stanziate dall'articolo 3, comma 1, del decreto-legge 12 settembre 2014, n. 133",Decreto dirigenziale n. 454 del 22 dicembre 2022,alta,,"Quota coperta da d.l. 133/2014, già impegnata con decreto dirigenziale n. 454/2022"
2025 DD MIT 141-2025.pdf,z-ai/glm-4.7-flash,off,,2025-04-18,Ministero delle infrastrutture e dei trasporti,,attuazione,E51I04000010007,True,definitivo,,1,singolo,7400,,,1600000000.0,1600000000.0,"€ 1.600.000.000,00",quota,assegnazione,impegnato,,"art. 2, punto 2","per € 1.600.000.000,00 nelle risorse stanziate dall'articolo 1, comma 393, della legge 30 dicembre 2021, n. 234",Decreto direttoriale n. 419 del 6 dicembre 2022,alta,,"Quota coperta da l. 234/2021, già impegnata con decreto direttoriale n. 419/2022"
2025 DD MIT 141-2025.pdf,z-ai/glm-4.7-flash,off,,2025-04-18,Ministero delle infrastrutture e dei trasporti,,attuazione,E51I04000010007,True,definitivo,,1,singolo,7400,1,,113733987.0,113733987.0,"€ 113.733.987,00",quota,assegnazione,impegnato,,"art. 2, punto 2","piano gestionale1: € 113.733.987,00dal 2022 al 2035",Decreto direttoriale n. 419 del 6 dicembre 2022,alta,,"Suddivisione della quota di € 1.600.000.000,00 sul PG1 (2022-2035)"
2025 DD MIT 141-2025.pdf,z-ai/glm-4.7-flash,off,,2025-04-18,Ministero delle infrastrutture e dei trasporti,,attuazione,E51I04000010007,True,definitivo,,1,singolo,7400,8,,1486266013.0,1486266013.0,"€ 1.486.266.013,00",quota,assegnazione,impegnato,,"art. 2, punto 2","piano gestionale 8:€ 1.486.266.013,00dal 2022 al 2036",Decreto direttoriale n. 419 del 6 dicembre 2022,alta,,"Suddivisione della quota di € 1.600.000.000,00 sul PG8 (2022-2036)"
2025 DD MIT 141-2025.pdf,z-ai/glm-4.7-flash,off,,2025-04-18,Ministero delle infrastrutture e dei trasporti,,attuazione,E51I04000010007,True,definitivo,,1,singolo,7419,2,,2200000000.0,2200000000.0,"€ 2.200.000.000,00",quota,assegnazione,assegnato,,"art. 2, punto 3","per € 2.200.000.000,00 nelle risorsestanziate dall'articolo 1, comma 478, dalla legge 29 dicembre 2022, n.197, sul capitolo n. 7419-piano gestionale 2",,alta,,"Quota coperta da l. 197/2022, capitolo 7419 PG2, esercizi 2023-2032"
2025 DD MIT 141-2025.pdf,z-ai/glm-4.7-flash,off,,2025-04-18,Ministero delle infrastrutture e dei trasporti,,attuazione,E51I04000010007,True,definitivo,,1,singolo,7419,2,,2125000000.0,2125000000.0,"€ 2.125.000.000,00",totale,assegnazione,impegnato,,art. 3,"per la somma complessiva di € 2.125.000.000,00, di cui € 50.000.000,00 in conto residui, esercizio di provenienza 2024",,alta,,"Impegno autorizzato su capitolo 7419 PG2; € 50.000.000,00 in conto residui 2024, € 2.075.000.000,00 per esercizi 2025-2032"
2025 DD MIT 141-2025.pdf,z-ai/glm-4.7-flash,off,,2025-04-18,Ministero delle infrastrutture e dei trasporti,,attuazione,E51I04000010007,True,definitivo,,1,singolo,7419,2,2024,50000000.0,50000000.0,"€ 50.000.000,00",quota,assegnazione,impegnato,,"art. 3; [TABELLA pag.5 n.1], riga 1","2024 | € 50.000.000,00",,alta,,"Quota annuale 2024 in conto residui, esercizio di provenienza 2024"
2025 DD MIT 141-2025.pdf,z-ai/glm-4.7-flash,off,,2025-04-18,Ministero delle infrastrutture e dei trasporti,,attuazione,E51I04000010007,True,definitivo,,1,singolo,7419,2,2025,25000000.0,25000000.0,"€ 25.000.000,00",quota,assegnazione,impegnato,,"art. 3; [TABELLA pag.5 n.1], riga 2","2025 | € 25.000.000,00",,alta,,
2025 DD MIT 141-2025.pdf,z-ai/glm-4.7-flash,off,,2025-04-18,Ministero delle infrastrutture e dei trasporti,,attuazione,E51I04000010007,True,definitivo,,1,singolo,7419,2,2026,50000000.0,50000000.0,"€ 50.000.000,00",quota,assegnazione,impegnato,,"art. 3; [TABELLA pag.5 n.1], riga 3","2026 | € 50.000.000,00",,alta,,
2025 DD MIT 141-2025.pdf,z-ai/glm-4.7-flash,off,,2025-04-18,Ministero delle infrastrutture e dei trasporti,,attuazione,E51I04000010007,True,definitivo,,1,singolo,7419,2,2027,350000000.0,350000000.0,"€ 350.000.000,00",quota,assegnazione,impegnato,,"art. 3; [TABELLA pag.5 n.1], riga 4","2027 | € 350.000.000,00",,alta,,
2025 DD MIT 141-2025.pdf,z-ai/glm-4.7-flash,off,,2025-04-18,Ministero delle infrastrutture e dei trasporti,,attuazione,E51I04000010007,True,definitivo,,1,singolo,7419,2,2028,200000000.0,200000000.0,"€ 200.000.000,00",quota,assegnazione,impegnato,,"art. 3; [TABELLA pag.5 n.1], riga 5","2028 | € 200.000.000,00",,alta,,
2025 DD MIT 141-2025.pdf,z-ai/glm-4.7-flash,off,,2025-04-18,Ministero delle infrastrutture e dei trasporti,,attuazione,E51I04000010007,True,definitivo,,1,singolo,7419,2,2029,150000000.0,150000000.0,"€ 150.000.000,00",quota,assegnazione,impegnato,,"art. 3; [TABELLA pag.5 n.1], riga 6","2029 | € 150.000.000,00",,alta,,
2025 DD MIT 141-2025.pdf,z-ai/glm-4.7-flash,off,,2025-04-18,Ministero delle infrastrutture e dei trasporti,,attuazione,E51I04000010007,True,definitivo,,1,singolo,7419,2,2030,450000000.0,450000000.0,"€ 450.000.000,00",quota,assegnazione,impegnato,,"art. 3; [TABELLA pag.5 n.1], riga 7","2030 | € 450.000.000,00",,alta,,
2025 DD MIT 141-2025.pdf,z-ai/glm-4.7-flash,off,,2025-04-18,Ministero delle infrastrutture e dei trasporti,,attuazione,E51I04000010007,True,definitivo,,1,singolo,7419,2,2031,450000000.0,450000000.0,"€ 450.000.000,00",quota,assegnazione,impegnato,,"art. 3; [TABELLA pag.5 n.1], riga 8","2031 | € 450.000.000,00",,alta,,
2025 DD MIT 141-2025.pdf,z-ai/glm-4.7-flash,off,,2025-04-18,Ministero delle infrastrutture e dei trasporti,,attuazione,E51I04000010007,True,definitivo,,1,singolo,7419,2,2032,400000000.0,400000000.0,"€ 400.000.000,00",quota,assegnazione,impegnato,,"art. 3; [TABELLA pag.5 n.1], riga 9","2032 | € 400.000.000,00",,alta,,
2025 DD MIT 141-2025.pdf,z-ai/glm-4.7-flash,off,,2025-04-18,Ministero delle infrastrutture e dei trasporti,,attuazione,E51I04000010007,True,definitivo,,1,singolo,7416,1,,75000000.0,75000000.0,"€ 75.000.000,00",totale,assegnazione,impegnato,,art. 4,"per la somma complessiva di € 75.000.000,00, di cui 50.000.000,00 per l'esercizio finanziario 2027 e € 25.000.000,00 per l'esercizio finanziario 2028",,alta,,Impegno autorizzato su capitolo 7416 PG1
2025 DD MIT 141-2025.pdf,z-ai/glm-4.7-flash,off,,2025-04-18,Ministero delle infrastrutture e dei trasporti,,attuazione,E51I04000010007,True,definitivo,,1,singolo,7416,1,2027,50000000.0,50000000.0,"50.000.000,00",quota,assegnazione,impegnato,,art. 4,"di cui 50.000.000,00 per l'esercizio finanziario 2027",,alta,,
2025 DD MIT 141-2025.pdf,z-ai/glm-4.7-flash,off,,2025-04-18,Ministero delle infrastrutture e dei trasporti,,attuazione,E51I04000010007,True,definitivo,,1,singolo,7416,1,2028,25000000.0,25000000.0,"€ 25.000.000,00",quota,assegnazione,impegnato,,art. 4,"€ 25.000.000,00 per l'esercizio finanziario 2028",,alta,,
