decree_file,model_slug,thinking,numero_decreto,data_decreto,ministero_1,ministero_2,natura_atto,cup,cup_valido,cup_tipo,cup_master,n_cup,attribuzione_importo,capitolo,piano_gestionale,annualita,importo_eur,importo_quota_eur,importo_originale,livello_importo,tipo_azione,stato_importo,colonna_fonte,riferimento_fonte,passaggio_testuale,atto_riferito,confidenza,ambiguita,note
2022 DDG 128 del 02-05-22.pdf,deepseek/deepseek-v4-flash,off,,,Ministero delle infrastrutture e della mobilità sostenibili,,impegno,H94I19000130004,True,definitivo,,1,singolo,7400,7,2020-2034,97154124.1,97154124.1,"97.154.124,10",totale,assegnazione,impegnato,Totale,"art. 1 e art. 2; Allegato / [TABELLA pag.4 n.1], riga 2","Comune di Padova | H94I19000130004 | 7400/PG 7 | ... | 97.154.124,10",,alta,,"Importo complessivo per il CUP su PG 7, derivante dalla somma delle annualità indicate nella tabella; l'atto autorizza l'impegno in conto residui (2020-2021) e in conto competenza (2022-2034)."
2022 DDG 128 del 02-05-22.pdf,deepseek/deepseek-v4-flash,off,,,Ministero delle infrastrutture e della mobilità sostenibili,,impegno,J80J18000000001,True,definitivo,,1,singolo,7400,7,2020-2034,159466174.12,159466174.12,"159.466.174,12",totale,assegnazione,impegnato,Totale,"art. 1 e art. 2; Allegato / [TABELLA pag.4 n.1], riga 3","Roma Capitale | J80J18000000001 | 7400/PG 7 | ... | 159.466.174,12",,alta,,Importo complessivo per il CUP su PG 7.
2022 DDG 128 del 02-05-22.pdf,deepseek/deepseek-v4-flash,off,,,Ministero delle infrastrutture e della mobilità sostenibili,,impegno,C11B21008720001,True,definitivo,,2,aggregato,7400,7,2020-2034,44494493.04,22247246.52,"44.494.493,04",totale,assegnazione,impegnato,Totale,"art. 1 e art. 2; Allegato / [TABELLA pag.4 n.1], riga 4","Comune di Torino | C11B21008720001 D81E20000410007 | 7400/PG 7 | ... | 44.494.493,04",,alta,,Importo unico per due CUP del Comune di Torino; l'atto non ripartisce l'importo tra i CUP.
2022 DDG 128 del 02-05-22.pdf,deepseek/deepseek-v4-flash,off,,,Ministero delle infrastrutture e della mobilità sostenibili,,impegno,D81E20000410007,True,definitivo,,2,aggregato,7400,7,2020-2034,44494493.04,22247246.52,"44.494.493,04",totale,assegnazione,impegnato,Totale,"art. 1 e art. 2; Allegato / [TABELLA pag.4 n.1], riga 4","Comune di Torino | C11B21008720001 D81E20000410007 | 7400/PG 7 | ... | 44.494.493,04",,alta,,Importo unico per due CUP del Comune di Torino; l'atto non ripartisce l'importo tra i CUP.
2022 DDG 128 del 02-05-22.pdf,deepseek/deepseek-v4-flash,off,,,Ministero delle infrastrutture e della mobilità sostenibili,,impegno,C81B21013200005,True,definitivo,,1,singolo,7400,7,2020-2034,333059208.74,333059208.74,"333.059.208,74",totale,assegnazione,impegnato,Totale,"art. 1 e art. 2; Allegato / [TABELLA pag.4 n.1], riga 5","Comune di Brescia | C81B21013200005 | 7400/PG 7 | ... | 333.059.208,74",,alta,,Importo complessivo per il CUP su PG 7.
2022 DDG 128 del 02-05-22.pdf,deepseek/deepseek-v4-flash,off,,,Ministero delle infrastrutture e della mobilità sostenibili,,impegno,C81B21013200005,True,definitivo,,1,singolo,7400,1,2029-2034,26486678.33,26486678.33,"26.486.678,33",totale,assegnazione,impegnato,Totale,"art. 3; Allegato / [TABELLA pag.4 n.1], riga 6","Comune di Brescia | C81B21013200005 | 7400/PG 1 | ... | 26.486.678,33",,alta,,"Importo complessivo per il CUP su PG 1, autorizzato dall'art. 3."
2022 DI Mims Mef 97 20.04.2022.pdf,deepseek/deepseek-v4-flash,off,,,Ministero delle Infrastrutture e della Mobilità Sostenibili,Ministero dell'Economia e delle Finanze,assegnazione,B39J22001360001,True,definitivo,,1,singolo,7400,8,,398000000.0,398000000.0,"398.000.000,00",totale,assegnazione,assegnato,FINANZIAMENTO AMMESSO,"art. 1, comma 1, lett. a); Allegato 1 / [TABELLA pag.10 n.1], riga 1","SKYMETRO VAL BISAGNO GENOVA | B39J22001360001 | 398.000.000,00",,alta,,
2022 DI Mims Mef 97 20.04.2022.pdf,deepseek/deepseek-v4-flash,off,,,Ministero delle Infrastrutture e della Mobilità Sostenibili,Ministero dell'Economia e delle Finanze,assegnazione,B31F20000030005,True,definitivo,,1,singolo,7400,8,,20860000.0,20860000.0,"20.860.000,00",totale,assegnazione,assegnato,FINANZIAMENTO AMMESSO,"art. 1, comma 1, lett. a); Allegato 1 / [TABELLA pag.10 n.1], riga 2","PROLUNGAMENTO METROPOLITANA DI GENOVA DA BRIN A CANEPARI... | B31F20000030005 | 20.860.000,00",,alta,,
2022 DI Mims Mef 97 20.04.2022.pdf,deepseek/deepseek-v4-flash,off,,,Ministero delle Infrastrutture e della Mobilità Sostenibili,Ministero dell'Economia e delle Finanze,assegnazione,B44D20000040001,True,definitivo,,1,singolo,7400,8,,180000000.0,180000000.0,"180.000.000,00",totale,assegnazione,assegnato,FINANZIAMENTO AMMESSO,"art. 1, comma 1, lett. a); Allegato 1 / [TABELLA pag.10 n.1], riga 3","LINEA METROPOLITANA M1 PROLUNGAMENTO QUARTIERE BAGGIO – OLMI - VALSESIA | B44D20000040001 | 180.000.000,00",,alta,,"Cofinanziamento disponibile 218.000.000,00 non registrato come record."
2022 DI Mims Mef 97 20.04.2022.pdf,deepseek/deepseek-v4-flash,off,,,Ministero delle Infrastrutture e della Mobilità Sostenibili,Ministero dell'Economia e delle Finanze,assegnazione,B91J21000040001,True,definitivo,,1,singolo,7400,8,,420000000.0,420000000.0,"420.000.000,00",totale,assegnazione,assegnato,FINANZIAMENTO AMMESSO,"art. 1, comma 1, lett. a); Allegato 1 / [TABELLA pag.10 n.1], riga 4","PROLUNGAMENTO LINEA METROPOLITANA M4 DA AEROPORTO LINATE A SEGRATE | B91J21000040001 | 420.000.000,00",,alta,,
2022 DI Mims Mef 97 20.04.2022.pdf,deepseek/deepseek-v4-flash,off,,,Ministero delle Infrastrutture e della Mobilità Sostenibili,Ministero dell'Economia e delle Finanze,assegnazione,B41J21000050006,True,definitivo,,1,singolo,7400,8,,4500000.0,4500000.0,"4.500.000,00",totale,assegnazione,assegnato,FINANZIAMENTO AMMESSO,"art. 1, comma 1, lett. a); Allegato 1 / [TABELLA pag.10 n.1], riga 5","NUOVA LINEA METROPOLITANA M6 RAMO SUD (PFTE) | B41J21000050006 | 4.500.000,00",,alta,,
2022 DI Mims Mef 97 20.04.2022.pdf,deepseek/deepseek-v4-flash,off,,,Ministero delle Infrastrutture e della Mobilità Sostenibili,Ministero dell'Economia e delle Finanze,assegnazione,B41C21000010001,True,definitivo,,1,singolo,7400,8,,5500000.0,5500000.0,"5.500.000,00",totale,assegnazione,assegnato,FINANZIAMENTO AMMESSO,"art. 1, comma 1, lett. a); Allegato 1 / [TABELLA pag.10 n.1], riga 6","PROLUNGAMENTO M3 SAN DONATO M. – ASTA PAULLESE (PFTE) | B41C21000010001 | 5.500.000,00",,alta,,
2022 DI Mims Mef 97 20.04.2022.pdf,deepseek/deepseek-v4-flash,off,,,Ministero delle Infrastrutture e della Mobilità Sostenibili,Ministero dell'Economia e delle Finanze,assegnazione,F41B22000740009,True,definitivo,,1,singolo,7400,8,,631373163.0,631373163.0,"631.373.163,00",totale,assegnazione,assegnato,FINANZIAMENTO AMMESSO,"art. 1, comma 1, lett. a); Allegato 1 / [TABELLA pag.10 n.1], riga 7","NUOVO COLLEGAMENTO IN SEDE PROPRIA TRA LA STAZIONE AV DI AFRAGOLA... | F41B22000740009 (CUP MASTER) | 631.373.163,00",,alta,,CUP MASTER indicato nella cella CUP: trattato come CUP della riga.
2022 DI Mims Mef 97 20.04.2022.pdf,deepseek/deepseek-v4-flash,off,,,Ministero delle Infrastrutture e della Mobilità Sostenibili,Ministero dell'Economia e delle Finanze,assegnazione,F41B22000830009,True,definitivo,,1,singolo,7400,8,,163500824.0,163500824.0,"163.500.824,00",totale,assegnazione,assegnato,FINANZIAMENTO AMMESSO,"art. 1, comma 1, lett. a); Allegato 1 / [TABELLA pag.10 n.1], riga 8","NUOVO COLLEGAMENTO IN SEDE PROPRIA TRA LA STAZIONE AV DI AFRAGOLA... | F41B22000830009 | 163.500.824,00",,alta,,
2022 DI Mims Mef 97 20.04.2022.pdf,deepseek/deepseek-v4-flash,off,,,Ministero delle Infrastrutture e della Mobilità Sostenibili,Ministero dell'Economia e delle Finanze,assegnazione,E51I04000010007,True,definitivo,,1,singolo,7400,8,,610000000.0,610000000.0,"610.000.000,00",totale,assegnazione,assegnato,FINANZIAMENTO AMMESSO,"art. 1, comma 1, lett. a); Allegato 1 / [TABELLA pag.10 n.1], riga 9","LINEA C DELLA METROPOLITANA DI ROMA - SUB-TRATTA FUNZIONALE DA STAZIONE VENEZIA A STAZIONE FORI IMPERIALI | E51I04000010007 | 610.000.000,00",,alta,,"Cofinanziamento disponibile 145.000.000,00 non registrato come record."
2022 DI Mims Mef 97 20.04.2022.pdf,deepseek/deepseek-v4-flash,off,,,Ministero delle Infrastrutture e della Mobilità Sostenibili,Ministero dell'Economia e delle Finanze,assegnazione,E51I04000010007,True,definitivo,,1,singolo,7400,8,,990000000.0,990000000.0,"990.000.000,00",totale,assegnazione,assegnato,FINANZIAMENTO AMMESSO,"art. 1, comma 1, lett. a); Allegato 1 / [TABELLA pag.10 n.1], riga 10","LINEA C DELLA METROPOLITANA DI ROMA - TRATTA T2 - LOTTO COSTRUTTIVO | E51I04000010007 | 990.000.000,00",,alta,,Stesso CUP di altra riga: record separato per intervento distinto.
2022 DI Mims Mef 97 20.04.2022.pdf,deepseek/deepseek-v4-flash,off,,,Ministero delle Infrastrutture e della Mobilità Sostenibili,Ministero dell'Economia e delle Finanze,assegnazione,C71F20000020005,True,definitivo,,1,singolo,7400,8,,1000000000.0,1000000000.0,"1.000.000.000,00",totale,assegnazione,assegnato,FINANZIAMENTO AMMESSO,"art. 1, comma 1, lett. a); Allegato 1 / [TABELLA pag.10 n.1], riga 11","METROPOLITANA AUTOMATICA DI TORINO – LINEA 2 – TRATTA “POLITECNICO – REBAUDENGO” | C71F20000020005 | 1.000.000.000,00",,alta,,"Cofinanziamento disponibile 800.000.000,00 non registrato come record."
2022 DI Mims Mef 97 20.04.2022.pdf,deepseek/deepseek-v4-flash,off,,,Ministero delle Infrastrutture e della Mobilità Sostenibili,Ministero dell'Economia e delle Finanze,assegnazione,J81B21014060001,True,definitivo,,1,singolo,7400,1,,173183831.97,173183831.97,"173.183.831,97",totale,assegnazione,assegnato,FINANZIAMENTO AMMESSO,"art. 1, comma 1, lett. b); Allegato 2 / [TABELLA pag.12 n.1], riga 1","LINEA TRANVIARIA TERMINI - VATICANO - AURELIO | J81B21014060001 | 173.183.831,97",,alta,,"Cofinanziamento disponibile 120.000.000,00 non registrato come record."
2022 DI Mims Mef 97 20.04.2022.pdf,deepseek/deepseek-v4-flash,off,,,Ministero delle Infrastrutture e della Mobilità Sostenibili,Ministero dell'Economia e delle Finanze,assegnazione,J84E21005150001,True,definitivo,,1,singolo,7400,1,,11284217.84,11284217.84,"11.284.217,84",totale,assegnazione,assegnato,FINANZIAMENTO AMMESSO,"art. 1, comma 1, lett. b); Allegato 2 / [TABELLA pag.12 n.1], riga 2","DEPOSITO DI CENTOCELLE EST | J84E21005150001 | 11.284.217,84",,alta,,
2022 DI Mims Mef 97 20.04.2022.pdf,deepseek/deepseek-v4-flash,off,,,Ministero delle Infrastrutture e della Mobilità Sostenibili,Ministero dell'Economia e delle Finanze,assegnazione,E31J19000030001,True,definitivo,,1,singolo,7400,1,,26500000.0,26500000.0,"26.500.000,00",totale,assegnazione,assegnato,FINANZIAMENTO AMMESSO,"art. 1, comma 1, lett. b); Allegato 2 / [TABELLA pag.12 n.1], riga 3","SISTEMA DI TRASPORTO RAPIDO DI MASSA PER IL COLLEGAMENTO TRA LA STAZIONE FERROVIARIA DI PIACENZA ED IL NUOVO POLO OSPEDALIERO | E31J19000030001 | 26.500.000,00",,alta,,
2022 DI Mims Mef 97 20.04.2022.pdf,deepseek/deepseek-v4-flash,off,,,Ministero delle Infrastrutture e della Mobilità Sostenibili,Ministero dell'Economia e delle Finanze,assegnazione,F44I19000530001,True,definitivo,,1,singolo,7400,1,,122200000.0,122200000.0,"122.200.000,00",totale,assegnazione,assegnato,FINANZIAMENTO AMMESSO,"art. 1, comma 1, lett. b); Allegato 2 / [TABELLA pag.12 n.1], riga 4","AMPLIAMENTO DEL DEPOSITO GALLARATESE DEI TRENI DELLA LINEA METROPOLITANA 1 | F44I19000530001 | 122.200.000,00",,alta,,
2022 DI Mims Mef 97 20.04.2022.pdf,deepseek/deepseek-v4-flash,off,,,Ministero delle Infrastrutture e della Mobilità Sostenibili,Ministero dell'Economia e delle Finanze,assegnazione,C11J22000000001,True,definitivo,,1,singolo,,,,221721410.41,221721410.41,"221.721.410,41",totale,assegnazione,ammesso,FINANZIAMENTO AMMESSO,"art. 2, comma 1; Allegato 3 / [TABELLA pag.13 n.1], riga 1","PROLUNGAMENTO LINEA TRANVIARIA 12 ALL'ALLIANZ STADIUM E RECUPERO TRINCEA FERROVIA TORINO-CERES | C11J22000000001 | 221.721.410,41",,alta,,"Intervento ammesso a finanziamento, non assegnato: stato 'ammesso'."
2022 DI Mims Mef 97 20.04.2022.pdf,deepseek/deepseek-v4-flash,off,,,Ministero delle Infrastrutture e della Mobilità Sostenibili,Ministero dell'Economia e delle Finanze,assegnazione,F47C19000370001,True,definitivo,,4,aggregato,,,,20900000.02,5225000.005,"20.900.000,02",totale,assegnazione,ammesso,FINANZIAMENTO AMMESSO,"art. 2, comma 1; Allegato 3 / [TABELLA pag.13 n.1], riga 2","METROPOLITANA LINEA M3: INTERVENTI DI ADEGUAMENTO ANTINCENDIO AI SENSI DEL DM 21.10.2015 | F47C19000370001 F47D17000140005 F47C19000380001 F47C19000390001 | 20.900.000,02",,alta,,Importo unico per quattro CUP; l'atto non ripartisce.
2022 DI Mims Mef 97 20.04.2022.pdf,deepseek/deepseek-v4-flash,off,,,Ministero delle Infrastrutture e della Mobilità Sostenibili,Ministero dell'Economia e delle Finanze,assegnazione,F47D17000140005,True,definitivo,,4,aggregato,,,,20900000.02,5225000.005,"20.900.000,02",totale,assegnazione,ammesso,FINANZIAMENTO AMMESSO,"art. 2, comma 1; Allegato 3 / [TABELLA pag.13 n.1], riga 2","METROPOLITANA LINEA M3: INTERVENTI DI ADEGUAMENTO ANTINCENDIO AI SENSI DEL DM 21.10.2015 | F47C19000370001 F47D17000140005 F47C19000380001 F47C19000390001 | 20.900.000,02",,alta,,Importo unico per quattro CUP; l'atto non ripartisce.
2022 DI Mims Mef 97 20.04.2022.pdf,deepseek/deepseek-v4-flash,off,,,Ministero delle Infrastrutture e della Mobilità Sostenibili,Ministero dell'Economia e delle Finanze,assegnazione,F47C19000380001,True,definitivo,,4,aggregato,,,,20900000.02,5225000.005,"20.900.000,02",totale,assegnazione,ammesso,FINANZIAMENTO AMMESSO,"art. 2, comma 1; Allegato 3 / [TABELLA pag.13 n.1], riga 2","METROPOLITANA LINEA M3: INTERVENTI DI ADEGUAMENTO ANTINCENDIO AI SENSI DEL DM 21.10.2015 | F47C19000370001 F47D17000140005 F47C19000380001 F47C19000390001 | 20.900.000,02",,alta,,Importo unico per quattro CUP; l'atto non ripartisce.
2022 DI Mims Mef 97 20.04.2022.pdf,deepseek/deepseek-v4-flash,off,,,Ministero delle Infrastrutture e della Mobilità Sostenibili,Ministero dell'Economia e delle Finanze,assegnazione,F47C19000390001,True,definitivo,,4,aggregato,,,,20900000.02,5225000.005,"20.900.000,02",totale,assegnazione,ammesso,FINANZIAMENTO AMMESSO,"art. 2, comma 1; Allegato 3 / [TABELLA pag.13 n.1], riga 2","METROPOLITANA LINEA M3: INTERVENTI DI ADEGUAMENTO ANTINCENDIO AI SENSI DEL DM 21.10.2015 | F47C19000370001 F47D17000140005 F47C19000380001 F47C19000390001 | 20.900.000,02",,alta,,Importo unico per quattro CUP; l'atto non ripartisce.
2022 DI Mims Mef 97 20.04.2022.pdf,deepseek/deepseek-v4-flash,off,,,Ministero delle Infrastrutture e della Mobilità Sostenibili,Ministero dell'Economia e delle Finanze,assegnazione,F47C19000350001,True,definitivo,,2,aggregato,,,,45000000.07,22500000.035,"45.000.000,07",totale,assegnazione,ammesso,FINANZIAMENTO AMMESSO,"art. 2, comma 1; Allegato 3 / [TABELLA pag.13 n.1], riga 3","METROPOLITANA LINEE M1 + M2 - INTERVENTI DI ADEGUAMENTO ANTINCENDIO AI SENSI DEL DM 21.10.2015 FASE 2 | F47C19000350001 F47C19000360001 | 45.000.000,07",,alta,,Importo unico per due CUP; l'atto non ripartisce.
2022 DI Mims Mef 97 20.04.2022.pdf,deepseek/deepseek-v4-flash,off,,,Ministero delle Infrastrutture e della Mobilità Sostenibili,Ministero dell'Economia e delle Finanze,assegnazione,F47C19000360001,True,definitivo,,2,aggregato,,,,45000000.07,22500000.035,"45.000.000,07",totale,assegnazione,ammesso,FINANZIAMENTO AMMESSO,"art. 2, comma 1; Allegato 3 / [TABELLA pag.13 n.1], riga 3","METROPOLITANA LINEE M1 + M2 - INTERVENTI DI ADEGUAMENTO ANTINCENDIO AI SENSI DEL DM 21.10.2015 FASE 2 | F47C19000350001 F47C19000360001 | 45.000.000,07",,alta,,Importo unico per due CUP; l'atto non ripartisce.
2022 DI Mims Mef 97 20.04.2022.pdf,deepseek/deepseek-v4-flash,off,,,Ministero delle Infrastrutture e della Mobilità Sostenibili,Ministero dell'Economia e delle Finanze,assegnazione,B34J18000220001,True,definitivo,,2,aggregato,,,,74516124.63,37258062.315,"74.516.124,63",totale,assegnazione,ammesso,FINANZIAMENTO AMMESSO,"art. 2, comma 1; Allegato 3 / [TABELLA pag.13 n.1], riga 4","LINEA METROPOLITANA: PROLUNGAMENTO A RIVAROLO E COMPLETAMENTO DELLA STAZIONE DI MARTINEZ / TERRALBA | B34J18000220001 B34J18000230001 | 74.516.124,63",,alta,,Importo unico per due CUP; l'atto non ripartisce.
2022 DI Mims Mef 97 20.04.2022.pdf,deepseek/deepseek-v4-flash,off,,,Ministero delle Infrastrutture e della Mobilità Sostenibili,Ministero dell'Economia e delle Finanze,assegnazione,B34J18000230001,True,definitivo,,2,aggregato,,,,74516124.63,37258062.315,"74.516.124,63",totale,assegnazione,ammesso,FINANZIAMENTO AMMESSO,"art. 2, comma 1; Allegato 3 / [TABELLA pag.13 n.1], riga 4","LINEA METROPOLITANA: PROLUNGAMENTO A RIVAROLO E COMPLETAMENTO DELLA STAZIONE DI MARTINEZ / TERRALBA | B34J18000220001 B34J18000230001 | 74.516.124,63",,alta,,Importo unico per due CUP; l'atto non ripartisce.
2023 DM MIT 342-2023.pdf,deepseek/deepseek-v4-flash,off,,,Ministero delle Infrastrutture e dei Trasporti,,rettifica,H49J21005480003,True,definitivo,,1,singolo,7150,3,,44275.0,44275.0,"44.275,00",totale,assegnazione,assegnato,IMPORTO AMMASSO A FINANZIAMENTO CENTRO - NORD - POTENZIAMENTO,"Allegato 1 / [TABELLA pag.4 n.1], riga 1","44.275,00 | 0,00 | 44.275,00 | | H49J21005480003",,alta,,Intervento: ALTERNATIVA INTERVENTO 1. STAZIONE DI CASELLA REALIZZAZIONE DI PARCHEGGIO INTERSCAMBIO PER BICICLETTE
2023 DM MIT 342-2023.pdf,deepseek/deepseek-v4-flash,off,,,Ministero delle Infrastrutture e dei Trasporti,,rettifica,H49J21005480003,True,definitivo,,1,singolo,7150,3,,6325.0,6325.0,"6.325,00",totale,assegnazione,assegnato,IMPORTO AMMASSO A FINANZIAMENTO CENTRO - NORD - POTENZIAMENTO,"Allegato 1 / [TABELLA pag.4 n.1], riga 2","6.325,00 | 0,00 | 6.325,00 | | H49J21005480003",,alta,,Intervento: INTERSCAMBIO GENOVA MANIN
2023 DM MIT 342-2023.pdf,deepseek/deepseek-v4-flash,off,,,Ministero delle Infrastrutture e dei Trasporti,,rettifica,H49J21005480003,True,definitivo,,1,singolo,7150,3,,86250.0,86250.0,"86.250,00",totale,assegnazione,assegnato,IMPORTO AMMASSO A FINANZIAMENTO CENTRO - NORD - POTENZIAMENTO,"Allegato 1 / [TABELLA pag.4 n.1], riga 3","86.250,00 | 0,00 | 86.250,00 | | H49J21005480003",,alta,,Intervento: INTERSCAMBIO CAMPI
2023 DM MIT 342-2023.pdf,deepseek/deepseek-v4-flash,off,,,Ministero delle Infrastrutture e dei Trasporti,,rettifica,H49J21005480003,True,definitivo,,1,singolo,7150,3,,25875.0,25875.0,"25.875,00",totale,assegnazione,assegnato,IMPORTO AMMASSO A FINANZIAMENTO CENTRO - NORD - POTENZIAMENTO,"Allegato 1 / [TABELLA pag.4 n.1], riga 4","25.875,00 | 0,00 | 25.875,00 | | H49J21005480003",,alta,,Intervento: INTERSCAMBIO BUSALLETTA
2023 DM MIT 342-2023.pdf,deepseek/deepseek-v4-flash,off,,,Ministero delle Infrastrutture e dei Trasporti,,rettifica,H49J21005480003,True,definitivo,,1,singolo,7150,3,,47725.0,47725.0,"47.725,00",totale,assegnazione,assegnato,IMPORTO AMMASSO A FINANZIAMENTO CENTRO - NORD - POTENZIAMENTO,"Allegato 1 / [TABELLA pag.4 n.1], riga 5","47.725,00 | 0,00 | 47.725,00 | | H49J21005480003",,alta,,Intervento: INTERSCAMBIO SANT'OLCESE TULLO
2023 DM MIT 342-2023.pdf,deepseek/deepseek-v4-flash,off,,,Ministero delle Infrastrutture e dei Trasporti,,rettifica,H49J21005480003,True,definitivo,,1,singolo,7150,3,,7475.0,7475.0,"7.475,00",totale,assegnazione,assegnato,IMPORTO AMMASSO A FINANZIAMENTO CENTRO - NORD - POTENZIAMENTO,"Allegato 1 / [TABELLA pag.4 n.1], riga 6","7.475,00 | 0,00 | 7.475,00 | | H49J21005480003",,alta,,Intervento: INTERSCAMBIO VICOMORASSO
2023 DM MIT 342-2023.pdf,deepseek/deepseek-v4-flash,off,,,Ministero delle Infrastrutture e dei Trasporti,,rettifica,H49J21005480003,True,definitivo,,1,singolo,7150,3,,25300.0,25300.0,"25.300,00",totale,assegnazione,assegnato,IMPORTO AMMASSO A FINANZIAMENTO CENTRO - NORD - POTENZIAMENTO,"Allegato 1 / [TABELLA pag.4 n.1], riga 7","25.300,00 | 0,00 | 25.300,00 | | H49J21005480003",,alta,,Intervento: INTERSCAMBIO TORRAZZA
2023 DM MIT 342-2023.pdf,deepseek/deepseek-v4-flash,off,,,Ministero delle Infrastrutture e dei Trasporti,,rettifica,H49J21005480003,True,definitivo,,1,singolo,7150,3,,9200.0,9200.0,"9.200,00",totale,assegnazione,assegnato,IMPORTO AMMASSO A FINANZIAMENTO CENTRO - NORD - POTENZIAMENTO,"Allegato 1 / [TABELLA pag.4 n.1], riga 8","9.200,00 | 0,00 | 9.200,00 | | H49J21005480003",,alta,,Intervento: INTERSCAMBIO SANT'OLCESE CHIESA
2023 DM MIT 342-2023.pdf,deepseek/deepseek-v4-flash,off,,,Ministero delle Infrastrutture e dei Trasporti,,rettifica,H49J21005480003,True,definitivo,,1,singolo,7150,3,,4025.0,4025.0,"4.025,00",totale,assegnazione,assegnato,IMPORTO AMMASSO A FINANZIAMENTO CENTRO - NORD - POTENZIAMENTO,"Allegato 1 / [TABELLA pag.4 n.1], riga 9","4.025,00 | 0,00 | 4.025,00 | | H49J21005480003",,alta,,Intervento: INTERSCAMBIO CANOVA
2023 DM MIT 342-2023.pdf,deepseek/deepseek-v4-flash,off,,,Ministero delle Infrastrutture e dei Trasporti,,rettifica,C75B23000000001,True,definitivo,,1,singolo,7150,3,,10543255.0,10543255.0,"10.543.255,00",totale,assegnazione,assegnato,IMPORTO AMMASSO A FINANZIAMENTO CENTRO - NORD - POTENZIAMENTO,"Allegato 1 / [TABELLA pag.4 n.1], riga 10","10.543.255,00 | 0,00 | 10.543.255,00 | | C75B23000000001",,alta,,"Intervento: RINNOVO, POTENZIAMENTO E MESSA IN SICUREZZA DELLE TRATTE PIÙ AMMALORATE DELLA LINEA DI CONTATTO DELLA FERROVIA ROMA – VITERBO NELLA TRATTA CATALANO – VITERBO"
2023 DM MIT 342-2023.pdf,deepseek/deepseek-v4-flash,off,,,Ministero delle Infrastrutture e dei Trasporti,,rettifica,C71G22000090001,True,definitivo,,1,singolo,7150,3,,7000000.0,7000000.0,"7.000.000,00",totale,assegnazione,assegnato,IMPORTO AMMASSO A FINANZIAMENTO CENTRO - NORD - POTENZIAMENTO,"Allegato 1 / [TABELLA pag.4 n.1], riga 11","7.000.000,00 | 0,00 | 7.000.000,00 | | C71G22000090001",,alta,,Intervento: POTENZIAMENTO DEL SISTEMA DI ALIMENTAZIONE ELETTRICA DELLA LINEA ROMA-VITERBO (SSE E DOTE)
2023 DM MIT 342-2023.pdf,deepseek/deepseek-v4-flash,off,,,Ministero delle Infrastrutture e dei Trasporti,,rettifica,E51B21002250001,True,definitivo,,1,singolo,7150,3,,20000000.0,20000000.0,"20.000.000,00",totale,assegnazione,assegnato,IMPORTO AMMASSO A FINANZIAMENTO CENTRO - NORD - POTENZIAMENTO,"Allegato 1 / [TABELLA pag.4 n.1], riga 12","20.000.000,00 | 0,00 | 20.000.000,00 | | E51B21002250001",,alta,,Intervento: INTERVENTI SULLA RETE PER STABILIZZAZIONE ORARIO: RADDOPPIO SELETTIVO VARESE - LAVENO E SISTEMAZIONI INCROCI (GEMONIO E CITTIGLIO)
2023 DM MIT 342-2023.pdf,deepseek/deepseek-v4-flash,off,,,Ministero delle Infrastrutture e dei Trasporti,,rettifica,B41E04000210001,True,definitivo,,1,singolo,7150,3,,50000000.0,50000000.0,"50.000.000,00",totale,assegnazione,assegnato,IMPORTO AMMASSO A FINANZIAMENTO SUD POTENZIAMENTO,"Allegato 1 / [TABELLA pag.5 n.1], riga 1","50.000.000,00 | 50.000.000,00 | 100.000.000,00 | 50.000.000,00 | B41E04000210001",,alta,,Intervento: LINEA 1 DELLA METROPOLITANA DI NAPOLI – TRATTA CDN –CAPODICHINO. OPERE COMPLEMENTARI PER L’IMPERMEABILIZZAZIONE DELLA ADIACENTE GALLERIA CIRCUMVESUVIANA COMPLETAMENTO
2023 DM MIT 342-2023.pdf,deepseek/deepseek-v4-flash,off,,,Ministero delle Infrastrutture e dei Trasporti,,rettifica,F61B21003640009,True,definitivo,,1,singolo,7150,3,,30000000.0,30000000.0,"30.000.000,00",totale,assegnazione,assegnato,IMPORTO AMMASSO A FINANZIAMENTO SUD POTENZIAMENTO,"Allegato 1 / [TABELLA pag.5 n.1], riga 2","30.000.000,00 | 0,00 | 30.000.000,00 | | F61B21003640009",,alta,,Intervento: NUOVO TELECOMANDO LINEE FLEGREE CON FORNITURA IN OPERA DI TRE SOTTOSTAZIONI ELETTRICHE ED ADEGUAMENTO TE GALLERIE
2023 DM MIT 342-2023.pdf,deepseek/deepseek-v4-flash,off,,,Ministero delle Infrastrutture e dei Trasporti,,rettifica,G31G22000250001,True,definitivo,,1,singolo,7150,3,,2800000.0,2800000.0,"2.800.000,00",totale,assegnazione,assegnato,IMPORTO AMMASSO A FINANZIAMENTO SUD POTENZIAMENTO,"Allegato 1 / [TABELLA pag.5 n.1], riga 3","2.800.000,00 | 0,00 | 2.800.000,00 | | G31G22000250001",,alta,,Intervento: RIFACIMENTO PENSILINA BARI CENTRALE
2023 DM MIT 342-2023.pdf,deepseek/deepseek-v4-flash,off,,,Ministero delle Infrastrutture e dei Trasporti,,rettifica,D69D15002090001,True,definitivo,,2,aggregato,7150,3,,50000000.0,25000000.0,"50.000.000,00",totale,assegnazione,assegnato,IMPORTO AMMASSO A FINANZIAMENTO SUD POTENZIAMENTO,"Allegato 1 / [TABELLA pag.5 n.1], riga 4","50.000.000,00 | 130.000.000,00 | 180.000.000,00 | 50.000.000,00 | Lotto 4 - D69D15002090001 Lotto 3 - D49D15001920001",,alta,,Intervento: COMPLETAMENTO ELETTRIFICAZIONE DORSALE SALENTO (TRATTA MAGLIE- OTRANTO E ZOLLINO- GAGLIANO). Importo unico per due lotti/CUP; l'atto non ripartisce.
2023 DM MIT 342-2023.pdf,deepseek/deepseek-v4-flash,off,,,Ministero delle Infrastrutture e dei Trasporti,,rettifica,D49D15001920001,True,definitivo,,2,aggregato,7150,3,,50000000.0,25000000.0,"50.000.000,00",totale,assegnazione,assegnato,IMPORTO AMMASSO A FINANZIAMENTO SUD POTENZIAMENTO,"Allegato 1 / [TABELLA pag.5 n.1], riga 4","50.000.000,00 | 130.000.000,00 | 180.000.000,00 | 50.000.000,00 | Lotto 4 - D69D15002090001 Lotto 3 - D49D15001920001",,alta,,Intervento: COMPLETAMENTO ELETTRIFICAZIONE DORSALE SALENTO (TRATTA MAGLIE- OTRANTO E ZOLLINO- GAGLIANO). Importo unico per due lotti/CUP; l'atto non ripartisce.
2023 DM MIT 342-2023.pdf,deepseek/deepseek-v4-flash,off,,,Ministero delle Infrastrutture e dei Trasporti,,rettifica,G71B18000620005,True,definitivo,,1,singolo,7150,3,,2500000.0,2500000.0,"2.500.000,00",totale,assegnazione,assegnato,IMPORTO AMMASSO A FINANZIAMENTO SUD POTENZIAMENTO,"Allegato 1 / [TABELLA pag.5 n.1], riga 5","2.500.000,00 | 0,00 | 2.500.000,00 | | G71B18000620005",,alta,,Intervento: REALIZZAZIONE PARCHEGGIO DI INTERSCAMBIO NELLA STAZIONE DI ALTAMURA
2023 DM MIT 342-2023.pdf,deepseek/deepseek-v4-flash,off,,,Ministero delle Infrastrutture e dei Trasporti,,rettifica,F81B21005610001,True,definitivo,,1,singolo,7150,3,,18000000.0,18000000.0,"18.000.000,00",totale,assegnazione,assegnato,IMPORTO AMMASSO A FINANZIAMENTO SUD POTENZIAMENTO,"Allegato 1 / [TABELLA pag.6 n.1], riga 1","26.400.000,00 | 0,00 | 26.400.000,00 | 18.000.000,00 | F81B21005610001",,alta,,"Intervento: VARIANTE DI TRACCCIATO, REALIZZAZIONE PUNTI DI INCROCIO E RADDOPPIO TRATTA MONSERRATO SETTIMO/SAN PIETRO. L'importo ammesso a finanziamento è 18.000.000,00, non l'importo richiesto di 26.400.000,00."
2023 DM MIT 342-2023.pdf,deepseek/deepseek-v4-flash,off,,,Ministero delle Infrastrutture e dei Trasporti,,rettifica,I61B21003020001,True,definitivo,,1,singolo,7150,3,,9900000.0,9900000.0,"9.900.000,00",totale,assegnazione,assegnato,IMPORTO AMMASSO A FINANZIAMENTO SUD POTENZIAMENTO,"Allegato 1 / [TABELLA pag.6 n.1], riga 2","9.900.000,00 | 0,00 | 9.900.000,00 | | I61B21003020001",,alta,,Intervento: LAVORI DI REALIZZAZIONE DELLA NUOVA STAZIONE FERROVIARIA DI CATANZARO CITTÀ
2023 DM MIT 342-2023.pdf,deepseek/deepseek-v4-flash,off,,,Ministero delle Infrastrutture e dei Trasporti,,rettifica,I67H21003160001,True,definitivo,,1,singolo,7150,3,,2900000.0,2900000.0,"2.900.000,00",totale,assegnazione,assegnato,IMPORTO AMMASSO A FINANZIAMENTO SUD POTENZIAMENTO,"Allegato 1 / [TABELLA pag.6 n.1], riga 3","2.900.000,00 | 0,00 | 2.900.000,00 | | I67H21003160001",,alta,,Intervento: LAVORI DI MIGLIORAMENTO DELLA FRUIBILITÀ DELLA LINEA FERROVIARIA SULLA TRATTA CATANZARO CITTÀ - CATANZARO - CATANZARO LIDO -GERMANETO
2023 DM MIT 342-2023.pdf,deepseek/deepseek-v4-flash,off,,,Ministero delle Infrastrutture e dei Trasporti,,rettifica,B89J21020930005,True,definitivo,,1,singolo,7150,3,,1200000.0,1200000.0,"1.200.000,00",totale,assegnazione,assegnato,IMPORTO AMMASSO A FINANZIAMENTO SUD POTENZIAMENTO,"Allegato 1 / [TABELLA pag.6 n.1], riga 4","1.200.000,00 | 0,00 | 1.200.000,00 | | B89J21020930005",,alta,,Intervento: CREAZIONE POSTO INTERMEDIO LOCALITÀ GUASTACCONCIA NELLA TRATTA FOSSACESIA- SALETTI
2023 DM MIT 342-2023.pdf,deepseek/deepseek-v4-flash,off,,,Ministero delle Infrastrutture e dei Trasporti,,rettifica,I57H21005640001,True,definitivo,,1,singolo,7150,4,,1512215.0,1512215.0,"1.512.215,00",totale,assegnazione,assegnato,SICUREZZA (€),"Allegato 2 / [TABELLA pag.7 n.1], riga 1","1.512.215,00 | 0,00 | 1.512.215,00 | | I57H21005640001",,alta,,Intervento: INTERVENTI STRUTTURALI DI RISANAMENTO PONTE IN C.A. AL KM. 14+355
2023 DM MIT 342-2023.pdf,deepseek/deepseek-v4-flash,off,,,Ministero delle Infrastrutture e dei Trasporti,,rettifica,B19F22013250002,True,definitivo,,1,singolo,7150,4,,2400000.0,2400000.0,"2.400.000,00",totale,assegnazione,assegnato,SICUREZZA (€),"Allegato 2 / [TABELLA pag.7 n.1], riga 2","2.400.000,00 | 0,00 | 2.400.000,00 | | B19F22013250002",,alta,,Intervento: ELIMINAZIONE DI DUE PASSAGGI A LIVELLO DI TIPO AUTOMATICO UBICATI NELLA STAZIONE DI GIOVI DELLA FERROVIA AREZZO - SINALUNGA
2023 DM MIT 342-2023.pdf,deepseek/deepseek-v4-flash,off,,,Ministero delle Infrastrutture e dei Trasporti,,rettifica,C89F23000050001,True,definitivo,,1,singolo,7150,4,,600000.0,600000.0,"600.000,00",totale,assegnazione,assegnato,SICUREZZA (€),"Allegato 2 / [TABELLA pag.7 n.1], riga 3","600.000,00 | 0,00 | 600.000,00 | | C89F23000050001",,alta,,Intervento: SOPPRESSIONE DI QUATTRO PASSAGGI A LIVELLO PRIVATI (PLP 39 – PLP 40 – PLP 41 – PLP 42) SULLA TRATTA DELLA LINEA FERROVIARIA PARMA – SUZZARA IN COMUNE DI BRESCELLO (RE)
2023 DM MIT 342-2023.pdf,deepseek/deepseek-v4-flash,off,,,Ministero delle Infrastrutture e dei Trasporti,,rettifica,C99F23000050001,True,definitivo,,1,singolo,7150,4,,5400000.0,5400000.0,"5.400.000,00",totale,assegnazione,assegnato,SICUREZZA (€),"Allegato 2 / [TABELLA pag.8 n.1], riga 1","5.400.000,00 | 1.600.000,00 | 7.000.000,00 | | C99F23000050001",,alta,,"Intervento: LINEA BOLOGNA- PORTOMAGGIORE , SOPPRESSIONE PL IN LOC. CA’ DELL'ORBO A SEGUITO RIALZO LINEA. L'importo ammesso a finanziamento è 5.400.000,00, non il totale intervento di 7.000.000,00."
2023 DM MIT 342-2023.pdf,deepseek/deepseek-v4-flash,off,,,Ministero delle Infrastrutture e dei Trasporti,,rettifica,C56G21008730001,True,definitivo,,1,singolo,7150,4,,3400000.0,3400000.0,"3.400.000,00",totale,assegnazione,assegnato,SICUREZZA (€),"Allegato 2 / [TABELLA pag.8 n.1], riga 2","3.400.000,00 | 0,00 | 3.400.000,00 | | C56G21008730001",,alta,,Intervento: UPGRADE CON IMPIANTI MULTI‐ ACC
2023 DM MIT 342-2023.pdf,deepseek/deepseek-v4-flash,off,,,Ministero delle Infrastrutture e dei Trasporti,,rettifica,F41B21005790009,True,definitivo,,1,singolo,7150,4,,30000000.0,30000000.0,30.000.000,totale,assegnazione,assegnato,SICUREZZA (€),"Allegato 2 / [TABELLA pag.9 n.1], riga 1","30.000.000 | € 0,00 | 30.000.000 | | F41B21005790009",,alta,,Intervento: SOPPRESSIONE PP.LL. RETE FERROVIARIA EAV
2023 DM MIT 342-2023.pdf,deepseek/deepseek-v4-flash,off,,,Ministero delle Infrastrutture e dei Trasporti,,rettifica,G31G22000260001,True,definitivo,,1,singolo,7150,4,,7200000.0,7200000.0,7.200.000,totale,assegnazione,assegnato,SICUREZZA (€),"Allegato 2 / [TABELLA pag.9 n.1], riga 2",7.200.000 | 0 | 7.200.000 | | G31G22000260001,,alta,,Intervento: RADDOPPIO TRA BARI SANT’ANDREA E MODUGNO
2023 DM MIT 342-2023.pdf,deepseek/deepseek-v4-flash,off,,,Ministero delle Infrastrutture e dei Trasporti,,rettifica,G11B18000550005,True,definitivo,,1,singolo,7150,4,,3500000.0,3500000.0,3.500.000,totale,assegnazione,assegnato,SICUREZZA (€),"Allegato 2 / [TABELLA pag.10 n.1], riga 1","3.500.000,00 | 0 | 3.500.000 | | G11B18000550005",,alta,,Intervento: Interventi sui piazzali di Matera Serra Rifusa e di Matera Villa Longo tra le progressive km 71+425 e km 72+046 della linea Bari ‐ Matera ‐ Lotto “RIPRISTINO DELLA FUNZIONALITÀ DELL'OFFICINA FERROVIARIA A SERRA RIFUSA”
2023 DM MIT 342-2023.pdf,deepseek/deepseek-v4-flash,off,,,Ministero delle Infrastrutture e dei Trasporti,,rettifica,B81B21003770005,True,definitivo,,1,singolo,7150,4,,1750000.0,1750000.0,1.750.000,totale,assegnazione,assegnato,SICUREZZA (€),"Allegato 2 / [TABELLA pag.10 n.1], riga 2","1.750.000,00 € | 0 | 1.750.000 | | B81B21003770005",,alta,,Intervento: TESATURA DEI CONDUTTORI IN RAME DELL’IMPIANTO TE DELLA TRATTA FOSSACESIA ‐ ARCHI E REALIZZAZIONE DELLA PALIFICATA DI SOSTEGNO SUL PONTE FIUME SANGRO
2025 DD MIT 141-2025.pdf,deepseek/deepseek-v4-flash,off,141,2025-04-18,Ministero delle Infrastrutture e dei Trasporti,,assegnazione,E51I04000010007,True,definitivo,,1,singolo,7419,2,2024-2032,2125000000.0,2125000000.0,"€ 2.125.000.000,00",totale,assegnazione,impegnato,,art. 3; [TABELLA pag.5 n.1],"È autorizzato l’impegno delle risorse di cui al citato articolo 1, comma 478, della legge 29 dicembre 2022, n. 197, sul capitolo 7419, piano gestionale 2 ... per la somma complessiva di € 2.125.000.000,00",,alta,,"Importo complessivo autorizzato all'impegno sul capitolo 7419/PG2. Il CUP è associato alla Convenzione di cui all'art. 1, che disciplina l'erogazione dei contributi per gli interventi della Linea C."
2025 DD MIT 141-2025.pdf,deepseek/deepseek-v4-flash,off,141,2025-04-18,Ministero delle Infrastrutture e dei Trasporti,,assegnazione,E51I04000010007,True,definitivo,,1,singolo,7416,1,2027-2028,75000000.0,75000000.0,"€ 75.000.000,00",totale,assegnazione,impegnato,,art. 4,"È autorizzato l’impegno delle risorse di cui al citato art.1, comma 478, della legge 29 dicembre 2022, n.197, sul capitolo 7416 piano gestonale 1 ... per la somma complessiva di € 75.000.000,00",,alta,,"Importo complessivo autorizzato all'impegno sul capitolo 7416/PG1. Il CUP è associato alla Convenzione di cui all'art. 1, che disciplina l'erogazione dei contributi per gli interventi della Linea C."
2022 DD MIT 454-2022.pdf,deepseek/deepseek-v4-pro-0813,off,,,Ministero delle infrastrutture e dei trasporti,Ministero dell'economia e delle finanze,impegno,E51I04000010007,True,definitivo,,1,singolo,7426,1,2021,14000000.0,14000000.0,"€ 14.000.000,00",totale,assegnazione,impegnato,,Articolo 1,"è autorizzato, per il corrente esercizio finanziario, a favore di Roma Capitale per l’intervento ""Tratta Colosseo - Piazza Venezia della Linea C della metropolitana di Roma” CUP E51I04000010007, l’impegno di € 14.000.000,00 in conto residui di lettera F, esercizio di provenienza 2021.","decreto del Ministro delle infrastrutture e dei trasporti di concerto con il Ministro dell'economia e delle finanze, n. 498 del 14 novembre 2014",alta,,"Impegno in conto residui di lettera F, esercizio di provenienza 2021."
2022 DD MIT 454-2022.pdf,deepseek/deepseek-v4-pro-0813,off,,,Ministero delle infrastrutture e dei trasporti,Ministero dell'economia e delle finanze,impegno,E51I04000010007,True,definitivo,,1,singolo,7426,1,2022-2025,131000000.0,131000000.0,"€ 131.000.000,00",totale,assegnazione,impegnato,,Articolo 2; [TABELLA pag.3 n.1],"è autorizzato l’impegno, sul capitolo 7426, piano di gestione 1, ... per l’importo complessivo di € 131.000.000,00 a favore di Roma Capitale, per l’intervento ""Tratta Colosseo - Piazza Venezia della Linea C della metropolitana di Roma” CUP E51I04000010007, come di seguito riportato: Anno Importo 2022 35.000.000,00 € 2023 40.000.000,00 € 2024 33.500.000,00 € 2025 22.500.000,00 € Totale 131.000.000,00 €","decreto del Ministro delle infrastrutture e dei trasporti di concerto con il Ministro dell'economia e delle finanze, n. 498 del 14 novembre 2014",alta,,"L'importo complessivo è ripartito in annualità: 2022: 35.000.000,00; 2023: 40.000.000,00; 2024: 33.500.000,00; 2025: 22.500.000,00."
2022 DDG 128 del 02-05-22.pdf,deepseek/deepseek-v4-pro-0813,off,,,Ministero delle infrastrutture e della mobilità sostenibili,,impegno,H94I19000130004,True,definitivo,,1,singolo,7400,7,2020-2034,97154124.1,97154124.1,"97.154.124,10",totale,assegnazione,impegnato,Totale,"Articolo 1 e 2; Allegato / [TABELLA pag.4 n.1], riga 1","Comune di Padova | H94I19000130004 | 7400/PG 7 | ... | 97.154.124,10",Decreto del Ministro delle infrastrutture e della mobilità sostenibili n. 464 del 22 novembre 2021,alta,,"L'importo totale è impegnato in conto residui (€ 153.197,90 per il 2020 e € 306.395,80 per il 2021) e in conto competenza per le annualità 2022-2034."
2022 DDG 128 del 02-05-22.pdf,deepseek/deepseek-v4-pro-0813,off,,,Ministero delle infrastrutture e della mobilità sostenibili,,impegno,J80J18000000001,True,definitivo,,1,singolo,7400,7,2020-2034,159466174.12,159466174.12,"159.466.174,12",totale,assegnazione,impegnato,Totale,"Articolo 1 e 2; Allegato / [TABELLA pag.4 n.1], riga 2","Roma Capitale | J80J18000000001 | 7400/PG 7 | ... | 159.466.174,12",Decreto del Ministro delle infrastrutture e della mobilità sostenibili n. 464 del 22 novembre 2021,alta,,"L'importo totale è impegnato in conto residui (€ 251.454,92 per il 2020 e € 502.909,85 per il 2021) e in conto competenza per le annualità 2022-2034."
2022 DDG 128 del 02-05-22.pdf,deepseek/deepseek-v4-pro-0813,off,,,Ministero delle infrastrutture e della mobilità sostenibili,,impegno,C11B21008720001,True,definitivo,,2,aggregato,7400,7,2020-2034,44494493.04,22247246.52,"44.494.493,04",totale,assegnazione,impegnato,Totale,"Articolo 1 e 2; Allegato / [TABELLA pag.4 n.1], riga 3","Comune di Torino | C11B21008720001 D81E20000410007 | 7400/PG 7 | ... | 44.494.493,04",Decreto del Ministro delle infrastrutture e della mobilità sostenibili n. 464 del 22 novembre 2021,alta,,"Importo unico per due CUP del Comune di Torino; l'atto non ripartisce l'importo tra i due CUP. L'importo totale è impegnato in conto residui (€ 70.161,34 per il 2020 e € 140.322,66 per il 2021) e in conto competenza per le annualità 2022-2034."
2022 DDG 128 del 02-05-22.pdf,deepseek/deepseek-v4-pro-0813,off,,,Ministero delle infrastrutture e della mobilità sostenibili,,impegno,D81E20000410007,True,definitivo,,2,aggregato,7400,7,2020-2034,44494493.04,22247246.52,"44.494.493,04",totale,assegnazione,impegnato,Totale,"Articolo 1 e 2; Allegato / [TABELLA pag.4 n.1], riga 3","Comune di Torino | C11B21008720001 D81E20000410007 | 7400/PG 7 | ... | 44.494.493,04",Decreto del Ministro delle infrastrutture e della mobilità sostenibili n. 464 del 22 novembre 2021,alta,,"Importo unico per due CUP del Comune di Torino; l'atto non ripartisce l'importo tra i due CUP. L'importo totale è impegnato in conto residui (€ 70.161,34 per il 2020 e € 140.322,66 per il 2021) e in conto competenza per le annualità 2022-2034."
2022 DDG 128 del 02-05-22.pdf,deepseek/deepseek-v4-pro-0813,off,,,Ministero delle infrastrutture e della mobilità sostenibili,,impegno,C81B21013200005,True,definitivo,,1,singolo,7400,7,2020-2034,333059208.74,333059208.74,"333.059.208,74",totale,assegnazione,impegnato,Totale,"Articolo 1 e 2; Allegato / [TABELLA pag.4 n.1], riga 4","Comune di Brescia | C81B21013200005 | 7400/PG 7 | ... | 333.059.208,74",Decreto del Ministro delle infrastrutture e della mobilità sostenibili n. 464 del 22 novembre 2021,alta,,"L'importo totale è impegnato in conto residui (€ 525.185,84 per il 2020 e € 1.050.371,69 per il 2021) e in conto competenza per le annualità 2022-2034."
2022 DDG 128 del 02-05-22.pdf,deepseek/deepseek-v4-pro-0813,off,,,Ministero delle infrastrutture e della mobilità sostenibili,,impegno,C81B21013200005,True,definitivo,,1,singolo,7400,1,2029-2034,26486678.33,26486678.33,"26.486.678,33",totale,assegnazione,impegnato,Totale,"Articolo 3; Allegato / [TABELLA pag.4 n.1], riga 5","Comune di Brescia | C81B21013200005 | 7400/PG 1 | ... | 26.486.678,33",Decreto del Ministro delle infrastrutture e della mobilità sostenibili n. 464 del 22 novembre 2021,alta,,Impegno in conto competenza per gli esercizi finanziari dal 2029 al 2034.
2022 DI Mims Mef 97 20.04.2022.pdf,deepseek/deepseek-v4-pro-0813,off,,,Ministero delle Infrastrutture e della Mobilità Sostenibili,Ministero dell'Economia e delle Finanze,assegnazione,B39J22001360001,True,definitivo,,1,singolo,7400,8,,398000000.0,398000000.0,"398.000.000,00",totale,assegnazione,assegnato,FINANZIAMENTO AMMESSO,"art. 1, comma 1, lettera a); Allegato 1 / [TABELLA pag.10 n.1], riga 1","CITTÀ METROPOLITANA DI GENOVA | SKYMETRO VAL BISAGNO GENOVA | COMUNE DI GENOVA | B39J22001360001 | PFTE | 31.03.2023 | 30.06.2025 | 31.12.2027 | 398.000.000,00 | --- | 398.000.000,00",,alta,,
2022 DI Mims Mef 97 20.04.2022.pdf,deepseek/deepseek-v4-pro-0813,off,,,Ministero delle Infrastrutture e della Mobilità Sostenibili,Ministero dell'Economia e delle Finanze,assegnazione,B31F20000030005,True,definitivo,,1,singolo,7400,8,,20860000.0,20860000.0,"20.860.000,00",totale,assegnazione,assegnato,FINANZIAMENTO AMMESSO,"art. 1, comma 1, lettera a); Allegato 1 / [TABELLA pag.10 n.1], riga 2","PROLUNGAMENTO METROPOLITANA DI GENOVA DA BRIN A CANEPARI. OPERE DI ADEGUAMENTO IDRAULICO DEL TRATTO TOMBINATO DI VALLE DEL RIO MALTEMPO, AFFLUENTE DEL TORRENTE POLCEVERA | COMUNE DI GENOVA | B31F20000030005 | PFTE | 31.03.2023 | 31.12.2023 | 30.09.2024 | 20.860.000,00 | --- | 20.860.000,00",,alta,,
2022 DI Mims Mef 97 20.04.2022.pdf,deepseek/deepseek-v4-pro-0813,off,,,Ministero delle Infrastrutture e della Mobilità Sostenibili,Ministero dell'Economia e delle Finanze,assegnazione,B44D20000040001,True,definitivo,,1,singolo,7400,8,,180000000.0,180000000.0,"180.000.000,00",totale,assegnazione,assegnato,FINANZIAMENTO AMMESSO,"art. 1, comma 1, lettera a); Allegato 1 / [TABELLA pag.10 n.1], riga 3","LINEA METROPOLITANA M1 PROLUNGAMENTO QUARTIERE BAGGIO – OLMI - VALSESIA | COMUNE DI MILANO | B44D20000040001 | PROGETTO DEFINITIVO | 31.12.2022 | 31.12.2025 | 31.12.2027 | 398.000.000,00 | 218.000.000,00 | 180.000.000,00",,alta,,
2022 DI Mims Mef 97 20.04.2022.pdf,deepseek/deepseek-v4-pro-0813,off,,,Ministero delle Infrastrutture e della Mobilità Sostenibili,Ministero dell'Economia e delle Finanze,assegnazione,B91J21000040001,True,definitivo,,1,singolo,7400,8,,420000000.0,420000000.0,"420.000.000,00",totale,assegnazione,assegnato,FINANZIAMENTO AMMESSO,"art. 1, comma 1, lettera a); Allegato 1 / [TABELLA pag.10 n.1], riga 4","PROLUNGAMENTO LINEA METROPOLITANA M4 DA AEROPORTO LINATE A SEGRATE | COMUNE DI MILANO | B91J21000040001 | PFTE | 31.12.2025 | 31.12.2028 | 31.12.2030 | 420.000.000,00 | --- | 420.000.000,00",,alta,,
2022 DI Mims Mef 97 20.04.2022.pdf,deepseek/deepseek-v4-pro-0813,off,,,Ministero delle Infrastrutture e della Mobilità Sostenibili,Ministero dell'Economia e delle Finanze,assegnazione,B41J21000050006,True,definitivo,,1,singolo,7400,8,,4500000.0,4500000.0,"4.500.000,00",totale,assegnazione,assegnato,FINANZIAMENTO AMMESSO,"art. 1, comma 1, lettera a); Allegato 1 / [TABELLA pag.10 n.1], riga 5","NUOVA LINEA METROPOLITANA M6 RAMO SUD (PFTE) | COMUNE DI MILANO | B41J21000050006 | --- | 31.03.2023 | 30.06.2024 | 31.12.2025 | 4.500.000,00 | --- | 4.500.000,00",,alta,,
2022 DI Mims Mef 97 20.04.2022.pdf,deepseek/deepseek-v4-pro-0813,off,,,Ministero delle Infrastrutture e della Mobilità Sostenibili,Ministero dell'Economia e delle Finanze,assegnazione,B41C21000010001,True,definitivo,,1,singolo,7400,8,,5500000.0,5500000.0,"5.500.000,00",totale,assegnazione,assegnato,FINANZIAMENTO AMMESSO,"art. 1, comma 1, lettera a); Allegato 1 / [TABELLA pag.10 n.1], riga 6","PROLUNGAMENTO M3 SAN DONATO M. – ASTA PAULLESE (PFTE) | COMUNE DI MILANO | B41C21000010001 | PFTE – 1° FASE | 31.03.2023 | 30.06.2024 | 31.12.2025 | 5.500.000,00 | --- | 5.500.000,00",,alta,,
2022 DI Mims Mef 97 20.04.2022.pdf,deepseek/deepseek-v4-pro-0813,off,,,Ministero delle Infrastrutture e della Mobilità Sostenibili,Ministero dell'Economia e delle Finanze,assegnazione,F41B22000740009,True,definitivo,,1,singolo,7400,8,,631373163.0,631373163.0,"631.373.163,00",totale,assegnazione,assegnato,FINANZIAMENTO AMMESSO,"art. 1, comma 1, lettera a); Allegato 1 / [TABELLA pag.10 n.1], riga 7","NUOVO COLLEGAMENTO IN SEDE PROPRIA TRA LA STAZIONE AV DI AFRAGOLA E LA RETE METROPOLITANA DI NAPOLI. LOTTO 1°_STRALCIO I | COMUNE DI NAPOLI / EAV Srl | F41B22000740009 (CUP MASTER) | PFTE | 31.03.2023 | 30.06.2025 | 31.12.2027 | 631.373.163,00 | --- | 631.373.163,00",,alta,,"Il CUP F41B22000740009 è indicato come CUP MASTER nella cella; non sono presenti altri CUP di dettaglio nella riga, quindi viene considerato come CUP dell'intervento."
2022 DI Mims Mef 97 20.04.2022.pdf,deepseek/deepseek-v4-pro-0813,off,,,Ministero delle Infrastrutture e della Mobilità Sostenibili,Ministero dell'Economia e delle Finanze,assegnazione,F41B22000830009,True,definitivo,,1,singolo,7400,8,,163500824.0,163500824.0,"163.500.824,00",totale,assegnazione,assegnato,FINANZIAMENTO AMMESSO,"art. 1, comma 1, lettera a); Allegato 1 / [TABELLA pag.10 n.1], riga 8","NUOVO COLLEGAMENTO IN SEDE PROPRIA TRA LA STAZIONE AV DI AFRAGOLA E LA RETE METROPOLITANA DI NAPOLI. LOTTO 1°_STRALCIO II | COMUNE DI NAPOLI / EAV Srl | F41B22000830009 | PFTE | 31.03.2026 | 31.12.2026 | 31.12.2027 | 163.500.824,00 | --- | 163.500.824,00",,alta,,
2022 DI Mims Mef 97 20.04.2022.pdf,deepseek/deepseek-v4-pro-0813,off,,,Ministero delle Infrastrutture e della Mobilità Sostenibili,Ministero dell'Economia e delle Finanze,assegnazione,E51I04000010007,True,definitivo,,1,singolo,7400,8,,610000000.0,610000000.0,"610.000.000,00",totale,assegnazione,assegnato,FINANZIAMENTO AMMESSO,"art. 1, comma 1, lettera a); Allegato 1 / [TABELLA pag.10 n.1], riga 9","LINEA C DELLA METROPOLITANA DI ROMA - SUB-TRATTA FUNZIONALE DA STAZIONE VENEZIA A STAZIONE FORI IMPERIALI | ROMA CAPITALE / ROMA METROPOLITANE Srl | E51I04000010007 | PROGETTO DEFINITIVO | 31.12.2022 | 31.12.2027 | 31.12.2032 | 755.000.000,00 | 145.000.000,00 | 610.000.000,00",,alta,,
2022 DI Mims Mef 97 20.04.2022.pdf,deepseek/deepseek-v4-pro-0813,off,,,Ministero delle Infrastrutture e della Mobilità Sostenibili,Ministero dell'Economia e delle Finanze,assegnazione,E51I04000010007,True,definitivo,,1,singolo,7400,8,,990000000.0,990000000.0,"990.000.000,00",totale,assegnazione,assegnato,FINANZIAMENTO AMMESSO,"art. 1, comma 1, lettera a); Allegato 1 / [TABELLA pag.10 n.1], riga 10","LINEA C DELLA METROPOLITANA DI ROMA - TRATTA T2 - LOTTO COSTRUTTIVO PRELIMINARE | ROMA CAPITALE / ROMA METROPOLITANE Srl | E51I04000010007 | PROGETTO PRELIMINARE | 30.06.2023 | 30.09.2024 | 31.12.2026 | 990.000.000,00 | --- | 990.000.000,00",,alta,,
2022 DI Mims Mef 97 20.04.2022.pdf,deepseek/deepseek-v4-pro-0813,off,,,Ministero delle Infrastrutture e della Mobilità Sostenibili,Ministero dell'Economia e delle Finanze,assegnazione,C71F20000020005,True,definitivo,,1,singolo,7400,8,,1000000000.0,1000000000.0,"1.000.000.000,00",totale,assegnazione,assegnato,FINANZIAMENTO AMMESSO,"art. 1, comma 1, lettera a); Allegato 1 / [TABELLA pag.10 n.1], riga 11","METROPOLITANA AUTOMATICA DI TORINO – LINEA 2 – TRATTA “POLITECNICO – REBAUDENGO” | COMUNE DI TORINO | C71F20000020005 | PROGETTO DEFINITIVO | 31.12.2023 | 30.06.2028 | 31.12.2031 | 1.800.000.000,00 | 800.000.000,00 | 1.000.000.000,00",,alta,,
2022 DI Mims Mef 97 20.04.2022.pdf,deepseek/deepseek-v4-pro-0813,off,,,Ministero delle Infrastrutture e della Mobilità Sostenibili,Ministero dell'Economia e delle Finanze,assegnazione,J81B21014060001,True,definitivo,,1,singolo,7400,1,,173183831.97,173183831.97,"173.183.831,97",totale,assegnazione,assegnato,FINANZIAMENTO AMMESSO,"art. 1, comma 1, lettera b); Allegato 2 / [TABELLA pag.12 n.1], riga 1","ROMA CAPITALE | LINEA TRANVIARIA TERMINI - VATICANO - AURELIO | J81B21014060001 | TRANVIA | 293.183.831,97 | 120.000.000,00 | 173.183.831,97",,alta,,
2022 DI Mims Mef 97 20.04.2022.pdf,deepseek/deepseek-v4-pro-0813,off,,,Ministero delle Infrastrutture e della Mobilità Sostenibili,Ministero dell'Economia e delle Finanze,assegnazione,J84E21005150001,True,definitivo,,1,singolo,7400,1,,11284217.84,11284217.84,"11.284.217,84",totale,assegnazione,assegnato,FINANZIAMENTO AMMESSO,"art. 1, comma 1, lettera b); Allegato 2 / [TABELLA pag.12 n.1], riga 2","ROMA CAPITALE | DEPOSITO DI CENTOCELLE EST | J84E21005150001 | TRANVIA | 11.284.217,84 | --- | 11.284.217,84",,alta,,
2022 DI Mims Mef 97 20.04.2022.pdf,deepseek/deepseek-v4-pro-0813,off,,,Ministero delle Infrastrutture e della Mobilità Sostenibili,Ministero dell'Economia e delle Finanze,assegnazione,E31J19000030001,True,definitivo,,1,singolo,7400,1,,26500000.0,26500000.0,"26.500.000,00",totale,assegnazione,assegnato,FINANZIAMENTO AMMESSO,"art. 1, comma 1, lettera b); Allegato 2 / [TABELLA pag.12 n.1], riga 3","COMUNE DI PIACENZA | SISTEMA DI TRASPORTO RAPIDO DI MASSA PER IL COLLEGAMENTO TRA LA STAZIONE FERROVIARIA DI PIACENZA ED IL NUOVO POLO OSPEDALIERO | E31J19000030001 | BUSVIA | 26.500.000,00 | --- | 26.500.000,00",,alta,,
2022 DI Mims Mef 97 20.04.2022.pdf,deepseek/deepseek-v4-pro-0813,off,,,Ministero delle Infrastrutture e della Mobilità Sostenibili,Ministero dell'Economia e delle Finanze,assegnazione,F44I19000530001,True,definitivo,,1,singolo,7400,1,,122200000.0,122200000.0,"122.200.000,00",totale,assegnazione,assegnato,FINANZIAMENTO AMMESSO,"art. 1, comma 1, lettera b); Allegato 2 / [TABELLA pag.12 n.1], riga 4","COMUNE DI MILANO | AMPLIAMENTO DEL DEPOSITO GALLARATESE DEI TRENI DELLA LINEA METROPOLITANA 1 | F44I19000530001 | METRO | 122.200.000,00 | --- | 122.200.000,00",,alta,,
2023 DM MIT 342-2023.pdf,deepseek/deepseek-v4-pro-0813,off,,,Ministero delle Infrastrutture e dei Trasporti,,rettifica,H49J21005480003,True,definitivo,,1,singolo,7150,3,,47725.0,47725.0,"47.725,00",totale,rimodulazione,rimodulato,IMPORTO AMMASSO A FINANZIAMENTO,"Allegato 1 / [TABELLA pag.4 n.1], riga 5","INTERSCAMBIO SANT'OLCESE TULLO | STAZIONE DI SANT'OLCESE TULLO REALIZZAZIONE DI PARCHEGGIO INTERSCAMBIO PER AUTO E BICICLETTE SISTEMAZIONE AREA | 47.725,00 | 0,00 | 47.725,00 | | H49J21005480003","decreto del Ministro delle infrastrutture e della mobilità sostenibili del 23 settembre 2021, n. 364",alta,,Importo rimodulato rispetto all'Allegato 1 del DM 364/2021.
2023 DM MIT 342-2023.pdf,deepseek/deepseek-v4-pro-0813,off,,,Ministero delle Infrastrutture e dei Trasporti,,rettifica,C75B23000000001,True,definitivo,,1,singolo,7150,3,,10543255.0,10543255.0,"10.543.255,00",totale,rimodulazione,rimodulato,IMPORTO AMMASSO A FINANZIAMENTO,"Allegato 1 / [TABELLA pag.4 n.1], riga 10","RINNOVO, POTENZIAMENTO E MESSA IN SICUREZZA DELLE TRATTE PIÙ AMMALORATE DELLA LINEA DI CONTATTO DELLA FERROVIA ROMA – VITERBO NELLA TRATTA CATALANO – VITERBO | 10.543.255,00 | 0,00 | 10.543.255,00 | | C75B23000000001","decreto del Ministro delle infrastrutture e della mobilità sostenibili del 23 settembre 2021, n. 364",alta,,Importo rimodulato rispetto all'Allegato 1 del DM 364/2021.
2023 DM MIT 342-2023.pdf,deepseek/deepseek-v4-pro-0813,off,,,Ministero delle Infrastrutture e dei Trasporti,,rettifica,C71G22000090001,True,definitivo,,1,singolo,7150,3,,7000000.0,7000000.0,"7.000.000,00",totale,rimodulazione,rimodulato,IMPORTO AMMASSO A FINANZIAMENTO,"Allegato 1 / [TABELLA pag.4 n.1], riga 11","POTENZIAMENTO DEL SISTEMA DI ALIMENTAZIONE ELETTRICA DELLA LINEA ROMA-VITERBO (SSE E DOTE) | 7.000.000,00 | 0,00 | 7.000.000,00 | | C71G22000090001","decreto del Ministro delle infrastrutture e della mobilità sostenibili del 23 settembre 2021, n. 364",alta,,Importo rimodulato rispetto all'Allegato 1 del DM 364/2021.
2023 DM MIT 342-2023.pdf,deepseek/deepseek-v4-pro-0813,off,,,Ministero delle Infrastrutture e dei Trasporti,,rettifica,E51B21002250001,True,definitivo,,1,singolo,7150,3,,20000000.0,20000000.0,"20.000.000,00",totale,rimodulazione,rimodulato,IMPORTO AMMASSO A FINANZIAMENTO,"Allegato 1 / [TABELLA pag.4 n.1], riga 12","INTERVENTI SULLA RETE PER STABILIZZAZIONE ORARIO: RADDOPPIO SELETTIVO VARESE - LAVENO E SISTEMAZIONI INCROCI (GEMONIO E CITTIGLIO) | 20.000.000,00 | 0,00 | 20.000.000,00 | | E51B21002250001","decreto del Ministro delle infrastrutture e della mobilità sostenibili del 23 settembre 2021, n. 364",alta,,Importo rimodulato rispetto all'Allegato 1 del DM 364/2021.
2023 DM MIT 342-2023.pdf,deepseek/deepseek-v4-pro-0813,off,,,Ministero delle Infrastrutture e dei Trasporti,,rettifica,B41E04000210001,True,definitivo,,1,singolo,7150,3,,50000000.0,50000000.0,"50.000.000,00",totale,rimodulazione,rimodulato,IMPORTO AMMASSO A FINANZIAMENTO SUD,"Allegato 1 / [TABELLA pag.5 n.1], riga 1","LINEA 1 DELLA METROPOLITANA DI NAPOLI – TRATTA CDN –CAPODICHINO. OPERE COMPLEMENTARI PER L’IMPERMEABILIZZAZIONE DELLA ADIACENTE GALLERIA CIRCUMVESUVIANA COMPLETAMENTO | 50.000.000,00 | 50.000.000,00 | 100.000.000,00 | | B41E04000210001","decreto del Ministro delle infrastrutture e della mobilità sostenibili del 23 settembre 2021, n. 364",alta,,Importo rimodulato rispetto all'Allegato 1 del DM 364/2021.
2023 DM MIT 342-2023.pdf,deepseek/deepseek-v4-pro-0813,off,,,Ministero delle Infrastrutture e dei Trasporti,,rettifica,F61B21003640009,True,definitivo,,1,singolo,7150,3,,30000000.0,30000000.0,"30.000.000,00",totale,rimodulazione,rimodulato,IMPORTO AMMASSO A FINANZIAMENTO SUD,"Allegato 1 / [TABELLA pag.5 n.1], riga 2","NUOVO TELECOMANDO LINEE FLEGREE CON FORNITURA IN OPERA DI TRE SOTTOSTAZIONI ELETTRICHE ED ADEGUAMENTO TE GALLERIE | 30.000.000,00 | 0,00 | 30.000.000,00 | | F61B21003640009","decreto del Ministro delle infrastrutture e della mobilità sostenibili del 23 settembre 2021, n. 364",alta,,Importo rimodulato rispetto all'Allegato 1 del DM 364/2021.
2023 DM MIT 342-2023.pdf,deepseek/deepseek-v4-pro-0813,off,,,Ministero delle Infrastrutture e dei Trasporti,,rettifica,G31G22000250001,True,definitivo,,1,singolo,7150,3,,2800000.0,2800000.0,"2.800.000,00",totale,rimodulazione,rimodulato,IMPORTO AMMASSO A FINANZIAMENTO SUD,"Allegato 1 / [TABELLA pag.5 n.1], riga 3","RIFACIMENTO PENSILINA BARI CENTRALE | 2.800.000,00 | 0,00 | 2.800.000,00 | | G31G22000250001","decreto del Ministro delle infrastrutture e della mobilità sostenibili del 23 settembre 2021, n. 364",alta,,Importo rimodulato rispetto all'Allegato 1 del DM 364/2021.
2023 DM MIT 342-2023.pdf,deepseek/deepseek-v4-pro-0813,off,,,Ministero delle Infrastrutture e dei Trasporti,,rettifica,D69D15002090001,True,definitivo,,2,aggregato,7150,3,,50000000.0,25000000.0,"50.000.000,00",totale,rimodulazione,rimodulato,IMPORTO AMMASSO A FINANZIAMENTO SUD,"Allegato 1 / [TABELLA pag.5 n.1], riga 4","COMPLETAMENTO ELETTRIFICAZIONE DORSALE SALENTO (TRATTA MAGLIE- OTRANTO E ZOLLINO- GAGLIANO) | 50.000.000,00 | 130.000.000,00 | 180.000.000,00 | | Lotto 4 - D69D15002090001 Lotto 3 - D49D15001920001","decreto del Ministro delle infrastrutture e della mobilità sostenibili del 23 settembre 2021, n. 364",alta,,Importo unico per due lotti/CUP; l'atto non ripartisce.
2023 DM MIT 342-2023.pdf,deepseek/deepseek-v4-pro-0813,off,,,Ministero delle Infrastrutture e dei Trasporti,,rettifica,D49D15001920001,True,definitivo,,2,aggregato,7150,3,,50000000.0,25000000.0,"50.000.000,00",totale,rimodulazione,rimodulato,IMPORTO AMMASSO A FINANZIAMENTO SUD,"Allegato 1 / [TABELLA pag.5 n.1], riga 4","COMPLETAMENTO ELETTRIFICAZIONE DORSALE SALENTO (TRATTA MAGLIE- OTRANTO E ZOLLINO- GAGLIANO) | 50.000.000,00 | 130.000.000,00 | 180.000.000,00 | | Lotto 4 - D69D15002090001 Lotto 3 - D49D15001920001","decreto del Ministro delle infrastrutture e della mobilità sostenibili del 23 settembre 2021, n. 364",alta,,Importo unico per due lotti/CUP; l'atto non ripartisce.
2023 DM MIT 342-2023.pdf,deepseek/deepseek-v4-pro-0813,off,,,Ministero delle Infrastrutture e dei Trasporti,,rettifica,G71B18000620005,True,definitivo,,1,singolo,7150,3,,2500000.0,2500000.0,"2.500.000,00",totale,rimodulazione,rimodulato,IMPORTO AMMASSO A FINANZIAMENTO SUD,"Allegato 1 / [TABELLA pag.5 n.1], riga 5","REALIZZAZIONE PARCHEGGIO DI INTERSCAMBIO NELLA STAZIONE DI ALTAMURA | 2.500.000,00 | 0,00 | 2.500.000,00 | | G71B18000620005","decreto del Ministro delle infrastrutture e della mobilità sostenibili del 23 settembre 2021, n. 364",alta,,Importo rimodulato rispetto all'Allegato 1 del DM 364/2021.
2023 DM MIT 342-2023.pdf,deepseek/deepseek-v4-pro-0813,off,,,Ministero delle Infrastrutture e dei Trasporti,,rettifica,F81B21005610001,True,definitivo,,1,singolo,7150,3,,18000000.0,18000000.0,"18.000.000,00",totale,rimodulazione,rimodulato,IMPORTO AMMASSO A FINANZIAMENTO SUD,"Allegato 1 / [TABELLA pag.6 n.1], riga 1","VARIANTE DI TRACCCIATO, REALIZZAZIONE PUNTI DI INCROCIO E RADDOPPIO TRATTA MONSERRATO SETTIMO/SAN PIETRO | 26.400.000,00 | 0,00 | 26.400.000,00 | | F81B21005610001","decreto del Ministro delle infrastrutture e della mobilità sostenibili del 23 settembre 2021, n. 364",alta,,Importo rimodulato rispetto all'Allegato 1 del DM 364/2021.
2023 DM MIT 342-2023.pdf,deepseek/deepseek-v4-pro-0813,off,,,Ministero delle Infrastrutture e dei Trasporti,,rettifica,I61B21003020001,True,definitivo,,1,singolo,7150,3,,9900000.0,9900000.0,"9.900.000,00",totale,rimodulazione,rimodulato,IMPORTO AMMASSO A FINANZIAMENTO SUD,"Allegato 1 / [TABELLA pag.6 n.1], riga 2","LAVORI DI REALIZZAZIONE DELLA NUOVA STAZIONE FERROVIARIA DI CATANZARO CITTÀ | 9.900.000,00 | 0,00 | 9.900.000,00 | | I61B21003020001","decreto del Ministro delle infrastrutture e della mobilità sostenibili del 23 settembre 2021, n. 364",alta,,Importo rimodulato rispetto all'Allegato 1 del DM 364/2021.
2023 DM MIT 342-2023.pdf,deepseek/deepseek-v4-pro-0813,off,,,Ministero delle Infrastrutture e dei Trasporti,,rettifica,I67H21003160001,True,definitivo,,1,singolo,7150,3,,2900000.0,2900000.0,"2.900.000,00",totale,rimodulazione,rimodulato,IMPORTO AMMASSO A FINANZIAMENTO SUD,"Allegato 1 / [TABELLA pag.6 n.1], riga 3","LAVORI DI MIGLIORAMENTO DELLA FRUIBILITÀ DELLA LINEA FERROVIARIA SULLA TRATTA CATANZARO CITTÀ - CATANZARO - CATANZARO LIDO -GERMANETO | 2.900.000,00 | 0,00 | 2.900.000,00 | | I67H21003160001","decreto del Ministro delle infrastrutture e della mobilità sostenibili del 23 settembre 2021, n. 364",alta,,Importo rimodulato rispetto all'Allegato 1 del DM 364/2021.
2023 DM MIT 342-2023.pdf,deepseek/deepseek-v4-pro-0813,off,,,Ministero delle Infrastrutture e dei Trasporti,,rettifica,B89J21020930005,True,definitivo,,1,singolo,7150,3,,1200000.0,1200000.0,"1.200.000,00",totale,rimodulazione,rimodulato,IMPORTO AMMASSO A FINANZIAMENTO SUD,"Allegato 1 / [TABELLA pag.6 n.1], riga 4","CREAZIONE POSTO INTERMEDIO LOCALITÀ GUASTACCONCIA NELLA TRATTA FOSSACESIA- SALETTI | 1.200.000,00 | 0,00 | 1.200.000,00 | | B89J21020930005","decreto del Ministro delle infrastrutture e della mobilità sostenibili del 23 settembre 2021, n. 364",alta,,Importo rimodulato rispetto all'Allegato 1 del DM 364/2021.
2023 DM MIT 342-2023.pdf,deepseek/deepseek-v4-pro-0813,off,,,Ministero delle Infrastrutture e dei Trasporti,,rettifica,I57H21005640001,True,definitivo,,1,singolo,7150,4,,1512215.0,1512215.0,"1.512.215,00",totale,rimodulazione,rimodulato,SICUREZZA,"Allegato 2 / [TABELLA pag.7 n.1], riga 1","INTERVENTI STRUTTURALI DI RISANAMENTO PONTE IN C.A. AL KM. 14+355 | 1.512.215,00 | 0,00 | 1.512.215,00 | | I57H21005640001","decreto del Ministro delle infrastrutture e della mobilità sostenibili del 23 settembre 2021, n. 364",alta,,Importo rimodulato rispetto all'Allegato 2 del DM 364/2021.
2023 DM MIT 342-2023.pdf,deepseek/deepseek-v4-pro-0813,off,,,Ministero delle Infrastrutture e dei Trasporti,,rettifica,B19F22013250002,True,definitivo,,1,singolo,7150,4,,2400000.0,2400000.0,"2.400.000,00",totale,rimodulazione,rimodulato,SICUREZZA,"Allegato 2 / [TABELLA pag.7 n.1], riga 2","ELIMINAZIONE DI DUE PASSAGGI A LIVELLO DI TIPO AUTOMATICO UBICATI NELLA STAZIONE DI GIOVI DELLA FERROVIA AREZZO - SINALUNGA | 2.400.000,00 | 0,00 | 2.400.000,00 | | B19F22013250002","decreto del Ministro delle infrastrutture e della mobilità sostenibili del 23 settembre 2021, n. 364",alta,,Importo rimodulato rispetto all'Allegato 2 del DM 364/2021.
2023 DM MIT 342-2023.pdf,deepseek/deepseek-v4-pro-0813,off,,,Ministero delle Infrastrutture e dei Trasporti,,rettifica,C89F23000050001,True,definitivo,,1,singolo,7150,4,,600000.0,600000.0,"600.000,00",totale,rimodulazione,rimodulato,SICUREZZA,"Allegato 2 / [TABELLA pag.7 n.1], riga 3","SOPPRESSIONE DI QUATTRO PASSAGGI A LIVELLO PRIVATI (PLP 39 – PLP 40 – PLP 41 – PLP 42) SULLA TRATTA DELLA LINEA FERROVIARIA PARMA – SUZZARA IN COMUNE DI BRESCELLO (RE) | 600.000,00 | 0,00 | 600.000,00 | | C89F23000050001","decreto del Ministro delle infrastrutture e della mobilità sostenibili del 23 settembre 2021, n. 364",alta,,Importo rimodulato rispetto all'Allegato 2 del DM 364/2021.
2023 DM MIT 342-2023.pdf,deepseek/deepseek-v4-pro-0813,off,,,Ministero delle Infrastrutture e dei Trasporti,,rettifica,C99F23000050001,True,definitivo,,1,singolo,7150,4,,5400000.0,5400000.0,"5.400.000,00",totale,rimodulazione,rimodulato,SICUREZZA,"Allegato 2 / [TABELLA pag.8 n.1], riga 1","LINEA BOLOGNA- PORTOMAGGIORE , SOPPRESSIONE PL IN LOC. CA’ DELL'ORBO A SEGUITO RIALZO LINEA | 5.400.000,00 | 1.600.000,00 | 7.000.000,00 | | C99F23000050001","decreto del Ministro delle infrastrutture e della mobilità sostenibili del 23 settembre 2021, n. 364",alta,,Importo rimodulato rispetto all'Allegato 2 del DM 364/2021.
2023 DM MIT 342-2023.pdf,deepseek/deepseek-v4-pro-0813,off,,,Ministero delle Infrastrutture e dei Trasporti,,rettifica,C56G21008730001,True,definitivo,,1,singolo,7150,4,,3400000.0,3400000.0,"3.400.000,00",totale,rimodulazione,rimodulato,SICUREZZA,"Allegato 2 / [TABELLA pag.8 n.1], riga 2","UPGRADE CON IMPIANTI MULTI‐ ACC | 3.400.000,00 | 0,00 | 3.400.000,00 | | C56G21008730001","decreto del Ministro delle infrastrutture e della mobilità sostenibili del 23 settembre 2021, n. 364",alta,,Importo rimodulato rispetto all'Allegato 2 del DM 364/2021.
2023 DM MIT 342-2023.pdf,deepseek/deepseek-v4-pro-0813,off,,,Ministero delle Infrastrutture e dei Trasporti,,rettifica,F41B21005790009,True,definitivo,,1,singolo,7150,4,,30000000.0,30000000.0,30.000.000,totale,rimodulazione,rimodulato,SICUREZZA,"Allegato 2 / [TABELLA pag.9 n.1], riga 1","SOPPRESSIONE PP.LL. RETE FERROVIARIA EAV | 30.000.000 | € 0,00 | 30.000.000 | | F41B21005790009","decreto del Ministro delle infrastrutture e della mobilità sostenibili del 23 settembre 2021, n. 364",alta,,Importo rimodulato rispetto all'Allegato 2 del DM 364/2021.
2023 DM MIT 342-2023.pdf,deepseek/deepseek-v4-pro-0813,off,,,Ministero delle Infrastrutture e dei Trasporti,,rettifica,G31G22000260001,True,definitivo,,1,singolo,7150,4,,7200000.0,7200000.0,7.200.000,totale,rimodulazione,rimodulato,SICUREZZA,"Allegato 2 / [TABELLA pag.9 n.1], riga 2",RADDOPPIO TRA BARI SANT’ANDREA E MODUGNO | 7.200.000 | 0 | 7.200.000 | | G31G22000260001,"decreto del Ministro delle infrastrutture e della mobilità sostenibili del 23 settembre 2021, n. 364",alta,,Importo rimodulato rispetto all'Allegato 2 del DM 364/2021.
2023 DM MIT 342-2023.pdf,deepseek/deepseek-v4-pro-0813,off,,,Ministero delle Infrastrutture e dei Trasporti,,rettifica,G11B18000550005,True,definitivo,,1,singolo,7150,4,,3500000.0,3500000.0,3.500.000,totale,rimodulazione,rimodulato,SICUREZZA,"Allegato 2 / [TABELLA pag.10 n.1], riga 1","Interventi sui piazzali di Matera Serra Rifusa e di Matera Villa Longo tra le progressive km 71+425 e km 72+046 della linea Bari ‐ Matera ‐ Lotto “RIPRISTINO DELLA FUNZIONALITÀ DELL'OFFICINA FERROVIARIA A SERRA RIFUSA” | 3.500.000,00 | 0 | 3.500.000 | | G11B18000550005","decreto del Ministro delle infrastrutture e della mobilità sostenibili del 23 settembre 2021, n. 364",alta,,Importo rimodulato rispetto all'Allegato 2 del DM 364/2021.
2023 DM MIT 342-2023.pdf,deepseek/deepseek-v4-pro-0813,off,,,Ministero delle Infrastrutture e dei Trasporti,,rettifica,B81B21003770005,True,definitivo,,1,singolo,7150,4,,1750000.0,1750000.0,1.750.000,totale,rimodulazione,rimodulato,SICUREZZA,"Allegato 2 / [TABELLA pag.10 n.1], riga 2","TESATURA DEI CONDUTTORI IN RAME DELL’IMPIANTO TE DELLA TRATTA FOSSACESIA ‐ ARCHI E REALIZZAZIONE DELLA PALIFICATA DI SOSTEGNO SUL PONTE FIUME SANGRO | 1.750.000,00 € | 0 | 1.750.000 | | B81B21003770005","decreto del Ministro delle infrastrutture e della mobilità sostenibili del 23 settembre 2021, n. 364",alta,,Importo rimodulato rispetto all'Allegato 2 del DM 364/2021.
2023 DM MIT 342-2023.pdf,deepseek/deepseek-v4-pro-0813,off,,,Ministero delle Infrastrutture e dei Trasporti,,rettifica,,False,,,0,singolo,7150,4,2033,217585.0,217585.0,217.585,quota,rimodulazione,rimodulato,VENETO,"Allegato 3 / [TABELLA pag.11 n.1], riga 2033","2033 | 4.642.914 | 0,083 | 0 | 0 | 0 | 217.585 | 0 | 0 | 0 | 199.831 | 0 | 690.994 | 2.497.882 | 599.492 | 0 | 0 | 0 | 291.420 | 145.710","decreto del Ministro delle infrastrutture e della mobilità sostenibili del 23 settembre 2021, n. 364",alta,,"Quota annuale 2033 per la Regione Veneto, come disposto dall'art. 1 comma 1 del decreto corrente."
2023 DM MIT 342-2023.pdf,deepseek/deepseek-v4-pro-0813,off,,,Ministero delle Infrastrutture e dei Trasporti,,rettifica,,False,,,0,singolo,7150,4,2033,690994.0,690994.0,690.994,quota,rimodulazione,rimodulato,EMILIA ROMAGNA,"Allegato 3 / [TABELLA pag.11 n.1], riga 2033","2033 | 4.642.914 | 0,083 | 0 | 0 | 0 | 217.585 | 0 | 0 | 0 | 199.831 | 0 | 690.994 | 2.497.882 | 599.492 | 0 | 0 | 0 | 291.420 | 145.710","decreto del Ministro delle infrastrutture e della mobilità sostenibili del 23 settembre 2021, n. 364",alta,,"Quota annuale 2033 per la Regione Emilia Romagna, come disposto dall'art. 1 comma 1 del decreto corrente."
2023 DM MIT 342-2023.pdf,deepseek/deepseek-v4-pro-0813,off,,,Ministero delle Infrastrutture e dei Trasporti,,rettifica,,False,,,0,singolo,7150,4,2032,125266.0,125266.0,125.266,quota,rimodulazione,rimodulato,VENETO,"Allegato 3 / [TABELLA pag.11 n.1], riga 2032","2032 | 4.946.287 | 0,089 | 0 | 0 | 0 | 125.266 | 0 | 0 | 0 | 212.888 | 0 | 842.682 | 2.661.096 | 638.663 | 0 | 0 | 0 | 310.461 | 155.231","decreto del Ministro delle infrastrutture e della mobilità sostenibili del 23 settembre 2021, n. 364",alta,,"Quota annuale 2032 per la Regione Veneto, come disposto dall'art. 1 comma 1 del decreto corrente."
2023 DM MIT 342-2023.pdf,deepseek/deepseek-v4-pro-0813,off,,,Ministero delle Infrastrutture e dei Trasporti,,rettifica,,False,,,0,singolo,7150,4,2032,842682.0,842682.0,842.682,quota,rimodulazione,rimodulato,EMILIA ROMAGNA,"Allegato 3 / [TABELLA pag.11 n.1], riga 2032","2032 | 4.946.287 | 0,089 | 0 | 0 | 0 | 125.266 | 0 | 0 | 0 | 212.888 | 0 | 842.682 | 2.661.096 | 638.663 | 0 | 0 | 0 | 310.461 | 155.231","decreto del Ministro delle infrastrutture e della mobilità sostenibili del 23 settembre 2021, n. 364",alta,,"Quota annuale 2032 per la Regione Emilia Romagna, come disposto dall'art. 1 comma 1 del decreto corrente."
2025 DD MIT 141-2025.pdf,deepseek/deepseek-v4-pro-0813,off,141,2025-04-18,Ministero delle Infrastrutture e dei Trasporti,,impegno,E51I04000010007,True,definitivo,,1,singolo,7419,2,2024-2032,2125000000.0,2125000000.0,"€ 2.125.000.000,00",totale,assegnazione,impegnato,,Art. 3; [TABELLA pag.5 n.1],"È autorizzato l’impegno delle risorse di cui al citato articolo 1, comma 478, della legge 29 dicembre 2022, n. 197, sul capitolo 7419, piano gestionale 2 dello stato di previsione del Ministero delle Infrastrutture e dei Trasporti, per la somma complessiva di € 2.125.000.000,00, di cui € 50.000.000,00 in conto residui, esercizio di provenienza 2024 e 2.075.000.000,00 per gli esercizi finanziari dal 2025 al 2032, come riportato nella seguente tabella:",,alta,,"L'importo complessivo è impegnato sul capitolo 7419/PG2. La tabella riporta la ripartizione per annualità, ma il record è unico con livello_importo='totale' e annualita='2024-2032'."
2025 DD MIT 141-2025.pdf,deepseek/deepseek-v4-pro-0813,off,141,2025-04-18,Ministero delle Infrastrutture e dei Trasporti,,impegno,E51I04000010007,True,definitivo,,1,singolo,7416,1,2027-2028,75000000.0,75000000.0,"€ 75.000.000,00",totale,assegnazione,impegnato,,Art. 4,"È autorizzato l’impegno delle risorse di cui al citato art.1, comma 478, della legge 29 dicembre 2022, n.197, sul capitolo 7416 piano gestonale 1 dello stato di previsione del Ministero delle Infrastrutture e dei Trasporti, per la somma complessiva di € 75.000.000,00, di cui 50.000.000,00 per l’esercizio finanziario 2027 e € 25.000.000,00 per l’esercizio finanziario 2028.",,alta,,L'importo complessivo è impegnato sul capitolo 7416/PG1. Le annualità sono indicate ma il record è unico con livello_importo='totale' e annualita='2027-2028'.
2022 DD MIT 454-2022.pdf,google/gemma-4-26b-a4b-it,off,,,Ministero delle infrastrutture e dei trasporti,,impegno,E51I04000010007,True,definitivo,,1,singolo,7426,1,,14000000.0,14000000.0,"€ 14.000.000,00",totale,impegno,impegnato,,art. 1,"è autorizzato, per il corrente esercizio finanziario, a favore di Roma Capitale per l’intervento ""Tratta Colosseo - Piazza Venezia della Linea C della metropolitana di Roma” CUP E51I04000010007, l’impegno di € 14.000.000,00 in conto residui",,alta,,"impegno in conto residui di lettera F, esercizio di provenienza 2021"
2022 DD MIT 454-2022.pdf,google/gemma-4-26b-a4b-it,off,,,Ministero delle infrastrutture e dei trasporti,,impegno,E51I04000010007,True,definitivo,,1,singolo,7426,1,2022-2025,131000000.0,131000000.0,"€ 131.000.000,00",totale,impegno,impegnato,,art. 2,"è autorizzato l’impegno, sul capitolo 7426, piano di gestione 1 [...] per l’importo complessivo di € 131.000.000,00 a favore di Roma Capitale, per l’intervento ""Tratta Colosseo - Piazza Venezia della Linea C della metropolitana di Roma” CUP E51I04000010007",,alta,,"L'importo è ripartito nelle annualità 2022, 2023, 2024, 2025 come indicato in tabella"
2022 DDG 128 del 02-05-22.pdf,google/gemma-4-26b-a4b-it,off,,,Ministero delle infrastrutture e della mobilità sostenibili,,impegno,H94I19000130004,True,definitivo,,4,aggregato,7400,7,2022-2034,631174000.0,157793500.0,"€ 631.174.000,00",totale,impegno,impegnato,,art. 2,"è autorizzato l’impegno in conto competenza per complessivi € 631.174.000,00 per gli esercizi finanziari dal 2022 al 2034 [...] sul capitolo 7400, piano di gestione 7",,media,"L'importo dell'art. 2 è riferito a un gruppo di CUP (Padova, Roma, Torino, Brescia) che l'atto aggrega per il PG 7, ma la tabella specifica ripartizioni diverse per ogni CUP.",
2022 DDG 128 del 02-05-22.pdf,google/gemma-4-26b-a4b-it,off,,,Ministero delle infrastrutture e della mobilità sostenibili,,impegno,J80J18000000001,True,definitivo,,4,aggregato,7400,7,2022-2034,631174000.0,157793500.0,"€ 631.174.000,00",totale,impegno,impegnato,,art. 2,"è autorizzato l’impegno in conto competenza per complessivi € 631.174.000,00 per gli esercizi finanziari dal 2022 al 2034 [...] sul capitolo 7400, piano di gestione 7",,media,"L'importo dell'art. 2 è riferito a un gruppo di CUP (Padova, Roma, Torino, Brescia) che l'atto aggrega per il PG 7, ma la tabella specifica ripartizioni diverse per ogni CUP.",
2022 DDG 128 del 02-05-22.pdf,google/gemma-4-26b-a4b-it,off,,,Ministero delle infrastrutture e della mobilità sostenibili,,impegno,C11B21008720001,True,definitivo,,4,aggregato,7400,7,2022-2034,631174000.0,157793500.0,"€ 631.174.000,00",totale,impegno,impegnato,,art. 2,"è autorizzato l’impegno in conto competenza per complessivi € 631.174.000,00 per gli esercizi finanziari dal 2022 al 2034 [...] sul capitolo 7400, piano di gestione 7",,media,"L'importo dell'art. 2 è riferito a un gruppo di CUP (Padova, Roma, Torino, Brescia) che l'atto aggrega per il PG 7, ma la tabella specifica ripartizioni diverse per ogni CUP.",
2022 DDG 128 del 02-05-22.pdf,google/gemma-4-26b-a4b-it,off,,,Ministero delle infrastrutture e della mobilità sostenibili,,impegno,D81E20000410007,True,definitivo,,4,aggregato,7400,7,2022-2034,631174000.0,157793500.0,"€ 631.174.000,00",totale,impegno,impegnato,,art. 2,"è autorizzato l’impegno in conto competenza per complessivi € 631.174.000,00 per gli esercizi finanziari dal 2022 al 2034 [...] sul capitolo 7400, piano di gestione 7",,media,"L'importo dell'art. 2 è riferito a un gruppo di CUP (Padova, Roma, Torino, Brescia) che l'atto aggrega per il PG 7, ma la tabella specifica ripartizioni diverse per ogni CUP.",
2022 DDG 128 del 02-05-22.pdf,google/gemma-4-26b-a4b-it,off,,,Ministero delle infrastrutture e della mobilità sostenibili,,impegno,H94I19000130004,True,definitivo,,1,singolo,7400,7,,3000000.0,3000000.0,"euro 3.000.000,00",totale,impegno,impegnato,,art. 1,"è autorizzato l’impegno di euro 3.000.000,00 in conto residui [...] a favore dei Comuni di Padova, Torino e Brescia e della Città metropolitana di Roma",,media,"L'importo di 3 mln in conto residui (art. 1) è riferito collettivamente ai beneficiari, ma la tabella non specifica la ripartizione per singolo CUP per la quota residui (2020/2021).",Importo in conto residui (1 mln per il 2020 e 2 mln per il 2021).
2022 DDG 128 del 02-05-22.pdf,google/gemma-4-26b-a4b-it,off,,,Ministero delle infrastrutture e della mobilità sostenibili,,impegno,C81B21013200005,True,definitivo,,1,singolo,7400,1,2029-2034,26486678.33,26486678.33,"€ 26.486.678,33",totale,impegno,impegnato,,art. 3,"è autorizzato l’impegno in conto competenza per complessivi € 26.486.678,33, per gli esercizi finanziari dal 2029 al 2034, sul capitolo 7400, piano di gestione 1 [...] a favore del Comune di Brescia",,alta,,
2022 DDG 128 del 02-05-22.pdf,google/gemma-4-26b-a4b-it,off,,,Ministero delle infrastrutture e della mobilità sostenibili,,impegno,H94I19000130004,True,definitivo,,1,singolo,7400,7,,97154124.1,97154124.1,"97.154.124,10",totale,altro,assegnato,Totale,"[TABELLA pag.4 n.1], riga 1","Comune di Padova | H94I19000130004 | 7400/PG 7 | ... | 97.154.124,10",,alta,,Rappresentazione del totale per il CUP secondo la tabella allegata.
2022 DDG 128 del 02-05-22.pdf,google/gemma-4-26b-a4b-it,off,,,Ministero delle infrastrutture e della mobilità sostenibili,,impegno,J80J18000000001,True,definitivo,,1,singolo,7400,7,,159466174.12,159466174.12,"159.466.174,12",totale,altro,assegnato,Totale,"[TABELLA pag.4 n.1], riga 2","Roma Capitale | J80J18000000001 | 7400/PG 7 | ... | 159.466.174,12",,alta,,
2022 DDG 128 del 02-05-22.pdf,google/gemma-4-26b-a4b-it,off,,,Ministero delle infrastrutture e della mobilità sostenibili,,impegno,C11B21008720001,True,definitivo,,2,aggregato,7400,7,,44494493.04,22247246.52,"44.494.493,04",totale,altro,assegnato,Totale,"[TABELLA pag.4 n.1], riga 3","Comune di Torino | C11B21008720001 D81E20000410007 | 7400/PG 7 | ... | 44.494.493,04",,alta,L'importo è aggregato per i due CUP del Comune di Torino.,
2022 DDG 128 del 02-05-22.pdf,google/gemma-4-26b-a4b-it,off,,,Ministero delle infrastrutture e della mobilità sostenibili,,impegno,D81E20000410007,True,definitivo,,2,aggregato,7400,7,,44494493.04,22247246.52,"44.494.493,04",totale,altro,assegnato,Totale,"[TABELLA pag.4 n.1], riga 3","Comune di Torino | C11B21008720001 D81E20000410007 | 7400/PG 7 | ... | 44.494.493,04",,alta,L'importo è aggregato per i due CUP del Comune di Torino.,
2022 DDG 128 del 02-05-22.pdf,google/gemma-4-26b-a4b-it,off,,,Ministero delle infrastrutture e della mobilità sostenibili,,impegno,C81B21013200005,True,definitivo,,1,singolo,7400,7,,333059208.74,333059208.74,"333.059.208,74",totale,altro,assegnato,Totale,"[TABELLA pag.4 n.1], riga 4","Comune di Brescia | C81B21013200005 | 7400/PG 7 | ... | 333.059.208,74",,alta,,
2022 DDG 128 del 02-05-22.pdf,google/gemma-4-26b-a4b-it,off,,,Ministero delle infrastrutture e della mobilità sostenibili,,impegno,C81B21013200005,True,definitivo,,1,singolo,7400,1,,26486678.33,26486678.33,"26.486.678,33",totale,altro,assegnato,Totale,"[TABELLA pag.4 n.1], riga 5","| | 7400/PG 1 | | | | | | | | 4.414.446,39 | 4.414.446,39 | 4.414.446,39 | 4.414.446,39 | 4.414.446,39 | 4.414.446,38 | 26.486.678,33",,media,Il CUP è dedotto dalla riga precedente (Comune di Brescia) poiché la cella è vuota nella tabella.,
2022 DI Mims Mef 97 20.04.2022.pdf,google/gemma-4-26b-a4b-it,off,,,Ministero delle Infrastrutture e della Mobilità Sostenibili,Ministero dell'Economia e delle Finanze,assegnazione,B39J22001360001,True,definitivo,,1,singolo,7400,8,,398000000.0,398000000.0,"398.000.000,00",totale,assegnazione,assegnato,FINANZIAMENTO AMMESSO,"art. 1; Allegato 1 / [TABELLA pag.10 n.1], riga 1","SKYMETRO VAL BISAGNO GENOVA | B39J22001360001 | 398.000.000,00",,alta,,
2022 DI Mims Mef 97 20.04.2022.pdf,google/gemma-4-26b-a4b-it,off,,,Ministero delle Infrastrutture e della Mobilità Sostenibili,Ministero dell'Economia e delle Finanze,assegnazione,B31F20000030005,True,definitivo,,1,singolo,7400,8,,20860000.0,20860000.0,"20.860.000,00",totale,assegnazione,assegnato,FINANZIAMENTO AMMESSO,"art. 1; Allegato 1 / [TABELLA pag.10 n.1], riga 2","PROLUNGAMENTO METROPOLITANA DI GENOVA DA BRIN A CANEPARI... | B31F20000030005 | 20.860.000,00",,alta,,
2022 DI Mims Mef 97 20.04.2022.pdf,google/gemma-4-26b-a4b-it,off,,,Ministero delle Infrastrutture e della Mobilità Sostenibili,Ministero dell'Economia e delle Finanze,assegnazione,B44D20000040001,True,definitivo,,1,singolo,7400,8,,180000000.0,180000000.0,"180.000.000,00",totale,assegnazione,assegnato,FINANZIAMENTO AMMESSO,"art. 1; Allegato 1 / [TABELLA pag.10 n.1], riga 3","LINEA METROPOLITANA M1 PROLUNGAMENTO QUARTIERE BAGGIO... | B44D20000040001 | 180.000.000,00",,alta,,
2022 DI Mims Mef 97 20.04.2022.pdf,google/gemma-4-26b-a4b-it,off,,,Ministero delle Infrastrutture e della Mobilità Sostenibili,Ministero dell'Economia e delle Finanze,assegnazione,B91J21000040001,True,definitivo,,1,singolo,7400,8,,420000000.0,420000000.0,"420.000.000,00",totale,assegnazione,assegnato,FINANZIAMENTO AMMESSO,"art. 1; Allegato 1 / [TABELLA pag.10 n.1], riga 4","PROLUNGAMENTO LINEA METROPOLITANA M4 DA AEROPORTO LINATE A SEGRATE | B91J21000040001 | 420.000.000,00",,alta,,
2022 DI Mims Mef 97 20.04.2022.pdf,google/gemma-4-26b-a4b-it,off,,,Ministero delle Infrastrutture e della Mobilità Sostenibili,Ministero dell'Economia e delle Finanze,assegnazione,B41J21000050006,True,definitivo,,1,singolo,7400,8,,4500000.0,4500000.0,"4.500.000,00",totale,assegnazione,assegnato,FINANZIAMENTO AMMESSO,"art. 1; Allegato 1 / [TABELLA pag.10 n.1], riga 5","NUOVA LINEA METROPOLITANA M6 RAMO SUD (PFTE) | B41J21000050006 | 4.500.000,00",,alta,,
2022 DI Mims Mef 97 20.04.2022.pdf,google/gemma-4-26b-a4b-it,off,,,Ministero delle Infrastrutture e della Mobilità Sostenibili,Ministero dell'Economia e delle Finanze,assegnazione,B41C21000010001,True,definitivo,,1,singolo,7400,8,,5500000.0,5500000.0,"5.500.000,00",totale,assegnazione,assegnato,FINANZIAMENTO AMMESSO,"art. 1; Allegato 1 / [TABELLA pag.10 n.1], riga 6","PROLUNGAMENTO M3 SAN DONATO M. – ASTA PAULLESE (PFTE) | B41C21000010001 | 5.500.000,00",,alta,,
2022 DI Mims Mef 97 20.04.2022.pdf,google/gemma-4-26b-a4b-it,off,,,Ministero delle Infrastrutture e della Mobilità Sostenibili,Ministero dell'Economia e delle Finanze,assegnazione,F41B22000740009,True,definitivo,F41B22000740009,1,singolo,7400,8,,631373163.0,631373163.0,"631.373.163,00",totale,assegnazione,assegnato,FINANZIAMENTO AMMESSO,"art. 1; Allegato 1 / [TABELLA pag.10 n.1], riga 7","NUOVO COLLEGAMENTO... AFRAGOLA... | F41B22000740009 (CUP MASTER) | 631.373.163,00",,alta,,Il testo indica il codice come CUP MASTER per l'aggregazione dei lotti
2022 DI Mims Mef 97 20.04.2022.pdf,google/gemma-4-26b-a4b-it,off,,,Ministero delle Infrastrutture e della Mobilità Sostenibili,Ministero dell'Economia e delle Finanze,assegnazione,F41B22000830009,True,definitivo,F41B22000740009,1,singolo,7400,8,,163500824.0,163500824.0,"163.500.824,00",totale,assegnazione,assegnato,FINANZIAMENTO AMMESSO,"art. 1; Allegato 1 / [TABELLA pag.10 n.1], riga 8","NUOVO COLLEGAMENTO... AFRAGOLA... LOTTO 1°_STRALCIO II | F41B22000830009 | 163.500.824,00",,alta,,
2022 DI Mims Mef 97 20.04.2022.pdf,google/gemma-4-26b-a4b-it,off,,,Ministero delle Infrastrutture e della Mobilità Sostenibili,Ministero dell'Economia e delle Finanze,assegnazione,E51I04000010007,True,definitivo,,1,singolo,7400,8,,610000000.0,610000000.0,"610.000.000,00",totale,assegnazione,assegnato,FINANZIAMENTO AMMESSO,"art. 1; Allegato 1 / [TABELLA pag.10 n.1], riga 9","LINEA C DELLA METROPOLITANA DI ROMA - SUB-TRATTA... | E51I04000010007 | 610.000.000,00",,alta,,L'importo è riferito alla sub-tratta funzionale
2022 DI Mims Mef 97 20.04.2022.pdf,google/gemma-4-26b-a4b-it,off,,,Ministero delle Infrastrutture e della Mobilità Sostenibili,Ministero dell'Economia e delle Finanze,assegnazione,E51I04000010007,True,definitivo,,1,singolo,7400,8,,990000000.0,990000000.0,"990.000.000,00",totale,assegnazione,assegnato,FINANZIAMENTO AMMESSO,"art. 1; Allegato 1 / [TABELLA pag.10 n.1], riga 10","LINEA C DELLA METROPOLITANA DI ROMA - TRATTA T2... | E51I04000010007 | 990.000.000,00",,alta,,
2022 DI Mims Mef 97 20.04.2022.pdf,google/gemma-4-26b-a4b-it,off,,,Ministero delle Infrastrutture e della Mobilità Sostenibili,Ministero dell'Economia e delle Finanze,assegnazione,C71F20000020005,True,definitivo,,1,singolo,7400,8,,1000000000.0,1000000000.0,"1.000.000.000,00",totale,assegnazione,assegnato,FINANZIAMENTO AMMESSO,"art. 1; Allegato 1 / [TABELLA pag.10 n.1], riga 11","METROPOLITANA AUTOMATICA DI TORINO... | C71F20000020005 | 1.000.000.000,00",,alta,,
2022 DI Mims Mef 97 20.04.2022.pdf,google/gemma-4-26b-a4b-it,off,,,Ministero delle Infrastrutture e della Mobilità Sostenibili,Ministero dell'Economia e delle Finanze,assegnazione,J81B21014060001,True,definitivo,,1,singolo,7400,1,,173183831.97,173183831.97,"173.183.831,97",totale,assegnazione,assegnato,FINANZIAMENTO AMMESSO,"art. 1; Allegato 2 / [TABELLA pag.12 n.1], riga 1","LINEA TRANVIARIA TERMINI - VATICANO - AURELIO | J81B21014060001 | 173.183.831,97",,alta,,
2022 DI Mims Mef 97 20.04.2022.pdf,google/gemma-4-26b-a4b-it,off,,,Ministero delle Infrastrutture e della Mobilità Sostenibili,Ministero dell'Economia e delle Finanze,assegnazione,J84E21005150001,True,definitivo,,1,singolo,7400,1,,11284217.84,11284217.84,"11.284.217,84",totale,assegnazione,assegnato,FINANZIAMENTO AMMESSO,"art. 1; Allegato 2 / [TABELLA pag.12 n.1], riga 2","DEPOSITO DI CENTOCELLE EST | J84E21005150001 | 11.284.217,84",,alta,,
2022 DI Mims Mef 97 20.04.2022.pdf,google/gemma-4-26b-a4b-it,off,,,Ministero delle Infrastrutture e della Mobilità Sostenibili,Ministero dell'Economia e delle Finanze,assegnazione,E31J19000030001,True,definitivo,,1,singolo,7400,1,,26500000.0,26500000.0,"26.500.000,00",totale,assegnazione,assegnato,FINANZIAMENTO AMMESSO,"art. 1; Allegato 2 / [TABELLA pag.12 n.1], riga 3","SISTEMA DI TRASPORTO RAPIDO DI MASSA... PIACENZA | E31J19000030001 | 26.500.000,00",,alta,,
2022 DI Mims Mef 97 20.04.2022.pdf,google/gemma-4-26b-a4b-it,off,,,Ministero delle Infrastrutture e della Mobilità Sostenibili,Ministero dell'Economia e delle Finanze,assegnazione,F44I19000530001,True,definitivo,,1,singolo,7400,1,,122200000.0,122200000.0,"122.200.000,00",totale,assegnazione,assegnato,FINANZIAMENTO AMMESSO,"art. 1; Allegato 2 / [TABELLA pag.12 n.1], riga 4","AMPLIAMENTO DEL DEPOSITO GALLARATESE... MILANO | F44I19000530001 | 122.200.000,00",,alta,,
2022 DI Mims Mef 97 20.04.2022.pdf,google/gemma-4-26b-a4b-it,off,,,Ministero delle Infrastrutture e della Mobilità Sostenibili,Ministero dell'Economia e delle Finanze,assegnazione,C11J22000000001,True,definitivo,,1,singolo,7400,1,,221721410.41,221721410.41,"221.721.410,41",totale,assegnazione,ammesso,FINANZIAMENTO AMMESSO,"art. 2; Allegato 3 / [TABELLA pag.13 n.1], riga 1","PROLUNGAMENTO LINEA TRANVIARIA 12... TORINO | C11J22000000001 | 221.721.410,41",,alta,,Intervento in graduatoria (ammissibile)
2022 DI Mims Mef 97 20.04.2022.pdf,google/gemma-4-26b-a4b-it,off,,,Ministero delle Infrastrutture e della Mobilità Sostenibili,Ministero dell'Economia e delle Finanze,assegnazione,F47C19000370001,True,definitivo,,4,aggregato,7400,1,,20900000.02,5225000.005,"20.900.000,02",totale,assegnazione,ammesso,FINANZIAMENTO AMMESSO,"art. 2; Allegato 3 / [TABELLA pag.13 n.1], riga 2","METROPOLITANA LINEA M3... | F47C19000370001 F47D17000140005 F47C19000380001 F47C19000390001 | 20.900.000,02",,alta,,Importo aggregato per più CUP
2022 DI Mims Mef 97 20.04.2022.pdf,google/gemma-4-26b-a4b-it,off,,,Ministero delle Infrastrutture e della Mobilità Sostenibili,Ministero dell'Economia e delle Finanze,assegnazione,F47D17000140005,True,definitivo,,4,aggregato,7400,1,,20900000.02,5225000.005,"20.900.000,02",totale,assegnazione,ammesso,FINANZIAMENTO AMMESSO,"art. 2; Allegato 3 / [TABELLA pag.13 n.1], riga 2","METROPOLITANA LINEA M3... | F47C19000370001 F47D17000140005 F47C19000380001 F47C19000390001 | 20.900.000,02",,alta,,Importo aggregato per più CUP
2022 DI Mims Mef 97 20.04.2022.pdf,google/gemma-4-26b-a4b-it,off,,,Ministero delle Infrastrutture e della Mobilità Sostenibili,Ministero dell'Economia e delle Finanze,assegnazione,F47C19000380001,True,definitivo,,4,aggregato,7400,1,,20900000.02,5225000.005,"20.900.000,02",totale,assegnazione,ammesso,FINANZIAMENTO AMMESSO,"art. 2; Allegato 3 / [TABELLA pag.13 n.1], riga 2","METROPOLITANA LINEA M3... | F47C19000370001 F47D17000140005 F47C19000380001 F47C19000390001 | 20.900.000,02",,alta,,Importo aggregato per più CUP
2022 DI Mims Mef 97 20.04.2022.pdf,google/gemma-4-26b-a4b-it,off,,,Ministero delle Infrastrutture e della Mobilità Sostenibili,Ministero dell'Economia e delle Finanze,assegnazione,F47C19000390001,True,definitivo,,4,aggregato,7400,1,,20900000.02,5225000.005,"20.900.000,02",totale,assegnazione,ammesso,FINANZIAMENTO AMMESSO,"art. 2; Allegato 3 / [TABELLA pag.13 n.1], riga 2","METROPOLITANA LINEA M3... | F47C19000370001 F47D17000140005 F47C19000380001 F47C19000390001 | 20.900.000,02",,alta,,Importo aggregato per più CUP
2022 DI Mims Mef 97 20.04.2022.pdf,google/gemma-4-26b-a4b-it,off,,,Ministero delle Infrastrutture e della Mobilità Sostenibili,Ministero dell'Economia e delle Finanze,assegnazione,F47C19000350001,True,definitivo,,2,aggregato,7400,1,,45000000.07,22500000.035,"45.000.000,07",totale,assegnazione,ammesso,FINANZIAMENTO AMMESSO,"art. 2; Allegato 3 / [TABELLA pag.13 n.1], riga 3","METROPOLITANA LINEE M1 + M2... | F47C19000350001 O F47C19000360001 | 45.000.000,07",,alta,,Importo aggregato per più CUP
2022 DI Mims Mef 97 20.04.2022.pdf,google/gemma-4-26b-a4b-it,off,,,Ministero delle Infrastrutture e della Mobilità Sostenibili,Ministero dell'Economia e delle Finanze,assegnazione,F47C19000360001,True,definitivo,,2,aggregato,7400,1,,45000000.07,22500000.035,"45.000.000,07",totale,assegnazione,ammesso,FINANZIAMENTO AMMESSO,"art. 2; Allegato 3 / [TABELLA pag.13 n.1], riga 3","METROPOLITANA LINEE M1 + M2... | F47C19000350001 O F47C19000360001 | 45.000.000,07",,alta,,Importo aggregato per più CUP
2022 DI Mims Mef 97 20.04.2022.pdf,google/gemma-4-26b-a4b-it,off,,,Ministero delle Infrastrutture e della Mobilità Sostenibili,Ministero dell'Economia e delle Finanze,assegnazione,B34J18000220001,True,definitivo,,2,aggregato,7400,1,,74516124.63,37258062.315,"74.516.124,63",totale,assegnazione,ammesso,FINANZIAMENTO AMMESSO,"art. 2; Allegato 3 / [TABELLA pag.13 n.1], riga 4","LINEA METROPOLITANA: PROLUNGAMENTO A RIVAROLO... | B34J18000220001 B34J18000230001 | 74.516.124,63",,alta,,Importo aggregato per due CUP
2022 DI Mims Mef 97 20.04.2022.pdf,google/gemma-4-26b-a4b-it,off,,,Ministero delle Infrastrutture e della Mobilità Sostenibili,Ministero dell'Economia e delle Finanze,assegnazione,B34J18000230001,True,definitivo,,2,aggregato,7400,1,,74516124.63,37258062.315,"74.516.124,63",totale,assegnazione,ammesso,FINANZIAMENTO AMMESSO,"art. 2; Allegato 3 / [TABELLA pag.13 n.1], riga 4","LINEA METROPOLITANA: PROLUNGAMENTO A RIVAROLO... | B34J18000220001 B34J18000230001 | 74.516.124,63",,alta,,Importo aggregato per due CUP
2023 DM MIT 342-2023.pdf,google/gemma-4-26b-a4b-it,off,,,Ministero delle infrastrutture e dei trasporti,,rettifica,H49J21005480003,True,definitivo,,1,singolo,7150,3,2033,217585.0,217585.0,"217.585,00",totale,assegnazione,assegnato,,"art. 1; Allegato 3 / [TABELLA pag.11 n.2], riga 13","assegna, per l’annualità 2033, alla Regione Veneto risorse pari a 217.585 euro, in luogo dei precedenti 117.585 euro",,media,"Il CUP non è esplicitamente associato al testo dell'Art. 1, ma l'Allegato 3 (che l'Art. 1 rettifica) lo associa alla riga relativa alla Regione Veneto per l'annualità 2033.","Rettifica del valore precedente di 117.585,00 euro."
2023 DM MIT 342-2023.pdf,google/gemma-4-26b-a4b-it,off,,,Ministero delle infrastrutture e dei trasporti,,rettifica,H49J21005480003,True,definitivo,,1,singolo,7150,3,2032,125266.0,125266.0,"125.266,00",totale,assegnazione,assegnato,,"art. 1; Allegato 3 / [TABELLA pag.11 n.2], riga 13","assegna alla Regione Veneto risorse pari a 125.266 euro, in luogo dei precedenti 125.268 euro",,media,"Il CUP non è esplicitamente associato al testo dell'Art. 1, ma l'Allegato 3 (che l'Art. 1 rettifica) lo associa alla riga relativa alla Regione Veneto per l'annualità 2032.","Rettifica del valore precedente di 125.268,00 euro."
2023 DM MIT 342-2023.pdf,google/gemma-4-26b-a4b-it,off,,,Ministero delle infrastrutture e dei trasporti,,rettifica,C75B23000000001,True,definitivo,,1,singolo,7150,3,2033,690994.0,690994.0,"690.994,00",totale,assegnazione,assegnato,,"art. 1; Allegato 3 / [TABELLA pag.11 n.2], riga 13","alla Regione Emilia Romagna risorse pari a 690.994 euro, in luogo dei precedenti 790.994 euro",,media,"Il CUP non è esplicitamente associato al testo dell'Art. 1, ma l'Allegato 3 (che l'Art. 1 rettifica) lo associa alla riga relativa alla Regione Emilia Romagna per l'annualità 2033.","Rettifica del valore precedente di 790.994,00 euro."
2023 DM MIT 342-2023.pdf,google/gemma-4-26b-a4b-it,off,,,Ministero delle infrastrutture e dei trasporti,,rettifica,C75B23000000001,True,definitivo,,1,singolo,7150,3,2032,842682.0,842682.0,"842.682,00",totale,assegnazione,assegnato,,"art. 1; Allegato 3 / [TABELLA pag.11 n.2], riga 13","alla Regione Emilia Romagna risorse pari a 842.682 euro, in luogo dei precedenti 842.680 euro",,media,"Il CUP non è esplicitamente associato al testo dell'Art. 1, ma l'Allegato 3 (che l'Art. 1 rettifica) lo associa alla riga relativa alla Regione Emilia Romagna per l'annualità 2032.","Rettifica del valore precedente di 842.680,00 euro."
2023 DM MIT 342-2023.pdf,google/gemma-4-26b-a4b-it,off,,,Ministero delle infrastrutture e dei trasporti,,rettifica,C75B23000000001,True,definitivo,,1,singolo,7150,3,2032,1512215.0,1512215.0,"1.512.215,00",totale,assegnazione,assegnato,TOTALE SICUREZZA,"Allegato 3 / [TABELLA pag.11 n.1], riga 1",totale sic. 55.762.215 1 0 0 0 1.512.215 0 0 0 2.400.000 0 9.400.000 30.000.000 7.200.000 0 0 0 3.500.000 1.750.000,,alta,,"Importo totale per la sicurezza riferito al CUP C75B23000000001 (identificato nel preambolo come errore materiale per Veneto/Emilia Romagna, ma l'Allegato 3 lo riporta come totale sicurezza)."
2025 DD MIT 141-2025.pdf,google/gemma-4-26b-a4b-it,off,,2025-03-10,Ministero delle infrastrutture e dei trasporti,,attuazione,E51I04000010007,True,definitivo,,1,singolo,7426,1,,145000000.0,145000000.0,"€ 145.000.000,00",totale,assegnazione,impegnato,,art. 2,"per € 145.000.000,00 nelle risorse stanziate dall’articolo 3, comma 1, del decreto-legge 12 settembre 2014... impegnate con decreto dirigenziale n. 454 del 22 dicembre 2022 sul pertinente capitolo di bilancio n. 7426-piano di gestione 1",,alta,,Risorse impegnate con d.dir. 454/2022
2025 DD MIT 141-2025.pdf,google/gemma-4-26b-a4b-it,off,,2025-03-10,Ministero delle infrastrutture e dei trasporti,,attuazione,E51I04000010007,True,definitivo,,1,singolo,7400,1,2022-2035,113733987.0,113733987.0,"€ 113.733.987,00",totale,assegnazione,impegnato,,art. 2,"per € 113.733.987,00 dal 2022 al 2035: piano gestionale 1",,alta,,Risorse impegnate con d.dir. 419/2022
2025 DD MIT 141-2025.pdf,google/gemma-4-26b-a4b-it,off,,2025-03-10,Ministero delle infrastrutture e dei trasporti,,attuazione,E51I04000010007,True,definitivo,,1,singolo,7400,8,2022-2036,1486266013.0,1486266013.0,"€ 1.486.266.013,00",totale,assegnazione,impegnato,,art. 2,"piano gestionale 8: € 1.486.266.013,00 dal 2022 al 2036",,alta,,Risorse impegnate con d.dir. 419/2022
2025 DD MIT 141-2025.pdf,google/gemma-4-26b-a4b-it,off,,2025-03-10,Ministero delle infrastrutture e dei trasporti,,attuazione,E51I04000010007,True,definitivo,,1,singolo,7419,2,2023-2032,2125000000.0,2125000000.0,"€ 2.125.000.000,00",totale,impegno,impegnato,,art. 3,"È autorizzato l’impegno delle risorse... sul capitolo 7419, piano gestionale 2... per la somma complessiva di € 2.125.000.000,00",,alta,,L'impegno è ripartito in quote annuali (2024-2032) come da tabella
2025 DD MIT 141-2025.pdf,google/gemma-4-26b-a4b-it,off,,2025-03-10,Ministero delle infrastrutture e dei trasporti,,attuazione,E51I04000010007,True,definitivo,,1,singolo,7416,1,2027-2028,75000000.0,75000000.0,"€ 75.000.000,00",totale,impegno,impegnato,,art. 4,"È autorizzato l’impegno delle risorse... sul capitolo 7416 piano gestionale 1... per la somma complessiva di € 75.000.000,00",,alta,,Ripartizione: 50 mln per il 2027 e 25 mln per il 2028
2022 DD MIT 454-2022.pdf,google/gemma-4-31b-it,off,,,Ministero delle infrastrutture e dei trasporti,,impegno,E51I04000010007,True,definitivo,,1,singolo,7426,1,2021,14000000.0,14000000.0,"€ 14.000.000,00",totale,impegno,impegnato,,Articolo 1,"a favore di Roma Capitale per l’intervento ""Tratta Colosseo - Piazza Venezia della Linea C della metropolitana di Roma” CUP E51I04000010007, l’impegno di € 14.000.000,00",DM MIT MEF n. 498 del 14 novembre 2014,alta,,"Impegno in conto residui di lettera F, esercizio di provenienza 2021"
2022 DD MIT 454-2022.pdf,google/gemma-4-31b-it,off,,,Ministero delle infrastrutture e dei trasporti,,impegno,E51I04000010007,True,definitivo,,1,singolo,7426,1,2022-2025,131000000.0,131000000.0,"€ 131.000.000,00",totale,impegno,impegnato,Totale,"Articolo 2; [TABELLA pag.3 n.1], riga 5","per l’importo complessivo di € 131.000.000,00 a favore di Roma Capitale, per l’intervento ""Tratta Colosseo - Piazza Venezia della Linea C della metropolitana di Roma” CUP E51I04000010007",DM MIT MEF n. 498 del 14 novembre 2014,alta,,
2022 DDG 128 del 02-05-22.pdf,google/gemma-4-31b-it,off,,,Ministero delle infrastrutture e della mobilità sostenibili,,impegno,H94I19000130004,True,definitivo,,1,singolo,7400,7,2020-2034,97154124.1,97154124.1,"97.154.124,10",totale,impegno,impegnato,Totale,"art. 2; [TABELLA pag.4 n.1], riga 1","Comune di Padova | H94I19000130004 | 7400/PG 7 | ... | 97.154.124,10",Decreto del Ministro delle infrastrutture e della mobilità sostenibili n. 464 del 22 novembre 2021,alta,,
2022 DDG 128 del 02-05-22.pdf,google/gemma-4-31b-it,off,,,Ministero delle infrastrutture e della mobilità sostenibili,,impegno,J80J18000000001,True,definitivo,,1,singolo,7400,7,2020-2034,159466174.12,159466174.12,"159.466.174,12",totale,impegno,impegnato,Totale,"art. 2; [TABELLA pag.4 n.1], riga 2","Roma Capitale | J80J18000000001 | 7400/PG 7 | ... | 159.466.174,12",Decreto del Ministro delle infrastrutture e della mobilità sostenibili n. 464 del 22 novembre 2021,alta,,
2022 DDG 128 del 02-05-22.pdf,google/gemma-4-31b-it,off,,,Ministero delle infrastrutture e della mobilità sostenibili,,impegno,C11B21008720001,True,definitivo,,2,aggregato,7400,7,2020-2034,44494493.04,22247246.52,"44.494.493,04",totale,impegno,impegnato,Totale,"art. 2; [TABELLA pag.4 n.1], riga 3","Comune di Torino | C11B21008720001 D81E20000410007 | 7400/PG 7 | ... | 44.494.493,04",Decreto del Ministro delle infrastrutture e della mobilità sostenibili n. 464 del 22 novembre 2021,alta,,Importo aggregato per due CUP
2022 DDG 128 del 02-05-22.pdf,google/gemma-4-31b-it,off,,,Ministero delle infrastrutture e della mobilità sostenibili,,impegno,D81E20000410007,True,definitivo,,2,aggregato,7400,7,2020-2034,44494493.04,22247246.52,"44.494.493,04",totale,impegno,impegnato,Totale,"art. 2; [TABELLA pag.4 n.1], riga 3","Comune di Torino | C11B21008720001 D81E20000410007 | 7400/PG 7 | ... | 44.494.493,04",Decreto del Ministro delle infrastrutture e della mobilità sostenibili n. 464 del 22 novembre 2021,alta,,Importo aggregato per due CUP
2022 DDG 128 del 02-05-22.pdf,google/gemma-4-31b-it,off,,,Ministero delle infrastrutture e della mobilità sostenibili,,impegno,C81B21013200005,True,definitivo,,1,singolo,7400,7,2020-2034,333059208.74,333059208.74,"333.059.208,74",totale,impegno,impegnato,Totale,"art. 2; [TABELLA pag.4 n.1], riga 4","Comune di Brescia | C81B21013200005 | 7400/PG 7 | ... | 333.059.208,74",Decreto del Ministro delle infrastrutture e della mobilità sostenibili n. 464 del 22 novembre 2021,alta,,
2022 DDG 128 del 02-05-22.pdf,google/gemma-4-31b-it,off,,,Ministero delle infrastrutture e della mobilità sostenibili,,impegno,C81B21013200005,True,definitivo,,1,singolo,7400,1,2029-2034,26486678.33,26486678.33,"26.486.678,33",totale,impegno,impegnato,Totale,"art. 3; [TABELLA pag.4 n.1], riga 5","Comune di Brescia | C81B21013200005 | 7400/PG 1 | ... | 26.486.678,33",Decreto del Ministro delle infrastrutture e della mobilità sostenibili n. 464 del 22 novembre 2021,alta,,
2022 DI Mims Mef 97 20.04.2022.pdf,google/gemma-4-31b-it,off,,,Ministero delle Infrastrutture e della Mobilità Sostenibili,Ministero dell'Economia e delle Finanze,assegnazione,B39J22001360001,True,definitivo,,1,singolo,7400,8,,398000000.0,398000000.0,"398.000.000,00",totale,assegnazione,assegnato,FINANZIAMENTO AMMESSO,"art. 1 comma 1 lett. a); Allegato 1 / [TABELLA pag.10 n.1], riga 1","SKYMETRO VAL BISAGNO GENOVA | B39J22001360001 | 398.000.000,00",,alta,,
2022 DI Mims Mef 97 20.04.2022.pdf,google/gemma-4-31b-it,off,,,Ministero delle Infrastrutture e della Mobilità Sostenibili,Ministero dell'Economia e delle Finanze,assegnazione,B31F20000030005,True,definitivo,,1,singolo,7400,8,,20860000.0,20860000.0,"20.860.000,00",totale,assegnazione,assegnato,FINANZIAMENTO AMMESSO,"art. 1 comma 1 lett. a); Allegato 1 / [TABELLA pag.10 n.1], riga 2","PROLUNGAMENTO METROPOLITANA DI GENOVA DA BRIN A CANEPARI... | B31F20000030005 | 20.860.000,00",,alta,,
2022 DI Mims Mef 97 20.04.2022.pdf,google/gemma-4-31b-it,off,,,Ministero delle Infrastrutture e della Mobilità Sostenibili,Ministero dell'Economia e delle Finanze,assegnazione,B44D20000040001,True,definitivo,,1,singolo,7400,8,,180000000.0,180000000.0,"180.000.000,00",totale,assegnazione,assegnato,FINANZIAMENTO AMMESSO,"art. 1 comma 1 lett. a); Allegato 1 / [TABELLA pag.10 n.1], riga 3","LINEA METROPOLITANA M1 PROLUNGAMENTO QUARTIERE BAGGIO – OLMI - VALSESIA | B44D20000040001 | 180.000.000,00",,alta,,
2022 DI Mims Mef 97 20.04.2022.pdf,google/gemma-4-31b-it,off,,,Ministero delle Infrastrutture e della Mobilità Sostenibili,Ministero dell'Economia e delle Finanze,assegnazione,B91J21000040001,True,definitivo,,1,singolo,7400,8,,420000000.0,420000000.0,"420.000.000,00",totale,assegnazione,assegnato,FINANZIAMENTO AMMESSO,"art. 1 comma 1 lett. a); Allegato 1 / [TABELLA pag.10 n.1], riga 4","PROLUNGAMENTO LINEA METROPOLITANA M4 DA AEROPORTO LINATE A SEGRATE | B91J21000040001 | 420.000.000,00",,alta,,
2022 DI Mims Mef 97 20.04.2022.pdf,google/gemma-4-31b-it,off,,,Ministero delle Infrastrutture e della Mobilità Sostenibili,Ministero dell'Economia e delle Finanze,assegnazione,B41J21000050006,True,definitivo,,1,singolo,7400,8,,4500000.0,4500000.0,"4.500.000,00",totale,assegnazione,assegnato,FINANZIAMENTO AMMESSO,"art. 1 comma 1 lett. a); Allegato 1 / [TABELLA pag.10 n.1], riga 5","NUOVA LINEA METROPOLITANA M6 RAMO SUD (PFTE) | B41J21000050006 | 4.500.000,00",,alta,,
2022 DI Mims Mef 97 20.04.2022.pdf,google/gemma-4-31b-it,off,,,Ministero delle Infrastrutture e della Mobilità Sostenibili,Ministero dell'Economia e delle Finanze,assegnazione,B41C21000010001,True,definitivo,,1,singolo,7400,8,,5500000.0,5500000.0,"5.500.000,00",totale,assegnazione,assegnato,FINANZIAMENTO AMMESSO,"art. 1 comma 1 lett. a); Allegato 1 / [TABELLA pag.10 n.1], riga 6","PROLUNGAMENTO M3 SAN DONATO M. – ASTA PAULLESE (PFTE) | B41C21000010001 | 5.500.000,00",,alta,,
2022 DI Mims Mef 97 20.04.2022.pdf,google/gemma-4-31b-it,off,,,Ministero delle Infrastrutture e della Mobilità Sostenibili,Ministero dell'Economia e delle Finanze,assegnazione,F41B22000830009,True,definitivo,F41B22000740009,1,singolo,7400,8,,163500824.0,163500824.0,"163.500.824,00",totale,assegnazione,assegnato,FINANZIAMENTO AMMESSO,"art. 1 comma 1 lett. a); Allegato 1 / [TABELLA pag.10 n.1], riga 8","NUOVO COLLEGAMENTO... LOTTO 1°_STRALCIO II | F41B22000830009 | 163.500.824,00",,alta,,
2022 DI Mims Mef 97 20.04.2022.pdf,google/gemma-4-31b-it,off,,,Ministero delle Infrastrutture e della Mobilità Sostenibili,Ministero dell'Economia e delle Finanze,assegnazione,F41B22000740009,True,definitivo,F41B22000740009,1,singolo,7400,8,,631373163.0,631373163.0,"631.373.163,00",totale,assegnazione,assegnato,FINANZIAMENTO AMMESSO,"art. 1 comma 1 lett. a); Allegato 1 / [TABELLA pag.10 n.1], riga 7","NUOVO COLLEGAMENTO... LOTTO 1°_STRALCIO I | F41B22000740009 (CUP MASTER) | 631.373.163,00",,alta,,
2022 DI Mims Mef 97 20.04.2022.pdf,google/gemma-4-31b-it,off,,,Ministero delle Infrastrutture e della Mobilità Sostenibili,Ministero dell'Economia e delle Finanze,assegnazione,E51I04000010007,True,definitivo,,1,singolo,7400,8,,610000000.0,610000000.0,"610.000.000,00",totale,assegnazione,assegnato,FINANZIAMENTO AMMESSO,"art. 1 comma 1 lett. a); Allegato 1 / [TABELLA pag.10 n.1], riga 9","LINEA C... SUB-TRATTA FUNZIONALE DA STAZIONE VENEZIA A STAZIONE FORI IMPERIALI | E51I04000010007 | 610.000.000,00",,alta,,
2022 DI Mims Mef 97 20.04.2022.pdf,google/gemma-4-31b-it,off,,,Ministero delle Infrastrutture e della Mobilità Sostenibili,Ministero dell'Economia e delle Finanze,assegnazione,E51I04000010007,True,definitivo,,1,singolo,7400,8,,990000000.0,990000000.0,"990.000.000,00",totale,assegnazione,assegnato,FINANZIAMENTO AMMESSO,"art. 1 comma 1 lett. a); Allegato 1 / [TABELLA pag.10 n.1], riga 10","LINEA C... TRATTA T2 - LOTTO COSTRUTTIVO | E51I04000010007 | 990.000.000,00",,alta,,
2022 DI Mims Mef 97 20.04.2022.pdf,google/gemma-4-31b-it,off,,,Ministero delle Infrastrutture e della Mobilità Sostenibili,Ministero dell'Economia e delle Finanze,assegnazione,C71F20000020005,True,definitivo,,1,singolo,7400,8,,1000000000.0,1000000000.0,"1.000.000.000,00",totale,assegnazione,assegnato,FINANZIAMENTO AMMESSO,"art. 1 comma 1 lett. a); Allegato 1 / [TABELLA pag.10 n.1], riga 11","METROPOLITANA AUTOMATICA DI TORINO – LINEA 2 – TRATTA “POLITECNICO – REBAUDENGO” | C71F20000020005 | 1.000.000.000,00",,alta,,
2022 DI Mims Mef 97 20.04.2022.pdf,google/gemma-4-31b-it,off,,,Ministero delle Infrastrutture e della Mobilità Sostenibili,Ministero dell'Economia e delle Finanze,assegnazione,J81B21014060001,True,definitivo,,1,singolo,7400,1,,173183831.97,173183831.97,"173.183.831,97",totale,assegnazione,assegnato,FINANZIAMENTO AMMESSO,"art. 1 comma 1 lett. b); Allegato 2 / [TABELLA pag.12 n.1], riga 1","LINEA TRANVIARIA TERMINI - VATICANO - AURELIO | J81B21014060001 | 173.183.831,97",,alta,,
2022 DI Mims Mef 97 20.04.2022.pdf,google/gemma-4-31b-it,off,,,Ministero delle Infrastrutture e della Mobilità Sostenibili,Ministero dell'Economia e delle Finanze,assegnazione,J84E21005150001,True,definitivo,,1,singolo,7400,1,,11284217.84,11284217.84,"11.284.217,84",totale,assegnazione,assegnato,FINANZIAMENTO AMMESSO,"art. 1 comma 1 lett. b); Allegato 2 / [TABELLA pag.12 n.1], riga 2","DEPOSITO DI CENTOCELLE EST | J84E21005150001 | 11.284.217,84",,alta,,
2022 DI Mims Mef 97 20.04.2022.pdf,google/gemma-4-31b-it,off,,,Ministero delle Infrastrutture e della Mobilità Sostenibili,Ministero dell'Economia e delle Finanze,assegnazione,E31J19000030001,True,definitivo,,1,singolo,7400,1,,26500000.0,26500000.0,"26.500.000,00",totale,assegnazione,assegnato,FINANZIAMENTO AMMESSO,"art. 1 comma 1 lett. b); Allegato 2 / [TABELLA pag.12 n.1], riga 3","SISTEMA DI TRASPORTO RAPIDO DI MASSA... PIACENZA | E31J19000030001 | 26.500.000,00",,alta,,
2022 DI Mims Mef 97 20.04.2022.pdf,google/gemma-4-31b-it,off,,,Ministero delle Infrastrutture e della Mobilità Sostenibili,Ministero dell'Economia e delle Finanze,assegnazione,F44I19000530001,True,definitivo,,1,singolo,7400,1,,122200000.0,122200000.0,"122.200.000,00",totale,assegnazione,assegnato,FINANZIAMENTO AMMESSO,"art. 1 comma 1 lett. b); Allegato 2 / [TABELLA pag.12 n.1], riga 4","AMPLIAMENTO DEL DEPOSITO GALLARATESE... | F44I19000530001 | 122.200.000,00",,alta,,
2023 DM MIT 342-2023.pdf,google/gemma-4-31b-it,off,,,Ministero delle Infrastrutture e dei Trasporti,,rettifica,,False,,,0,singolo,,,2033,217585.0,217585.0,217.585 euro,totale,assegnazione,assegnato,,"art. 1, comma 1","assegna, per l’annualità 2033, alla Regione Veneto risorse pari a 217.585 euro, in luogo dei precedenti 117.585 euro","DM 23 settembre 2021, n. 364",alta,,Rettifica per errore materiale; valore precedente 117.585 euro
2023 DM MIT 342-2023.pdf,google/gemma-4-31b-it,off,,,Ministero delle Infrastrutture e dei Trasporti,,rettifica,,False,,,0,singolo,,,2033,690994.0,690994.0,690.994 euro,totale,assegnazione,assegnato,,"art. 1, comma 1","alla Regione Emilia Romagna risorse pari a 690.994 euro, in luogo dei precedenti 790.994 euro","DM 23 settembre 2021, n. 364",alta,,Rettifica per errore materiale; valore precedente 790.994 euro
2023 DM MIT 342-2023.pdf,google/gemma-4-31b-it,off,,,Ministero delle Infrastrutture e dei Trasporti,,rettifica,,False,,,0,singolo,,,2032,125266.0,125266.0,125.266 euro,totale,assegnazione,assegnato,,"art. 1, comma 1","per l’annualità 2032, assegna alla Regione Veneto risorse pari a 125.266 euro, in luogo dei precedenti 125.268 euro","DM 23 settembre 2021, n. 364",alta,,Rettifica per errore materiale; valore precedente 125.268 euro
2023 DM MIT 342-2023.pdf,google/gemma-4-31b-it,off,,,Ministero delle Infrastrutture e dei Trasporti,,rettifica,,False,,,0,singolo,,,2032,842682.0,842682.0,842.682 euro,totale,assegnazione,assegnato,,"art. 1, comma 1","alla Regione Emilia Romagna risorse pari a 842.682 euro, in luogo dei precedenti 842.680 euro","DM 23 settembre 2021, n. 364",alta,,Rettifica per errore materiale; valore precedente 842.680 euro
2023 DM MIT 342-2023.pdf,google/gemma-4-31b-it,off,,,Ministero delle Infrastrutture e dei Trasporti,,rettifica,H49J21005480003,True,definitivo,,1,singolo,7150,3,,256450.0,256450.0,"256.450,00",totale,rimodulazione,rimodulato,IMPORTO TOTALE,"Allegato 1 / [TABELLA pag.4 n.1], riga 10","256.450,00 | 0,00 | 256.450,00 | 256.450,00 | H49J21005480003","DM 23 settembre 2021, n. 364",alta,,"Importo aggregato per vari interscambi (Casella, Manin, Campi, Busalletta, Sant'Olcese, Vicomorasso, Torrazza, Canova)"
2023 DM MIT 342-2023.pdf,google/gemma-4-31b-it,off,,,Ministero delle Infrastrutture e dei Trasporti,,rettifica,C75B23000000001,True,definitivo,,1,singolo,7150,3,,10543255.0,10543255.0,"10.543.255,00",totale,rimodulazione,rimodulato,IMPORTO TOTALE,"Allegato 1 / [TABELLA pag.4 n.1], riga 11","10.543.255,00 | 0,00 | 10.543.255,00 | C75B23000000001","DM 23 settembre 2021, n. 364",alta,,
2023 DM MIT 342-2023.pdf,google/gemma-4-31b-it,off,,,Ministero delle Infrastrutture e dei Trasporti,,rettifica,C71G22000090001,True,definitivo,,1,singolo,7150,3,,7000000.0,7000000.0,"7.000.000,00",totale,rimodulazione,rimodulato,IMPORTO TOTALE,"Allegato 1 / [TABELLA pag.4 n.1], riga 12","7.000.000,00 | 0,00 | 7.000.000,00 | C71G22000090001","DM 23 settembre 2021, n. 364",alta,,
2023 DM MIT 342-2023.pdf,google/gemma-4-31b-it,off,,,Ministero delle Infrastrutture e dei Trasporti,,rettifica,E51B21002250001,True,definitivo,,1,singolo,7150,3,,20000000.0,20000000.0,"20.000.000,00",totale,rimodulazione,rimodulato,IMPORTO TOTALE,"Allegato 1 / [TABELLA pag.4 n.1], riga 13","20.000.000,00 | 0,00 | 20.000.000,00 | E51B21002250001","DM 23 settembre 2021, n. 364",alta,,
2023 DM MIT 342-2023.pdf,google/gemma-4-31b-it,off,,,Ministero delle Infrastrutture e dei Trasporti,,rettifica,B41E04000210001,True,definitivo,,1,singolo,7150,3,,50000000.0,50000000.0,"50.000.000,00",totale,rimodulazione,rimodulato,IMPORTO AMMASSO A FINANZIAMENTO SUD,"Allegato 1 / [TABELLA pag.5 n.1], riga 1","50.000.000,00 | B41E04000210001","DM 23 settembre 2021, n. 364",alta,,
2023 DM MIT 342-2023.pdf,google/gemma-4-31b-it,off,,,Ministero delle Infrastrutture e dei Trasporti,,rettifica,F61B21003640009,True,definitivo,,1,singolo,7150,3,,30000000.0,30000000.0,"30.000.000,00",totale,rimodulazione,rimodulato,IMPORTO AMMASSO A FINANZIAMENTO SUD,"Allegato 1 / [TABELLA pag.5 n.1], riga 2","30.000.000,00 | F61B21003640009","DM 23 settembre 2021, n. 364",alta,,
2023 DM MIT 342-2023.pdf,google/gemma-4-31b-it,off,,,Ministero delle Infrastrutture e dei Trasporti,,rettifica,G31G22000250001,True,definitivo,,1,singolo,7150,3,,2800000.0,2800000.0,"2.800.000,00",totale,rimodulazione,rimodulato,IMPORTO AMMASSO A FINANZIAMENTO SUD,"Allegato 1 / [TABELLA pag.5 n.1], riga 3","2.800.000,00 | G31G22000250001","DM 23 settembre 2021, n. 364",alta,,
2023 DM MIT 342-2023.pdf,google/gemma-4-31b-it,off,,,Ministero delle Infrastrutture e dei Trasporti,,rettifica,D69D15002090001,True,definitivo,,2,aggregato,7150,3,,50000000.0,25000000.0,"50.000.000,00",totale,rimodulazione,rimodulato,IMPORTO AMMASSO A FINANZIAMENTO SUD,"Allegato 1 / [TABELLA pag.5 n.1], riga 4","50.000.000,00 | Lotto 4 - D69D15002090001 Lotto 3 - D49D15001920001","DM 23 settembre 2021, n. 364",alta,,Importo unico per Lotto 3 e Lotto 4
2023 DM MIT 342-2023.pdf,google/gemma-4-31b-it,off,,,Ministero delle Infrastrutture e dei Trasporti,,rettifica,D49D15001920001,True,definitivo,,2,aggregato,7150,3,,50000000.0,25000000.0,"50.000.000,00",totale,rimodulazione,rimodulato,IMPORTO AMMASSO A FINANZIAMENTO SUD,"Allegato 1 / [TABELLA pag.5 n.1], riga 4","50.000.000,00 | Lotto 4 - D69D15002090001 Lotto 3 - D49D15001920001","DM 23 settembre 2021, n. 364",alta,,Importo unico per Lotto 3 e Lotto 4
2023 DM MIT 342-2023.pdf,google/gemma-4-31b-it,off,,,Ministero delle Infrastrutture e dei Trasporti,,rettifica,G71B18000620005,True,definitivo,,1,singolo,7150,3,,2500000.0,2500000.0,"2.500.000,00",totale,rimodulazione,rimodulato,IMPORTO AMMASSO A FINANZIAMENTO SUD,"Allegato 1 / [TABELLA pag.5 n.1], riga 5","2.500.000,00 | G71B18000620005","DM 23 settembre 2021, n. 364",alta,,
2023 DM MIT 342-2023.pdf,google/gemma-4-31b-it,off,,,Ministero delle Infrastrutture e dei Trasporti,,rettifica,F81B21005610001,True,definitivo,,1,singolo,7150,3,,18000000.0,18000000.0,"18.000.000,00",totale,rimodulazione,rimodulato,IMPORTO AMMASSO A FINANZIAMENTO SUD,"Allegato 1 / [TABELLA pag.6 n.1], riga 1","18.000.000,00 | F81B21005610001","DM 23 settembre 2021, n. 364",alta,,
2023 DM MIT 342-2023.pdf,google/gemma-4-31b-it,off,,,Ministero delle Infrastrutture e dei Trasporti,,rettifica,I61B21003020001,True,definitivo,,1,singolo,7150,3,,9900000.0,9900000.0,"9.900.000,00",totale,rimodulazione,rimodulato,IMPORTO AMMASSO A FINANZIAMENTO SUD,"Allegato 1 / [TABELLA pag.6 n.1], riga 2","9.900.000,00 | I61B21003020001","DM 23 settembre 2021, n. 364",alta,,
2023 DM MIT 342-2023.pdf,google/gemma-4-31b-it,off,,,Ministero delle Infrastrutture e dei Trasporti,,rettifica,I67H21003160001,True,definitivo,,1,singolo,7150,3,,2900000.0,2900000.0,"2.900.000,00",totale,rimodulazione,rimodulato,IMPORTO AMMASSO A FINANZIAMENTO SUD,"Allegato 1 / [TABELLA pag.6 n.1], riga 3","2.900.000,00 | I67H21003160001","DM 23 settembre 2021, n. 364",alta,,
2023 DM MIT 342-2023.pdf,google/gemma-4-31b-it,off,,,Ministero delle Infrastrutture e dei Trasporti,,rettifica,B89J21020930005,True,definitivo,,1,singolo,7150,3,,1200000.0,1200000.0,"1.200.000,00",totale,rimodulazione,rimodulato,IMPORTO AMMASSO A FINANZIAMENTO SUD,"Allegato 1 / [TABELLA pag.6 n.1], riga 4","1.200.000,00 | B89J21020930005","DM 23 settembre 2021, n. 364",alta,,
2023 DM MIT 342-2023.pdf,google/gemma-4-31b-it,off,,,Ministero delle Infrastrutture e dei Trasporti,,rettifica,I57H21005640001,True,definitivo,,1,singolo,7150,4,,1512215.0,1512215.0,"1.512.215,00",totale,rimodulazione,rimodulato,SICUREZZA INTERVENTO,"Allegato 2 / [TABELLA pag.7 n.1], riga 1","1.512.215,00 | I57H21005640001","DM 23 settembre 2021, n. 364",alta,,
2023 DM MIT 342-2023.pdf,google/gemma-4-31b-it,off,,,Ministero delle Infrastrutture e dei Trasporti,,rettifica,B19F22013250002,True,definitivo,,1,singolo,7150,4,,2400000.0,2400000.0,"2.400.000,00",totale,rimodulazione,rimodulato,SICUREZZA INTERVENTO,"Allegato 2 / [TABELLA pag.7 n.1], riga 2","2.400.000,00 | B19F22013250002","DM 23 settembre 2021, n. 364",alta,,
2023 DM MIT 342-2023.pdf,google/gemma-4-31b-it,off,,,Ministero delle Infrastrutture e dei Trasporti,,rettifica,C89F23000050001,True,definitivo,,1,singolo,7150,4,,600000.0,600000.0,"600.000,00",totale,rimodulazione,rimodulato,SICUREZZA INTERVENTO,"Allegato 2 / [TABELLA pag.7 n.1], riga 3","600.000,00 | C89F23000050001","DM 23 settembre 2021, n. 364",alta,,
2023 DM MIT 342-2023.pdf,google/gemma-4-31b-it,off,,,Ministero delle Infrastrutture e dei Trasporti,,rettifica,C99F23000050001,True,definitivo,,1,singolo,7150,4,,5400000.0,5400000.0,"5.400.000,00",totale,rimodulazione,rimodulato,SICUREZZA INTERVENTO,"Allegato 2 / [TABELLA pag.8 n.1], riga 1","5.400.000,00 | C99F23000050001","DM 23 settembre 2021, n. 364",alta,,
2023 DM MIT 342-2023.pdf,google/gemma-4-31b-it,off,,,Ministero delle Infrastrutture e dei Trasporti,,rettifica,C56G21008730001,True,definitivo,,1,singolo,7150,4,,3400000.0,3400000.0,"3.400.000,00",totale,rimodulazione,rimodulato,SICUREZZA INTERVENTO,"Allegato 2 / [TABELLA pag.8 n.1], riga 2","3.400.000,00 | C56G21008730001","DM 23 settembre 2021, n. 364",alta,,
2023 DM MIT 342-2023.pdf,google/gemma-4-31b-it,off,,,Ministero delle Infrastrutture e dei Trasporti,,rettifica,F41B21005790009,True,definitivo,,1,singolo,7150,4,,30000000.0,30000000.0,30.000.000,totale,rimodulazione,rimodulato,SICUREZZA INTERVENTO,"Allegato 2 / [TABELLA pag.9 n.1], riga 1",30.000.000 | F41B21005790009,"DM 23 settembre 2021, n. 364",alta,,
2023 DM MIT 342-2023.pdf,google/gemma-4-31b-it,off,,,Ministero delle Infrastrutture e dei Trasporti,,rettifica,G31G22000260001,True,definitivo,,1,singolo,7150,4,,7200000.0,7200000.0,7.200.000,totale,rimodulazione,rimodulato,SICUREZZA INTERVENTO,"Allegato 2 / [TABELLA pag.9 n.1], riga 2",7.200.000 | G31G22000260001,"DM 23 settembre 2021, n. 364",alta,,
2023 DM MIT 342-2023.pdf,google/gemma-4-31b-it,off,,,Ministero delle Infrastrutture e dei Trasporti,,rettifica,G11B18000550005,True,definitivo,,1,singolo,7150,4,,3500000.0,3500000.0,3.500.000,totale,rimodulazione,rimodulato,SICUREZZA INTERVENTO,"Allegato 2 / [TABELLA pag.10 n.1], riga 1",3.500.000 | G11B18000550005,"DM 23 settembre 2021, n. 364",alta,,
2023 DM MIT 342-2023.pdf,google/gemma-4-31b-it,off,,,Ministero delle Infrastrutture e dei Trasporti,,rettifica,B81B21003770005,True,definitivo,,1,singolo,7150,4,,1750000.0,1750000.0,1.750.000,totale,rimodulazione,rimodulato,SICUREZZA INTERVENTO,"Allegato 2 / [TABELLA pag.10 n.1], riga 2",1.750.000 | B81B21003770005,"DM 23 settembre 2021, n. 364",alta,,
2025 DD MIT 141-2025.pdf,google/gemma-4-31b-it,off,R.0000141,2025-04-18,Ministero delle Infrastrutture e dei Trasporti,,attuazione,E51I04000010007,True,definitivo,,1,singolo,7419,2,2024-2032,2125000000.0,2125000000.0,"€ 2.125.000.000,00",totale,impegno,impegnato,,art. 3; [TABELLA pag.5 n.1],"È autorizzato l’impegno delle risorse... sul capitolo 7419, piano gestionale 2... per la somma complessiva di € 2.125.000.000,00","Legge 29 dicembre 2022, n. 197",alta,,L'importo include 50 milioni in conto residui 2024
2025 DD MIT 141-2025.pdf,google/gemma-4-31b-it,off,R.0000141,2025-04-18,Ministero delle Infrastrutture e dei Trasporti,,attuazione,E51I04000010007,True,definitivo,,1,singolo,7416,1,2027-2028,75000000.0,75000000.0,"€ 75.000.000,00",totale,impegno,impegnato,,art. 4,"È autorizzato l’impegno delle risorse... sul capitolo 7416 piano gestonale 1... per la somma complessiva di € 75.000.000,00","Legge 29 dicembre 2022, n. 197",alta,,
2022 DD MIT 454-2022.pdf,minimax/minimax-m3,off,,,Ministero delle infrastrutture e dei trasporti,,impegno,E51I04000010007,True,definitivo,,1,singolo,7426,1,2021 (in conto residui di lettera F),14000000.0,14000000.0,"€ 14.000.000,00",totale,impegno,impegnato,,art. 1,"l’impegno di € 14.000.000,00 in conto residui di lettera F, esercizio di provenienza 2021 ... CUP E51I04000010007",DM n. 498 del 14 novembre 2014,alta,,Impegno disposto in conto residui 2021; atto attuativo del DM 498/2014
2022 DD MIT 454-2022.pdf,minimax/minimax-m3,off,,,Ministero delle infrastrutture e dei trasporti,,impegno,E51I04000010007,True,definitivo,,1,singolo,7426,1,2022-2025,131000000.0,131000000.0,"€ 131.000.000,00",totale,impegno,impegnato,Totale,"art. 2; [TABELLA pag.3 n.1], Totale","per l’importo complessivo di € 131.000.000,00 a favore di Roma Capitale ... CUP E51I04000010007 ... Totale 131.000.000,00 €",DM n. 498 del 14 novembre 2014,alta,,"Impegno pluriennale disposto dall'art. 2; le quote annuali (35+40+33,5+22,5=131 mln) sono solo articolazione interna, non record separati (R5)"
2022 DDG 128 del 02-05-22.pdf,minimax/minimax-m3,off,,,Ministero delle infrastrutture e della mobilità sostenibili,,impegno,H94I19000130004,True,definitivo,,1,singolo,7400,7,2022-2034,97154124.1,97154124.1,"97.154.124,10",totale,assegnazione,impegnato,Totale,"art. 2; Allegato / [TABELLA pag.4 n.1], riga 1 (Comune di Padova)","Comune di Padova | H94I19000130004 | 7400/PG 7 | ... | Totale 97.154.124,10",DM MIMS n. 464 del 22/11/2021,alta,,"Quota in conto residui (esercizi 2020 e 2021) di complessivi € 153.197,90+306.395,80=459.593,70 imputata all'art. 1 sullo stesso CUP/PG 7; il totale 97.154.124,10 include le suddette quote annuali 2020-2021 e le quote 2022-2034 di cui all'art. 2."
2022 DDG 128 del 02-05-22.pdf,minimax/minimax-m3,off,,,Ministero delle infrastrutture e della mobilità sostenibili,,impegno,J80J18000000001,True,definitivo,,1,singolo,7400,7,2022-2034,159466174.12,159466174.12,"159.466.174,12",totale,assegnazione,impegnato,Totale,"art. 2; Allegato / [TABELLA pag.4 n.1], riga 2 (Roma Capitale)","Roma Capitale | J80J18000000001 | 7400/PG 7 | ... | Totale 159.466.174,12",DM MIMS n. 464 del 22/11/2021,alta,,"Quota in conto residui (esercizi 2020 e 2021) di complessivi € 251.454,92+502.909,85=754.364,77 imputata all'art. 1 sullo stesso CUP/PG 7; il totale 159.466.174,12 include le suddette quote annuali 2020-2021 e le quote 2022-2034 di cui all'art. 2."
2022 DDG 128 del 02-05-22.pdf,minimax/minimax-m3,off,,,Ministero delle infrastrutture e della mobilità sostenibili,,impegno,C11B21008720001,True,definitivo,,2,aggregato,7400,7,2022-2034,44494493.04,22247246.52,"44.494.493,04",totale,assegnazione,impegnato,Totale,"art. 2; Allegato / [TABELLA pag.4 n.1], riga 3 (Comune di Torino)","Comune di Torino | C11B21008720001 D81E20000410007 | 7400/PG 7 | ... | Totale 44.494.493,04",DM MIMS n. 464 del 22/11/2021,alta,,"Importo unico per due CUP del Comune di Torino; l'atto non ripartisce. Quota in conto residui (esercizi 2020 e 2021) di complessivi € 70.161,34+140.322,66=210.484,00 imputata all'art. 1 sullo stesso PG 7; il totale 44.494.493,04 include le suddette quote annuali 2020-2021 e le quote 2022-2034 di cui all'art. 2."
2022 DDG 128 del 02-05-22.pdf,minimax/minimax-m3,off,,,Ministero delle infrastrutture e della mobilità sostenibili,,impegno,D81E20000410007,True,definitivo,,2,aggregato,7400,7,2022-2034,44494493.04,22247246.52,"44.494.493,04",totale,assegnazione,impegnato,Totale,"art. 2; Allegato / [TABELLA pag.4 n.1], riga 3 (Comune di Torino)","Comune di Torino | C11B21008720001 D81E20000410007 | 7400/PG 7 | ... | Totale 44.494.493,04",DM MIMS n. 464 del 22/11/2021,alta,,"Importo unico per due CUP del Comune di Torino; l'atto non ripartisce. Quota in conto residui (esercizi 2020 e 2021) di complessivi € 70.161,34+140.322,66=210.484,00 imputata all'art. 1 sullo stesso PG 7; il totale 44.494.493,04 include le suddette quote annuali 2020-2021 e le quote 2022-2034 di cui all'art. 2."
2022 DDG 128 del 02-05-22.pdf,minimax/minimax-m3,off,,,Ministero delle infrastrutture e della mobilità sostenibili,,impegno,C81B21013200005,True,definitivo,,1,singolo,7400,7,2022-2034,333059208.74,333059208.74,"333.059.208,74",totale,assegnazione,impegnato,Totale,"art. 2; Allegato / [TABELLA pag.4 n.1], riga 4 (Comune di Brescia - PG 7)","Comune di Brescia | C81B21013200005 | 7400/PG 7 | ... | Totale 333.059.208,74",DM MIMS n. 464 del 22/11/2021,alta,,"Quota in conto residui (esercizi 2020 e 2021) di complessivi € 525.185,84+1.050.371,69=1.575.557,53 imputata all'art. 1 sullo stesso CUP/PG 7; il totale 333.059.208,74 include le suddette quote annuali 2020-2021 e le quote 2022-2034 di cui all'art. 2."
2022 DDG 128 del 02-05-22.pdf,minimax/minimax-m3,off,,,Ministero delle infrastrutture e della mobilità sostenibili,,impegno,C81B21013200005,True,definitivo,,1,singolo,7400,1,2029-2034,26486678.33,26486678.33,"26.486.678,33",totale,assegnazione,impegnato,Totale,"art. 3; Allegato / [TABELLA pag.4 n.1], riga 5 (Comune di Brescia - PG 1)","Comune di Brescia | C81B21013200005 | 7400/PG 1 | ... | Totale 26.486.678,33",DM MIMS n. 464 del 22/11/2021,alta,,"Impegno in conto competenza sul PG 1 disposto dall'art. 3 per esercizi 2029-2034; annualità: 2029-2034 ciascuna di € 4.414.446,39 e ultima di € 4.414.446,38."
2022 DI Mims Mef 97 20.04.2022.pdf,minimax/minimax-m3,off,,,Ministero delle Infrastrutture e della Mobilità Sostenibili,Ministero dell'Economia e delle Finanze,assegnazione,B39J22001360001,True,definitivo,,1,singolo,7400,8,,398000000.0,398000000.0,"398.000.000,00",totale,assegnazione,assegnato,FINANZIAMENTO AMMESSO,"art. 1, comma 1, lett. a); Allegato 1 / [TABELLA pag.10 n.1], riga 1","SKYMETRO VAL BISAGNO GENOVA | B39J22001360001 | 398.000.000,00",,media,"L'art. 1 c.1 lett.a) ripartisce complessivamente 4.423.733.987,00 tra cap.7400 pg 8 e quota parte di pg 1; la quota per singolo intervento non è specificata per PG","Importo assegnato nell'ambito del riparto complessivo di 4.423.733.987,00 (cap.7400 pg 8 + quota pg 1)"
2022 DI Mims Mef 97 20.04.2022.pdf,minimax/minimax-m3,off,,,Ministero delle Infrastrutture e della Mobilità Sostenibili,Ministero dell'Economia e delle Finanze,assegnazione,B31F20000030005,True,definitivo,,1,singolo,7400,8,,20860000.0,20860000.0,"20.860.000,00",totale,assegnazione,assegnato,FINANZIAMENTO AMMESSO,"art. 1, comma 1, lett. a); Allegato 1 / [TABELLA pag.10 n.1], riga 2","PROLUNGAMENTO METROPOLITANA DI GENOVA DA BRIN A CANEPARI | B31F20000030005 | 20.860.000,00",,media,,"Importo assegnato nell'ambito del riparto complessivo di 4.423.733.987,00"
2022 DI Mims Mef 97 20.04.2022.pdf,minimax/minimax-m3,off,,,Ministero delle Infrastrutture e della Mobilità Sostenibili,Ministero dell'Economia e delle Finanze,assegnazione,B44D20000040001,True,definitivo,,1,singolo,7400,8,,180000000.0,180000000.0,"180.000.000,00",totale,assegnazione,assegnato,FINANZIAMENTO AMMESSO,"art. 1, comma 1, lett. a); Allegato 1 / [TABELLA pag.10 n.1], riga 3","LINEA METROPOLITANA M1 PROLUNGAMENTO QUARTIERE BAGGIO – OLMI - VALSESIA | B44D20000040001 | 180.000.000,00",,media,,"Costo intervento 398.000.000,00; cofin. disponibile 218.000.000,00; finanziamento ammesso 180.000.000,00"
2022 DI Mims Mef 97 20.04.2022.pdf,minimax/minimax-m3,off,,,Ministero delle Infrastrutture e della Mobilità Sostenibili,Ministero dell'Economia e delle Finanze,assegnazione,B91J21000040001,True,definitivo,,1,singolo,7400,8,,420000000.0,420000000.0,"420.000.000,00",totale,assegnazione,assegnato,FINANZIAMENTO AMMESSO,"art. 1, comma 1, lett. a); Allegato 1 / [TABELLA pag.10 n.1], riga 4","PROLUNGAMENTO LINEA METROPOLITANA M4 DA AEROPORTO LINATE A SEGRATE | B91J21000040001 | 420.000.000,00",,media,,"Importo assegnato nell'ambito del riparto complessivo di 4.423.733.987,00"
2022 DI Mims Mef 97 20.04.2022.pdf,minimax/minimax-m3,off,,,Ministero delle Infrastrutture e della Mobilità Sostenibili,Ministero dell'Economia e delle Finanze,assegnazione,B41J21000050006,True,definitivo,,1,singolo,7400,8,,4500000.0,4500000.0,"4.500.000,00",totale,assegnazione,assegnato,FINANZIAMENTO AMMESSO,"art. 1, comma 1, lett. a); Allegato 1 / [TABELLA pag.10 n.1], riga 5","NUOVA LINEA METROPOLITANA M6 RAMO SUD (PFTE) | B41J21000050006 | 4.500.000,00",,media,,
2022 DI Mims Mef 97 20.04.2022.pdf,minimax/minimax-m3,off,,,Ministero delle Infrastrutture e della Mobilità Sostenibili,Ministero dell'Economia e delle Finanze,assegnazione,B41C21000010001,True,definitivo,,1,singolo,7400,8,,5500000.0,5500000.0,"5.500.000,00",totale,assegnazione,assegnato,FINANZIAMENTO AMMESSO,"art. 1, comma 1, lett. a); Allegato 1 / [TABELLA pag.10 n.1], riga 6","PROLUNGAMENTO M3 SAN DONATO M. – ASTA PAULLESE (PFTE) | B41C21000010001 | 5.500.000,00",,media,,
2022 DI Mims Mef 97 20.04.2022.pdf,minimax/minimax-m3,off,,,Ministero delle Infrastrutture e della Mobilità Sostenibili,Ministero dell'Economia e delle Finanze,assegnazione,F41B22000830009,True,definitivo,,1,singolo,7400,8,,163500824.0,163500824.0,"163.500.824,00",totale,assegnazione,assegnato,FINANZIAMENTO AMMESSO,"art. 1, comma 1, lett. a); Allegato 1 / [TABELLA pag.10 n.1], riga 8","NUOVO COLLEGAMENTO ... LOTTO 1°_STRALCIO II | F41B22000830009 | 163.500.824,00",,media,Per il LOTTO 1°_STRALCIO I è indicato il solo CUP MASTER (F41B22000740009); beneficiario dell'importo è il CUP dell'intervento. Non è chiaro se il CUP MASTER sia anche CUP di dettaglio,"Per il LOTTO 1°_STRALCIO I (CUP MASTER F41B22000740009) non viene generato record record di assegnazione con quel codice come cup perché in tabella è esplicitamente etichettato CUP MASTER; l'importo 631.373.163,00 è privo di CUP di intervento e andrebbe segnalato a parte"
2022 DI Mims Mef 97 20.04.2022.pdf,minimax/minimax-m3,off,,,Ministero delle Infrastrutture e della Mobilità Sostenibili,Ministero dell'Economia e delle Finanze,assegnazione,E51I04000010007,True,definitivo,,1,singolo,7400,8,,610000000.0,610000000.0,"610.000.000,00",totale,assegnazione,assegnato,FINANZIAMENTO AMMESSO,"art. 1, comma 1, lett. a); Allegato 1 / [TABELLA pag.10 n.1], riga 9","LINEA C DELLA METROPOLITANA DI ROMA - SUB-TRATTA FUNZIONALE DA STAZIONE VENEZIA A STAZIONE FORI IMPERIALI | E51I04000010007 | 610.000.000,00",,media,,"Costo 755.000.000,00; cofin. 145.000.000,00; finanziamento ammesso 610.000.000,00"
2022 DI Mims Mef 97 20.04.2022.pdf,minimax/minimax-m3,off,,,Ministero delle Infrastrutture e della Mobilità Sostenibili,Ministero dell'Economia e delle Finanze,assegnazione,E51I04000010007,True,definitivo,,1,singolo,7400,8,,990000000.0,990000000.0,"990.000.000,00",totale,assegnazione,assegnato,FINANZIAMENTO AMMESSO,"art. 1, comma 1, lett. a); Allegato 1 / [TABELLA pag.10 n.1], riga 10","LINEA C DELLA METROPOLITANA DI ROMA - TRATTA T2 - LOTTO COSTRUTTIVO | E51I04000010007 | 990.000.000,00",,media,Stesso CUP E51I04000010007 su due diverse sub-tratte/record con importi distinti: si producono due record distinti come da R4,"Costo 990.000.000,00; cofin. ---; finanziamento ammesso 990.000.000,00"
2022 DI Mims Mef 97 20.04.2022.pdf,minimax/minimax-m3,off,,,Ministero delle Infrastrutture e della Mobilità Sostenibili,Ministero dell'Economia e delle Finanze,assegnazione,C71F20000020005,True,definitivo,,1,singolo,7400,8,,1000000000.0,1000000000.0,"1.000.000.000,00",totale,assegnazione,assegnato,FINANZIAMENTO AMMESSO,"art. 1, comma 1, lett. a); Allegato 1 / [TABELLA pag.10 n.1], riga 11","METROPOLITANA AUTOMATICA DI TORINO – LINEA 2 – TRATTA POLITECNICO – REBAUDENGO | C71F20000020005 | 1.000.000.000,00",,media,,"Costo 1.800.000.000,00; cofin. 800.000.000,00; finanziamento ammesso 1.000.000.000,00"
2022 DI Mims Mef 97 20.04.2022.pdf,minimax/minimax-m3,off,,,Ministero delle Infrastrutture e della Mobilità Sostenibili,Ministero dell'Economia e delle Finanze,assegnazione,J81B21014060001,True,definitivo,,1,singolo,7400,1,,173183831.97,173183831.97,"173.183.831,97",totale,assegnazione,assegnato,FINANZIAMENTO AMMESSO,"art. 1, comma 1, lett. b); Allegato 2 / [TABELLA pag.12 n.1], riga 1","LINEA TRANVIARIA TERMINI - VATICANO - AURELIO | J81B21014060001 | 173.183.831,97","decreto ministeriale 16 novembre 2021, n. 448",alta,,"Costo 293.183.831,97; cofin. 120.000.000,00 (già riconosciuto con DM 448/2021); finanziamento ammesso 173.183.831,97"
2022 DI Mims Mef 97 20.04.2022.pdf,minimax/minimax-m3,off,,,Ministero delle Infrastrutture e della Mobilità Sostenibili,Ministero dell'Economia e delle Finanze,assegnazione,J84E21005150001,True,definitivo,,1,singolo,7400,1,,11284217.84,11284217.84,"11.284.217,84",totale,assegnazione,assegnato,FINANZIAMENTO AMMESSO,"art. 1, comma 1, lett. b); Allegato 2 / [TABELLA pag.12 n.1], riga 2","DEPOSITO DI CENTOCELLE EST | J84E21005150001 | 11.284.217,84",,alta,,"Costo 11.284.217,84; cofin. ---; finanziamento ammesso 11.284.217,84"
2022 DI Mims Mef 97 20.04.2022.pdf,minimax/minimax-m3,off,,,Ministero delle Infrastrutture e della Mobilità Sostenibili,Ministero dell'Economia e delle Finanze,assegnazione,E31J19000030001,True,definitivo,,1,singolo,7400,1,,26500000.0,26500000.0,"26.500.000,00",totale,assegnazione,assegnato,FINANZIAMENTO AMMESSO,"art. 1, comma 1, lett. b); Allegato 2 / [TABELLA pag.12 n.1], riga 3","SISTEMA DI TRASPORTO RAPIDO DI MASSA PER IL COLLEGAMENTO TRA LA STAZIONE FERROVIARIA DI PIACENZA ED IL NUOVO POLO OSPEDALIERO | E31J19000030001 | 26.500.000,00",,alta,,
2022 DI Mims Mef 97 20.04.2022.pdf,minimax/minimax-m3,off,,,Ministero delle Infrastrutture e della Mobilità Sostenibili,Ministero dell'Economia e delle Finanze,assegnazione,F44I19000530001,True,definitivo,,1,singolo,7400,1,,122200000.0,122200000.0,"122.200.000,00",totale,assegnazione,assegnato,FINANZIAMENTO AMMESSO,"art. 1, comma 1, lett. b); Allegato 2 / [TABELLA pag.12 n.1], riga 4","AMPLIAMENTO DEL DEPOSITO GALLARATESE DEI TRENI DELLA LINEA METROPOLITANA 1 | F44I19000530001 | 122.200.000,00",,alta,,
2022 DI Mims Mef 97 20.04.2022.pdf,minimax/minimax-m3,off,,,Ministero delle Infrastrutture e della Mobilità Sostenibili,Ministero dell'Economia e delle Finanze,assegnazione,,False,,,0,singolo,7400,1,,31513709.92,31513709.92,"31.513.709,92",totale,altro,non_allocato,,preambolo (CONSIDERATO); art. 1,"risultano risorse iscritte sul capitolo 7400, piano di gestione 1, pari a € 31.513.709,92",,media,,"Residuo di pg 1 non ripartito col presente atto, da assegnare con successivo provvedimento. L'atto non dispone un'assegnazione, ma dichiara la consistenza del residuo"
2022 DI Mims Mef 97 20.04.2022.pdf,minimax/minimax-m3,off,,,Ministero delle Infrastrutture e della Mobilità Sostenibili,Ministero dell'Economia e delle Finanze,assegnazione,,False,,F41B22000740009,0,singolo,7400,8,,631373163.0,631373163.0,"631.373.163,00",totale,assegnazione,assegnato,FINANZIAMENTO AMMESSO,"art. 1, comma 1, lett. a); Allegato 1 / [TABELLA pag.10 n.1], riga 7","NUOVO COLLEGAMENTO ... LOTTO 1°_STRALCIO I | F41B22000740009 (CUP MASTER) | 631.373.163,00",,bassa,"Nella riga del LOTTO 1°_STRALCIO I del Comune di Napoli/EAV Srl il CUP indicato è il solo CUP MASTER (F41B22000740009) senza un CUP di intervento distinto. L'importo 631.373.163,00 è pertanto attribuibile al CUP MASTER (lista cup vuota; cup_master valorizzato)","Riga priva di CUP di intervento: la regola operativa (sez. 1) prevede che se compare solo il CUP MASTER, quest'ultimo è il CUP della riga; qui si adotta attribuzione_importo=singolo con lista cup=[] e cup_master valorizzato per segnalare l'anomalia"
2023 DM MIT 342-2023.pdf,minimax/minimax-m3,off,,,Ministero delle infrastrutture e dei trasporti,,rettifica,H49J21005480003,True,definitivo,,1,singolo,7150,3,,256450.0,256450.0,"256.450,00",totale,rimodulazione,rimodulato,IMPORTO AMMASSO A FINANZIAMENTO CENTRO - NORD - POTENZIAMENTO,"art. 1, comma 3; Allegato 1 / [TABELLA pag.4 n.1]","FERROVIA GENOVA CASELLA | ... | INTERSCAMBIO SANT'OLCESE TULLO | 47.725,00 | H49J21005480003","DM MIMS 23 settembre 2021, n. 364 (Allegato 1)",alta,,Sub-intervento con CUP H49J21005480003; Allegato 1 aggiorna e sostituisce l'Allegato 1 del DM 364/2021
2023 DM MIT 342-2023.pdf,minimax/minimax-m3,off,,,Ministero delle infrastrutture e dei trasporti,,rettifica,C75B23000000001,True,definitivo,,1,singolo,7150,3,,10543255.0,10543255.0,"10.543.255,00",totale,rimodulazione,rimodulato,IMPORTO AMMASSO A FINANZIAMENTO CENTRO - NORD - POTENZIAMENTO,"art. 1, comma 3; Allegato 1 / [TABELLA pag.4 n.1]","Roma - Viterbo | ASTRAL S.p.A | RINNOVO, POTENZIAMENTO E MESSA IN SICUREZZA... | 10.543.255,00 | C75B23000000001","DM MIMS 23 settembre 2021, n. 364 (Allegato 1)",alta,,Allegato 1 aggiorna e sostituisce l'Allegato 1 del DM 364/2021
2023 DM MIT 342-2023.pdf,minimax/minimax-m3,off,,,Ministero delle infrastrutture e dei trasporti,,rettifica,C71G22000090001,True,definitivo,,1,singolo,7150,3,,7000000.0,7000000.0,"7.000.000,00",totale,rimodulazione,rimodulato,IMPORTO AMMASSO A FINANZIAMENTO CENTRO - NORD - POTENZIAMENTO,"art. 1, comma 3; Allegato 1 / [TABELLA pag.4 n.1]","Roma - Viterbo | ASTRAL S.p.A | POTENZIAMENTO DEL SISTEMA DI ALIMENTAZIONE ELETTRICA... | 7.000.000,00 | C71G22000090001","DM MIMS 23 settembre 2021, n. 364 (Allegato 1)",alta,,Allegato 1 aggiorna e sostituisce l'Allegato 1 del DM 364/2021
2023 DM MIT 342-2023.pdf,minimax/minimax-m3,off,,,Ministero delle infrastrutture e dei trasporti,,rettifica,E51B21002250001,True,definitivo,,1,singolo,7150,3,,20000000.0,20000000.0,"20.000.000,00",totale,rimodulazione,rimodulato,IMPORTO AMMASSO A FINANZIAMENTO CENTRO - NORD - POTENZIAMENTO,"art. 1, comma 3; Allegato 1 / [TABELLA pag.4 n.1]","FERROVIA REGIONALE | Milano-Varese-Laveno | FERROVIENORD | INTERVENTI SULLA RETE... | 20.000.000,00 | E51B21002250001","DM MIMS 23 settembre 2021, n. 364 (Allegato 1)",alta,,Allegato 1 aggiorna e sostituisce l'Allegato 1 del DM 364/2021
2023 DM MIT 342-2023.pdf,minimax/minimax-m3,off,,,Ministero delle infrastrutture e dei trasporti,,rettifica,B41E04000210001,True,definitivo,,1,singolo,7150,3,,50000000.0,50000000.0,"50.000.000,00",totale,rimodulazione,rimodulato,IMPORTO AMMASSO A FINANZIAMENTO SUD POTENZIAMENTO,"art. 1, comma 3; Allegato 1 / [TABELLA pag.5 n.1]","ENTE AUTONOMO VOLTURNO | LINEE VESUVIANE | LINEA 1 DELLA METROPOLITANA DI NAPOLI... | 100.000.000,00 | 50.000.000,00 | B41E04000210001","DM MIMS 23 settembre 2021, n. 364 (Allegato 1)",alta,,L'importo complessivo intervento è 100.000.000 con cofinanziamento 50.000.000; l'importo ammesso a finanziamento è 50.000.000
2023 DM MIT 342-2023.pdf,minimax/minimax-m3,off,,,Ministero delle infrastrutture e dei trasporti,,rettifica,F61B21003640009,True,definitivo,,1,singolo,7150,3,,30000000.0,30000000.0,"30.000.000,00",totale,rimodulazione,rimodulato,IMPORTO AMMASSO A FINANZIAMENTO SUD POTENZIAMENTO,"art. 1, comma 3; Allegato 1 / [TABELLA pag.5 n.1]","ENTE AUTONOMO VOLTURNO | LINEE FLEGREE | EAV S.R.L. | NUOVO TELECOMANDO LINEE FLEGREE... | 30.000.000,00 | F61B21003640009","DM MIMS 23 settembre 2021, n. 364 (Allegato 1)",alta,,Allegato 1 aggiorna e sostituisce l'Allegato 1 del DM 364/2021
2023 DM MIT 342-2023.pdf,minimax/minimax-m3,off,,,Ministero delle infrastrutture e dei trasporti,,rettifica,G31G22000250001,True,definitivo,,1,singolo,7150,3,,2800000.0,2800000.0,"2.800.000,00",totale,rimodulazione,rimodulato,IMPORTO AMMASSO A FINANZIAMENTO SUD POTENZIAMENTO,"art. 1, comma 3; Allegato 1 / [TABELLA pag.5 n.1]","BARI-MATERA | FERROVIE APPULO LUCANE | RIFACIMENTO PENSILINA BARI CENTRALE | 2.800.000,00 | G31G22000250001","DM MIMS 23 settembre 2021, n. 364 (Allegato 1)",alta,,Allegato 1 aggiorna e sostituisce l'Allegato 1 del DM 364/2021
2023 DM MIT 342-2023.pdf,minimax/minimax-m3,off,,,Ministero delle infrastrutture e dei trasporti,,rettifica,D69D15002090001,True,definitivo,,2,aggregato,7150,3,,50000000.0,25000000.0,"50.000.000,00",totale,rimodulazione,rimodulato,IMPORTO AMMASSO A FINANZIAMENTO SUD POTENZIAMENTO,"art. 1, comma 3; Allegato 1 / [TABELLA pag.5 n.1]","MAGLIE-OTRANTO | COMPLETAMENTO ELETTRIFICAZIONE DORSALE SALENTO... | 180.000.000,00 | 50.000.000,00 | Lotto 4 - D69D15002090001 Lotto 3 - D49D15001920001","DM MIMS 23 settembre 2021, n. 364 (Allegato 1)",alta,,Importo unico per due CUP (Lotto 4 e Lotto 3); l'atto non ripartisce
2023 DM MIT 342-2023.pdf,minimax/minimax-m3,off,,,Ministero delle infrastrutture e dei trasporti,,rettifica,D49D15001920001,True,definitivo,,2,aggregato,7150,3,,50000000.0,25000000.0,"50.000.000,00",totale,rimodulazione,rimodulato,IMPORTO AMMASSO A FINANZIAMENTO SUD POTENZIAMENTO,"art. 1, comma 3; Allegato 1 / [TABELLA pag.5 n.1]","MAGLIE-OTRANTO | COMPLETAMENTO ELETTRIFICAZIONE DORSALE SALENTO... | 180.000.000,00 | 50.000.000,00 | Lotto 4 - D69D15002090001 Lotto 3 - D49D15001920001","DM MIMS 23 settembre 2021, n. 364 (Allegato 1)",alta,,Importo unico per due CUP (Lotto 4 e Lotto 3); l'atto non ripartisce
2023 DM MIT 342-2023.pdf,minimax/minimax-m3,off,,,Ministero delle infrastrutture e dei trasporti,,rettifica,G71B18000620005,True,definitivo,,1,singolo,7150,3,,2500000.0,2500000.0,"2.500.000,00",totale,rimodulazione,rimodulato,IMPORTO AMMASSO A FINANZIAMENTO SUD POTENZIAMENTO,"art. 1, comma 3; Allegato 1 / [TABELLA pag.5 n.1]","BARI-MATERA | STAZIONE ALTAMURA | FERROVIE APPULO LUCANE | REALIZZAZIONE PARCHEGGIO DI INTERSCAMBIO... | 2.500.000,00 | G71B18000620005","DM MIMS 23 settembre 2021, n. 364 (Allegato 1)",alta,,Allegato 1 aggiorna e sostituisce l'Allegato 1 del DM 364/2021
2023 DM MIT 342-2023.pdf,minimax/minimax-m3,off,,,Ministero delle infrastrutture e dei trasporti,,rettifica,F81B21005610001,True,definitivo,,1,singolo,7150,3,,18000000.0,18000000.0,"18.000.000,00",totale,rimodulazione,rimodulato,IMPORTO AMMASSO A FINANZIAMENTO SUD POTENZIAMENTO,"art. 1, comma 3; Allegato 1 / [TABELLA pag.6 n.1]","Monserrato - Isili | ARST | VARIANTE DI TRACCIATO, REALIZZAZIONE PUNTI DI INCROCIO... | 26.400.000,00 | 18.000.000,00 | F81B21005610001","DM MIMS 23 settembre 2021, n. 364 (Allegato 1)",alta,,L'importo complessivo intervento è 26.400.000; l'importo ammesso a finanziamento è 18.000.000
2023 DM MIT 342-2023.pdf,minimax/minimax-m3,off,,,Ministero delle infrastrutture e dei trasporti,,rettifica,I61B21003020001,True,definitivo,,1,singolo,7150,3,,9900000.0,9900000.0,"9.900.000,00",totale,rimodulazione,rimodulato,IMPORTO AMMASSO A FINANZIAMENTO SUD POTENZIAMENTO,"art. 1, comma 3; Allegato 1 / [TABELLA pag.6 n.1]","Ferrovie della Calabria S.r.l | Soveria M. - Catanzaro | LAVORI DI REALIZZAZIONE DELLA NUOVA STAZIONE FERROVIARIA DI CATANZARO CITTÀ | 9.900.000,00 | I61B21003020001","DM MIMS 23 settembre 2021, n. 364 (Allegato 1)",alta,,Allegato 1 aggiorna e sostituisce l'Allegato 1 del DM 364/2021
2023 DM MIT 342-2023.pdf,minimax/minimax-m3,off,,,Ministero delle infrastrutture e dei trasporti,,rettifica,I67H21003160001,True,definitivo,,1,singolo,7150,3,,2900000.0,2900000.0,"2.900.000,00",totale,rimodulazione,rimodulato,IMPORTO AMMASSO A FINANZIAMENTO SUD POTENZIAMENTO,"art. 1, comma 3; Allegato 1 / [TABELLA pag.6 n.1]","Ferrovie della Calabria S.r.l | Soveria M. - Catanzaro Lido - Germaneto | LAVORI DI MIGLIORAMENTO DELLA FRUIBILITÀ DELLA LINEA... | 2.900.000,00 | I67H21003160001","DM MIMS 23 settembre 2021, n. 364 (Allegato 1)",alta,,Allegato 1 aggiorna e sostituisce l'Allegato 1 del DM 364/2021
2023 DM MIT 342-2023.pdf,minimax/minimax-m3,off,,,Ministero delle infrastrutture e dei trasporti,,rettifica,B89J21020930005,True,definitivo,,1,singolo,7150,3,,1200000.0,1200000.0,"1.200.000,00",totale,rimodulazione,rimodulato,IMPORTO AMMASSO A FINANZIAMENTO SUD POTENZIAMENTO,"art. 1, comma 3; Allegato 1 / [TABELLA pag.6 n.1]","Divisione Ferroviaria di TUA S.p.A. | Fossacesia-Saletti | CREAZIONE POSTO INTERMEDIO LOCALITÀ GUASTACCONCIA... | 1.200.000,00 | B89J21020930005","DM MIMS 23 settembre 2021, n. 364 (Allegato 1)",alta,,Allegato 1 aggiorna e sostituisce l'Allegato 1 del DM 364/2021
2023 DM MIT 342-2023.pdf,minimax/minimax-m3,off,,,Ministero delle infrastrutture e dei trasporti,,rettifica,I57H21005640001,True,definitivo,,1,singolo,7150,4,,1512215.0,1512215.0,"1.512.215,00",totale,rettifica,rimodulato,SICUREZZA INTERVENTO (€),"art. 1, comma 1 e comma 3; Allegato 2 / [TABELLA pag.7 n.1]","ADRIA-MESTRE | INFRASTRUTTRE VENETE SRL | INTERVENTI STRUTTURALI DI RISANAMENTO PONTE IN C.A. AL KM. 14+355 | 1.512.215,00 | I57H21005640001","DM MIMS 23 settembre 2021, n. 364 (Allegato 2)",alta,,Rettifica di errore materiale: Allegato 3 del DM 364/2021 assegnava alla Regione Veneto 1.412.215 in luogo dei 1.512.215 ammessi. Allegato 2 aggiorna e sostituisce l'Allegato 2 del DM 364/2021
2023 DM MIT 342-2023.pdf,minimax/minimax-m3,off,,,Ministero delle infrastrutture e dei trasporti,,rettifica,B19F22013250002,True,definitivo,,1,singolo,7150,4,,2400000.0,2400000.0,"2.400.000,00",totale,rimodulazione,rimodulato,SICUREZZA INTERVENTO (€),"art. 1, comma 3; Allegato 2 / [TABELLA pag.7 n.1]","STIA-AREZZO-SINALUNGA | LA FERROVIARIA ITALIANA SPA | ELIMINAZIONE DI DUE PASSAGGI A LIVELLO... | 2.400.000,00 | B19F22013250002","DM MIMS 23 settembre 2021, n. 364 (Allegato 2)",alta,,Allegato 2 aggiorna e sostituisce l'Allegato 2 del DM 364/2021
2023 DM MIT 342-2023.pdf,minimax/minimax-m3,off,,,Ministero delle infrastrutture e dei trasporti,,rettifica,C89F23000050001,True,definitivo,,1,singolo,7150,4,,600000.0,600000.0,"600.000,00",totale,rimodulazione,rimodulato,SICUREZZA INTERVENTO (€),"art. 1, comma 3; Allegato 2 / [TABELLA pag.7 n.1]","Ferrovie dell'Emilia Romagna | Parma-Suzzara - Brescello (RE) | FERROVIE EMILIA ROMGNA S.R.L. | SOPPRESSIONE DI QUATTRO PASSAGGI A LIVELLO PRIVATI... | 600.000,00 | C89F23000050001","DM MIMS 23 settembre 2021, n. 364 (Allegato 2)",alta,,Allegato 2 aggiorna e sostituisce l'Allegato 2 del DM 364/2021
2023 DM MIT 342-2023.pdf,minimax/minimax-m3,off,,,Ministero delle infrastrutture e dei trasporti,,rettifica,C99F23000050001,True,definitivo,,1,singolo,7150,4,,5400000.0,5400000.0,"5.400.000,00",totale,rimodulazione,rimodulato,SICUREZZA INTERVENTO (€),"art. 1, comma 3; Allegato 2 / [TABELLA pag.8 n.1]","Ferrovie dell'Emilia Romagna | Bologna-Portomaggiore - Castenaso (BO) | LINEA BOLOGNA-PORTOMAGGIORE, SOPPRESSIONE PL IN LOC. CA' DELL'ORBO... | 5.400.000,00 | C99F23000050001","DM MIMS 23 settembre 2021, n. 364 (Allegato 2)",alta,,L'importo complessivo intervento è 7.000.000 con cofinanziamento 1.600.000; l'importo ammesso a finanziamento è 5.400.000
2023 DM MIT 342-2023.pdf,minimax/minimax-m3,off,,,Ministero delle infrastrutture e dei trasporti,,rettifica,C56G21008730001,True,definitivo,,1,singolo,7150,4,,3400000.0,3400000.0,"3.400.000,00",totale,rimodulazione,rimodulato,SICUREZZA INTERVENTO (€),"art. 1, comma 3; Allegato 2 / [TABELLA pag.8 n.1]","Ferrovie dell'Emilia Romagna | Reggio E. Guastalla | UPGRADE CON IMPIANTI MULTI-ACC | 3.400.000,00 | C56G21008730001","DM MIMS 23 settembre 2021, n. 364 (Allegato 2)",alta,,Allegato 2 aggiorna e sostituisce l'Allegato 2 del DM 364/2021
2023 DM MIT 342-2023.pdf,minimax/minimax-m3,off,,,Ministero delle infrastrutture e dei trasporti,,rettifica,F41B21005790009,True,definitivo,,1,singolo,7150,4,,30000000.0,30000000.0,"30.000.000,00",totale,rimodulazione,rimodulato,SICUREZZA INTERVENTO (€),"art. 1, comma 3; Allegato 2 / [TABELLA pag.9 n.1]",ENTE AUTONOMO VOLTURNO | LINEA SUBURBANA NAPOLI-PIEDIMONTE MATESE | EAV S.R.L. | SOPPRESSIONE PP.LL. RETE FERROVIARIA EAV | 30.000.000 | F41B21005790009,"DM MIMS 23 settembre 2021, n. 364 (Allegato 2)",alta,,Allegato 2 aggiorna e sostituisce l'Allegato 2 del DM 364/2021
2023 DM MIT 342-2023.pdf,minimax/minimax-m3,off,,,Ministero delle infrastrutture e dei trasporti,,rettifica,G31G22000260001,True,definitivo,,1,singolo,7150,4,,7200000.0,7200000.0,"7.200.000,00",totale,rimodulazione,rimodulato,SICUREZZA INTERVENTO (€),"art. 1, comma 3; Allegato 2 / [TABELLA pag.9 n.1]",BARI-MATERA | Bari Sant'Andrea - Modugno | FERROVIE APPULO LUCANE | RADDOPPIO TRA BARI SANT'ANDREA E MODUGNO | 7.200.000 | G31G22000260001,"DM MIMS 23 settembre 2021, n. 364 (Allegato 2)",alta,,Allegato 2 aggiorna e sostituisce l'Allegato 2 del DM 364/2021
2023 DM MIT 342-2023.pdf,minimax/minimax-m3,off,,,Ministero delle infrastrutture e dei trasporti,,rettifica,G11B18000550005,True,definitivo,,1,singolo,7150,4,,3500000.0,3500000.0,"3.500.000,00",totale,rimodulazione,rimodulato,SICUREZZA INTERVENTO (€),"art. 1, comma 3; Allegato 2 / [TABELLA pag.10 n.1]",FERROVIE APPULO LUCANE | tratta Matera-Altamura della linea Bari-Matera | RIPRISTINO DELLA FUNZIONALITÀ DELL'OFFICINA FERROVIARIA A SERRA RIFUSA | 3.500.000 | G11B18000550005,"DM MIMS 23 settembre 2021, n. 364 (Allegato 2)",alta,,Allegato 2 aggiorna e sostituisce l'Allegato 2 del DM 364/2021
2023 DM MIT 342-2023.pdf,minimax/minimax-m3,off,,,Ministero delle infrastrutture e dei trasporti,,rettifica,B81B21003770005,True,definitivo,,1,singolo,7150,4,,1750000.0,1750000.0,"1.750.000,00",totale,rimodulazione,rimodulato,SICUREZZA INTERVENTO (€),"art. 1, comma 3; Allegato 2 / [TABELLA pag.10 n.1]",Divisione Ferroviaria di TUA S.p.A. | Fossacesia-Archi | TESATURA DEI CONDUTTORI IN RAME DELL'IMPIANTO TE DELLA TRATTA FOSSACESIA-ARCHI... | 1.750.000 | B81B21003770005,"DM MIMS 23 settembre 2021, n. 364 (Allegato 2)",alta,,Allegato 2 aggiorna e sostituisce l'Allegato 2 del DM 364/2021
2025 DD MIT 141-2025.pdf,minimax/minimax-m3,off,141,2025-04-18,Ministero delle Infrastrutture e dei Trasporti,,impegno,E51I04000010007,True,definitivo,,1,singolo,7419,2,2024-2032,2125000000.0,2125000000.0,"€ 2.125.000.000,00",totale,assegnazione,impegnato,,"art. 3; [TABELLA pag.5 n.1], riga TOTALE","È autorizzato l'impegno [...] sul capitolo 7419, piano gestionale 2 [...] per la somma complessiva di € 2.125.000.000,00","Legge 29 dicembre 2022, n. 197, art. 1, comma 478",alta,,Importo complessivo disposto dall'atto corrente sul cap. 7419/PG2; la tabella allegata ne dettaglia le annualità (€ 50.000.000 in conto residui 2024 + € 2.075.000.000 dal 2025 al 2032). Le quote annuali non sono registrate come record distinti (R5).
2025 DD MIT 141-2025.pdf,minimax/minimax-m3,off,141,2025-04-18,Ministero delle Infrastrutture e dei Trasporti,,impegno,E51I04000010007,True,definitivo,,1,singolo,7416,1,2027-2028,75000000.0,75000000.0,"€ 75.000.000,00",totale,assegnazione,impegnato,,art. 4,"È autorizzato l'impegno delle risorse [...] sul capitolo 7416 piano gestionale 1 [...] per la somma complessiva di € 75.000.000,00","Legge 29 dicembre 2022, n. 197, art. 1, comma 478",alta,,"Importo complessivo disposto dall'atto corrente sul cap. 7416/PG1, suddiviso in € 50.000.000 per il 2027 e € 25.000.000 per il 2028 (quote annuali non registrate come record distinti, R5)."
2022 DD MIT 454-2022.pdf,moonshotai/kimi-k2.6,off,,,Ministero delle infrastrutture e dei trasporti,Ministero dell'economia e delle finanze,impegno,E51I04000010007,True,definitivo,,1,singolo,7426,1,,14000000.0,14000000.0,"€ 14.000.000,00",totale,assegnazione,impegnato,,art. 1,"è autorizzato, sul capitolo 7426, piano di gestione 1, ... l'impegno di € 14.000.000,00 in conto residui di lettera F, esercizio di provenienza 2021","DM MIT-MEF 14 novembre 2014, n. 498",alta,,"impegno in conto residui, esercizio di provenienza 2021; annualità 2021 già riportata in premessa come parte della rimodulazione delle risorse originali 2017-2018"
2022 DD MIT 454-2022.pdf,moonshotai/kimi-k2.6,off,,,Ministero delle infrastrutture e dei trasporti,Ministero dell'economia e delle finanze,impegno,E51I04000010007,True,definitivo,,1,singolo,7426,1,2022-2025,131000000.0,131000000.0,"€ 131.000.000,00",totale,assegnazione,impegnato,,art. 2; [TABELLA pag.3 n.1],"è autorizzato l'impegno, sul capitolo 7426, piano di gestione 1, ... per l'importo complessivo di € 131.000.000,00 ... come di seguito riportato: Anno 2022 35.000.000,00 €; 2023 40.000.000,00 €; 2024 33.500.000,00 €; 2025 22.500.000,00 €; Totale 131.000.000,00 €","DM MIT-MEF 14 novembre 2014, n. 498",alta,,importo complessivo impegnato con ripartizione pluriennale 2022-2025; le annualità non generano record separati
2022 DDG 128 del 02-05-22.pdf,moonshotai/kimi-k2.6,off,,,Ministero delle infrastrutture e della mobilità sostenibili,,impegno,H94I19000130004,True,definitivo,,1,singolo,7400,7,2020-2034,97154124.1,97154124.1,"97.154.124,10",totale,assegnazione,impegnato,Totale,"art. 2; Allegato parte integrante / [TABELLA pag.4 n.1], riga 1","Comune di Padova | H94I19000130004 | 7400/PG 7 | ... | 97.154.124,10",Decreto del Ministro delle infrastrutture e della mobilità sostenibili n. 464 del 22 novembre 2021,alta,,
2022 DDG 128 del 02-05-22.pdf,moonshotai/kimi-k2.6,off,,,Ministero delle infrastrutture e della mobilità sostenibili,,impegno,J80J18000000001,True,definitivo,,1,singolo,7400,7,2020-2034,159466174.12,159466174.12,"159.466.174,12",totale,assegnazione,impegnato,Totale,"art. 2; Allegato parte integrante / [TABELLA pag.4 n.1], riga 2","Roma Capitale | J80J18000000001 | 7400/PG 7 | ... | 159.466.174,12",Decreto del Ministro delle infrastrutture e della mobilità sostenibili n. 464 del 22 novembre 2021,alta,,
2022 DDG 128 del 02-05-22.pdf,moonshotai/kimi-k2.6,off,,,Ministero delle infrastrutture e della mobilità sostenibili,,impegno,C11B21008720001,True,definitivo,,2,aggregato,7400,7,2020-2034,44494493.04,22247246.52,"44.494.493,04",totale,assegnazione,impegnato,Totale,"art. 2; Allegato parte integrante / [TABELLA pag.4 n.1], riga 3","Comune di Torino | C11B21008720001 D81E20000410007 | 7400/PG 7 | ... | 44.494.493,04",Decreto del Ministro delle infrastrutture e della mobilità sostenibili n. 464 del 22 novembre 2021,alta,,Importo unico per due CUP; l'atto non ripartisce tra i due progetti
2022 DDG 128 del 02-05-22.pdf,moonshotai/kimi-k2.6,off,,,Ministero delle infrastrutture e della mobilità sostenibili,,impegno,D81E20000410007,True,definitivo,,2,aggregato,7400,7,2020-2034,44494493.04,22247246.52,"44.494.493,04",totale,assegnazione,impegnato,Totale,"art. 2; Allegato parte integrante / [TABELLA pag.4 n.1], riga 3","Comune di Torino | C11B21008720001 D81E20000410007 | 7400/PG 7 | ... | 44.494.493,04",Decreto del Ministro delle infrastrutture e della mobilità sostenibili n. 464 del 22 novembre 2021,alta,,Importo unico per due CUP; l'atto non ripartisce tra i due progetti
2022 DDG 128 del 02-05-22.pdf,moonshotai/kimi-k2.6,off,,,Ministero delle infrastrutture e della mobilità sostenibili,,impegno,C81B21013200005,True,definitivo,,1,singolo,7400,7,2020-2034,333059208.74,333059208.74,"333.059.208,74",totale,assegnazione,impegnato,Totale,"art. 2; Allegato parte integrante / [TABELLA pag.4 n.1], riga 4","Comune di Brescia | C81B21013200005 | 7400/PG 7 | ... | 333.059.208,74",Decreto del Ministro delle infrastrutture e della mobilità sostenibili n. 464 del 22 novembre 2021,alta,,
2022 DDG 128 del 02-05-22.pdf,moonshotai/kimi-k2.6,off,,,Ministero delle infrastrutture e della mobilità sostenibili,,impegno,C81B21013200005,True,definitivo,,1,singolo,7400,1,2029-2034,26486678.33,26486678.33,"26.486.678,33",totale,assegnazione,impegnato,Totale,"art. 3; Allegato parte integrante / [TABELLA pag.4 n.1], riga 5","Comune di Brescia | C81B21013200005 | 7400/PG 1 | | | | | | | | | 4.414.446,39 | 4.414.446,39 | 4.414.446,39 | 4.414.446,39 | 4.414.446,39 | 4.414.446,38 | 26.486.678,33",Decreto del Ministro delle infrastrutture e della mobilità sostenibili n. 464 del 22 novembre 2021,alta,,Stesso CUP su piano gestionale diverso (PG 1); importo distinto da quello su PG 7
2022 DI Mims Mef 97 20.04.2022.pdf,moonshotai/kimi-k2.6,off,,,Ministero delle Infrastrutture e della Mobilità Sostenibili,Ministero dell'Economia e delle Finanze,assegnazione,B39J22001360001,True,definitivo,,1,singolo,7400,8,,398000000.0,398000000.0,"398.000.000,00",totale,assegnazione,assegnato,FINANZIAMENTO AMMESSO,"art. 1, comma 1, lett. a); Allegato 1 / [TABELLA pag.10 n.1], riga 1","COMUNE DI GENOVA | SKYMETRO VAL BISAGNO GENOVA | B39J22001360001 | PFTE | 398.000.000,00 | --- | 398.000.000,00",,alta,,
2022 DI Mims Mef 97 20.04.2022.pdf,moonshotai/kimi-k2.6,off,,,Ministero delle Infrastrutture e della Mobilità Sostenibili,Ministero dell'Economia e delle Finanze,assegnazione,B31F20000030005,True,definitivo,,1,singolo,7400,8,,20860000.0,20860000.0,"20.860.000,00",totale,assegnazione,assegnato,FINANZIAMENTO AMMESSO,"art. 1, comma 1, lett. a); Allegato 1 / [TABELLA pag.10 n.1], riga 2","COMUNE DI GENOVA | PROLUNGAMENTO METROPOLITANA DI GENOVA DA BRIN A CANEPARI... | B31F20000030005 | PFTE | 20.860.000,00 | --- | 20.860.000,00",,alta,,
2022 DI Mims Mef 97 20.04.2022.pdf,moonshotai/kimi-k2.6,off,,,Ministero delle Infrastrutture e della Mobilità Sostenibili,Ministero dell'Economia e delle Finanze,assegnazione,B44D20000040001,True,definitivo,,1,singolo,7400,8,,180000000.0,180000000.0,"180.000.000,00",totale,assegnazione,assegnato,FINANZIAMENTO AMMESSO,"art. 1, comma 1, lett. a); Allegato 1 / [TABELLA pag.10 n.1], riga 3","COMUNE DI MILANO | LINEA METROPOLITANA M1 PROLUNGAMENTO QUARTIERE BAGGIO – OLMI - VALSESIA | B44D20000040001 | PROGETTO DEFINITIVO | 398.000.000,00 | 218.000.000,00 | 180.000.000,00",,alta,,"Cofinanziamento di 218.000.000,00 indicato in colonna COFIN. DISPONIBILE; importo assegnato dallo Stato è 180.000.000,00"
2022 DI Mims Mef 97 20.04.2022.pdf,moonshotai/kimi-k2.6,off,,,Ministero delle Infrastrutture e della Mobilità Sostenibili,Ministero dell'Economia e delle Finanze,assegnazione,B91J21000040001,True,definitivo,,1,singolo,7400,8,,420000000.0,420000000.0,"420.000.000,00",totale,assegnazione,assegnato,FINANZIAMENTO AMMESSO,"art. 1, comma 1, lett. a); Allegato 1 / [TABELLA pag.10 n.1], riga 4","COMUNE DI MILANO | PROLUNGAMENTO LINEA METROPOLITANA M4 DA AEROPORTO LINATE A SEGRATE | B91J21000040001 | PFTE | 420.000.000,00 | --- | 420.000.000,00",,alta,,
2022 DI Mims Mef 97 20.04.2022.pdf,moonshotai/kimi-k2.6,off,,,Ministero delle Infrastrutture e della Mobilità Sostenibili,Ministero dell'Economia e delle Finanze,assegnazione,B41J21000050006,True,definitivo,,1,singolo,7400,8,,4500000.0,4500000.0,"4.500.000,00",totale,assegnazione,assegnato,FINANZIAMENTO AMMESSO,"art. 1, comma 1, lett. a); Allegato 1 / [TABELLA pag.10 n.1], riga 5","COMUNE DI MILANO | NUOVA LINEA METROPOLITANA M6 RAMO SUD (PFTE) | B41J21000050006 | --- | 4.500.000,00 | --- | 4.500.000,00",,alta,,
2022 DI Mims Mef 97 20.04.2022.pdf,moonshotai/kimi-k2.6,off,,,Ministero delle Infrastrutture e della Mobilità Sostenibili,Ministero dell'Economia e delle Finanze,assegnazione,B41C21000010001,True,definitivo,,1,singolo,7400,8,,5500000.0,5500000.0,"5.500.000,00",totale,assegnazione,assegnato,FINANZIAMENTO AMMESSO,"art. 1, comma 1, lett. a); Allegato 1 / [TABELLA pag.10 n.1], riga 6","COMUNE DI MILANO | PROLUNGAMENTO M3 SAN DONATO M. – ASTA PAULLESE (PFTE) | B41C21000010001 | PFTE – 1° FASE | 5.500.000,00 | --- | 5.500.000,00",,alta,,
2022 DI Mims Mef 97 20.04.2022.pdf,moonshotai/kimi-k2.6,off,,,Ministero delle Infrastrutture e della Mobilità Sostenibili,Ministero dell'Economia e delle Finanze,assegnazione,F41B22000740009,True,definitivo,,1,singolo,7400,8,,631373163.0,631373163.0,"631.373.163,00",totale,assegnazione,assegnato,FINANZIAMENTO AMMESSO,"art. 1, comma 1, lett. a); Allegato 1 / [TABELLA pag.10 n.1], riga 7","COMUNE DI NAPOLI / EAV Srl | NUOVO COLLEGAMENTO IN SEDE PROPRIA TRA LA STAZIONE AV DI AFRAGOLA E LA RETE METROPOLITANA DI NAPOLI. LOTTO 1°_STRALCIO I | F41B22000740009 (CUP MASTER) | PFTE | 631.373.163,00 | --- | 631.373.163,00",,alta,,La cella CUP riporta 'F41B22000740009 (CUP MASTER)' ma non è indicato alcun CUP dell'intervento distinto dal Master; pertanto il CUP Master è il CUP della riga
2022 DI Mims Mef 97 20.04.2022.pdf,moonshotai/kimi-k2.6,off,,,Ministero delle Infrastrutture e della Mobilità Sostenibili,Ministero dell'Economia e delle Finanze,assegnazione,F41B22000830009,True,definitivo,,1,singolo,7400,8,,163500824.0,163500824.0,"163.500.824,00",totale,assegnazione,assegnato,FINANZIAMENTO AMMESSO,"art. 1, comma 1, lett. a); Allegato 1 / [TABELLA pag.10 n.1], riga 8","COMUNE DI NAPOLI / EAV Srl | NUOVO COLLEGAMENTO IN SEDE PROPRIA TRA LA STAZIONE AV DI AFRAGOLA E LA RETE METROPOLITANA DI NAPOLI. LOTTO 1°_STRALCIO II | F41B22000830009 | PFTE | 163.500.824,00 | --- | 163.500.824,00",,alta,,
2022 DI Mims Mef 97 20.04.2022.pdf,moonshotai/kimi-k2.6,off,,,Ministero delle Infrastrutture e della Mobilità Sostenibili,Ministero dell'Economia e delle Finanze,assegnazione,E51I04000010007,True,definitivo,,1,singolo,7400,8,,610000000.0,610000000.0,"610.000.000,00",totale,assegnazione,assegnato,FINANZIAMENTO AMMESSO,"art. 1, comma 1, lett. a); Allegato 1 / [TABELLA pag.10 n.1], riga 9","ROMA CAPITALE / ROMA METROPOLITANE Srl | LINEA C DELLA METROPOLITANA DI ROMA - SUB-TRATTA FUNZIONALE DA STAZIONE VENEZIA A STAZIONE FORI IMPERIALI | E51I04000010007 | PROGETTO DEFINITIVO | 755.000.000,00 | 145.000.000,00 | 610.000.000,00",,alta,,"Cofinanziamento di 145.000.000,00 indicato in colonna COFIN. DISPONIBILE; importo assegnato dallo Stato è 610.000.000,00. Stesso CUP compare anche in riga successiva per altro intervento"
2022 DI Mims Mef 97 20.04.2022.pdf,moonshotai/kimi-k2.6,off,,,Ministero delle Infrastrutture e della Mobilità Sostenibili,Ministero dell'Economia e delle Finanze,assegnazione,E51I04000010007,True,definitivo,,1,singolo,7400,8,,990000000.0,990000000.0,"990.000.000,00",totale,assegnazione,assegnato,FINANZIAMENTO AMMESSO,"art. 1, comma 1, lett. a); Allegato 1 / [TABELLA pag.10 n.1], riga 10","ROMA CAPITALE / ROMA METROPOLITANE Srl | LINEA C DELLA METROPOLITANA DI ROMA - TRATTA T2 - LOTTO COSTRUTTIVO | E51I04000010007 | PROGETTO PRELIMINARE | 990.000.000,00 | --- | 990.000.000,00",,alta,,Stesso CUP E51I04000010007 della riga precedente ma intervento distinto (Tratta T2 - Lotto costruttivo vs Sub-tratta funzionale Venezia-Fori Imperiali); importi separati
2022 DI Mims Mef 97 20.04.2022.pdf,moonshotai/kimi-k2.6,off,,,Ministero delle Infrastrutture e della Mobilità Sostenibili,Ministero dell'Economia e delle Finanze,assegnazione,C71F20000020005,True,definitivo,,1,singolo,7400,8,,1000000000.0,1000000000.0,"1.000.000.000,00",totale,assegnazione,assegnato,FINANZIAMENTO AMMESSO,"art. 1, comma 1, lett. a); Allegato 1 / [TABELLA pag.10 n.1], riga 11","COMUNE DI TORINO | METROPOLITANA AUTOMATICA DI TORINO – LINEA 2 – TRATTA 'POLITECNICO – REBAUDENGO' | C71F20000020005 | PROGETTO DEFINITIVO | 1.800.000.000,00 | 800.000.000,00 | 1.000.000.000,00",,alta,,"Cofinanziamento di 800.000.000,00 indicato in colonna COFIN. DISPONIBILE; importo assegnato dallo Stato è 1.000.000.000,00"
2022 DI Mims Mef 97 20.04.2022.pdf,moonshotai/kimi-k2.6,off,,,Ministero delle Infrastrutture e della Mobilità Sostenibili,Ministero dell'Economia e delle Finanze,assegnazione,J81B21014060001,True,definitivo,,1,singolo,7400,1,,173183831.97,173183831.97,"173.183.831,97",totale,assegnazione,assegnato,FINANZIAMENTO AMMESSO,"art. 1, comma 1, lett. b); Allegato 2 / [TABELLA pag.12 n.1], riga 1","ROMA CAPITALE | LINEA TRANVIARIA TERMINI - VATICANO - AURELIO | J81B21014060001 | TRANVIA | 293.183.831,97 | 120.000.000,00 | 173.183.831,97",,alta,,"Cofinanziamento di 120.000.000,00 già riconosciuto con DM 16 novembre 2021, n. 448 (PNRR); l'atto dispone l'assegnazione del residuo 173.183.831,97"
2022 DI Mims Mef 97 20.04.2022.pdf,moonshotai/kimi-k2.6,off,,,Ministero delle Infrastrutture e della Mobilità Sostenibili,Ministero dell'Economia e delle Finanze,assegnazione,J84E21005150001,True,definitivo,,1,singolo,7400,1,,11284217.84,11284217.84,"11.284.217,84",totale,assegnazione,assegnato,FINANZIAMENTO AMMESSO,"art. 1, comma 1, lett. b); Allegato 2 / [TABELLA pag.12 n.1], riga 2","ROMA CAPITALE | DEPOSITO DI CENTOCELLE EST | J84E21005150001 | TRANVIA | 11.284.217,84 | --- | 11.284.217,84",,alta,,
2022 DI Mims Mef 97 20.04.2022.pdf,moonshotai/kimi-k2.6,off,,,Ministero delle Infrastrutture e della Mobilità Sostenibili,Ministero dell'Economia e delle Finanze,assegnazione,E31J19000030001,True,definitivo,,1,singolo,7400,1,,26500000.0,26500000.0,"26.500.000,00",totale,assegnazione,assegnato,FINANZIAMENTO AMMESSO,"art. 1, comma 1, lett. b); Allegato 2 / [TABELLA pag.12 n.1], riga 3","COMUNE DI PIACENZA | SISTEMA DI TRASPORTO RAPIDO DI MASSA PER IL COLLEGAMENTO TRA LA STAZIONE FERROVIARIA DI PIACENZA ED IL NUOVO POLO OSPEDALIERO | E31J19000030001 | BUSVIA | 26.500.000,00 | --- | 26.500.000,00",,alta,,
2022 DI Mims Mef 97 20.04.2022.pdf,moonshotai/kimi-k2.6,off,,,Ministero delle Infrastrutture e della Mobilità Sostenibili,Ministero dell'Economia e delle Finanze,assegnazione,F44I19000530001,True,definitivo,,1,singolo,7400,1,,122200000.0,122200000.0,"122.200.000,00",totale,assegnazione,assegnato,FINANZIAMENTO AMMESSO,"art. 1, comma 1, lett. b); Allegato 2 / [TABELLA pag.12 n.1], riga 4","COMUNE DI MILANO | AMPLIAMENTO DEL DEPOSITO GALLARATESE DEI TRENI DELLA LINEA METROPOLITANA 1 | F44I19000530001 | METRO | 122.200.000,00 | --- | 122.200.000,00",,alta,,
2023 DM MIT 342-2023.pdf,moonshotai/kimi-k2.6,off,,,Ministero delle infrastrutture e dei trasporti,,rettifica,H49J21005480003,True,definitivo,,1,singolo,7150,3,,256450.0,256450.0,"256.450,00",totale,assegnazione,assegnato,IMPORTO AMMASSO A FINANZIAMENTO POTENZIAMENTO,"art. 1; Allegato 1 / [TABELLA pag.4 n.1], righe 1-10","FERROVIA GENOVA CASELLA | AMT SPA | INTERSCAMBIO CASELLA | H49J21005480003 | 256.450,00","decreto del Ministro delle infrastrutture e della mobilità sostenibili del 23 settembre 2021, n. 364",alta,,Importo aggregato per 10 interventi del gruppo Genova Casella; l'atto non ripartisce tra i singoli interventi
2023 DM MIT 342-2023.pdf,moonshotai/kimi-k2.6,off,,,Ministero delle infrastrutture e dei trasporti,,rettifica,C75B23000000001,True,definitivo,,1,singolo,7150,3,,10543255.0,10543255.0,"10.543.255,00",totale,assegnazione,assegnato,IMPORTO AMMASSO A FINANZIAMENTO POTENZIAMENTO,"art. 1; Allegato 1 / [TABELLA pag.4 n.1], riga 12","Roma - Viterbo | ASTRAL S.p.A | RINNOVO, POTENZIAMENTO E MESSA IN SICUREZZA | C75B23000000001 | 10.543.255,00","decreto del Ministro delle infrastrutture e della mobilità sostenibili del 23 settembre 2021, n. 364",alta,,
2023 DM MIT 342-2023.pdf,moonshotai/kimi-k2.6,off,,,Ministero delle infrastrutture e dei trasporti,,rettifica,C71G22000090001,True,definitivo,,1,singolo,7150,3,,7000000.0,7000000.0,"7.000.000,00",totale,assegnazione,assegnato,IMPORTO AMMASSO A FINANZIAMENTO POTENZIAMENTO,"art. 1; Allegato 1 / [TABELLA pag.4 n.1], riga 13","Roma - Viterbo | ASTRAL S.p.A | POTENZIAMENTO DEL SISTEMA DI ALIMENTAZIONE ELETTRICA | C71G22000090001 | 7.000.000,00","decreto del Ministro delle infrastrutture e della mobilità sostenibili del 23 settembre 2021, n. 364",alta,,
2023 DM MIT 342-2023.pdf,moonshotai/kimi-k2.6,off,,,Ministero delle infrastrutture e dei trasporti,,rettifica,E51B21002250001,True,definitivo,,1,singolo,7150,3,,20000000.0,20000000.0,"20.000.000,00",totale,assegnazione,assegnato,IMPORTO AMMASSO A FINANZIAMENTO POTENZIAMENTO,"art. 1; Allegato 1 / [TABELLA pag.4 n.1], riga 15","Milano -Varese - Laveno | FERROVIENORD | INTERVENTI SULLA RETE PER STABILIZZAZIONE ORARIO | E51B21002250001 | 20.000.000,00","decreto del Ministro delle infrastrutture e della mobilità sostenibili del 23 settembre 2021, n. 364",alta,,
2023 DM MIT 342-2023.pdf,moonshotai/kimi-k2.6,off,,,Ministero delle infrastrutture e dei trasporti,,rettifica,B41E04000210001,True,definitivo,,1,singolo,7150,3,,50000000.0,50000000.0,"50.000.000,00",totale,assegnazione,assegnato,IMPORTO AMMASSO A FINANZIAMENTO POTENZIAMENTO,"art. 1; Allegato 1 / [TABELLA pag.5 n.1], riga 2","Comune di Napoli | LINEA 1 DELLA METROPOLITANA DI NAPOLI | B41E04000210001 | 50.000.000,00","decreto del Ministro delle infrastrutture e della mobilità sostenibili del 23 settembre 2021, n. 364",alta,,
2023 DM MIT 342-2023.pdf,moonshotai/kimi-k2.6,off,,,Ministero delle infrastrutture e dei trasporti,,rettifica,F61B21003640009,True,definitivo,,1,singolo,7150,3,,30000000.0,30000000.0,"30.000.000,00",totale,assegnazione,assegnato,IMPORTO AMMASSO A FINANZIAMENTO POTENZIAMENTO,"art. 1; Allegato 1 / [TABELLA pag.5 n.1], riga 3","EAV S.R.L. | NUOVO TELECOMANDO LINEE FLEGREE | F61B21003640009 | 30.000.000,00","decreto del Ministro delle infrastrutture e della mobilità sostenibili del 23 settembre 2021, n. 364",alta,,
2023 DM MIT 342-2023.pdf,moonshotai/kimi-k2.6,off,,,Ministero delle infrastrutture e dei trasporti,,rettifica,G31G22000250001,True,definitivo,,1,singolo,7150,3,,2800000.0,2800000.0,"2.800.000,00",totale,assegnazione,assegnato,IMPORTO AMMASSO A FINANZIAMENTO POTENZIAMENTO,"art. 1; Allegato 1 / [TABELLA pag.5 n.1], riga 5","BARI - MATERA | FERROVIE APPULO LUCANE | RIFACIMENTO PENSILINA BARI CENTRALE | G31G22000250001 | 2.800.000,00","decreto del Ministro delle infrastrutture e della mobilità sostenibili del 23 settembre 2021, n. 364",alta,,
2023 DM MIT 342-2023.pdf,moonshotai/kimi-k2.6,off,,,Ministero delle infrastrutture e dei trasporti,,rettifica,D69D15002090001,True,definitivo,,2,aggregato,7150,3,,50000000.0,25000000.0,"50.000.000,00",totale,assegnazione,assegnato,IMPORTO AMMASSO A FINANZIAMENTO POTENZIAMENTO,"art. 1; Allegato 1 / [TABELLA pag.5 n.1], riga 6","MAGLIE-OTRANTO e TRATTA ZOLLINO-GAGLIANO C. | FERROVIE SUD EST | COMPLETAMENTO ELETTRIFICAZIONE DORSALE SALENTO | Lotto 4 - D69D15002090001 Lotto 3 - D49D15001920001 | 50.000.000,00","decreto del Ministro delle infrastrutture e della mobilità sostenibili del 23 settembre 2021, n. 364",alta,,Importo unico per due lotti/CUP; l'atto non ripartisce tra i lotti
2023 DM MIT 342-2023.pdf,moonshotai/kimi-k2.6,off,,,Ministero delle infrastrutture e dei trasporti,,rettifica,D49D15001920001,True,definitivo,,2,aggregato,7150,3,,50000000.0,25000000.0,"50.000.000,00",totale,assegnazione,assegnato,IMPORTO AMMASSO A FINANZIAMENTO POTENZIAMENTO,"art. 1; Allegato 1 / [TABELLA pag.5 n.1], riga 6","MAGLIE-OTRANTO e TRATTA ZOLLINO-GAGLIANO C. | FERROVIE SUD EST | COMPLETAMENTO ELETTRIFICAZIONE DORSALE SALENTO | Lotto 4 - D69D15002090001 Lotto 3 - D49D15001920001 | 50.000.000,00","decreto del Ministro delle infrastrutture e della mobilità sostenibili del 23 settembre 2021, n. 364",alta,,Importo unico per due lotti/CUP; l'atto non ripartisce tra i lotti
2023 DM MIT 342-2023.pdf,moonshotai/kimi-k2.6,off,,,Ministero delle infrastrutture e dei trasporti,,rettifica,G71B18000620005,True,definitivo,,1,singolo,7150,3,,2500000.0,2500000.0,"2.500.000,00",totale,assegnazione,assegnato,IMPORTO AMMASSO A FINANZIAMENTO POTENZIAMENTO,"art. 1; Allegato 1 / [TABELLA pag.5 n.1], riga 7","STAZIONE ALTAMURA | FERROVIE APPULO LUCANE | REALIZZAZIONE PARCHEGGIO DI INTERSCAMBIO | G71B18000620005 | 2.500.000,00","decreto del Ministro delle infrastrutture e della mobilità sostenibili del 23 settembre 2021, n. 364",alta,,
2023 DM MIT 342-2023.pdf,moonshotai/kimi-k2.6,off,,,Ministero delle infrastrutture e dei trasporti,,rettifica,F81B21005610001,True,definitivo,,1,singolo,7150,3,,18000000.0,18000000.0,"18.000.000,00",totale,assegnazione,assegnato,IMPORTO AMMASSO A FINANZIAMENTO POTENZIAMENTO,"art. 1; Allegato 1 / [TABELLA pag.6 n.1], riga 2","Monserrato - Isili | ARST | VARIANTE DI TRACCCIATO, REALIZZAZIONE PUNTI DI INCROCIO | F81B21005610001 | 18.000.000,00","decreto del Ministro delle infrastrutture e della mobilità sostenibili del 23 settembre 2021, n. 364",alta,,"Importo 'IMPORTO AMMASSO A FINANZIAMENTO POTENZIAMENTO' è 18.000.000,00; la colonna 'IMPORTO TOTALE INTERVENTO' è 26.400.000,00 ma con cofinanziamento 0"
2023 DM MIT 342-2023.pdf,moonshotai/kimi-k2.6,off,,,Ministero delle infrastrutture e dei trasporti,,rettifica,I61B21003020001,True,definitivo,,1,singolo,7150,3,,9900000.0,9900000.0,"9.900.000,00",totale,assegnazione,assegnato,IMPORTO AMMASSO A FINANZIAMENTO POTENZIAMENTO,"art. 1; Allegato 1 / [TABELLA pag.6 n.1], riga 4","Soveria M. - Catanzaro - Catanzaro Lido | Ferrovie della Calabria S.r.l. | LAVORI DI REALIZZAZIONE DELLA NUOVA STAZIONE FERROVIARIA DI CATANZARO CITTÀ | I61B21003020001 | 9.900.000,00","decreto del Ministro delle infrastrutture e della mobilità sostenibili del 23 settembre 2021, n. 364",alta,,
2023 DM MIT 342-2023.pdf,moonshotai/kimi-k2.6,off,,,Ministero delle infrastrutture e dei trasporti,,rettifica,I67H21003160001,True,definitivo,,1,singolo,7150,3,,2900000.0,2900000.0,"2.900.000,00",totale,assegnazione,assegnato,IMPORTO AMMASSO A FINANZIAMENTO POTENZIAMENTO,"art. 1; Allegato 1 / [TABELLA pag.6 n.1], riga 5","Soveria M. - Catanzaro - Catanzaro Lido - Germaneto | Ferrovie della Calabria S.r.l. | LAVORI DI MIGLIORAMENTO DELLA FRUIBILITÀ | I67H21003160001 | 2.900.000,00","decreto del Ministro delle infrastrutture e della mobilità sostenibili del 23 settembre 2021, n. 364",alta,,
2023 DM MIT 342-2023.pdf,moonshotai/kimi-k2.6,off,,,Ministero delle infrastrutture e dei trasporti,,rettifica,B89J21020930005,True,definitivo,,1,singolo,7150,3,,1200000.0,1200000.0,"1.200.000,00",totale,assegnazione,assegnato,IMPORTO AMMASSO A FINANZIAMENTO POTENZIAMENTO,"art. 1; Allegato 1 / [TABELLA pag.6 n.1], riga 7","Fossacesia-Saletti | Divisione Ferroviaria di TUA S.p.A. | CREAZIONE POSTO INTERMEDIO LOCALITÀ GUASTACCONCIA | B89J21020930005 | 1.200.000,00","decreto del Ministro delle infrastrutture e della mobilità sostenibili del 23 settembre 2021, n. 364",alta,,
2023 DM MIT 342-2023.pdf,moonshotai/kimi-k2.6,off,,,Ministero delle infrastrutture e dei trasporti,,rettifica,I57H21005640001,True,definitivo,,1,singolo,7150,4,,1512215.0,1512215.0,"1.512.215,00",totale,assegnazione,assegnato,SICUREZZA,"art. 1; Allegato 2 / [TABELLA pag.7 n.1], riga 2","ADRIA-MESTRE | INFRASTRUTTRE VENETE SRL | INTERVENTI STRUTTURALI DI RISANAMENTO PONTE | I57H21005640001 | 1.512.215,00","decreto del Ministro delle infrastrutture e della mobilità sostenibili del 23 settembre 2021, n. 364",alta,,"Valore rettificato: originariamente 1.412.215,00 per errore materiale"
2023 DM MIT 342-2023.pdf,moonshotai/kimi-k2.6,off,,,Ministero delle infrastrutture e dei trasporti,,rettifica,B19F22013250002,True,definitivo,,1,singolo,7150,4,,2400000.0,2400000.0,"2.400.000,00",totale,assegnazione,assegnato,SICUREZZA,"art. 1; Allegato 2 / [TABELLA pag.7 n.1], riga 3","STIA-AREZZO-SINALUNGA | LA FERROVIARIA ITALIANA SPA | ELIMINAZIONE DI DUE PASSAGGI A LIVELLO | B19F22013250002 | 2.400.000,00","decreto del Ministro delle infrastrutture e della mobilità sostenibili del 23 settembre 2021, n. 364",alta,,
2023 DM MIT 342-2023.pdf,moonshotai/kimi-k2.6,off,,,Ministero delle infrastrutture e dei trasporti,,rettifica,C89F23000050001,True,definitivo,,1,singolo,7150,4,,600000.0,600000.0,"600.000,00",totale,assegnazione,assegnato,SICUREZZA,"art. 1; Allegato 2 / [TABELLA pag.7 n.1], riga 4","Parma-Suzzara - Comune di Brescello (RE) | FERROVIE EMILIA ROMGNA S.R.L. | SOPPRESSIONE DI QUATTRO PASSAGGI A LIVELLO PRIVATI | C89F23000050001 | 600.000,00","decreto del Ministro delle infrastrutture e della mobilità sostenibili del 23 settembre 2021, n. 364",alta,,
2023 DM MIT 342-2023.pdf,moonshotai/kimi-k2.6,off,,,Ministero delle infrastrutture e dei trasporti,,rettifica,C99F23000050001,True,definitivo,,1,singolo,7150,4,,5400000.0,5400000.0,"5.400.000,00",totale,assegnazione,assegnato,SICUREZZA,"art. 1; Allegato 2 / [TABELLA pag.8 n.1], riga 2","Bologna-Portomaggiore - Comune di Castenaso (BO) | FERROVIE EMILIA ROMGNA S.R.L. | LINEA BOLOGNA-PORTOMAGGIORE, SOPPRESSIONE PL | C99F23000050001 | 5.400.000,00","decreto del Ministro delle infrastrutture e della mobilità sostenibili del 23 settembre 2021, n. 364",alta,,
2023 DM MIT 342-2023.pdf,moonshotai/kimi-k2.6,off,,,Ministero delle infrastrutture e dei trasporti,,rettifica,C56G21008730001,True,definitivo,,1,singolo,7150,4,,3400000.0,3400000.0,"3.400.000,00",totale,assegnazione,assegnato,SICUREZZA,"art. 1; Allegato 2 / [TABELLA pag.8 n.1], riga 3","Reggio E. Guastalla | FERROVIE EMILIA ROMGNA S.R.L. | UPGRADE CON IMPIANTI MULTI-ACC | C56G21008730001 | 3.400.000,00","decreto del Ministro delle infrastrutture e della mobilità sostenibili del 23 settembre 2021, n. 364",alta,,
2023 DM MIT 342-2023.pdf,moonshotai/kimi-k2.6,off,,,Ministero delle infrastrutture e dei trasporti,,rettifica,F41B21005790009,True,definitivo,,1,singolo,7150,4,,30000000.0,30000000.0,30.000.000,totale,assegnazione,assegnato,SICUREZZA,"art. 1; Allegato 2 / [TABELLA pag.9 n.1], riga 2",LINEA SUBURBANA NAPOLI-PIEDIMONTE MATESE | EAV S.R.L. | SOPPRESSIONE PP.LL. RETE FERROVIARIA EAV | F41B21005790009 | 30.000.000,"decreto del Ministro delle infrastrutture e della mobilità sostenibili del 23 settembre 2021, n. 364",alta,,
2023 DM MIT 342-2023.pdf,moonshotai/kimi-k2.6,off,,,Ministero delle infrastrutture e dei trasporti,,rettifica,G31G22000260001,True,definitivo,,1,singolo,7150,4,,7200000.0,7200000.0,7.200.000,totale,assegnazione,assegnato,SICUREZZA,"art. 1; Allegato 2 / [TABELLA pag.9 n.1], riga 3",Bari Sant'Andrea - Modugno | FERROVIE APPULO LUCANE S.r.l | RADDOPPIO TRA BARI SANT'ANDREA E MODUGNO | G31G22000260001 | 7.200.000,"decreto del Ministro delle infrastrutture e della mobilità sostenibili del 23 settembre 2021, n. 364",alta,,
2023 DM MIT 342-2023.pdf,moonshotai/kimi-k2.6,off,,,Ministero delle infrastrutture e dei trasporti,,rettifica,G11B18000550005,True,definitivo,,1,singolo,7150,4,,3500000.0,3500000.0,3.500.000,totale,assegnazione,assegnato,SICUREZZA,"art. 1; Allegato 2 / [TABELLA pag.10 n.1], riga 2",tratta Matera-Altamura della linea Bari-Matera | FERROVIE APPULO LUCANE S.r.l | Interventi sui piazzali di Matera Serra Rifusa | G11B18000550005 | 3.500.000,"decreto del Ministro delle infrastrutture e della mobilità sostenibili del 23 settembre 2021, n. 364",alta,,
2023 DM MIT 342-2023.pdf,moonshotai/kimi-k2.6,off,,,Ministero delle infrastrutture e dei trasporti,,rettifica,B81B21003770005,True,definitivo,,1,singolo,7150,4,,1750000.0,1750000.0,1.750.000,totale,assegnazione,assegnato,SICUREZZA,"art. 1; Allegato 2 / [TABELLA pag.10 n.1], riga 3",Fossacesia-Archi | Divisione Ferroviaria di TUA S.p.A. | TESATURA DEI CONDUTTORI IN RAME | B81B21003770005 | 1.750.000,"decreto del Ministro delle infrastrutture e della mobilità sostenibili del 23 settembre 2021, n. 364",alta,,
2025 DD MIT 141-2025.pdf,moonshotai/kimi-k2.6,off,141,2025-04-18,Ministero delle infrastrutture e dei trasporti,,impegno,E51I04000010007,True,definitivo,,1,singolo,7419,2,,2125000000.0,2125000000.0,"€ 2.125.000.000,00",totale,assegnazione,impegnato,,"art. 3; [TABELLA pag.5 n.1], totale","È autorizzato l'impegno delle risorse di cui al citato articolo 1, comma 478, della legge 29 dicembre 2022, n. 197, sul capitolo 7419, piano gestionale 2 dello stato di previsione del Ministero delle Infrastrutture e dei Trasporti, per la somma complessiva di € 2.125.000.000,00, di cui € 50.000.000,00 in conto residui, esercizio di provenienza 2024 e 2.075.000.000,00 per gli esercizi finanziari dal 2025 al 2032",,alta,,importo complessivo impegnato su capitolo 7419/PG2; annualità 2024-2032 indicate ma non registrate come quote separate
2025 DD MIT 141-2025.pdf,moonshotai/kimi-k2.6,off,141,2025-04-18,Ministero delle infrastrutture e dei trasporti,,impegno,E51I04000010007,True,definitivo,,1,singolo,7416,1,,75000000.0,75000000.0,"€ 75.000.000,00",totale,assegnazione,impegnato,,art. 4,"È autorizzato l'impegno delle risorse di cui al citato art.1, comma 478, della legge 29 dicembre 2022, n.197, sul capitolo 7416 piano gestonale 1 dello stato di previsione del Ministero delle Infrastrutture e dei Trasporti, per la somma complessiva di € 75.000.000,00, di cui 50.000.000,00 per l'esercizio finanziario 2027 e € 25.000.000,00 per l'esercizio finanziario 2028",,alta,,annualità 2027-2028 indicate ma non registrate come quote separate
2022 DD MIT 454-2022.pdf,qwen/qwen3.6-35b-a3b,off,97,2022-04-20,Ministero delle infrastrutture e dei trasporti,Ministero dell'economia e delle finanze,assegnazione,E51I04000010007,True,definitivo,,1,singolo,7426,1,2021,14000000.0,14000000.0,"€ 14.000.000,00",totale,assegnazione,impegnato,,art. 1,"è autorizzato, per il corrente esercizio finanziario, a favore di Roma Capitale per l’intervento ""Tratta Colosseo - Piazza Venezia della Linea C della metropolitana di Roma” CUP E51I04000010007, l’impegno di € 14.000.000,00 in conto residui di lettera F, esercizio di provenienza 2021.",,alta,,Impegno in conto residui (lettera F) per l'esercizio 2021.
2022 DD MIT 454-2022.pdf,qwen/qwen3.6-35b-a3b,off,97,2022-04-20,Ministero delle infrastrutture e dei trasporti,Ministero dell'economia e delle finanze,assegnazione,E51I04000010007,True,definitivo,,1,singolo,7426,1,2022-2025,131000000.0,131000000.0,"€ 131.000.000,00",totale,assegnazione,impegnato,,art. 2,"è autorizzato l’impegno, sul capitolo 7426, piano di gestione 1... per l’importo complessivo di € 131.000.000,00 a favore di Roma Capitale, per l’intervento ""Tratta Colosseo - Piazza Venezia della Linea C della metropolitana di Roma” CUP E51I04000010007, come di seguito riportato: Anno 2022 35.000.000,00 €; 2023 40.000.000,00 €; 2024 33.500.000,00 €; 2025 22.500.000,00 €; Totale 131.000.000,00 €",,alta,,Impegno pluriennale ripartito in annualità 2022-2025. L'importo totale è registrato come record unico con indicazione delle annualità in nota/annualita.
2022 DDG 128 del 02-05-22.pdf,qwen/qwen3.6-35b-a3b,off,,,Ministero delle infrastrutture e della mobilità sostenibili,,impegno,H94I19000130004,True,definitivo,,1,singolo,7400,7,2020-2021,1000000.0,1000000.0,"€ 1.000.000,00",totale,assegnazione,impegnato,,art. 1,"è autorizzato l’impegno di euro 1.000.000,00 esercizio di provenienza 2020 ... sul capitolo 7400, piano di gestione 7 ... a favore dei Comuni di Padova ... come riportato nell’allegato",,alta,,"Importo in conto residui per il Comune di Padova (CUP H94I19000130004) estratto dall'art. 1. L'art. 1 autorizza un impegno totale di 3.000.000,00 ripartito tra Padova, Torino, Brescia e Roma. La tabella [TABELLA pag.4 n.1] mostra che per il CUP H94I19000130004 la somma delle annualità 2020 e 2021 è esattamente 1.000.000,00 (153.197,90 + 306.395,80 + ... non corrisponde, ma la colonna 'Totale' per le annualità 2020-2021 nella riga 'Totale' è 1.000.000,00. Tuttavia, guardando la riga Padova, la somma 2020+2021 è 153.197,90 + 306.395,80 = 459.593,70. L'art. 1 dice 1.000.000,00 per il 2020 e 2.000.000,00 per il 2021. La tabella ha una riga 'Totale' che somma 1.000.000,00 per il 2020 e 2.000.000,00 per il 2021. Questo suggerisce che l'importo di 1.000.000,00 del 2020 e 2.000.000,00 del 2021 sia un totale aggregato per tutti i beneficiari in conto residui, non specifico per CUP. Tuttavia, l'art. 1 cita esplicitamente i beneficiari. La tabella elenca i CUP. Non c'è una ripartizione esplicita dell'importo di 3.000.000,00 tra i CUP nell'art. 1. Ma la tabella fornisce i dettagli annuali. L'art. 1 autorizza l'impegno. La tabella è l'allegato. La tabella mostra i CUP e gli importi annuali. L'art. 1 si riferisce all'allegato. Quindi gli importi dell'allegato sono quelli autorizzati. Per il 2020 e 2021, la tabella mostra importi specifici per CUP. La somma degli importi 2020 per tutti i CUP è 153.197,90 + 251.454,92 + 70.161,34 + 525.185,84 = 1.000.000,00. La somma degli importi 2021 è 306.395,80 + 502.909,85 + 140.322,66 + 1.050.371,69 = 2.000.000,00. Quindi l'art. 1 autorizza l'impegno totale di 3.000.000,00, che è la somma degli importi annuali 2020 e 2021 della tabella. Poiché la regola R5 dice di produrre un record per CUP x PG, e l'art. 1 autorizza l'impegno su PG 7, devo creare record per ogni CUP su PG 7 per gli importi 2020 e 2021? No, l'art. 1 autorizza un importo globale. Ma la tabella lo scompone. La regola R4 dice"
2022 DI Mims Mef 97 20.04.2022.pdf,qwen/qwen3.6-35b-a3b,off,125,2022-04-29,Ministero delle Infrastrutture e della Mobilità Sostenibili,Ministero dell'Economia e delle Finanze,assegnazione,B39J22001360001,True,definitivo,,1,singolo,7400,8,,398000000.0,398000000.0,"398.000.000,00",totale,assegnazione,assegnato,Finanziamento disponibile,"art. 1, comma 1, lett. a); Allegato 1 / [TABELLA pag.10 n.1], riga 2","SKYMETRO VAL BISAGNO GENOVA | B39J22001360001 | 398.000.000,00",,alta,,
2022 DI Mims Mef 97 20.04.2022.pdf,qwen/qwen3.6-35b-a3b,off,125,2022-04-29,Ministero delle Infrastrutture e della Mobilità Sostenibili,Ministero dell'Economia e delle Finanze,assegnazione,B31F20000030005,True,definitivo,,1,singolo,7400,8,,20860000.0,20860000.0,"20.860.000,00",totale,assegnazione,assegnato,Finanziamento disponibile,"art. 1, comma 1, lett. a); Allegato 1 / [TABELLA pag.10 n.1], riga 4","PROLUNGAMENTO METROPOLITANA DI GENOVA DA BRIN A CANEPARI... | B31F20000030005 | 20.860.000,00",,alta,,
2022 DI Mims Mef 97 20.04.2022.pdf,qwen/qwen3.6-35b-a3b,off,125,2022-04-29,Ministero delle Infrastrutture e della Mobilità Sostenibili,Ministero dell'Economia e delle Finanze,assegnazione,B44D20000040001,True,definitivo,,1,singolo,7400,8,,180000000.0,180000000.0,"180.000.000,00",totale,assegnazione,assegnato,Finanziamento disponibile,"art. 1, comma 1, lett. a); Allegato 1 / [TABELLA pag.10 n.1], riga 6","LINEA METROPOLITANA M1 PROLUNGAMENTO QUARTIERE BAGGIO... | B44D20000040001 | 180.000.000,00",,alta,,
2022 DI Mims Mef 97 20.04.2022.pdf,qwen/qwen3.6-35b-a3b,off,125,2022-04-29,Ministero delle Infrastrutture e della Mobilità Sostenibili,Ministero dell'Economia e delle Finanze,assegnazione,B91J21000040001,True,definitivo,,1,singolo,7400,8,,420000000.0,420000000.0,"420.000.000,00",totale,assegnazione,assegnato,Finanziamento disponibile,"art. 1, comma 1, lett. a); Allegato 1 / [TABELLA pag.10 n.1], riga 8","PROLUNGAMENTO LINEA METROPOLITANA M4 DA AEROPORTO LINATE A SEGRATE | B91J21000040001 | 420.000.000,00",,alta,,
2022 DI Mims Mef 97 20.04.2022.pdf,qwen/qwen3.6-35b-a3b,off,125,2022-04-29,Ministero delle Infrastrutture e della Mobilità Sostenibili,Ministero dell'Economia e delle Finanze,assegnazione,B41J21000050006,True,definitivo,,1,singolo,7400,8,,4500000.0,4500000.0,"4.500.000,00",totale,assegnazione,assegnato,Finanziamento disponibile,"art. 1, comma 1, lett. a); Allegato 1 / [TABELLA pag.10 n.1], riga 10","NUOVA LINEA METROPOLITANA M6 RAMO SUD (PFTE) | B41J21000050006 | 4.500.000,00",,alta,,
2022 DI Mims Mef 97 20.04.2022.pdf,qwen/qwen3.6-35b-a3b,off,125,2022-04-29,Ministero delle Infrastrutture e della Mobilità Sostenibili,Ministero dell'Economia e delle Finanze,assegnazione,B41C21000010001,True,definitivo,,1,singolo,7400,8,,5500000.0,5500000.0,"5.500.000,00",totale,assegnazione,assegnato,Finanziamento disponibile,"art. 1, comma 1, lett. a); Allegato 1 / [TABELLA pag.10 n.1], riga 12","PROLUNGAMENTO M3 SAN DONATO M. – ASTA PAULLESE (PFTE) | B41C21000010001 | 5.500.000,00",,alta,,
2022 DI Mims Mef 97 20.04.2022.pdf,qwen/qwen3.6-35b-a3b,off,125,2022-04-29,Ministero delle Infrastrutture e della Mobilità Sostenibili,Ministero dell'Economia e delle Finanze,assegnazione,F41B22000740009,True,definitivo,,1,singolo,7400,8,,631373163.0,631373163.0,"631.373.163,00",totale,assegnazione,assegnato,Finanziamento disponibile,"art. 1, comma 1, lett. a); Allegato 1 / [TABELLA pag.10 n.1], riga 14","NUOVO COLLEGAMENTO IN SEDE PROPRIA TRA LA STAZIONE AV DI AFRAGOLA... LOTTO 1°_STRALCIO I | F41B22000740009 (CUP MASTER) | 631.373.163,00",,alta,,"Il CUP F41B22000740009 è indicato come CUP MASTER nella tabella, ma è l'unico codice presente per l'intervento specifico (Lotto 1 Stralcio I). Ai sensi della regola sui CUP Master, se nella riga c'è SOLO un codice marcato 'CUP MASTER', è il CUP della riga."
2022 DI Mims Mef 97 20.04.2022.pdf,qwen/qwen3.6-35b-a3b,off,125,2022-04-29,Ministero delle Infrastrutture e della Mobilità Sostenibili,Ministero dell'Economia e delle Finanze,assegnazione,F41B22000830009,True,definitivo,,1,singolo,7400,8,,163500824.0,163500824.0,"163.500.824,00",totale,assegnazione,assegnato,Finanziamento disponibile,"art. 1, comma 1, lett. a); Allegato 1 / [TABELLA pag.10 n.1], riga 16","NUOVO COLLEGAMENTO IN SEDE PROPRIA TRA LA STAZIONE AV DI AFRAGOLA... LOTTO 1°_STRALCIO II | F41B22000830009 | 163.500.824,00",,alta,,
2022 DI Mims Mef 97 20.04.2022.pdf,qwen/qwen3.6-35b-a3b,off,125,2022-04-29,Ministero delle Infrastrutture e della Mobilità Sostenibili,Ministero dell'Economia e delle Finanze,assegnazione,E51I04000010007,True,definitivo,,1,singolo,7400,8,,610000000.0,610000000.0,"610.000.000,00",totale,assegnazione,assegnato,Finanziamento disponibile,"art. 1, comma 1, lett. a); Allegato 1 / [TABELLA pag.10 n.1], riga 18","LINEA C DELLA METROPOLITANA DI ROMA - SUB-TRATTA FUNZIONALE... | E51I04000010007 | 610.000.000,00",,alta,,
2022 DI Mims Mef 97 20.04.2022.pdf,qwen/qwen3.6-35b-a3b,off,125,2022-04-29,Ministero delle Infrastrutture e della Mobilità Sostenibili,Ministero dell'Economia e delle Finanze,assegnazione,E51I04000010007,True,definitivo,,1,singolo,7400,8,,990000000.0,990000000.0,"990.000.000,00",totale,assegnazione,assegnato,Finanziamento disponibile,"art. 1, comma 1, lett. a); Allegato 1 / [TABELLA pag.10 n.1], riga 20","LINEA C DELLA METROPOLITANA DI ROMA - TRATTA T2 - LOTTO COSTRUTTIVO | E51I04000010007 | 990.000.000,00",,alta,,Stesso CUP per intervento distinto (Lotto Costruttivo Preliminare).
2022 DI Mims Mef 97 20.04.2022.pdf,qwen/qwen3.6-35b-a3b,off,125,2022-04-29,Ministero delle Infrastrutture e della Mobilità Sostenibili,Ministero dell'Economia e delle Finanze,assegnazione,C71F20000020005,True,definitivo,,1,singolo,7400,8,,1000000000.0,1000000000.0,"1.000.000.000,00",totale,assegnazione,assegnato,Finanziamento disponibile,"art. 1, comma 1, lett. a); Allegato 1 / [TABELLA pag.10 n.1], riga 22","METROPOLITANA AUTOMATICA DI TORINO – LINEA 2 – TRATTA “POLITECNICO – REBAUDENGO” | C71F20000020005 | 1.000.000.000,00",,alta,,
2022 DI Mims Mef 97 20.04.2022.pdf,qwen/qwen3.6-35b-a3b,off,125,2022-04-29,Ministero delle Infrastrutture e della Mobilità Sostenibili,Ministero dell'Economia e delle Finanze,assegnazione,J81B21014060001,True,definitivo,,1,singolo,7400,1,,173183831.97,173183831.97,"173.183.831,97",totale,assegnazione,assegnato,Finanziamento disponibile,"art. 1, comma 1, lett. b); Allegato 2 / [TABELLA pag.12 n.1], riga 2","LINEA TRANVIARIA TERMINI - VATICANO - AURELIO | J81B21014060001 | 173.183.831,97",,alta,,
2022 DI Mims Mef 97 20.04.2022.pdf,qwen/qwen3.6-35b-a3b,off,125,2022-04-29,Ministero delle Infrastrutture e della Mobilità Sostenibili,Ministero dell'Economia e delle Finanze,assegnazione,J84E21005150001,True,definitivo,,1,singolo,7400,1,,11284217.84,11284217.84,"11.284.217,84",totale,assegnazione,assegnato,Finanziamento disponibile,"art. 1, comma 1, lett. b); Allegato 2 / [TABELLA pag.12 n.1], riga 4","DEPOSITO DI CENTOCELLE EST | J84E21005150001 | 11.284.217,84",,alta,,
2022 DI Mims Mef 97 20.04.2022.pdf,qwen/qwen3.6-35b-a3b,off,125,2022-04-29,Ministero delle Infrastrutture e della Mobilità Sostenibili,Ministero dell'Economia e delle Finanze,assegnazione,E31J19000030001,True,definitivo,,1,singolo,7400,1,,26500000.0,26500000.0,"26.500.000,00",totale,assegnazione,assegnato,Finanziamento disponibile,"art. 1, comma 1, lett. b); Allegato 2 / [TABELLA pag.12 n.1], riga 6","SISTEMA DI TRASPORTO RAPIDO DI MASSA PER IL COLLEGAMENTO... PIACENZA | E31J19000030001 | 26.500.000,00",,alta,,
2022 DI Mims Mef 97 20.04.2022.pdf,qwen/qwen3.6-35b-a3b,off,125,2022-04-29,Ministero delle Infrastrutture e della Mobilità Sostenibili,Ministero dell'Economia e delle Finanze,assegnazione,F44I19000530001,True,definitivo,,1,singolo,7400,1,,122200000.0,122200000.0,"122.200.000,00",totale,assegnazione,assegnato,Finanziamento disponibile,"art. 1, comma 1, lett. b); Allegato 2 / [TABELLA pag.12 n.1], riga 8","AMPLIAMENTO DEL DEPOSITO GALLARATESE DEI TRENI DELLA LINEA METROPOLITANA 1 | F44I19000530001 | 122.200.000,00",,alta,,
2023 DM MIT 342-2023.pdf,qwen/qwen3.6-35b-a3b,off,182,2024-03-28,Ministero delle infrastrutture e dei trasporti,,rettifica,H49J21005480003,True,definitivo,,1,singolo,7150,3,,44275.0,44275.0,"44.275,00",totale,assegnazione,assegnato,Finanziamento,"Allegato 1 / [TABELLA pag.4 n.1], riga 1","FERROVIA GENOVA CASELLA | INTERSCAMBIO CASELLA | 44.275,00 | H49J21005480003",,alta,,
2023 DM MIT 342-2023.pdf,qwen/qwen3.6-35b-a3b,off,182,2024-03-28,Ministero delle infrastrutture e dei trasporti,,rettifica,C75B23000000001,True,definitivo,,1,singolo,7150,3,,10543255.0,10543255.0,"10.543.255,00",totale,assegnazione,assegnato,Finanziamento,"Allegato 1 / [TABELLA pag.4 n.1], riga 7","Roma - Viterbo | RINNOVO, POTENZIAMENTO E MESSA IN SICUREZZA... | 10.543.255,00 | C75B23000000001",,alta,,
2023 DM MIT 342-2023.pdf,qwen/qwen3.6-35b-a3b,off,182,2024-03-28,Ministero delle infrastrutture e dei trasporti,,rettifica,C71G22000090001,True,definitivo,,1,singolo,7150,3,,7000000.0,7000000.0,"7.000.000,00",totale,assegnazione,assegnato,Finanziamento,"Allegato 1 / [TABELLA pag.4 n.1], riga 8","Roma - Viterbo | POTENZIAMENTO DEL SISTEMA DI ALIMENTAZIONE... | 7.000.000,00 | C71G22000090001",,alta,,
2023 DM MIT 342-2023.pdf,qwen/qwen3.6-35b-a3b,off,182,2024-03-28,Ministero delle infrastrutture e dei trasporti,,rettifica,E51B21002250001,True,definitivo,,1,singolo,7150,3,,20000000.0,20000000.0,"20.000.000,00",totale,assegnazione,assegnato,Finanziamento,"Allegato 1 / [TABELLA pag.4 n.1], riga 10","FERROVIA REGIONALE | INTERVENTI SULLA RETE PER STABILIZZAZIONE ORARIO... | 20.000.000,00 | E51B21002250001",,alta,,
2023 DM MIT 342-2023.pdf,qwen/qwen3.6-35b-a3b,off,182,2024-03-28,Ministero delle infrastrutture e dei trasporti,,rettifica,B41E04000210001,True,definitivo,,1,singolo,7150,3,,50000000.0,50000000.0,"50.000.000,00",totale,assegnazione,assegnato,Finanziamento,"Allegato 1 / [TABELLA pag.5 n.1], riga 1","ENTE AUTONOMO VOLTURNO S.R.L. | LINEA 1 DELLA METROPOLITANA... | 50.000.000,00 | B41E04000210001",,alta,,
2023 DM MIT 342-2023.pdf,qwen/qwen3.6-35b-a3b,off,182,2024-03-28,Ministero delle infrastrutture e dei trasporti,,rettifica,F61B21003640009,True,definitivo,,1,singolo,7150,3,,30000000.0,30000000.0,"30.000.000,00",totale,assegnazione,assegnato,Finanziamento,"Allegato 1 / [TABELLA pag.5 n.1], riga 2","ENTE AUTONOMO VOLTURNO S.R.L. | NUOVO TELECOMANDO LINEE FLEGREE... | 30.000.000,00 | F61B21003640009",,alta,,
2023 DM MIT 342-2023.pdf,qwen/qwen3.6-35b-a3b,off,182,2024-03-28,Ministero delle infrastrutture e dei trasporti,,rettifica,G31G22000250001,True,definitivo,,1,singolo,7150,3,,2800000.0,2800000.0,"2.800.000,00",totale,assegnazione,assegnato,Finanziamento,"Allegato 1 / [TABELLA pag.5 n.1], riga 3","BARI- MATERA | RIFACIMENTO PENSILINA BARI CENTRALE | 2.800.000,00 | G31G22000250001",,alta,,
2023 DM MIT 342-2023.pdf,qwen/qwen3.6-35b-a3b,off,182,2024-03-28,Ministero delle infrastrutture e dei trasporti,,rettifica,D69D15002090001,True,definitivo,,2,aggregato,7150,3,,50000000.0,25000000.0,"50.000.000,00",totale,assegnazione,assegnato,Finanziamento,"Allegato 1 / [TABELLA pag.5 n.1], riga 4","MAGLIE- OTRANTO | COMPLETAMENTO ELETTRIFICAZIONE DORSALE SALENTO... | 50.000.000,00 | Lotto 4 - D69D15002090001 Lotto 3 - D49D15001920001",,alta,,Importo aggregato per due CUP (Lotto 4 e Lotto 3) nella stessa riga
2023 DM MIT 342-2023.pdf,qwen/qwen3.6-35b-a3b,off,182,2024-03-28,Ministero delle infrastrutture e dei trasporti,,rettifica,D49D15001920001,True,definitivo,,2,aggregato,7150,3,,50000000.0,25000000.0,"50.000.000,00",totale,assegnazione,assegnato,Finanziamento,"Allegato 1 / [TABELLA pag.5 n.1], riga 4","MAGLIE- OTRANTO | COMPLETAMENTO ELETTRIFICAZIONE DORSALE SALENTO... | 50.000.000,00 | Lotto 4 - D69D15002090001 Lotto 3 - D49D15001920001",,alta,,Importo aggregato per due CUP (Lotto 4 e Lotto 3) nella stessa riga
2023 DM MIT 342-2023.pdf,qwen/qwen3.6-35b-a3b,off,182,2024-03-28,Ministero delle infrastrutture e dei trasporti,,rettifica,G71B18000620005,True,definitivo,,1,singolo,7150,3,,2500000.0,2500000.0,"2.500.000,00",totale,assegnazione,assegnato,Finanziamento,"Allegato 1 / [TABELLA pag.5 n.1], riga 5","BARI- MATERA | REALIZZAZIONE PARCHEGGIO DI INTERSCAMBIO... | 2.500.000,00 | G71B18000620005",,alta,,
2023 DM MIT 342-2023.pdf,qwen/qwen3.6-35b-a3b,off,182,2024-03-28,Ministero delle infrastrutture e dei trasporti,,rettifica,F81B21005610001,True,definitivo,,1,singolo,7150,3,,18000000.0,18000000.0,"18.000.000,00",totale,assegnazione,assegnato,Finanziamento,"Allegato 1 / [TABELLA pag.6 n.1], riga 1","Monserrato - Isili | VARIANTE DI TRACCCIATO... | 18.000.000,00 | F81B21005610001",,alta,,
2023 DM MIT 342-2023.pdf,qwen/qwen3.6-35b-a3b,off,182,2024-03-28,Ministero delle infrastrutture e dei trasporti,,rettifica,I61B21003020001,True,definitivo,,1,singolo,7150,3,,9900000.0,9900000.0,"9.900.000,00",totale,assegnazione,assegnato,Finanziamento,"Allegato 1 / [TABELLA pag.6 n.1], riga 2","Ferrovie della Calabria S.r.l | LAVORI DI REALIZZAZIONE DELLA NUOVA STAZIONE... | 9.900.000,00 | I61B21003020001",,alta,,
2023 DM MIT 342-2023.pdf,qwen/qwen3.6-35b-a3b,off,182,2024-03-28,Ministero delle infrastrutture e dei trasporti,,rettifica,I67H21003160001,True,definitivo,,1,singolo,7150,3,,2900000.0,2900000.0,"2.900.000,00",totale,assegnazione,assegnato,Finanziamento,"Allegato 1 / [TABELLA pag.6 n.1], riga 3","Ferrovie della Calabria S.r.l | LAVORI DI MIGLIORAMENTO DELLA FRUIBILITÀ... | 2.900.000,00 | I67H21003160001",,alta,,
2023 DM MIT 342-2023.pdf,qwen/qwen3.6-35b-a3b,off,182,2024-03-28,Ministero delle infrastrutture e dei trasporti,,rettifica,B89J21020930005,True,definitivo,,1,singolo,7150,3,,1200000.0,1200000.0,"1.200.000,00",totale,assegnazione,assegnato,Finanziamento,"Allegato 1 / [TABELLA pag.6 n.1], riga 4","Divisione Ferroviari a di TUA S.p.A. | CREAZIONE POSTO INTERMEDIO... | 1.200.000,00 | B89J21020930005",,alta,,
2023 DM MIT 342-2023.pdf,qwen/qwen3.6-35b-a3b,off,182,2024-03-28,Ministero delle infrastrutture e dei trasporti,,rettifica,I57H21005640001,True,definitivo,,1,singolo,7150,4,,1512215.0,1512215.0,"1.512.215,00",totale,assegnazione,assegnato,Finanziamento,"Allegato 2 / [TABELLA pag.7 n.1], riga 1","ADRIA‐ MESTRE | INTERVENTI STRUTTURALI DI RISANAMENTO PONTE... | 1.512.215,00 | I57H21005640001",,alta,,
2023 DM MIT 342-2023.pdf,qwen/qwen3.6-35b-a3b,off,182,2024-03-28,Ministero delle infrastrutture e dei trasporti,,rettifica,B19F22013250002,True,definitivo,,1,singolo,7150,4,,2400000.0,2400000.0,"2.400.000,00",totale,assegnazione,assegnato,Finanziamento,"Allegato 2 / [TABELLA pag.7 n.1], riga 2","STIA ‐ AREZZO ‐ SINALUNGA | ELIMINAZIONE DI DUE PASSAGGI A LIVELLO... | 2.400.000,00 | B19F22013250002",,alta,,
2023 DM MIT 342-2023.pdf,qwen/qwen3.6-35b-a3b,off,182,2024-03-28,Ministero delle infrastrutture e dei trasporti,,rettifica,C89F23000050001,True,definitivo,,1,singolo,7150,4,,600000.0,600000.0,"600.000,00",totale,assegnazione,assegnato,Finanziamento,"Allegato 2 / [TABELLA pag.7 n.1], riga 3","Ferrovie dell’Emilia Romagna | SOPPRESSIONE DI QUATTRO PASSAGGI A LIVELLO... | 600.000,00 | C89F23000050001",,alta,,
2023 DM MIT 342-2023.pdf,qwen/qwen3.6-35b-a3b,off,182,2024-03-28,Ministero delle infrastrutture e dei trasporti,,rettifica,C99F23000050001,True,definitivo,,1,singolo,7150,4,,5400000.0,5400000.0,"5.400.000,00",totale,assegnazione,assegnato,Finanziamento,"Allegato 2 / [TABELLA pag.8 n.1], riga 1","Ferrovie Bologna- Portomaggiore | LINEA BOLOGNA- PORTOMAGGIORE... | 5.400.000,00 | C99F23000050001",,alta,,
2023 DM MIT 342-2023.pdf,qwen/qwen3.6-35b-a3b,off,182,2024-03-28,Ministero delle infrastrutture e dei trasporti,,rettifica,C56G21008730001,True,definitivo,,1,singolo,7150,4,,3400000.0,3400000.0,"3.400.000,00",totale,assegnazione,assegnato,Finanziamento,"Allegato 2 / [TABELLA pag.8 n.1], riga 2","Ferrovie Reggio E. | UPGRADE CON IMPIANTI MULTI‐ ACC | 3.400.000,00 | C56G21008730001",,alta,,
2023 DM MIT 342-2023.pdf,qwen/qwen3.6-35b-a3b,off,182,2024-03-28,Ministero delle infrastrutture e dei trasporti,,rettifica,F41B21005790009,True,definitivo,,1,singolo,7150,4,,30000000.0,30000000.0,30.000.000,totale,assegnazione,assegnato,Finanziamento,"Allegato 2 / [TABELLA pag.9 n.1], riga 1",ENTE AUTONOMO VOLTURNO S.R.L. | SOPPRESSIONE PP.LL. RETE FERROVIARIA EAV | 30.000.000 | F41B21005790009,,alta,,
2023 DM MIT 342-2023.pdf,qwen/qwen3.6-35b-a3b,off,182,2024-03-28,Ministero delle infrastrutture e dei trasporti,,rettifica,G31G22000260001,True,definitivo,,1,singolo,7150,4,,7200000.0,7200000.0,7.200.000,totale,assegnazione,assegnato,Finanziamento,"Allegato 2 / [TABELLA pag.9 n.1], riga 2",BARI‐ MATERA | RADDOPPIO TRA BARI SANT’ANDREA E MODUGNO | 7.200.000 | G31G22000260001,,alta,,
2023 DM MIT 342-2023.pdf,qwen/qwen3.6-35b-a3b,off,182,2024-03-28,Ministero delle infrastrutture e dei trasporti,,rettifica,G11B18000550005,True,definitivo,,1,singolo,7150,4,,3500000.0,3500000.0,"3.500.000,00",totale,assegnazione,assegnato,Finanziamento,"Allegato 2 / [TABELLA pag.10 n.1], riga 1","FERROVIE APPULO LUCANE S.r.l | Interventi sui piazzali di Matera Serra Rifusa... | 3.500.000,00 | G11B18000550005",,alta,,
2023 DM MIT 342-2023.pdf,qwen/qwen3.6-35b-a3b,off,182,2024-03-28,Ministero delle infrastrutture e dei trasporti,,rettifica,B81B21003770005,True,definitivo,,1,singolo,7150,4,,1750000.0,1750000.0,"1.750.000,00",totale,assegnazione,assegnato,Finanziamento,"Allegato 2 / [TABELLA pag.10 n.1], riga 2","Divisione Ferroviaria di TUA S.p.A. | TESATURA DEI CONDUTTORI IN RAME... | 1.750.000,00 | B81B21003770005",,alta,,
2025 DD MIT 141-2025.pdf,qwen/qwen3.6-35b-a3b,off,141,2025-04-18,Ministero delle infrastrutture e dei trasporti,,assegnazione,E51I04000010007,True,definitivo,,1,singolo,7419,2,2025-2032,2125000000.0,2125000000.0,"€ 2.125.000.000,00",totale,assegnazione,impegnato,,art. 3,"È autorizzato l’impegno delle risorse di cui al citato articolo 1, comma 478, della legge 29 dicembre 2022, n. 197, sul capitolo 7419, piano gestionale 2 ... per la somma complessiva di € 2.125.000.000,00",,alta,,"L'importo include € 50.000.000,00 in conto residui (2024) e € 2.075.000.000,00 per gli esercizi 2025-2032. Il CUP E51I04000010007 è associato alla convenzione che disciplina i contributi per la Linea C, inclusi gli interventi finanziati da questa legge."
2025 DD MIT 141-2025.pdf,qwen/qwen3.6-35b-a3b,off,141,2025-04-18,Ministero delle infrastrutture e dei trasporti,,assegnazione,E51I04000010007,True,definitivo,,1,singolo,7416,1,2027-2028,75000000.0,75000000.0,"€ 75.000.000,00",totale,assegnazione,impegnato,,art. 4,"È autorizzato l’impegno delle risorse di cui al citato art.1, comma 478, della legge 29 dicembre 2022, n.197, sul capitolo 7416 piano gestonale 1 ... per la somma complessiva di € 75.000.000,00",,alta,,"L'importo è ripartito in € 50.000.000,00 per il 2027 e € 25.000.000,00 per il 2028. Il CUP E51I04000010007 è associato alla convenzione che disciplina i contributi per la Linea C."
2022 DD MIT 454-2022.pdf,z-ai/glm-4.7-flash,off,,,Ministero delle Infrastrutture e dei Trasporti,,impegno,E51I04000010007,True,definitivo,,1,singolo,7426,1,2021,14000000.0,14000000.0,"€ 14.000.000,00",totale,assegnazione,impegnato,,Articolo 1,"l'impegno di € 14.000.000,00 in conto residui di lettera F, esercizio di provenienza 2021","Decreto del Ministro delle infrastrutture e dei trasporti di concerto con il Ministro dell'economia e delle finanze, n. 498 del 14 novembre 2014",alta,,"Impegno in conto residui, lettera F, esercizio di provenienza 2021"
2022 DD MIT 454-2022.pdf,z-ai/glm-4.7-flash,off,,,Ministero delle Infrastrutture e dei Trasporti,,impegno,E51I04000010007,True,definitivo,,1,singolo,7426,1,2022-2025,131000000.0,131000000.0,"€ 131.000.000,00",totale,assegnazione,impegnato,,Articolo 2,"per l'importo complessivo di € 131.000.000,00 a favore di Roma Capitale","Decreto del Ministro delle infrastrutture e dei trasporti di concerto con il Ministro dell'economia e delle finanze, n. 498 del 14 novembre 2014",alta,,"Impegno complessivo ripartito: 2022: 35.000.000,00; 2023: 40.000.000,00; 2024: 33.500.000,00; 2025: 22.500.000,00"
2022 DDG 128 del 02-05-22.pdf,z-ai/glm-4.7-flash,off,,,Ministero delle infrastrutture e della mobilità sostenibili,,impegno,H94I19000130004,True,definitivo,,1,singolo,7400,7,2020-2034,97154124.1,97154124.1,"97.154.124,10",totale,assegnazione,impegnato,Totale,"artt. 1-2; Allegato / [TABELLA pag.4 n.1], riga 1","Comune di Padova | H94I19000130004 | 7400/PG 7 | ... | 97.154.124,10",,alta,,"impegno in conto residui (€ 1.000.000,00 es. 2020 + € 2.000.000,00 es. 2021) e in conto competenza 2022-2034; importo totale della riga"
2022 DDG 128 del 02-05-22.pdf,z-ai/glm-4.7-flash,off,,,Ministero delle infrastrutture e della mobilità sostenibili,,impegno,J80J18000000001,True,definitivo,,1,singolo,7400,7,2020-2034,159466174.12,159466174.12,"159.466.174,12",totale,assegnazione,impegnato,Totale,"artt. 1-2; Allegato / [TABELLA pag.4 n.1], riga 2","Roma Capitale | J80J18000000001 | 7400/PG 7 | ... | 159.466.174,12",,alta,,impegno in conto residui e in conto competenza 2022-2034; importo totale della riga
2022 DDG 128 del 02-05-22.pdf,z-ai/glm-4.7-flash,off,,,Ministero delle infrastrutture e della mobilità sostenibili,,impegno,C11B21008720001,True,definitivo,,2,aggregato,7400,7,2020-2034,44494493.04,22247246.52,"44.494.493,04",totale,assegnazione,impegnato,Totale,"artt. 1-2; Allegato / [TABELLA pag.4 n.1], riga 3","Comune di Torino | C11B21008720001 D81E20000410007 | 7400/PG 7 | ... | 44.494.493,04",,media,due CUP nella stessa cella con un unico importo di riga; l'atto non ripartisce l'importo tra i due CUP,importo unico per due CUP del Comune di Torino; l'atto non ripartisce
2022 DDG 128 del 02-05-22.pdf,z-ai/glm-4.7-flash,off,,,Ministero delle infrastrutture e della mobilità sostenibili,,impegno,D81E20000410007,True,definitivo,,2,aggregato,7400,7,2020-2034,44494493.04,22247246.52,"44.494.493,04",totale,assegnazione,impegnato,Totale,"artt. 1-2; Allegato / [TABELLA pag.4 n.1], riga 3","Comune di Torino | C11B21008720001 D81E20000410007 | 7400/PG 7 | ... | 44.494.493,04",,media,due CUP nella stessa cella con un unico importo di riga; l'atto non ripartisce l'importo tra i due CUP,importo unico per due CUP del Comune di Torino; l'atto non ripartisce
2022 DDG 128 del 02-05-22.pdf,z-ai/glm-4.7-flash,off,,,Ministero delle infrastrutture e della mobilità sostenibili,,impegno,C81B21013200005,True,definitivo,,1,singolo,7400,7,2020-2034,333059208.74,333059208.74,"333.059.208,74",totale,assegnazione,impegnato,Totale,"artt. 1-3; Allegato / [TABELLA pag.4 n.1], riga 4","Comune di Brescia | C81B21013200005 | 7400/PG 7 | ... | 333.059.208,74",,alta,,impegno su PG 7 (conto residui + competenza 2022-2034); importo totale della riga
2022 DDG 128 del 02-05-22.pdf,z-ai/glm-4.7-flash,off,,,Ministero delle infrastrutture e della mobilità sostenibili,,impegno,C81B21013200005,True,definitivo,,1,singolo,7400,1,2029-2034,26486678.33,26486678.33,"26.486.678,33",totale,assegnazione,impegnato,Totale,"art. 3; Allegato / [TABELLA pag.4 n.1], riga 5","| | 7400/PG 1 | ... | 4.414.446,39 | ... | 26.486.678,33",,alta,,impegno in conto competenza 2029-2034 sul PG 1 a favore del Comune di Brescia (art. 3)
2022 DI Mims Mef 97 20.04.2022.pdf,z-ai/glm-4.7-flash,off,,,Ministero delle Infrastrutture e della Mobilità Sostenibili,Ministero dell'Economia e delle Finanze,assegnazione,B39J22001360001,True,definitivo,,1,singolo,7400,8,,398000000.0,398000000.0,"398.000.000,00",totale,assegnazione,assegnato,FINANZIAMENTO AMMESSO,"art. 1, comma 1, lett. a); Allegato 1 / [TABELLA pag.10 n.1], riga 1","SKYMETRO VAL BISAGNO GENOVA | B39J22001360001 | ... | 398.000.000,00 | --- | 398.000.000,00",,alta,,
2022 DI Mims Mef 97 20.04.2022.pdf,z-ai/glm-4.7-flash,off,,,Ministero delle Infrastrutture e della Mobilità Sostenibili,Ministero dell'Economia e delle Finanze,assegnazione,B31F20000030005,True,definitivo,,1,singolo,7400,8,,20860000.0,20860000.0,"20.860.000,00",totale,assegnazione,assegnato,FINANZIAMENTO AMMESSO,"art. 1, comma 1, lett. a); Allegato 1 / [TABELLA pag.10 n.1], riga 2","PROLUNGAMENTO METROPOLITANA DI GENOVA DA BRIN A CANEPARI... | B31F20000030005 | ... | 20.860.000,00",,alta,,
2022 DI Mims Mef 97 20.04.2022.pdf,z-ai/glm-4.7-flash,off,,,Ministero delle Infrastrutture e della Mobilità Sostenibili,Ministero dell'Economia e delle Finanze,assegnazione,B44D20000040001,True,definitivo,,1,singolo,7400,8,,180000000.0,180000000.0,"180.000.000,00",totale,assegnazione,assegnato,FINANZIAMENTO AMMESSO,"art. 1, comma 1, lett. a); Allegato 1 / [TABELLA pag.10 n.1], riga 3","LINEA METROPOLITANA M1 PROLUNGAMENTO QUARTIERE BAGGIO – OLMI - VALSESIA | B44D20000040001 | ... | 180.000.000,00",,alta,,"costo intervento 398.000.000,00; cofinanziamento disponibile 218.000.000,00; l'atto assegna il residuo 180.000.000,00"
2022 DI Mims Mef 97 20.04.2022.pdf,z-ai/glm-4.7-flash,off,,,Ministero delle Infrastrutture e della Mobilità Sostenibili,Ministero dell'Economia e delle Finanze,assegnazione,B91J21000040001,True,definitivo,,1,singolo,7400,8,,420000000.0,420000000.0,"420.000.000,00",totale,assegnazione,assegnato,FINANZIAMENTO AMMESSO,"art. 1, comma 1, lett. a); Allegato 1 / [TABELLA pag.10 n.1], riga 4","PROLUNGAMENTO LINEA METROPOLITANA M4 DA AEROPORTO LINATE A SEGRATE | B91J21000040001 | ... | 420.000.000,00",,alta,,
2022 DI Mims Mef 97 20.04.2022.pdf,z-ai/glm-4.7-flash,off,,,Ministero delle Infrastrutture e della Mobilità Sostenibili,Ministero dell'Economia e delle Finanze,assegnazione,B41J21000050006,True,definitivo,,1,singolo,7400,8,,4500000.0,4500000.0,"4.500.000,00",totale,assegnazione,assegnato,FINANZIAMENTO AMMESSO,"art. 1, comma 1, lett. a); Allegato 1 / [TABELLA pag.10 n.1], riga 5","NUOVA LINEA METROPOLITANA M6 RAMO SUD (PFTE) | B41J21000050006 | ... | 4.500.000,00",,alta,,
2022 DI Mims Mef 97 20.04.2022.pdf,z-ai/glm-4.7-flash,off,,,Ministero delle Infrastrutture e della Mobilità Sostenibili,Ministero dell'Economia e delle Finanze,assegnazione,B41C21000010001,True,definitivo,,1,singolo,7400,8,,5500000.0,5500000.0,"5.500.000,00",totale,assegnazione,assegnato,FINANZIAMENTO AMMESSO,"art. 1, comma 1, lett. a); Allegato 1 / [TABELLA pag.10 n.1], riga 6","PROLUNGAMENTO M3 SAN DONATO M. – ASTA PAULLESE (PFTE) | B41C21000010001 | ... | 5.500.000,00",,alta,,
2022 DI Mims Mef 97 20.04.2022.pdf,z-ai/glm-4.7-flash,off,,,Ministero delle Infrastrutture e della Mobilità Sostenibili,Ministero dell'Economia e delle Finanze,assegnazione,F41B22000740009,True,definitivo,,1,singolo,7400,8,,631373163.0,631373163.0,"631.373.163,00",totale,assegnazione,assegnato,FINANZIAMENTO AMMESSO,"art. 1, comma 1, lett. a); Allegato 1 / [TABELLA pag.10 n.1], riga 7","NUOVO COLLEGAMENTO... LOTTO 1°_STRALCIO I | F41B22000740009 (CUP MASTER) | ... | 631.373.163,00",,alta,,il codice F41B22000740009 è marcato '(CUP MASTER)' nella cella CUP; essendo l'unico codice della riga è registrato come CUP della riga
2022 DI Mims Mef 97 20.04.2022.pdf,z-ai/glm-4.7-flash,off,,,Ministero delle Infrastrutture e della Mobilità Sostenibili,Ministero dell'Economia e delle Finanze,assegnazione,F41B22000830009,True,definitivo,,1,singolo,7400,8,,163500824.0,163500824.0,"163.500.824,00",totale,assegnazione,assegnato,FINANZIAMENTO AMMESSO,"art. 1, comma 1, lett. a); Allegato 1 / [TABELLA pag.10 n.1], riga 8","NUOVO COLLEGAMENTO... LOTTO 1°_STRALCIO II | F41B22000830009 | ... | 163.500.824,00",,alta,,
2022 DI Mims Mef 97 20.04.2022.pdf,z-ai/glm-4.7-flash,off,,,Ministero delle Infrastrutture e della Mobilità Sostenibili,Ministero dell'Economia e delle Finanze,assegnazione,E51I04000010007,True,definitivo,,1,singolo,7400,8,,610000000.0,610000000.0,"610.000.000,00",totale,assegnazione,assegnato,FINANZIAMENTO AMMESSO,"art. 1, comma 1, lett. a); Allegato 1 / [TABELLA pag.10 n.1], riga 9","LINEA C... SUB-TRATTA FUNZIONALE DA STAZIONE VENEZIA A STAZIONE FORI IMPERIALI | E51I04000010007 | ... | 610.000.000,00",,alta,,"costo intervento 755.000.000,00; cofinanziamento disponibile 145.000.000,00; l'atto assegna il residuo 610.000.000,00; stesso CUP della riga successiva (tratta T2)"
2022 DI Mims Mef 97 20.04.2022.pdf,z-ai/glm-4.7-flash,off,,,Ministero delle Infrastrutture e della Mobilità Sostenibili,Ministero dell'Economia e delle Finanze,assegnazione,E51I04000010007,True,definitivo,,1,singolo,7400,8,,990000000.0,990000000.0,"990.000.000,00",totale,assegnazione,assegnato,FINANZIAMENTO AMMESSO,"art. 1, comma 1, lett. a); Allegato 1 / [TABELLA pag.10 n.1], riga 10","LINEA C DELLA METROPOLITANA DI ROMA - TRATTA T2 - LOTTO COSTRUTTIVO | E51I04000010007 | ... | 990.000.000,00",,alta,,"stesso CUP della riga precedente (sub-tratta Venezia-Fori Imperiali): due interventi distinti con importi propri, entrambi registrati"
2022 DI Mims Mef 97 20.04.2022.pdf,z-ai/glm-4.7-flash,off,,,Ministero delle Infrastrutture e della Mobilità Sostenibili,Ministero dell'Economia e delle Finanze,assegnazione,C71F20000020005,True,definitivo,,1,singolo,7400,8,,1000000000.0,1000000000.0,"1.000.000.000,00",totale,assegnazione,assegnato,FINANZIAMENTO AMMESSO,"art. 1, comma 1, lett. a); Allegato 1 / [TABELLA pag.10 n.1], riga 11","METROPOLITANA AUTOMATICA DI TORINO – LINEA 2 – TRATTA ""POLITECNICO – REBAUDENGO"" | C71F20000020005 | ... | 1.000.000.000,00",,alta,,"costo intervento 1.800.000.000,00; cofinanziamento disponibile 800.000.000,00; l'atto assegna il residuo 1.000.000.000,00"
2022 DI Mims Mef 97 20.04.2022.pdf,z-ai/glm-4.7-flash,off,,,Ministero delle Infrastrutture e della Mobilità Sostenibili,Ministero dell'Economia e delle Finanze,assegnazione,J81B21014060001,True,definitivo,,1,singolo,7400,1,,173183831.97,173183831.97,"173.183.831,97",totale,assegnazione,assegnato,FINANZIAMENTO AMMESSO,"art. 1, comma 1, lett. b); Allegato 2 / [TABELLA pag.12 n.1], riga 1","LINEA TRANVIARIA TERMINI - VATICANO - AURELIO | J81B21014060001 | TRANVIA | 293.183.831,97 | 120.000.000,00 | 173.183.831,97",,alta,,"costo intervento 293.183.831,97; cofinanziamento disponibile 120.000.000,00 (riconosciuto con DM 16 novembre 2021, n. 448, misura M2C2 PNRR); l'atto assegna il residuo 173.183.831,97"
2022 DI Mims Mef 97 20.04.2022.pdf,z-ai/glm-4.7-flash,off,,,Ministero delle Infrastrutture e della Mobilità Sostenibili,Ministero dell'Economia e delle Finanze,assegnazione,J84E21005150001,True,definitivo,,1,singolo,7400,1,,11284217.84,11284217.84,"11.284.217,84",totale,assegnazione,assegnato,FINANZIAMENTO AMMESSO,"art. 1, comma 1, lett. b); Allegato 2 / [TABELLA pag.12 n.1], riga 2","DEPOSITO DI CENTOCELLE EST | J84E21005150001 | TRANVIA | 11.284.217,84 | --- | 11.284.217,84",,alta,,
2022 DI Mims Mef 97 20.04.2022.pdf,z-ai/glm-4.7-flash,off,,,Ministero delle Infrastrutture e della Mobilità Sostenibili,Ministero dell'Economia e delle Finanze,assegnazione,E31J19000030001,True,definitivo,,1,singolo,7400,1,,26500000.0,26500000.0,"26.500.000,00",totale,assegnazione,assegnato,FINANZIAMENTO AMMESSO,"art. 1, comma 1, lett. b); Allegato 2 / [TABELLA pag.12 n.1], riga 3","SISTEMA DI TRASPORTO RAPIDO DI MASSA... POLO OSPEDALIERO | E31J19000030001 | BUSVIA | 26.500.000,00 | --- | 26.500.000,00",,alta,,
2022 DI Mims Mef 97 20.04.2022.pdf,z-ai/glm-4.7-flash,off,,,Ministero delle Infrastrutture e della Mobilità Sostenibili,Ministero dell'Economia e delle Finanze,assegnazione,F44I19000530001,True,definitivo,,1,singolo,7400,1,,122200000.0,122200000.0,"122.200.000,00",totale,assegnazione,assegnato,FINANZIAMENTO AMMESSO,"art. 1, comma 1, lett. b); Allegato 2 / [TABELLA pag.12 n.1], riga 4","AMPLIAMENTO DEL DEPOSITO GALLARATESE DEI TRENI DELLA LINEA METROPOLITANA 1 | F44I19000530001 | METRO | 122.200.000,00",,alta,,
2023 DM MIT 342-2023.pdf,z-ai/glm-4.7-flash,off,,,Ministero delle Infrastrutture e dei Trasporti,,rettifica,H49J21005480003,True,definitivo,,1,singolo,7150,3,,47725.0,47725.0,"47.725,00",totale,assegnazione,assegnato,IMPORTO AMMASSO A FINANZIAMENTO CENTRO - NORD - POTENZIAMENTO,"Allegato 1 / [TABELLA pag.4 n.1], riga 5","INTERSCAMBIO SANT'OLCESE TULLO | 47.725,00 | 0,00 | 47.725,00 | H49J21005480003",decreto n. 364 del 23 settembre 2021,alta,,Allegato 1 aggiornato e sostituito ex art. 3; unico intervento con CUP della sezione Genova-Casella
2023 DM MIT 342-2023.pdf,z-ai/glm-4.7-flash,off,,,Ministero delle Infrastrutture e dei Trasporti,,rettifica,C75B23000000001,True,definitivo,,1,singolo,7150,3,,10543255.0,10543255.0,"10.543.255,00",totale,assegnazione,assegnato,IMPORTO AMMASSO A FINANZIAMENTO CENTRO - NORD - POTENZIAMENTO,"Allegato 1 / [TABELLA pag.4 n.1], riga 10","RINNOVO, POTENZIAMENTO E MESSA IN SICUREZZA ... | 10.543.255,00 | 0,00 | 10.543.255,00 | C75B23000000001",decreto n. 364 del 23 settembre 2021,alta,,
2023 DM MIT 342-2023.pdf,z-ai/glm-4.7-flash,off,,,Ministero delle Infrastrutture e dei Trasporti,,rettifica,C71G22000090001,True,definitivo,,1,singolo,7150,3,,7000000.0,7000000.0,"7.000.000,00",totale,assegnazione,assegnato,IMPORTO AMMASSO A FINANZIAMENTO CENTRO - NORD - POTENZIAMENTO,"Allegato 1 / [TABELLA pag.4 n.1], riga 11","POTENZIAMENTO DEL SISTEMA DI ALIMENTAZIONE ELETTRICA ... | 7.000.000,00 | 0,00 | 7.000.000,00 | C71G22000090001",decreto n. 364 del 23 settembre 2021,alta,,
2023 DM MIT 342-2023.pdf,z-ai/glm-4.7-flash,off,,,Ministero delle Infrastrutture e dei Trasporti,,rettifica,E51B21002250001,True,definitivo,,1,singolo,7150,3,,20000000.0,20000000.0,"20.000.000,00",totale,assegnazione,assegnato,IMPORTO AMMASSO A FINANZIAMENTO CENTRO - NORD - POTENZIAMENTO,"Allegato 1 / [TABELLA pag.4 n.1], riga 12","INTERVENTI SULLA RETE PER STABILIZZAZIONE ORARIO ... | 20.000.000,00 | 0,00 | 20.000.000,00 | E51B21002250001",decreto n. 364 del 23 settembre 2021,alta,,
2023 DM MIT 342-2023.pdf,z-ai/glm-4.7-flash,off,,,Ministero delle Infrastrutture e dei Trasporti,,rettifica,B41E04000210001,True,definitivo,,1,singolo,7150,3,,50000000.0,50000000.0,"50.000.000,00",totale,assegnazione,assegnato,IMPORTO AMMASSO A FINANZIAMENTO SUD POTENZIAMENTO,"Allegato 1 / [TABELLA pag.5 n.1], riga 1","LINEA 1 DELLA METROPOLITANA DI NAPOLI ... | 50.000.000,00 | 50.000.000,00 | 100.000.000,00 | 50.000.000,00 | B41E04000210001",decreto n. 364 del 23 settembre 2021,alta,,"cofinanziamento 50.000.000,00 non generante record"
2023 DM MIT 342-2023.pdf,z-ai/glm-4.7-flash,off,,,Ministero delle Infrastrutture e dei Trasporti,,rettifica,F61B21003640009,True,definitivo,,1,singolo,7150,3,,30000000.0,30000000.0,"30.000.000,00",totale,assegnazione,assegnato,IMPORTO AMMASSO A FINANZIAMENTO SUD POTENZIAMENTO,"Allegato 1 / [TABELLA pag.5 n.1], riga 2","NUOVO TELECOMANDO LINEE FLEGREE ... | 30.000.000,00 | 0,00 | 30.000.000,00 | F61B21003640009",decreto n. 364 del 23 settembre 2021,alta,,
2023 DM MIT 342-2023.pdf,z-ai/glm-4.7-flash,off,,,Ministero delle Infrastrutture e dei Trasporti,,rettifica,G31G22000250001,True,definitivo,,1,singolo,7150,3,,2800000.0,2800000.0,"2.800.000,00",totale,assegnazione,assegnato,IMPORTO AMMASSO A FINANZIAMENTO SUD POTENZIAMENTO,"Allegato 1 / [TABELLA pag.5 n.1], riga 3","RIFACIMENTO PENSILINA BARI CENTRALE ... | 2.800.000,00 | 0,00 | 2.800.000,00 | G31G22000250001",decreto n. 364 del 23 settembre 2021,alta,,
2023 DM MIT 342-2023.pdf,z-ai/glm-4.7-flash,off,,,Ministero delle Infrastrutture e dei Trasporti,,rettifica,D69D15002090001,True,definitivo,,2,aggregato,7150,3,,50000000.0,25000000.0,"50.000.000,00",totale,assegnazione,assegnato,IMPORTO AMMASSO A FINANZIAMENTO SUD POTENZIAMENTO,"Allegato 1 / [TABELLA pag.5 n.1], riga 4","COMPLETAMENTO ELETTRIFICAZIONE DORSALE SALENTO ... | 50.000.000,00 | 130.000.000,00 | 180.000.000,00 | 50.000.000,00 | Lotto 4 - D69D15002090001 Lotto 3 - D49D15001920001",decreto n. 364 del 23 settembre 2021,alta,,importo unico per due lotti/CUP; l'atto non ripartisce
2023 DM MIT 342-2023.pdf,z-ai/glm-4.7-flash,off,,,Ministero delle Infrastrutture e dei Trasporti,,rettifica,D49D15001920001,True,definitivo,,2,aggregato,7150,3,,50000000.0,25000000.0,"50.000.000,00",totale,assegnazione,assegnato,IMPORTO AMMASSO A FINANZIAMENTO SUD POTENZIAMENTO,"Allegato 1 / [TABELLA pag.5 n.1], riga 4","COMPLETAMENTO ELETTRIFICAZIONE DORSALE SALENTO ... | 50.000.000,00 | 130.000.000,00 | 180.000.000,00 | 50.000.000,00 | Lotto 4 - D69D15002090001 Lotto 3 - D49D15001920001",decreto n. 364 del 23 settembre 2021,alta,,importo unico per due lotti/CUP; l'atto non ripartisce
2023 DM MIT 342-2023.pdf,z-ai/glm-4.7-flash,off,,,Ministero delle Infrastrutture e dei Trasporti,,rettifica,G71B18000620005,True,definitivo,,1,singolo,7150,3,,2500000.0,2500000.0,"2.500.000,00",totale,assegnazione,assegnato,IMPORTO AMMASSO A FINANZIAMENTO SUD POTENZIAMENTO,"Allegato 1 / [TABELLA pag.5 n.1], riga 5","REALIZZAZIONE PARCHEGGIO DI INTERSCAMBIO NELLA STAZIONE DI ALTAMURA ... | 2.500.000,00 | 0,00 | 2.500.000,00 | G71B18000620005",decreto n. 364 del 23 settembre 2021,alta,,
2023 DM MIT 342-2023.pdf,z-ai/glm-4.7-flash,off,,,Ministero delle Infrastrutture e dei Trasporti,,rettifica,F81B21005610001,True,definitivo,,1,singolo,7150,3,,18000000.0,18000000.0,"18.000.000,00",totale,assegnazione,assegnato,IMPORTO AMMASSO A FINANZIAMENTO SUD POTENZIAMENTO,"Allegato 1 / [TABELLA pag.6 n.1], riga 1","VARIANTE DI TRACCCIATO ... | 26.400.000,00 | 0,00 | 26.400.000,00 | 18.000.000,00 | F81B21005610001",decreto n. 364 del 23 settembre 2021,alta,,"importo ammesso a finanziamento 18.000.000,00 su importo richiesto 26.400.000,00"
2023 DM MIT 342-2023.pdf,z-ai/glm-4.7-flash,off,,,Ministero delle Infrastrutture e dei Trasporti,,rettifica,I61B21003020001,True,definitivo,,1,singolo,7150,3,,9900000.0,9900000.0,"9.900.000,00",totale,assegnazione,assegnato,IMPORTO AMMASSO A FINANZIAMENTO SUD POTENZIAMENTO,"Allegato 1 / [TABELLA pag.6 n.1], riga 2","LAVORI DI REALIZZAZIONE DELLA NUOVA STAZIONE FERROVIARIA DI CATANZARO CITTÀ ... | 9.900.000,00 | 0,00 | 9.900.000,00 | I61B21003020001",decreto n. 364 del 23 settembre 2021,alta,,
2023 DM MIT 342-2023.pdf,z-ai/glm-4.7-flash,off,,,Ministero delle Infrastrutture e dei Trasporti,,rettifica,I67H21003160001,True,definitivo,,1,singolo,7150,3,,2900000.0,2900000.0,"2.900.000,00",totale,assegnazione,assegnato,IMPORTO AMMASSO A FINANZIAMENTO SUD POTENZIAMENTO,"Allegato 1 / [TABELLA pag.6 n.1], riga 3","LAVORI DI MIGLIORAMENTO DELLA FRUIBILITÀ ... | 2.900.000,00 | 0,00 | 2.900.000,00 | I67H21003160001",decreto n. 364 del 23 settembre 2021,alta,,
2023 DM MIT 342-2023.pdf,z-ai/glm-4.7-flash,off,,,Ministero delle Infrastrutture e dei Trasporti,,rettifica,B89J21020930005,True,definitivo,,1,singolo,7150,3,,1200000.0,1200000.0,"1.200.000,00",totale,assegnazione,assegnato,IMPORTO AMMASSO A FINANZIAMENTO SUD POTENZIAMENTO,"Allegato 1 / [TABELLA pag.6 n.1], riga 4","CREAZIONE POSTO INTERMEDIO LOCALITÀ GUASTACCONCIA ... | 1.200.000,00 | 0,00 | 1.200.000,00 | B89J21020930005",decreto n. 364 del 23 settembre 2021,alta,,
2023 DM MIT 342-2023.pdf,z-ai/glm-4.7-flash,off,,,Ministero delle Infrastrutture e dei Trasporti,,rettifica,I57H21005640001,True,definitivo,,1,singolo,7150,4,,1512215.0,1512215.0,"1.512.215,00",totale,assegnazione,assegnato,TOTALE SICUREZZA,"Allegato 2 / [TABELLA pag.7 n.1], riga 1","INTERVENTI STRUTTURALI DI RISANAMENTO PONTE IN C.A. AL KM. 14+355 ... | 1.512.215,00 | 0,00 | 1.512.215,00 | I57H21005640001",decreto n. 364 del 23 settembre 2021,alta,,valore corretto ex art. 1 (precedente 1.412.215 per errore materiale)
2023 DM MIT 342-2023.pdf,z-ai/glm-4.7-flash,off,,,Ministero delle Infrastrutture e dei Trasporti,,rettifica,B19F22013250002,True,definitivo,,1,singolo,7150,4,,2400000.0,2400000.0,"2.400.000,00",totale,assegnazione,assegnato,TOTALE SICUREZZA,"Allegato 2 / [TABELLA pag.7 n.1], riga 2","ELIMINAZIONE DI DUE PASSAGGI A LIVELLO ... | 2.400.000,00 | 0,00 | 2.400.000,00 | B19F22013250002",decreto n. 364 del 23 settembre 2021,alta,,
2023 DM MIT 342-2023.pdf,z-ai/glm-4.7-flash,off,,,Ministero delle Infrastrutture e dei Trasporti,,rettifica,C89F23000050001,True,definitivo,,1,singolo,7150,4,,600000.0,600000.0,"600.000,00",totale,assegnazione,assegnato,TOTALE SICUREZZA,"Allegato 2 / [TABELLA pag.7 n.1], riga 3","SOPPRESSIONE DI QUATTRO PASSAGGI A LIVELLO PRIVATI ... | 600.000,00 | 0,00 | 600.000,00 | C89F23000050001",decreto n. 364 del 23 settembre 2021,alta,,
2023 DM MIT 342-2023.pdf,z-ai/glm-4.7-flash,off,,,Ministero delle Infrastrutture e dei Trasporti,,rettifica,C99F23000050001,True,definitivo,,1,singolo,7150,4,,5400000.0,5400000.0,"5.400.000,00",totale,assegnazione,assegnato,TOTALE SICUREZZA,"Allegato 2 / [TABELLA pag.8 n.1], riga 1","LINEA BOLOGNA-PORTOMAGGIORE, SOPPRESSIONE PL ... | 5.400.000,00 | 1.600.000,00 | 7.000.000,00 | C99F23000050001",decreto n. 364 del 23 settembre 2021,alta,,"cofinanziamento 1.600.000,00 non generante record"
2023 DM MIT 342-2023.pdf,z-ai/glm-4.7-flash,off,,,Ministero delle Infrastrutture e dei Trasporti,,rettifica,C56G21008730001,True,definitivo,,1,singolo,7150,4,,3400000.0,3400000.0,"3.400.000,00",totale,assegnazione,assegnato,TOTALE SICUREZZA,"Allegato 2 / [TABELLA pag.8 n.1], riga 2","UPGRADE CON IMPIANTI MULTI-ACC ... | 3.400.000,00 | 0,00 | 3.400.000,00 | C56G21008730001",decreto n. 364 del 23 settembre 2021,alta,,
2023 DM MIT 342-2023.pdf,z-ai/glm-4.7-flash,off,,,Ministero delle Infrastrutture e dei Trasporti,,rettifica,F41B21005790009,True,definitivo,,1,singolo,7150,4,,30000000.0,30000000.0,30.000.000,totale,assegnazione,assegnato,TOTALE SICUREZZA,"Allegato 2 / [TABELLA pag.9 n.1], riga 1",SOPPRESSIONE PP.LL. RETE FERROVIARIA EAV ... | 30.000.000 | 0 | 30.000.000 | F41B21005790009,decreto n. 364 del 23 settembre 2021,alta,,
2023 DM MIT 342-2023.pdf,z-ai/glm-4.7-flash,off,,,Ministero delle Infrastrutture e dei Trasporti,,rettifica,G31G22000260001,True,definitivo,,1,singolo,7150,4,,7200000.0,7200000.0,7.200.000,totale,assegnazione,assegnato,TOTALE SICUREZZA,"Allegato 2 / [TABELLA pag.9 n.1], riga 2",RADDOPPIO TRA BARI SANT'ANDREA E MODUGNO ... | 7.200.000 | 0 | 7.200.000 | G31G22000260001,decreto n. 364 del 23 settembre 2021,alta,,
2023 DM MIT 342-2023.pdf,z-ai/glm-4.7-flash,off,,,Ministero delle Infrastrutture e dei Trasporti,,rettifica,G11B18000550005,True,definitivo,,1,singolo,7150,4,,3500000.0,3500000.0,"3.500.000,00",totale,assegnazione,assegnato,TOTALE SICUREZZA,"Allegato 2 / [TABELLA pag.10 n.1], riga 1","Interventi sui piazzali di Matera Serra Rifusa ... | 3.500.000,00 | 0 | 3.500.000 | G11B18000550005",decreto n. 364 del 23 settembre 2021,alta,,
2023 DM MIT 342-2023.pdf,z-ai/glm-4.7-flash,off,,,Ministero delle Infrastrutture e dei Trasporti,,rettifica,B81B21003770005,True,definitivo,,1,singolo,7150,4,,1750000.0,1750000.0,"1.750.000,00",totale,assegnazione,assegnato,TOTALE SICUREZZA,"Allegato 2 / [TABELLA pag.10 n.1], riga 2","TESATURA DEI CONDUTTORI IN RAME ... | 1.750.000,00 | 0 | 1.750.000 | B81B21003770005",decreto n. 364 del 23 settembre 2021,alta,,
2025 DD MIT 141-2025.pdf,z-ai/glm-4.7-flash,off,,2025-04-18,Ministero delle Infrastrutture e dei Trasporti,,attuazione,E51I04000010007,True,definitivo,,1,singolo,7419,2,2024-2032,2125000000.0,2125000000.0,"€ 2.125.000.000,00",totale,assegnazione,impegnato,,art. 3; [TABELLA pag.5 n.1],"sul capitolo 7419, piano gestionale 2 ... per la somma complessiva di € 2.125.000.000,00",,alta,,"impegno di cui € 50.000.000,00 in conto residui (esercizio di provenienza 2024) e € 2.075.000.000,00 per gli esercizi 2025-2032; ripartizione annuale in [TABELLA pag.5 n.1] non registrata come record separato (R5)"
2025 DD MIT 141-2025.pdf,z-ai/glm-4.7-flash,off,,2025-04-18,Ministero delle Infrastrutture e dei Trasporti,,attuazione,E51I04000010007,True,definitivo,,1,singolo,7416,1,2027-2028,75000000.0,75000000.0,"€ 75.000.000,00",totale,assegnazione,impegnato,,art. 4,"sul capitolo 7416 piano gestonale 1 ... per la somma complessiva di € 75.000.000,00",,alta,,"impegno di cui € 50.000.000,00 per l'esercizio 2027 e € 25.000.000,00 per l'esercizio 2028"
