decree_file,model_slug,thinking,numero_decreto,data_decreto,ministero_1,ministero_2,natura_atto,cup,cup_valido,cup_tipo,cup_master,n_cup,attribuzione_importo,capitolo,piano_gestionale,annualita,importo_eur,importo_quota_eur,importo_originale,livello_importo,tipo_azione,stato_importo,colonna_fonte,riferimento_fonte,passaggio_testuale,atto_riferito,confidenza,ambiguita,note
2022 DD MIT 454-2022.pdf,deepseek/deepseek-v4-flash,off,,,Ministero delle infrastrutture e dei trasporti,,impegno,E51I04000010007,True,definitivo,,1,singolo,7426,1,2021,14000000.0,14000000.0,"€ 14.000.000,00",totale,assegnazione,impegnato,,Articolo 1,"è autorizzato, per il corrente esercizio finanziario, a favore di Roma Capitale per l’intervento ""Tratta Colosseo - Piazza Venezia della Linea C della metropolitana di Roma” CUP E51I04000010007, l’impegno di € 14.000.000,00 in conto residui di lettera F, esercizio di provenienza 2021.",,alta,,"Impegno in conto residui, esercizio di provenienza 2021."
2022 DD MIT 454-2022.pdf,deepseek/deepseek-v4-flash,off,,,Ministero delle infrastrutture e dei trasporti,,impegno,E51I04000010007,True,definitivo,,1,singolo,7426,1,2022-2025,131000000.0,131000000.0,"€ 131.000.000,00",totale,assegnazione,impegnato,Totale,"Articolo 2; [TABELLA pag.3 n.1], riga 6","per l’importo complessivo di € 131.000.000,00 a favore di Roma Capitale, per l’intervento ""Tratta Colosseo - Piazza Venezia della Linea C della metropolitana di Roma” CUP E51I04000010007, come di seguito riportato: ... Totale 131.000.000,00 €",,alta,,Importo complessivo articolato in annualità 2022-2025; le singole annualità non generano record separati.
2022 DDG 128 del 02-05-22.pdf,deepseek/deepseek-v4-flash,off,,,Ministero delle infrastrutture e della mobilità sostenibili,,impegno,H94I19000130004,True,definitivo,,1,singolo,7400,7,2020-2034,97154124.1,97154124.1,"97.154.124,10",totale,assegnazione,impegnato,Totale,"art. 1 e art. 2; Allegato 1 / [TABELLA pag.4 n.1], riga 2","Comune di Padova | H94I19000130004 | 7400/PG 7 | ... | 97.154.124,10",,alta,,"Importo complessivo per il Comune di Padova, impegno autorizzato dagli artt. 1 e 2."
2022 DDG 128 del 02-05-22.pdf,deepseek/deepseek-v4-flash,off,,,Ministero delle infrastrutture e della mobilità sostenibili,,impegno,J80J18000000001,True,definitivo,,1,singolo,7400,7,2020-2034,159466174.12,159466174.12,"159.466.174,12",totale,assegnazione,impegnato,Totale,"art. 1 e art. 2; Allegato 1 / [TABELLA pag.4 n.1], riga 3","Roma Capitale | J80J18000000001 | 7400/PG 7 | ... | 159.466.174,12",,alta,,"Importo complessivo per Roma Capitale, impegno autorizzato dagli artt. 1 e 2."
2022 DDG 128 del 02-05-22.pdf,deepseek/deepseek-v4-flash,off,,,Ministero delle infrastrutture e della mobilità sostenibili,,impegno,C11B21008720001,True,definitivo,,2,aggregato,7400,7,2020-2034,44494493.04,22247246.52,"44.494.493,04",totale,assegnazione,impegnato,Totale,"art. 1 e art. 2; Allegato 1 / [TABELLA pag.4 n.1], riga 4","Comune di Torino | C11B21008720001 D81E20000410007 | 7400/PG 7 | ... | 44.494.493,04",,alta,,"Importo complessivo per il Comune di Torino, associato a due CUP (lotti distinti). Impegno autorizzato dagli artt. 1 e 2."
2022 DDG 128 del 02-05-22.pdf,deepseek/deepseek-v4-flash,off,,,Ministero delle infrastrutture e della mobilità sostenibili,,impegno,D81E20000410007,True,definitivo,,2,aggregato,7400,7,2020-2034,44494493.04,22247246.52,"44.494.493,04",totale,assegnazione,impegnato,Totale,"art. 1 e art. 2; Allegato 1 / [TABELLA pag.4 n.1], riga 4","Comune di Torino | C11B21008720001 D81E20000410007 | 7400/PG 7 | ... | 44.494.493,04",,alta,,"Importo complessivo per il Comune di Torino, associato a due CUP (lotti distinti). Impegno autorizzato dagli artt. 1 e 2."
2022 DDG 128 del 02-05-22.pdf,deepseek/deepseek-v4-flash,off,,,Ministero delle infrastrutture e della mobilità sostenibili,,impegno,C81B21013200005,True,definitivo,,1,singolo,7400,7,2020-2034,333059208.74,333059208.74,"333.059.208,74",totale,assegnazione,impegnato,Totale,"art. 1 e art. 2; Allegato 1 / [TABELLA pag.4 n.1], riga 5","Comune di Brescia | C81B21013200005 | 7400/PG 7 | ... | 333.059.208,74",,alta,,"Importo complessivo per il Comune di Brescia su PG 7, impegno autorizzato dagli artt. 1 e 2."
2022 DDG 128 del 02-05-22.pdf,deepseek/deepseek-v4-flash,off,,,Ministero delle infrastrutture e della mobilità sostenibili,,impegno,C81B21013200005,True,definitivo,,1,singolo,7400,1,2029-2034,26486678.33,26486678.33,"26.486.678,33",totale,assegnazione,impegnato,Totale,"art. 3; Allegato 1 / [TABELLA pag.4 n.1], riga 6","Comune di Brescia | | 7400/PG 1 | ... | 26.486.678,33",,alta,,"Importo complessivo per il Comune di Brescia su PG 1, impegno autorizzato dall'art. 3."
2022 DI Mims Mef 97 20.04.2022.pdf,deepseek/deepseek-v4-flash,off,,,Ministero delle Infrastrutture e della Mobilità Sostenibili,Ministero dell'Economia e delle Finanze,assegnazione,B39J22001360001,True,definitivo,,1,singolo,7400,8,,398000000.0,398000000.0,"398.000.000,00",totale,assegnazione,assegnato,FINANZIAMENTO AMMESSO,"art. 1, comma 1, lett. a); Allegato 1 / [TABELLA pag.10 n.1], riga 1","SKYMETRO VAL BISAGNO GENOVA | B39J22001360001 | ... | 398.000.000,00 | --- | 398.000.000,00",,alta,,
2022 DI Mims Mef 97 20.04.2022.pdf,deepseek/deepseek-v4-flash,off,,,Ministero delle Infrastrutture e della Mobilità Sostenibili,Ministero dell'Economia e delle Finanze,assegnazione,B31F20000030005,True,definitivo,,1,singolo,7400,8,,20860000.0,20860000.0,"20.860.000,00",totale,assegnazione,assegnato,FINANZIAMENTO AMMESSO,"art. 1, comma 1, lett. a); Allegato 1 / [TABELLA pag.10 n.1], riga 2","PROLUNGAMENTO METROPOLITANA DI GENOVA DA BRIN A CANEPARI... | B31F20000030005 | ... | 20.860.000,00 | --- | 20.860.000,00",,alta,,
2022 DI Mims Mef 97 20.04.2022.pdf,deepseek/deepseek-v4-flash,off,,,Ministero delle Infrastrutture e della Mobilità Sostenibili,Ministero dell'Economia e delle Finanze,assegnazione,B44D20000040001,True,definitivo,,1,singolo,7400,8,,180000000.0,180000000.0,"180.000.000,00",totale,assegnazione,assegnato,FINANZIAMENTO AMMESSO,"art. 1, comma 1, lett. a); Allegato 1 / [TABELLA pag.10 n.1], riga 3","LINEA METROPOLITANA M1 PROLUNGAMENTO QUARTIERE BAGGIO – OLMI - VALSESIA | B44D20000040001 | ... | 398.000.000,00 | 218.000.000,00 | 180.000.000,00",,alta,,"Il costo intervento è 398.000.000,00, il cofinanziamento disponibile è 218.000.000,00, il finanziamento ammesso è 180.000.000,00."
2022 DI Mims Mef 97 20.04.2022.pdf,deepseek/deepseek-v4-flash,off,,,Ministero delle Infrastrutture e della Mobilità Sostenibili,Ministero dell'Economia e delle Finanze,assegnazione,B91J21000040001,True,definitivo,,1,singolo,7400,8,,420000000.0,420000000.0,"420.000.000,00",totale,assegnazione,assegnato,FINANZIAMENTO AMMESSO,"art. 1, comma 1, lett. a); Allegato 1 / [TABELLA pag.10 n.1], riga 4","PROLUNGAMENTO LINEA METROPOLITANA M4 DA AEROPORTO LINATE A SEGRATE | B91J21000040001 | ... | 420.000.000,00 | --- | 420.000.000,00",,alta,,
2022 DI Mims Mef 97 20.04.2022.pdf,deepseek/deepseek-v4-flash,off,,,Ministero delle Infrastrutture e della Mobilità Sostenibili,Ministero dell'Economia e delle Finanze,assegnazione,B41J21000050006,True,definitivo,,1,singolo,7400,8,,4500000.0,4500000.0,"4.500.000,00",totale,assegnazione,assegnato,FINANZIAMENTO AMMESSO,"art. 1, comma 1, lett. a); Allegato 1 / [TABELLA pag.10 n.1], riga 5","NUOVA LINEA METROPOLITANA M6 RAMO SUD (PFTE) | B41J21000050006 | ... | 4.500.000,00 | --- | 4.500.000,00",,alta,,
2022 DI Mims Mef 97 20.04.2022.pdf,deepseek/deepseek-v4-flash,off,,,Ministero delle Infrastrutture e della Mobilità Sostenibili,Ministero dell'Economia e delle Finanze,assegnazione,B41C21000010001,True,definitivo,,1,singolo,7400,8,,5500000.0,5500000.0,"5.500.000,00",totale,assegnazione,assegnato,FINANZIAMENTO AMMESSO,"art. 1, comma 1, lett. a); Allegato 1 / [TABELLA pag.10 n.1], riga 6","PROLUNGAMENTO M3 SAN DONATO M. – ASTA PAULLESE (PFTE) | B41C21000010001 | ... | 5.500.000,00 | --- | 5.500.000,00",,alta,,
2022 DI Mims Mef 97 20.04.2022.pdf,deepseek/deepseek-v4-flash,off,,,Ministero delle Infrastrutture e della Mobilità Sostenibili,Ministero dell'Economia e delle Finanze,assegnazione,F41B22000740009,True,definitivo,,1,singolo,7400,8,,631373163.0,631373163.0,"631.373.163,00",totale,assegnazione,assegnato,FINANZIAMENTO AMMESSO,"art. 1, comma 1, lett. a); Allegato 1 / [TABELLA pag.10 n.1], riga 7","NUOVO COLLEGAMENTO IN SEDE PROPRIA TRA LA STAZIONE AV DI AFRAGOLA E LA RETE METROPOLITANA DI NAPOLI. LOTTO 1°_STRALCIO I | F41B22000740009 (CUP MASTER) | ... | 631.373.163,00 | --- | 631.373.163,00",,alta,"Il CUP è indicato come 'CUP MASTER' nella tabella, ma è l'unico CUP della riga; viene quindi trattato come CUP dell'intervento.",
2022 DI Mims Mef 97 20.04.2022.pdf,deepseek/deepseek-v4-flash,off,,,Ministero delle Infrastrutture e della Mobilità Sostenibili,Ministero dell'Economia e delle Finanze,assegnazione,F41B22000830009,True,definitivo,,1,singolo,7400,8,,163500824.0,163500824.0,"163.500.824,00",totale,assegnazione,assegnato,FINANZIAMENTO AMMESSO,"art. 1, comma 1, lett. a); Allegato 1 / [TABELLA pag.10 n.1], riga 8","NUOVO COLLEGAMENTO IN SEDE PROPRIA TRA LA STAZIONE AV DI AFRAGOLA E LA RETE METROPOLITANA DI NAPOLI. LOTTO 1°_STRALCIO II | F41B22000830009 | ... | 163.500.824,00 | --- | 163.500.824,00",,alta,,
2022 DI Mims Mef 97 20.04.2022.pdf,deepseek/deepseek-v4-flash,off,,,Ministero delle Infrastrutture e della Mobilità Sostenibili,Ministero dell'Economia e delle Finanze,assegnazione,E51I04000010007,True,definitivo,,1,singolo,7400,8,,610000000.0,610000000.0,"610.000.000,00",totale,assegnazione,assegnato,FINANZIAMENTO AMMESSO,"art. 1, comma 1, lett. a); Allegato 1 / [TABELLA pag.10 n.1], riga 9","LINEA C DELLA METROPOLITANA DI ROMA - SUB-TRATTA FUNZIONALE DA STAZIONE VENEZIA A STAZIONE FORI IMPERIALI | E51I04000010007 | ... | 755.000.000,00 | 145.000.000,00 | 610.000.000,00",,alta,,"Il costo intervento è 755.000.000,00, il cofinanziamento disponibile è 145.000.000,00, il finanziamento ammesso è 610.000.000,00."
2022 DI Mims Mef 97 20.04.2022.pdf,deepseek/deepseek-v4-flash,off,,,Ministero delle Infrastrutture e della Mobilità Sostenibili,Ministero dell'Economia e delle Finanze,assegnazione,E51I04000010007,True,definitivo,,1,singolo,7400,8,,990000000.0,990000000.0,"990.000.000,00",totale,assegnazione,assegnato,FINANZIAMENTO AMMESSO,"art. 1, comma 1, lett. a); Allegato 1 / [TABELLA pag.10 n.1], riga 10","LINEA C DELLA METROPOLITANA DI ROMA - TRATTA T2 - LOTTO COSTRUTTIVO | E51I04000010007 | ... | 990.000.000,00 | --- | 990.000.000,00",,alta,,
2022 DI Mims Mef 97 20.04.2022.pdf,deepseek/deepseek-v4-flash,off,,,Ministero delle Infrastrutture e della Mobilità Sostenibili,Ministero dell'Economia e delle Finanze,assegnazione,C71F20000020005,True,definitivo,,1,singolo,7400,8,,1000000000.0,1000000000.0,"1.000.000.000,00",totale,assegnazione,assegnato,FINANZIAMENTO AMMESSO,"art. 1, comma 1, lett. a); Allegato 1 / [TABELLA pag.10 n.1], riga 11","METROPOLITANA AUTOMATICA DI TORINO – LINEA 2 – TRATTA “POLITECNICO – REBAUDENGO” | C71F20000020005 | ... | 1.800.000.000,00 | 800.000.000,00 | 1.000.000.000,00",,alta,,"Il costo intervento è 1.800.000.000,00, il cofinanziamento disponibile è 800.000.000,00, il finanziamento ammesso è 1.000.000.000,00."
2022 DI Mims Mef 97 20.04.2022.pdf,deepseek/deepseek-v4-flash,off,,,Ministero delle Infrastrutture e della Mobilità Sostenibili,Ministero dell'Economia e delle Finanze,assegnazione,J81B21014060001,True,definitivo,,1,singolo,7400,1,,173183831.97,173183831.97,"173.183.831,97",totale,assegnazione,assegnato,FINANZIAMENTO AMMESSO,"art. 1, comma 1, lett. b); Allegato 2 / [TABELLA pag.12 n.1], riga 1","LINEA TRANVIARIA TERMINI - VATICANO - AURELIO | J81B21014060001 | TRANVIA | 293.183.831,97 | 120.000.000,00 | 173.183.831,97",,alta,,"Il costo totale intervento è 293.183.831,97, il cofinanziamento disponibile è 120.000.000,00, il finanziamento ammesso è 173.183.831,97."
2022 DI Mims Mef 97 20.04.2022.pdf,deepseek/deepseek-v4-flash,off,,,Ministero delle Infrastrutture e della Mobilità Sostenibili,Ministero dell'Economia e delle Finanze,assegnazione,J84E21005150001,True,definitivo,,1,singolo,7400,1,,11284217.84,11284217.84,"11.284.217,84",totale,assegnazione,assegnato,FINANZIAMENTO AMMESSO,"art. 1, comma 1, lett. b); Allegato 2 / [TABELLA pag.12 n.1], riga 2","DEPOSITO DI CENTOCELLE EST | J84E21005150001 | TRANVIA | 11.284.217,84 | --- | 11.284.217,84",,alta,,
2022 DI Mims Mef 97 20.04.2022.pdf,deepseek/deepseek-v4-flash,off,,,Ministero delle Infrastrutture e della Mobilità Sostenibili,Ministero dell'Economia e delle Finanze,assegnazione,E31J19000030001,True,definitivo,,1,singolo,7400,1,,26500000.0,26500000.0,"26.500.000,00",totale,assegnazione,assegnato,FINANZIAMENTO AMMESSO,"art. 1, comma 1, lett. b); Allegato 2 / [TABELLA pag.12 n.1], riga 3","SISTEMA DI TRASPORTO RAPIDO DI MASSA PER IL COLLEGAMENTO TRA LA STAZIONE FERROVIARIA DI PIACENZA ED IL NUOVO POLO OSPEDALIERO | E31J19000030001 | BUSVIA | 26.500.000,00 | --- | 26.500.000,00",,alta,,
2022 DI Mims Mef 97 20.04.2022.pdf,deepseek/deepseek-v4-flash,off,,,Ministero delle Infrastrutture e della Mobilità Sostenibili,Ministero dell'Economia e delle Finanze,assegnazione,F44I19000530001,True,definitivo,,1,singolo,7400,1,,122200000.0,122200000.0,"122.200.000,00",totale,assegnazione,assegnato,FINANZIAMENTO AMMESSO,"art. 1, comma 1, lett. b); Allegato 2 / [TABELLA pag.12 n.1], riga 4","AMPLIAMENTO DEL DEPOSITO GALLARATESE DEI TRENI DELLA LINEA METROPOLITANA 1 | F44I19000530001 | METRO | 122.200.000,00 | --- | 122.200.000,00",,alta,,
2022 DI Mims Mef 97 20.04.2022.pdf,deepseek/deepseek-v4-flash,off,,,Ministero delle Infrastrutture e della Mobilità Sostenibili,Ministero dell'Economia e delle Finanze,assegnazione,C11J22000000001,True,definitivo,,1,singolo,,,,221721410.41,221721410.41,"221.721.410,41",totale,altro,ammesso,FINANZIAMENTO AMMESSO,"art. 2, comma 1; Allegato 3 / [TABELLA pag.13 n.1], riga 1","PROLUNGAMENTO LINEA TRANVIARIA 12 ALL'ALLIANZ STADIUM E RECUPERO TRINCEA FERROVIA TORINO-CERES | C11J22000000001 | TRANVIA | 221.721.410,41 | --- | 221.721.410,41",,alta,,"Intervento ammesso a finanziamento ma non ripartito: inserito in graduatoria, non assegnato."
2022 DI Mims Mef 97 20.04.2022.pdf,deepseek/deepseek-v4-flash,off,,,Ministero delle Infrastrutture e della Mobilità Sostenibili,Ministero dell'Economia e delle Finanze,assegnazione,F47C19000370001,True,definitivo,,4,aggregato,,,,20900000.02,5225000.005,"20.900.000,02",totale,altro,ammesso,FINANZIAMENTO AMMESSO,"art. 2, comma 1; Allegato 3 / [TABELLA pag.13 n.1], riga 2","METROPOLITANA LINEA M3: INTERVENTI DI ADEGUAMENTO ANTINCENDIO AI SENSI DEL DM 21.10.2015 | F47C19000370001 F47D17000140005 F47C19000380001 F47C19000390001 | METRO | 25.000.000,02 | 4.100.000,00 | 20.900.000,02",,alta,,Importo unico per quattro CUP; l'atto non ripartisce. Intervento ammesso a finanziamento ma non ripartito.
2022 DI Mims Mef 97 20.04.2022.pdf,deepseek/deepseek-v4-flash,off,,,Ministero delle Infrastrutture e della Mobilità Sostenibili,Ministero dell'Economia e delle Finanze,assegnazione,F47D17000140005,True,definitivo,,4,aggregato,,,,20900000.02,5225000.005,"20.900.000,02",totale,altro,ammesso,FINANZIAMENTO AMMESSO,"art. 2, comma 1; Allegato 3 / [TABELLA pag.13 n.1], riga 2","METROPOLITANA LINEA M3: INTERVENTI DI ADEGUAMENTO ANTINCENDIO AI SENSI DEL DM 21.10.2015 | F47C19000370001 F47D17000140005 F47C19000380001 F47C19000390001 | METRO | 25.000.000,02 | 4.100.000,00 | 20.900.000,02",,alta,,Importo unico per quattro CUP; l'atto non ripartisce. Intervento ammesso a finanziamento ma non ripartito.
2022 DI Mims Mef 97 20.04.2022.pdf,deepseek/deepseek-v4-flash,off,,,Ministero delle Infrastrutture e della Mobilità Sostenibili,Ministero dell'Economia e delle Finanze,assegnazione,F47C19000380001,True,definitivo,,4,aggregato,,,,20900000.02,5225000.005,"20.900.000,02",totale,altro,ammesso,FINANZIAMENTO AMMESSO,"art. 2, comma 1; Allegato 3 / [TABELLA pag.13 n.1], riga 2","METROPOLITANA LINEA M3: INTERVENTI DI ADEGUAMENTO ANTINCENDIO AI SENSI DEL DM 21.10.2015 | F47C19000370001 F47D17000140005 F47C19000380001 F47C19000390001 | METRO | 25.000.000,02 | 4.100.000,00 | 20.900.000,02",,alta,,Importo unico per quattro CUP; l'atto non ripartisce. Intervento ammesso a finanziamento ma non ripartito.
2022 DI Mims Mef 97 20.04.2022.pdf,deepseek/deepseek-v4-flash,off,,,Ministero delle Infrastrutture e della Mobilità Sostenibili,Ministero dell'Economia e delle Finanze,assegnazione,F47C19000390001,True,definitivo,,4,aggregato,,,,20900000.02,5225000.005,"20.900.000,02",totale,altro,ammesso,FINANZIAMENTO AMMESSO,"art. 2, comma 1; Allegato 3 / [TABELLA pag.13 n.1], riga 2","METROPOLITANA LINEA M3: INTERVENTI DI ADEGUAMENTO ANTINCENDIO AI SENSI DEL DM 21.10.2015 | F47C19000370001 F47D17000140005 F47C19000380001 F47C19000390001 | METRO | 25.000.000,02 | 4.100.000,00 | 20.900.000,02",,alta,,Importo unico per quattro CUP; l'atto non ripartisce. Intervento ammesso a finanziamento ma non ripartito.
2022 DI Mims Mef 97 20.04.2022.pdf,deepseek/deepseek-v4-flash,off,,,Ministero delle Infrastrutture e della Mobilità Sostenibili,Ministero dell'Economia e delle Finanze,assegnazione,F47C19000350001,True,definitivo,,2,aggregato,,,,45000000.07,22500000.035,"45.000.000,07",totale,altro,ammesso,FINANZIAMENTO AMMESSO,"art. 2, comma 1; Allegato 3 / [TABELLA pag.13 n.1], riga 3","METROPOLITANA LINEE M1 + M2 - INTERVENTI DI ADEGUAMENTO ANTINCENDIO AI SENSI DEL DM 21.10.2015 FASE 2 | F47C19000350001 O F47C19000360001 | METRO | 45.000.000,07 | --- | 45.000.000,07",,alta,Nella tabella i due CUP sono separati dalla lettera 'O' (probabilmente 'e' o 'o').,Importo unico per due CUP; l'atto non ripartisce. Intervento ammesso a finanziamento ma non ripartito.
2022 DI Mims Mef 97 20.04.2022.pdf,deepseek/deepseek-v4-flash,off,,,Ministero delle Infrastrutture e della Mobilità Sostenibili,Ministero dell'Economia e delle Finanze,assegnazione,F47C19000360001,True,definitivo,,2,aggregato,,,,45000000.07,22500000.035,"45.000.000,07",totale,altro,ammesso,FINANZIAMENTO AMMESSO,"art. 2, comma 1; Allegato 3 / [TABELLA pag.13 n.1], riga 3","METROPOLITANA LINEE M1 + M2 - INTERVENTI DI ADEGUAMENTO ANTINCENDIO AI SENSI DEL DM 21.10.2015 FASE 2 | F47C19000350001 O F47C19000360001 | METRO | 45.000.000,07 | --- | 45.000.000,07",,alta,Nella tabella i due CUP sono separati dalla lettera 'O' (probabilmente 'e' o 'o').,Importo unico per due CUP; l'atto non ripartisce. Intervento ammesso a finanziamento ma non ripartito.
2022 DI Mims Mef 97 20.04.2022.pdf,deepseek/deepseek-v4-flash,off,,,Ministero delle Infrastrutture e della Mobilità Sostenibili,Ministero dell'Economia e delle Finanze,assegnazione,B34J18000220001,True,definitivo,,2,aggregato,,,,74516124.63,37258062.315,"74.516.124,63",totale,altro,ammesso,FINANZIAMENTO AMMESSO,"art. 2, comma 1; Allegato 3 / [TABELLA pag.13 n.1], riga 4","LINEA METROPOLITANA: PROLUNGAMENTO A RIVAROLO E COMPLETAMENTO DELLA STAZIONE DI MARTINEZ / TERRALBA | B34J18000220001 B34J18000230001 | METRO | 74.516.124,63 | --- | 74.516.124,63",,alta,,Importo unico per due CUP; l'atto non ripartisce. Intervento ammesso a finanziamento ma non ripartito.
2022 DI Mims Mef 97 20.04.2022.pdf,deepseek/deepseek-v4-flash,off,,,Ministero delle Infrastrutture e della Mobilità Sostenibili,Ministero dell'Economia e delle Finanze,assegnazione,B34J18000230001,True,definitivo,,2,aggregato,,,,74516124.63,37258062.315,"74.516.124,63",totale,altro,ammesso,FINANZIAMENTO AMMESSO,"art. 2, comma 1; Allegato 3 / [TABELLA pag.13 n.1], riga 4","LINEA METROPOLITANA: PROLUNGAMENTO A RIVAROLO E COMPLETAMENTO DELLA STAZIONE DI MARTINEZ / TERRALBA | B34J18000220001 B34J18000230001 | METRO | 74.516.124,63 | --- | 74.516.124,63",,alta,,Importo unico per due CUP; l'atto non ripartisce. Intervento ammesso a finanziamento ma non ripartito.
2023 DM MIT 342-2023.pdf,deepseek/deepseek-v4-flash,off,,,Ministero delle infrastrutture e dei trasporti,,rettifica,H49J21005480003,True,definitivo,,1,singolo,7150,3,,44275.0,44275.0,"44.275,00",totale,assegnazione,assegnato,IMPORTO AMMASSO A FINANZIAMENTO CENTRO - NORD - POTENZIAMENTO,"Allegato 1 / [TABELLA pag.4 n.1], riga 1","44.275,00 | 0,00 | 44.275,00 | | H49J21005480003",,alta,,Intervento: ALTERNATIVA INTERVENTO 1. STAZIONE DI CASELLA REALIZZAZIONE DI PARCHEGGIO INTERSCAMBIO PER BICICLETTE
2023 DM MIT 342-2023.pdf,deepseek/deepseek-v4-flash,off,,,Ministero delle infrastrutture e dei trasporti,,rettifica,H49J21005480003,True,definitivo,,1,singolo,7150,3,,6325.0,6325.0,"6.325,00",totale,assegnazione,assegnato,IMPORTO AMMASSO A FINANZIAMENTO CENTRO - NORD - POTENZIAMENTO,"Allegato 1 / [TABELLA pag.4 n.1], riga 2","6.325,00 | 0,00 | 6.325,00 | |",,alta,,Intervento: STAZIONE DI GENOVA REALIZZAZIONE DI PARCHEGGIO INTERSCAMBIO PER BICICLETTE E PUNTO DI RICARICA AUTO ELETTRICA. CUP non esplicito nella riga ma attribuito per continuità con la riga precedente (stesso intervento).
2023 DM MIT 342-2023.pdf,deepseek/deepseek-v4-flash,off,,,Ministero delle infrastrutture e dei trasporti,,rettifica,H49J21005480003,True,definitivo,,1,singolo,7150,3,,86250.0,86250.0,"86.250,00",totale,assegnazione,assegnato,IMPORTO AMMASSO A FINANZIAMENTO CENTRO - NORD - POTENZIAMENTO,"Allegato 1 / [TABELLA pag.4 n.1], riga 3","86.250,00 | 0,00 | 86.250,00 | |",,alta,,Intervento: STAZIONE DI CAMPI REALIZZAZIONE DI PARCHEGGIO INTERSCAMBIO PER AUTO E BICICLETTE SISTEMAZIONE AREA. CUP non esplicito nella riga ma attribuito per continuità con la riga precedente (stesso intervento).
2023 DM MIT 342-2023.pdf,deepseek/deepseek-v4-flash,off,,,Ministero delle infrastrutture e dei trasporti,,rettifica,H49J21005480003,True,definitivo,,1,singolo,7150,3,,25875.0,25875.0,"25.875,00",totale,assegnazione,assegnato,IMPORTO AMMASSO A FINANZIAMENTO CENTRO - NORD - POTENZIAMENTO,"Allegato 1 / [TABELLA pag.4 n.1], riga 4","25.875,00 | 0,00 | 25.875,00 | |",,alta,,Intervento: STAZIONE DI BUSALLETTA REALIZZAZIONE DI PARCHEGGIO INTERSCAMBIO PER AUTO E BICICLETTE SISTEMAZIONE AREA. CUP non esplicito nella riga ma attribuito per continuità con la riga precedente (stesso intervento).
2023 DM MIT 342-2023.pdf,deepseek/deepseek-v4-flash,off,,,Ministero delle infrastrutture e dei trasporti,,rettifica,H49J21005480003,True,definitivo,,1,singolo,7150,3,,47725.0,47725.0,"47.725,00",totale,assegnazione,assegnato,IMPORTO AMMASSO A FINANZIAMENTO CENTRO - NORD - POTENZIAMENTO,"Allegato 1 / [TABELLA pag.4 n.1], riga 5","47.725,00 | 0,00 | 47.725,00 | | H49J21005480003",,alta,,Intervento: STAZIONE DI SANT'OLCESE TULLO REALIZZAZIONE DI PARCHEGGIO INTERSCAMBIO PER AUTO E BICICLETTE SISTEMAZIONE AREA
2023 DM MIT 342-2023.pdf,deepseek/deepseek-v4-flash,off,,,Ministero delle infrastrutture e dei trasporti,,rettifica,H49J21005480003,True,definitivo,,1,singolo,7150,3,,7475.0,7475.0,"7.475,00",totale,assegnazione,assegnato,IMPORTO AMMASSO A FINANZIAMENTO CENTRO - NORD - POTENZIAMENTO,"Allegato 1 / [TABELLA pag.4 n.1], riga 6","7.475,00 | 0,00 | 7.475,00 | |",,alta,,Intervento: STAZIONE DI VICOMORASSO REALIZZAZIONE DI PARCHEGGIO INTERSCAMBIO PER BICICLETTE. CUP non esplicito nella riga ma attribuito per continuità con la riga precedente (stesso intervento).
2023 DM MIT 342-2023.pdf,deepseek/deepseek-v4-flash,off,,,Ministero delle infrastrutture e dei trasporti,,rettifica,H49J21005480003,True,definitivo,,1,singolo,7150,3,,25300.0,25300.0,"25.300,00",totale,assegnazione,assegnato,IMPORTO AMMASSO A FINANZIAMENTO CENTRO - NORD - POTENZIAMENTO,"Allegato 1 / [TABELLA pag.4 n.1], riga 7","25.300,00 | 0,00 | 25.300,00 | |",,alta,,Intervento: STAZIONE DI TORRAZZA REALIZZAZIONE DI PARCHEGGIO INTERSCAMBIO PER BICICLETTE. CUP non esplicito nella riga ma attribuito per continuità con la riga precedente (stesso intervento).
2023 DM MIT 342-2023.pdf,deepseek/deepseek-v4-flash,off,,,Ministero delle infrastrutture e dei trasporti,,rettifica,H49J21005480003,True,definitivo,,1,singolo,7150,3,,9200.0,9200.0,"9.200,00",totale,assegnazione,assegnato,IMPORTO AMMASSO A FINANZIAMENTO CENTRO - NORD - POTENZIAMENTO,"Allegato 1 / [TABELLA pag.4 n.1], riga 8","9.200,00 | 0,00 | 9.200,00 | |",,alta,,Intervento: STAZIONE DI TORRAZZA REALIZZAZIONE DI PARCHEGGIO INTERSCAMBIO PER BICICLETTE. CUP non esplicito nella riga ma attribuito per continuità con la riga precedente (stesso intervento).
2023 DM MIT 342-2023.pdf,deepseek/deepseek-v4-flash,off,,,Ministero delle infrastrutture e dei trasporti,,rettifica,H49J21005480003,True,definitivo,,1,singolo,7150,3,,4025.0,4025.0,"4.025,00",totale,assegnazione,assegnato,IMPORTO AMMASSO A FINANZIAMENTO CENTRO - NORD - POTENZIAMENTO,"Allegato 1 / [TABELLA pag.4 n.1], riga 9","4.025,00 | 0,00 | 4.025,00 | |",,alta,,Intervento: STAZIONE DI TORRAZZA REALIZZAZIONE DI PARCHEGGIO INTERSCAMBIO PER BICICLETTE. CUP non esplicito nella riga ma attribuito per continuità con la riga precedente (stesso intervento).
2023 DM MIT 342-2023.pdf,deepseek/deepseek-v4-flash,off,,,Ministero delle infrastrutture e dei trasporti,,rettifica,C75B23000000001,True,definitivo,,1,singolo,7150,3,,10543255.0,10543255.0,"10.543.255,00",totale,assegnazione,assegnato,IMPORTO AMMASSO A FINANZIAMENTO CENTRO - NORD - POTENZIAMENTO,"Allegato 1 / [TABELLA pag.4 n.1], riga 10","10.543.255,00 | 0,00 | 10.543.255,00 | | C75B23000000001",,alta,,"Intervento: RINNOVO, POTENZIAMENTO E MESSA IN SICUREZZA DELLE TRATTE PIÙ AMMALORATE DELLA LINEA DI CONTATTO DELLA FERROVIA ROMA – VITERBO NELLA TRATTA CATALANO – VITERBO"
2023 DM MIT 342-2023.pdf,deepseek/deepseek-v4-flash,off,,,Ministero delle infrastrutture e dei trasporti,,rettifica,C71G22000090001,True,definitivo,,1,singolo,7150,3,,7000000.0,7000000.0,"7.000.000,00",totale,assegnazione,assegnato,IMPORTO AMMASSO A FINANZIAMENTO CENTRO - NORD - POTENZIAMENTO,"Allegato 1 / [TABELLA pag.4 n.1], riga 11","7.000.000,00 | 0,00 | 7.000.000,00 | | C71G22000090001",,alta,,Intervento: POTENZIAMENTO DEL SISTEMA DI ALIMENTAZIONE ELETTRICA DELLA LINEA ROMA-VITERBO (SSE E DOTE)
2023 DM MIT 342-2023.pdf,deepseek/deepseek-v4-flash,off,,,Ministero delle infrastrutture e dei trasporti,,rettifica,E51B21002250001,True,definitivo,,1,singolo,7150,3,,20000000.0,20000000.0,"20.000.000,00",totale,assegnazione,assegnato,IMPORTO AMMASSO A FINANZIAMENTO CENTRO - NORD - POTENZIAMENTO,"Allegato 1 / [TABELLA pag.4 n.1], riga 12","20.000.000,00 | 0,00 | 20.000.000,00 | | E51B21002250001",,alta,,Intervento: INTERVENTI SULLA RETE PER STABILIZZAZIONE ORARIO: RADDOPPIO SELETTIVO VARESE - LAVENO E SISTEMAZIONI INCROCI (GEMONIO E CITTIGLIO)
2023 DM MIT 342-2023.pdf,deepseek/deepseek-v4-flash,off,,,Ministero delle infrastrutture e dei trasporti,,rettifica,B41E04000210001,True,definitivo,,1,singolo,7150,3,,50000000.0,50000000.0,"50.000.000,00",totale,assegnazione,assegnato,IMPORTO AMMASSO A FINANZIAMENTO SUD POTENZIAMENTO,"Allegato 1 / [TABELLA pag.5 n.1], riga 1","50.000.000,00 | 50.000.000,00 | 100.000.000,00 | 50.000.000,00 | B41E04000210001",,alta,,Intervento: LINEA 1 DELLA METROPOLITANA DI NAPOLI – TRATTA CDN –CAPODICHINO. OPERE COMPLEMENTARI PER L’IMPERMEABILIZZAZIONE DELLA ADIACENTE GALLERIA CIRCUMVESUVIANA COMPLETAMENTO
2023 DM MIT 342-2023.pdf,deepseek/deepseek-v4-flash,off,,,Ministero delle infrastrutture e dei trasporti,,rettifica,F61B21003640009,True,definitivo,,1,singolo,7150,3,,30000000.0,30000000.0,"30.000.000,00",totale,assegnazione,assegnato,IMPORTO AMMASSO A FINANZIAMENTO SUD POTENZIAMENTO,"Allegato 1 / [TABELLA pag.5 n.1], riga 2","30.000.000,00 | 0,00 | 30.000.000,00 | | F61B21003640009",,alta,,Intervento: NUOVO TELECOMANDO LINEE FLEGREE CON FORNITURA IN OPERA DI TRE SOTTOSTAZIONI ELETTRICHE ED ADEGUAMENTO TE GALLERIE
2023 DM MIT 342-2023.pdf,deepseek/deepseek-v4-flash,off,,,Ministero delle infrastrutture e dei trasporti,,rettifica,G31G22000250001,True,definitivo,,1,singolo,7150,3,,2800000.0,2800000.0,"2.800.000,00",totale,assegnazione,assegnato,IMPORTO AMMASSO A FINANZIAMENTO SUD POTENZIAMENTO,"Allegato 1 / [TABELLA pag.5 n.1], riga 3","2.800.000,00 | 0,00 | 2.800.000,00 | | G31G22000250001",,alta,,Intervento: RIFACIMENTO PENSILINA BARI CENTRALE
2023 DM MIT 342-2023.pdf,deepseek/deepseek-v4-flash,off,,,Ministero delle infrastrutture e dei trasporti,,rettifica,D69D15002090001,True,definitivo,,2,aggregato,7150,3,,50000000.0,25000000.0,"50.000.000,00",totale,assegnazione,assegnato,IMPORTO AMMASSO A FINANZIAMENTO SUD POTENZIAMENTO,"Allegato 1 / [TABELLA pag.5 n.1], riga 4","50.000.000,00 | 130.000.000,00 | 180.000.000,00 | 50.000.000,00 | Lotto 4 - D69D15002090001 Lotto 3 - D49D15001920001",,alta,,Intervento: COMPLETAMENTO ELETTRIFICAZIONE DORSALE SALENTO (TRATTA MAGLIE- OTRANTO E ZOLLINO- GAGLIANO). Importo unico per due lotti/CUP; l'atto non ripartisce.
2023 DM MIT 342-2023.pdf,deepseek/deepseek-v4-flash,off,,,Ministero delle infrastrutture e dei trasporti,,rettifica,D49D15001920001,True,definitivo,,2,aggregato,7150,3,,50000000.0,25000000.0,"50.000.000,00",totale,assegnazione,assegnato,IMPORTO AMMASSO A FINANZIAMENTO SUD POTENZIAMENTO,"Allegato 1 / [TABELLA pag.5 n.1], riga 4","50.000.000,00 | 130.000.000,00 | 180.000.000,00 | 50.000.000,00 | Lotto 4 - D69D15002090001 Lotto 3 - D49D15001920001",,alta,,Intervento: COMPLETAMENTO ELETTRIFICAZIONE DORSALE SALENTO (TRATTA MAGLIE- OTRANTO E ZOLLINO- GAGLIANO). Importo unico per due lotti/CUP; l'atto non ripartisce.
2023 DM MIT 342-2023.pdf,deepseek/deepseek-v4-flash,off,,,Ministero delle infrastrutture e dei trasporti,,rettifica,G71B18000620005,True,definitivo,,1,singolo,7150,3,,2500000.0,2500000.0,"2.500.000,00",totale,assegnazione,assegnato,IMPORTO AMMASSO A FINANZIAMENTO SUD POTENZIAMENTO,"Allegato 1 / [TABELLA pag.5 n.1], riga 5","2.500.000,00 | 0,00 | 2.500.000,00 | | G71B18000620005",,alta,,Intervento: REALIZZAZIONE PARCHEGGIO DI INTERSCAMBIO NELLA STAZIONE DI ALTAMURA
2023 DM MIT 342-2023.pdf,deepseek/deepseek-v4-flash,off,,,Ministero delle infrastrutture e dei trasporti,,rettifica,F81B21005610001,True,definitivo,,1,singolo,7150,3,,18000000.0,18000000.0,"18.000.000,00",totale,assegnazione,assegnato,IMPORTO AMMASSO A FINANZIAMENTO SUD POTENZIAMENTO,"Allegato 1 / [TABELLA pag.6 n.1], riga 1","26.400.000,00 | 0,00 | 26.400.000,00 | 18.000.000,00 | F81B21005610001",,alta,,"Intervento: VARIANTE DI TRACCCIATO, REALIZZAZIONE PUNTI DI INCROCIO E RADDOPPIO TRATTA MONSERRATO SETTIMO/SAN PIETRO. L'importo ammesso a finanziamento è 18.000.000,00 (colonna IMPORTO AMMASSO A FINANZIAMENTO SUD POTENZIAMENTO), non 26.400.000,00 (importo richiesto)."
2023 DM MIT 342-2023.pdf,deepseek/deepseek-v4-flash,off,,,Ministero delle infrastrutture e dei trasporti,,rettifica,I61B21003020001,True,definitivo,,1,singolo,7150,3,,9900000.0,9900000.0,"9.900.000,00",totale,assegnazione,assegnato,IMPORTO AMMASSO A FINANZIAMENTO SUD POTENZIAMENTO,"Allegato 1 / [TABELLA pag.6 n.1], riga 2","9.900.000,00 | 0,00 | 9.900.000,00 | | I61B21003020001",,alta,,Intervento: LAVORI DI REALIZZAZIONE DELLA NUOVA STAZIONE FERROVIARIA DI CATANZARO CITTÀ
2023 DM MIT 342-2023.pdf,deepseek/deepseek-v4-flash,off,,,Ministero delle infrastrutture e dei trasporti,,rettifica,I67H21003160001,True,definitivo,,1,singolo,7150,3,,2900000.0,2900000.0,"2.900.000,00",totale,assegnazione,assegnato,IMPORTO AMMASSO A FINANZIAMENTO SUD POTENZIAMENTO,"Allegato 1 / [TABELLA pag.6 n.1], riga 3","2.900.000,00 | 0,00 | 2.900.000,00 | | I67H21003160001",,alta,,Intervento: LAVORI DI MIGLIORAMENTO DELLA FRUIBILITÀ DELLA LINEA FERROVIARIA SULLA TRATTA CATANZARO CITTÀ - CATANZARO - CATANZARO LIDO -GERMANETO
2023 DM MIT 342-2023.pdf,deepseek/deepseek-v4-flash,off,,,Ministero delle infrastrutture e dei trasporti,,rettifica,B89J21020930005,True,definitivo,,1,singolo,7150,3,,1200000.0,1200000.0,"1.200.000,00",totale,assegnazione,assegnato,IMPORTO AMMASSO A FINANZIAMENTO SUD POTENZIAMENTO,"Allegato 1 / [TABELLA pag.6 n.1], riga 4","1.200.000,00 | 0,00 | 1.200.000,00 | | B89J21020930005",,alta,,Intervento: CREAZIONE POSTO INTERMEDIO LOCALITÀ GUASTACCONCIA NELLA TRATTA FOSSACESIA- SALETTI
2023 DM MIT 342-2023.pdf,deepseek/deepseek-v4-flash,off,,,Ministero delle infrastrutture e dei trasporti,,rettifica,I57H21005640001,True,definitivo,,1,singolo,7150,4,,1512215.0,1512215.0,"1.512.215,00",totale,assegnazione,assegnato,SICUREZZA (€),"Allegato 2 / [TABELLA pag.7 n.1], riga 1","1.512.215,00 | 0,00 | 1.512.215,00 | | I57H21005640001",,alta,,Intervento: INTERVENTI STRUTTURALI DI RISANAMENTO PONTE IN C.A. AL KM. 14+355
2023 DM MIT 342-2023.pdf,deepseek/deepseek-v4-flash,off,,,Ministero delle infrastrutture e dei trasporti,,rettifica,B19F22013250002,True,definitivo,,1,singolo,7150,4,,2400000.0,2400000.0,"2.400.000,00",totale,assegnazione,assegnato,SICUREZZA (€),"Allegato 2 / [TABELLA pag.7 n.1], riga 2","2.400.000,00 | 0,00 | 2.400.000,00 | | B19F22013250002",,alta,,Intervento: ELIMINAZIONE DI DUE PASSAGGI A LIVELLO DI TIPO AUTOMATICO UBICATI NELLA STAZIONE DI GIOVI DELLA FERROVIA AREZZO - SINALUNGA
2023 DM MIT 342-2023.pdf,deepseek/deepseek-v4-flash,off,,,Ministero delle infrastrutture e dei trasporti,,rettifica,C89F23000050001,True,definitivo,,1,singolo,7150,4,,600000.0,600000.0,"600.000,00",totale,assegnazione,assegnato,SICUREZZA (€),"Allegato 2 / [TABELLA pag.7 n.1], riga 3","600.000,00 | 0,00 | 600.000,00 | | C89F23000050001",,alta,,Intervento: SOPPRESSIONE DI QUATTRO PASSAGGI A LIVELLO PRIVATI (PLP 39 – PLP 40 – PLP 41 – PLP 42) SULLA TRATTA DELLA LINEA FERROVIARIA PARMA – SUZZARA IN COMUNE DI BRESCELLO (RE)
2023 DM MIT 342-2023.pdf,deepseek/deepseek-v4-flash,off,,,Ministero delle infrastrutture e dei trasporti,,rettifica,C99F23000050001,True,definitivo,,1,singolo,7150,4,,5400000.0,5400000.0,"5.400.000,00",totale,assegnazione,assegnato,SICUREZZA (€),"Allegato 2 / [TABELLA pag.8 n.1], riga 1","5.400.000,00 | 1.600.000,00 | 7.000.000,00 | | C99F23000050001",,alta,,"Intervento: LINEA BOLOGNA- PORTOMAGGIORE , SOPPRESSIONE PL IN LOC. CA’ DELL'ORBO A SEGUITO RIALZO LINEA. L'importo ammesso a finanziamento è 5.400.000,00 (colonna SICUREZZA), non 7.000.000,00 (importo totale)."
2023 DM MIT 342-2023.pdf,deepseek/deepseek-v4-flash,off,,,Ministero delle infrastrutture e dei trasporti,,rettifica,C56G21008730001,True,definitivo,,1,singolo,7150,4,,3400000.0,3400000.0,"3.400.000,00",totale,assegnazione,assegnato,SICUREZZA (€),"Allegato 2 / [TABELLA pag.8 n.1], riga 2","3.400.000,00 | 0,00 | 3.400.000,00 | | C56G21008730001",,alta,,Intervento: UPGRADE CON IMPIANTI MULTI‐ ACC
2023 DM MIT 342-2023.pdf,deepseek/deepseek-v4-flash,off,,,Ministero delle infrastrutture e dei trasporti,,rettifica,F41B21005790009,True,definitivo,,1,singolo,7150,4,,30000000.0,30000000.0,30.000.000,totale,assegnazione,assegnato,SICUREZZA (€),"Allegato 2 / [TABELLA pag.9 n.1], riga 1","30.000.000 | € 0,00 | 30.000.000 | | F41B21005790009",,alta,,Intervento: SOPPRESSIONE PP.LL. RETE FERROVIARIA EAV
2023 DM MIT 342-2023.pdf,deepseek/deepseek-v4-flash,off,,,Ministero delle infrastrutture e dei trasporti,,rettifica,G31G22000260001,True,definitivo,,1,singolo,7150,4,,7200000.0,7200000.0,7.200.000,totale,assegnazione,assegnato,SICUREZZA (€),"Allegato 2 / [TABELLA pag.9 n.1], riga 2",7.200.000 | 0 | 7.200.000 | | G31G22000260001,,alta,,Intervento: RADDOPPIO TRA BARI SANT’ANDREA E MODUGNO
2023 DM MIT 342-2023.pdf,deepseek/deepseek-v4-flash,off,,,Ministero delle infrastrutture e dei trasporti,,rettifica,G11B18000550005,True,definitivo,,1,singolo,7150,4,,3500000.0,3500000.0,3.500.000,totale,assegnazione,assegnato,SICUREZZA (€),"Allegato 2 / [TABELLA pag.10 n.1], riga 1","3.500.000,00 | 0 | 3.500.000 | | G11B18000550005",,alta,,Intervento: Interventi sui piazzali di Matera Serra Rifusa e di Matera Villa Longo tra le progressive km 71+425 e km 72+046 della linea Bari ‐ Matera ‐ Lotto “RIPRISTINO DELLA FUNZIONALITÀ DELL'OFFICINA FERROVIARIA A SERRA RIFUSA”
2023 DM MIT 342-2023.pdf,deepseek/deepseek-v4-flash,off,,,Ministero delle infrastrutture e dei trasporti,,rettifica,B81B21003770005,True,definitivo,,1,singolo,7150,4,,1750000.0,1750000.0,1.750.000,totale,assegnazione,assegnato,SICUREZZA (€),"Allegato 2 / [TABELLA pag.10 n.1], riga 2","1.750.000,00 € | 0 | 1.750.000 | | B81B21003770005",,alta,,Intervento: TESATURA DEI CONDUTTORI IN RAME DELL’IMPIANTO TE DELLA TRATTA FOSSACESIA ‐ ARCHI E REALIZZAZIONE DELLA PALIFICATA DI SOSTEGNO SUL PONTE FIUME SANGRO
2023 DM MIT 342-2023.pdf,deepseek/deepseek-v4-flash,off,,,Ministero delle infrastrutture e dei trasporti,,rettifica,,False,,,0,singolo,7150,4,2033,217585.0,217585.0,217.585,totale,assegnazione,assegnato,VENETO,"art. 1; Allegato 3 / [TABELLA pag.11 n.1], riga 14","2033 | 4.642.914 | 0,083 | 0 | 0 | 0 | 217.585 | 0 | 0 | 0 | 199.831 | 0 | 690.994 | 2.497.882 | 599.492 | 0 | 0 | 0 | 291.420 | 145.710","decreto del Ministro delle infrastrutture e della mobilità sostenibili del 23 settembre 2021, n. 364",alta,,"Rettifica dell'Allegato 3 del DM 364/2021: per l'annualità 2033, alla Regione Veneto risorse pari a 217.585 euro, in luogo dei precedenti 117.585 euro. Nessun CUP associato a livello di riga."
2023 DM MIT 342-2023.pdf,deepseek/deepseek-v4-flash,off,,,Ministero delle infrastrutture e dei trasporti,,rettifica,,False,,,0,singolo,7150,4,2033,690994.0,690994.0,690.994,totale,assegnazione,assegnato,EMILIA ROMAGNA,"art. 1; Allegato 3 / [TABELLA pag.11 n.1], riga 14","2033 | 4.642.914 | 0,083 | 0 | 0 | 0 | 217.585 | 0 | 0 | 0 | 199.831 | 0 | 690.994 | 2.497.882 | 599.492 | 0 | 0 | 0 | 291.420 | 145.710","decreto del Ministro delle infrastrutture e della mobilità sostenibili del 23 settembre 2021, n. 364",alta,,"Rettifica dell'Allegato 3 del DM 364/2021: per l'annualità 2033, alla Regione Emilia Romagna risorse pari a 690.994 euro, in luogo dei precedenti 790.994 euro. Nessun CUP associato a livello di riga."
2023 DM MIT 342-2023.pdf,deepseek/deepseek-v4-flash,off,,,Ministero delle infrastrutture e dei trasporti,,rettifica,,False,,,0,singolo,7150,4,2032,125266.0,125266.0,125.266,totale,assegnazione,assegnato,VENETO,"art. 1; Allegato 3 / [TABELLA pag.11 n.1], riga 13","2032 | 4.946.287 | 0,089 | 0 | 0 | 0 | 125.266 | 0 | 0 | 0 | 212.888 | 0 | 842.682 | 2.661.096 | 638.663 | 0 | 0 | 0 | 310.461 | 155.231","decreto del Ministro delle infrastrutture e della mobilità sostenibili del 23 settembre 2021, n. 364",alta,,"Rettifica dell'Allegato 3 del DM 364/2021: per l'annualità 2032, alla Regione Veneto risorse pari a 125.266 euro, in luogo dei precedenti 125.268 euro. Nessun CUP associato a livello di riga."
2023 DM MIT 342-2023.pdf,deepseek/deepseek-v4-flash,off,,,Ministero delle infrastrutture e dei trasporti,,rettifica,,False,,,0,singolo,7150,4,2032,842682.0,842682.0,842.682,totale,assegnazione,assegnato,EMILIA ROMAGNA,"art. 1; Allegato 3 / [TABELLA pag.11 n.1], riga 13","2032 | 4.946.287 | 0,089 | 0 | 0 | 0 | 125.266 | 0 | 0 | 0 | 212.888 | 0 | 842.682 | 2.661.096 | 638.663 | 0 | 0 | 0 | 310.461 | 155.231","decreto del Ministro delle infrastrutture e della mobilità sostenibili del 23 settembre 2021, n. 364",alta,,"Rettifica dell'Allegato 3 del DM 364/2021: per l'annualità 2032, alla Regione Emilia Romagna risorse pari a 842.682 euro, in luogo dei precedenti 842.680 euro. Nessun CUP associato a livello di riga."
2025 DD MIT 141-2025.pdf,deepseek/deepseek-v4-flash,off,141,2025-04-18,Ministero delle Infrastrutture e dei Trasporti,,assegnazione,E51I04000010007,True,definitivo,,1,singolo,7419,2,2024-2032,2125000000.0,2125000000.0,"€ 2.125.000.000,00",totale,assegnazione,impegnato,,art. 3; [TABELLA pag.5 n.1],"È autorizzato l’impegno delle risorse di cui al citato articolo 1, comma 478, della legge 29 dicembre 2022, n. 197, sul capitolo 7419, piano gestionale 2 ... per la somma complessiva di € 2.125.000.000,00",,alta,,Importo complessivo autorizzato all'impegno sul capitolo 7419/PG2. Il CUP è associato all'intervento complessivo della Linea C della Metropolitana di Roma (art. 1).
2025 DD MIT 141-2025.pdf,deepseek/deepseek-v4-flash,off,141,2025-04-18,Ministero delle Infrastrutture e dei Trasporti,,assegnazione,E51I04000010007,True,definitivo,,1,singolo,7416,1,2027-2028,75000000.0,75000000.0,"€ 75.000.000,00",totale,assegnazione,impegnato,,art. 4,"È autorizzato l’impegno delle risorse di cui al citato art.1, comma 478, della legge 29 dicembre 2022, n.197, sul capitolo 7416 piano gestonale 1 ... per la somma complessiva di € 75.000.000,00",,alta,,Importo complessivo autorizzato all'impegno sul capitolo 7416/PG1. Il CUP è associato all'intervento complessivo della Linea C della Metropolitana di Roma (art. 1).
2022 DD MIT 454-2022.pdf,deepseek/deepseek-v4-pro-0813,off,,,Ministero delle infrastrutture e dei trasporti,Ministero dell'economia e delle finanze,impegno,E51I04000010007,True,definitivo,,1,singolo,7426,1,2021,14000000.0,14000000.0,"€ 14.000.000,00",totale,assegnazione,impegnato,,Articolo 1,"è autorizzato, per il corrente esercizio finanziario, a favore di Roma Capitale per l’intervento ""Tratta Colosseo - Piazza Venezia della Linea C della metropolitana di Roma” CUP E51I04000010007, l’impegno di € 14.000.000,00 in conto residui di lettera F, esercizio di provenienza 2021.","decreto del Ministro delle infrastrutture e dei trasporti di concerto con il Ministro dell'economia e delle finanze, n. 498 del 14 novembre 2014",alta,,"Impegno in conto residui di lettera F, esercizio di provenienza 2021."
2022 DD MIT 454-2022.pdf,deepseek/deepseek-v4-pro-0813,off,,,Ministero delle infrastrutture e dei trasporti,Ministero dell'economia e delle finanze,impegno,E51I04000010007,True,definitivo,,1,singolo,7426,1,2022-2025,131000000.0,131000000.0,"€ 131.000.000,00",totale,assegnazione,impegnato,,Articolo 2; [TABELLA pag.3 n.1],"è autorizzato l’impegno, sul capitolo 7426, piano di gestione 1, ... per l’importo complessivo di € 131.000.000,00 a favore di Roma Capitale, per l’intervento ""Tratta Colosseo - Piazza Venezia della Linea C della metropolitana di Roma” CUP E51I04000010007, come di seguito riportato: Anno Importo 2022 35.000.000,00 € 2023 40.000.000,00 € 2024 33.500.000,00 € 2025 22.500.000,00 € Totale 131.000.000,00 €","decreto del Ministro delle infrastrutture e dei trasporti di concerto con il Ministro dell'economia e delle finanze, n. 498 del 14 novembre 2014",alta,,"L'importo complessivo è ripartito in annualità: 2022: 35.000.000,00; 2023: 40.000.000,00; 2024: 33.500.000,00; 2025: 22.500.000,00."
2022 DDG 128 del 02-05-22.pdf,deepseek/deepseek-v4-pro-0813,off,,,Ministero delle infrastrutture e della mobilità sostenibili,,impegno,H94I19000130004,True,definitivo,,1,singolo,7400,7,2020-2034,97154124.1,97154124.1,"97.154.124,10",totale,assegnazione,impegnato,Totale,"Allegato 1 / [TABELLA pag.4 n.1], riga 1","Comune di Padova | H94I19000130004 | 7400/PG 7 | ... | 97.154.124,10",Decreto del Ministro delle infrastrutture e della mobilità sostenibili n. 464 del 22 novembre 2021,alta,,"Impegno in conto competenza per gli esercizi 2022-2034 e in conto residui per gli esercizi 2020-2021, come da articoli 1 e 2 del decreto."
2022 DDG 128 del 02-05-22.pdf,deepseek/deepseek-v4-pro-0813,off,,,Ministero delle infrastrutture e della mobilità sostenibili,,impegno,J80J18000000001,True,definitivo,,1,singolo,7400,7,2020-2034,159466174.12,159466174.12,"159.466.174,12",totale,assegnazione,impegnato,Totale,"Allegato 1 / [TABELLA pag.4 n.1], riga 2","Roma Capitale | J80J18000000001 | 7400/PG 7 | ... | 159.466.174,12",Decreto del Ministro delle infrastrutture e della mobilità sostenibili n. 464 del 22 novembre 2021,alta,,"Impegno in conto competenza per gli esercizi 2022-2034 e in conto residui per gli esercizi 2020-2021, come da articoli 1 e 2 del decreto."
2022 DDG 128 del 02-05-22.pdf,deepseek/deepseek-v4-pro-0813,off,,,Ministero delle infrastrutture e della mobilità sostenibili,,impegno,C11B21008720001,True,definitivo,,2,aggregato,7400,7,2020-2034,44494493.04,22247246.52,"44.494.493,04",totale,assegnazione,impegnato,Totale,"Allegato 1 / [TABELLA pag.4 n.1], riga 3","Comune di Torino | C11B21008720001 D81E20000410007 | 7400/PG 7 | ... | 44.494.493,04",Decreto del Ministro delle infrastrutture e della mobilità sostenibili n. 464 del 22 novembre 2021,alta,,Importo unico per due CUP; l'atto non ripartisce l'importo tra i due CUP.
2022 DDG 128 del 02-05-22.pdf,deepseek/deepseek-v4-pro-0813,off,,,Ministero delle infrastrutture e della mobilità sostenibili,,impegno,D81E20000410007,True,definitivo,,2,aggregato,7400,7,2020-2034,44494493.04,22247246.52,"44.494.493,04",totale,assegnazione,impegnato,Totale,"Allegato 1 / [TABELLA pag.4 n.1], riga 3","Comune di Torino | C11B21008720001 D81E20000410007 | 7400/PG 7 | ... | 44.494.493,04",Decreto del Ministro delle infrastrutture e della mobilità sostenibili n. 464 del 22 novembre 2021,alta,,Importo unico per due CUP; l'atto non ripartisce l'importo tra i due CUP.
2022 DDG 128 del 02-05-22.pdf,deepseek/deepseek-v4-pro-0813,off,,,Ministero delle infrastrutture e della mobilità sostenibili,,impegno,C81B21013200005,True,definitivo,,1,singolo,7400,7,2020-2034,333059208.74,333059208.74,"333.059.208,74",totale,assegnazione,impegnato,Totale,"Allegato 1 / [TABELLA pag.4 n.1], riga 4","Comune di Brescia | C81B21013200005 | 7400/PG 7 | ... | 333.059.208,74",Decreto del Ministro delle infrastrutture e della mobilità sostenibili n. 464 del 22 novembre 2021,alta,,"Impegno in conto competenza per gli esercizi 2022-2034 e in conto residui per gli esercizi 2020-2021, come da articoli 1 e 2 del decreto."
2022 DDG 128 del 02-05-22.pdf,deepseek/deepseek-v4-pro-0813,off,,,Ministero delle infrastrutture e della mobilità sostenibili,,impegno,C81B21013200005,True,definitivo,,1,singolo,7400,1,2029-2034,26486678.33,26486678.33,"26.486.678,33",totale,assegnazione,impegnato,Totale,"Allegato 1 / [TABELLA pag.4 n.1], riga 5","Comune di Brescia | C81B21013200005 | 7400/PG 1 | ... | 26.486.678,33",Decreto del Ministro delle infrastrutture e della mobilità sostenibili n. 464 del 22 novembre 2021,alta,,"Impegno in conto competenza per gli esercizi 2029-2034, come da articolo 3 del decreto."
2022 DI Mims Mef 97 20.04.2022.pdf,deepseek/deepseek-v4-pro-0813,off,,,Ministero delle Infrastrutture e della Mobilità Sostenibili,Ministero dell'Economia e delle Finanze,assegnazione,B39J22001360001,True,definitivo,,1,singolo,7400,8,,398000000.0,398000000.0,"398.000.000,00",totale,assegnazione,assegnato,FINANZIAMENTO AMMESSO,"art. 1, comma 1, lettera a); Allegato 1 / [TABELLA pag.10 n.1], riga 1","CITTÀ METROPOLITANA DI GENOVA | SKYMETRO VAL BISAGNO GENOVA | COMUNE DI GENOVA | B39J22001360001 | PFTE | 31.03.2023 | 30.06.2025 | 31.12.2027 | 398.000.000,00 | --- | 398.000.000,00",,alta,,
2022 DI Mims Mef 97 20.04.2022.pdf,deepseek/deepseek-v4-pro-0813,off,,,Ministero delle Infrastrutture e della Mobilità Sostenibili,Ministero dell'Economia e delle Finanze,assegnazione,B31F20000030005,True,definitivo,,1,singolo,7400,8,,20860000.0,20860000.0,"20.860.000,00",totale,assegnazione,assegnato,FINANZIAMENTO AMMESSO,"art. 1, comma 1, lettera a); Allegato 1 / [TABELLA pag.10 n.1], riga 2","PROLUNGAMENTO METROPOLITANA DI GENOVA DA BRIN A CANEPARI. OPERE DI ADEGUAMENTO IDRAULICO DEL TRATTO TOMBINATO DI VALLE DEL RIO MALTEMPO, AFFLUENTE DEL TORRENTE POLCEVERA | COMUNE DI GENOVA | B31F20000030005 | PFTE | 31.03.2023 | 31.12.2023 | 30.09.2024 | 20.860.000,00 | --- | 20.860.000,00",,alta,,
2022 DI Mims Mef 97 20.04.2022.pdf,deepseek/deepseek-v4-pro-0813,off,,,Ministero delle Infrastrutture e della Mobilità Sostenibili,Ministero dell'Economia e delle Finanze,assegnazione,B44D20000040001,True,definitivo,,1,singolo,7400,8,,180000000.0,180000000.0,"180.000.000,00",totale,assegnazione,assegnato,FINANZIAMENTO AMMESSO,"art. 1, comma 1, lettera a); Allegato 1 / [TABELLA pag.10 n.1], riga 3","CITTÀ METROPOLITANA DI MILANO | LINEA METROPOLITANA M1 PROLUNGAMENTO QUARTIERE BAGGIO – OLMI - VALSESIA | COMUNE DI MILANO | B44D20000040001 | PROGETTO DEFINITIVO | 31.12.2022 | 31.12.2025 | 31.12.2027 | 398.000.000,00 | 218.000.000,00 | 180.000.000,00",,alta,,
2022 DI Mims Mef 97 20.04.2022.pdf,deepseek/deepseek-v4-pro-0813,off,,,Ministero delle Infrastrutture e della Mobilità Sostenibili,Ministero dell'Economia e delle Finanze,assegnazione,B91J21000040001,True,definitivo,,1,singolo,7400,8,,420000000.0,420000000.0,"420.000.000,00",totale,assegnazione,assegnato,FINANZIAMENTO AMMESSO,"art. 1, comma 1, lettera a); Allegato 1 / [TABELLA pag.10 n.1], riga 4","PROLUNGAMENTO LINEA METROPOLITANA M4 DA AEROPORTO LINATE A SEGRATE | COMUNE DI MILANO | B91J21000040001 | PFTE | 31.12.2025 | 31.12.2028 | 31.12.2030 | 420.000.000,00 | --- | 420.000.000,00",,alta,,
2022 DI Mims Mef 97 20.04.2022.pdf,deepseek/deepseek-v4-pro-0813,off,,,Ministero delle Infrastrutture e della Mobilità Sostenibili,Ministero dell'Economia e delle Finanze,assegnazione,B41J21000050006,True,definitivo,,1,singolo,7400,8,,4500000.0,4500000.0,"4.500.000,00",totale,assegnazione,assegnato,FINANZIAMENTO AMMESSO,"art. 1, comma 1, lettera a); Allegato 1 / [TABELLA pag.10 n.1], riga 5","NUOVA LINEA METROPOLITANA M6 RAMO SUD (PFTE) | COMUNE DI MILANO | B41J21000050006 | --- | 31.03.2023 | 30.06.2024 | 31.12.2025 | 4.500.000,00 | --- | 4.500.000,00",,alta,,
2022 DI Mims Mef 97 20.04.2022.pdf,deepseek/deepseek-v4-pro-0813,off,,,Ministero delle Infrastrutture e della Mobilità Sostenibili,Ministero dell'Economia e delle Finanze,assegnazione,B41C21000010001,True,definitivo,,1,singolo,7400,8,,5500000.0,5500000.0,"5.500.000,00",totale,assegnazione,assegnato,FINANZIAMENTO AMMESSO,"art. 1, comma 1, lettera a); Allegato 1 / [TABELLA pag.10 n.1], riga 6","PROLUNGAMENTO M3 SAN DONATO M. – ASTA PAULLESE (PFTE) | COMUNE DI MILANO | B41C21000010001 | PFTE – 1° FASE | 31.03.2023 | 30.06.2024 | 31.12.2025 | 5.500.000,00 | --- | 5.500.000,00",,alta,,
2022 DI Mims Mef 97 20.04.2022.pdf,deepseek/deepseek-v4-pro-0813,off,,,Ministero delle Infrastrutture e della Mobilità Sostenibili,Ministero dell'Economia e delle Finanze,assegnazione,F41B22000740009,True,definitivo,F41B22000740009,1,singolo,7400,8,,631373163.0,631373163.0,"631.373.163,00",totale,assegnazione,assegnato,FINANZIAMENTO AMMESSO,"art. 1, comma 1, lettera a); Allegato 1 / [TABELLA pag.10 n.1], riga 7","CITTÀ METROPOLITANA DI NAPOLI | NUOVO COLLEGAMENTO IN SEDE PROPRIA TRA LA STAZIONE AV DI AFRAGOLA E LA RETE METROPOLITANA DI NAPOLI. LOTTO 1°_STRALCIO I | COMUNE DI NAPOLI / EAV Srl | F41B22000740009 (CUP MASTER) | PFTE | 31.03.2023 | 30.06.2025 | 31.12.2027 | 631.373.163,00 | --- | 631.373.163,00",,alta,,CUP indicato come CUP MASTER; nessun CUP di intervento specificato.
2022 DI Mims Mef 97 20.04.2022.pdf,deepseek/deepseek-v4-pro-0813,off,,,Ministero delle Infrastrutture e della Mobilità Sostenibili,Ministero dell'Economia e delle Finanze,assegnazione,F41B22000830009,True,definitivo,,1,singolo,7400,8,,163500824.0,163500824.0,"163.500.824,00",totale,assegnazione,assegnato,FINANZIAMENTO AMMESSO,"art. 1, comma 1, lettera a); Allegato 1 / [TABELLA pag.10 n.1], riga 8","NUOVO COLLEGAMENTO IN SEDE PROPRIA TRA LA STAZIONE AV DI AFRAGOLA E LA RETE METROPOLITANA DI NAPOLI. LOTTO 1°_STRALCIO II | COMUNE DI NAPOLI / EAV Srl | F41B22000830009 | PFTE | 31.03.2026 | 31.12.2026 | 31.12.2027 | 163.500.824,00 | --- | 163.500.824,00",,alta,,
2022 DI Mims Mef 97 20.04.2022.pdf,deepseek/deepseek-v4-pro-0813,off,,,Ministero delle Infrastrutture e della Mobilità Sostenibili,Ministero dell'Economia e delle Finanze,assegnazione,E51I04000010007,True,definitivo,,1,singolo,7400,8,,610000000.0,610000000.0,"610.000.000,00",totale,assegnazione,assegnato,FINANZIAMENTO AMMESSO,"art. 1, comma 1, lettera a); Allegato 1 / [TABELLA pag.10 n.1], riga 9","CITTÀ METROPOLITANA DI ROMA | LINEA C DELLA METROPOLITANA DI ROMA - SUB-TRATTA FUNZIONALE DA STAZIONE VENEZIA A STAZIONE FORI IMPERIALI | ROMA CAPITALE / ROMA METROPOLITANE Srl | E51I04000010007 | PROGETTO DEFINITIVO | 31.12.2022 | 31.12.2027 | 31.12.2032 | 755.000.000,00 | 145.000.000,00 | 610.000.000,00",,alta,,
2022 DI Mims Mef 97 20.04.2022.pdf,deepseek/deepseek-v4-pro-0813,off,,,Ministero delle Infrastrutture e della Mobilità Sostenibili,Ministero dell'Economia e delle Finanze,assegnazione,E51I04000010007,True,definitivo,,1,singolo,7400,8,,990000000.0,990000000.0,"990.000.000,00",totale,assegnazione,assegnato,FINANZIAMENTO AMMESSO,"art. 1, comma 1, lettera a); Allegato 1 / [TABELLA pag.10 n.1], riga 10","LINEA C DELLA METROPOLITANA DI ROMA - TRATTA T2 - LOTTO COSTRUTTIVO | ROMA CAPITALE / ROMA METROPOLITANE Srl | E51I04000010007 | PROGETTO PRELIMINARE | 30.06.2023 | 30.09.2024 | 31.12.2026 | 990.000.000,00 | --- | 990.000.000,00",,alta,,
2022 DI Mims Mef 97 20.04.2022.pdf,deepseek/deepseek-v4-pro-0813,off,,,Ministero delle Infrastrutture e della Mobilità Sostenibili,Ministero dell'Economia e delle Finanze,assegnazione,C71F20000020005,True,definitivo,,1,singolo,7400,8,,1000000000.0,1000000000.0,"1.000.000.000,00",totale,assegnazione,assegnato,FINANZIAMENTO AMMESSO,"art. 1, comma 1, lettera a); Allegato 1 / [TABELLA pag.10 n.1], riga 11","CITTÀ METROPOLITANA DI TORINO | METROPOLITANA AUTOMATICA DI TORINO – LINEA 2 – TRATTA “POLITECNICO – REBAUDENGO” | COMUNE DI TORINO | C71F20000020005 | PROGETTO DEFINITIVO | 31.12.2023 | 30.06.2028 | 31.12.2031 | 1.800.000.000,00 | 800.000.000,00 | 1.000.000.000,00",,alta,,
2022 DI Mims Mef 97 20.04.2022.pdf,deepseek/deepseek-v4-pro-0813,off,,,Ministero delle Infrastrutture e della Mobilità Sostenibili,Ministero dell'Economia e delle Finanze,assegnazione,J81B21014060001,True,definitivo,,1,singolo,7400,1,,173183831.97,173183831.97,"173.183.831,97",totale,assegnazione,assegnato,FINANZIAMENTO AMMESSO,"art. 1, comma 1, lettera b); Allegato 2 / [TABELLA pag.12 n.1], riga 1","ROMA CAPITALE | LINEA TRANVIARIA TERMINI - VATICANO - AURELIO | J81B21014060001 | TRANVIA | 293.183.831,97 | 120.000.000,00 | 173.183.831,97",,alta,,
2022 DI Mims Mef 97 20.04.2022.pdf,deepseek/deepseek-v4-pro-0813,off,,,Ministero delle Infrastrutture e della Mobilità Sostenibili,Ministero dell'Economia e delle Finanze,assegnazione,J84E21005150001,True,definitivo,,1,singolo,7400,1,,11284217.84,11284217.84,"11.284.217,84",totale,assegnazione,assegnato,FINANZIAMENTO AMMESSO,"art. 1, comma 1, lettera b); Allegato 2 / [TABELLA pag.12 n.1], riga 2","ROMA CAPITALE | DEPOSITO DI CENTOCELLE EST | J84E21005150001 | TRANVIA | 11.284.217,84 | --- | 11.284.217,84",,alta,,
2022 DI Mims Mef 97 20.04.2022.pdf,deepseek/deepseek-v4-pro-0813,off,,,Ministero delle Infrastrutture e della Mobilità Sostenibili,Ministero dell'Economia e delle Finanze,assegnazione,E31J19000030001,True,definitivo,,1,singolo,7400,1,,26500000.0,26500000.0,"26.500.000,00",totale,assegnazione,assegnato,FINANZIAMENTO AMMESSO,"art. 1, comma 1, lettera b); Allegato 2 / [TABELLA pag.12 n.1], riga 3","COMUNE DI PIACENZA | SISTEMA DI TRASPORTO RAPIDO DI MASSA PER IL COLLEGAMENTO TRA LA STAZIONE FERROVIARIA DI PIACENZA ED IL NUOVO POLO OSPEDALIERO | E31J19000030001 | BUSVIA | 26.500.000,00 | --- | 26.500.000,00",,alta,,
2022 DI Mims Mef 97 20.04.2022.pdf,deepseek/deepseek-v4-pro-0813,off,,,Ministero delle Infrastrutture e della Mobilità Sostenibili,Ministero dell'Economia e delle Finanze,assegnazione,F44I19000530001,True,definitivo,,1,singolo,7400,1,,122200000.0,122200000.0,"122.200.000,00",totale,assegnazione,assegnato,FINANZIAMENTO AMMESSO,"art. 1, comma 1, lettera b); Allegato 2 / [TABELLA pag.12 n.1], riga 4","COMUNE DI MILANO | AMPLIAMENTO DEL DEPOSITO GALLARATESE DEI TRENI DELLA LINEA METROPOLITANA 1 | F44I19000530001 | METRO | 122.200.000,00 | --- | 122.200.000,00",,alta,,
2023 DM MIT 342-2023.pdf,deepseek/deepseek-v4-pro-0813,off,,,Ministero delle Infrastrutture e dei Trasporti,,rettifica,H49J21005480003,True,definitivo,,1,singolo,7150,3,,47725.0,47725.0,"47.725,00",totale,rimodulazione,rimodulato,IMPORTO AMMASSO A FINANZIAMENTO,"Allegato 1 / [TABELLA pag.4 n.1], riga 5","INTERSCAMBIO SANT'OLCESE TULLO | STAZIONE DI SANT'OLCESE TULLO REALIZZAZIONE DI PARCHEGGIO INTERSCAMBIO PER AUTO E BICICLETTE SISTEMAZIONE AREA | 47.725,00 | 0,00 | 47.725,00 | | H49J21005480003","decreto del Ministro delle infrastrutture e della mobilità sostenibili del 23 settembre 2021, n. 364",alta,,Importo invariato rispetto all'atto originario; allegato sostitutivo.
2023 DM MIT 342-2023.pdf,deepseek/deepseek-v4-pro-0813,off,,,Ministero delle Infrastrutture e dei Trasporti,,rettifica,C75B23000000001,True,definitivo,,1,singolo,7150,3,,10543255.0,10543255.0,"10.543.255,00",totale,rimodulazione,rimodulato,IMPORTO AMMASSO A FINANZIAMENTO,"Allegato 1 / [TABELLA pag.4 n.1], riga 10","RINNOVO, POTENZIAMENTO E MESSA IN SICUREZZA DELLE TRATTE PIÙ AMMALORATE DELLA LINEA DI CONTATTO DELLA FERROVIA ROMA – VITERBO NELLA TRATTA CATALANO – VITERBO | 10.543.255,00 | 0,00 | 10.543.255,00 | | C75B23000000001","decreto del Ministro delle infrastrutture e della mobilità sostenibili del 23 settembre 2021, n. 364",alta,,Importo invariato rispetto all'atto originario; allegato sostitutivo.
2023 DM MIT 342-2023.pdf,deepseek/deepseek-v4-pro-0813,off,,,Ministero delle Infrastrutture e dei Trasporti,,rettifica,C71G22000090001,True,definitivo,,1,singolo,7150,3,,7000000.0,7000000.0,"7.000.000,00",totale,rimodulazione,rimodulato,IMPORTO AMMASSO A FINANZIAMENTO,"Allegato 1 / [TABELLA pag.4 n.1], riga 11","POTENZIAMENTO DEL SISTEMA DI ALIMENTAZIONE ELETTRICA DELLA LINEA ROMA-VITERBO (SSE E DOTE) | 7.000.000,00 | 0,00 | 7.000.000,00 | | C71G22000090001","decreto del Ministro delle infrastrutture e della mobilità sostenibili del 23 settembre 2021, n. 364",alta,,Importo invariato rispetto all'atto originario; allegato sostitutivo.
2023 DM MIT 342-2023.pdf,deepseek/deepseek-v4-pro-0813,off,,,Ministero delle Infrastrutture e dei Trasporti,,rettifica,E51B21002250001,True,definitivo,,1,singolo,7150,3,,20000000.0,20000000.0,"20.000.000,00",totale,rimodulazione,rimodulato,IMPORTO AMMASSO A FINANZIAMENTO,"Allegato 1 / [TABELLA pag.4 n.1], riga 12","INTERVENTI SULLA RETE PER STABILIZZAZIONE ORARIO: RADDOPPIO SELETTIVO VARESE - LAVENO E SISTEMAZIONI INCROCI (GEMONIO E CITTIGLIO) | 20.000.000,00 | 0,00 | 20.000.000,00 | | E51B21002250001","decreto del Ministro delle infrastrutture e della mobilità sostenibili del 23 settembre 2021, n. 364",alta,,Importo invariato rispetto all'atto originario; allegato sostitutivo.
2023 DM MIT 342-2023.pdf,deepseek/deepseek-v4-pro-0813,off,,,Ministero delle Infrastrutture e dei Trasporti,,rettifica,B41E04000210001,True,definitivo,,1,singolo,7150,3,,50000000.0,50000000.0,"50.000.000,00",totale,rimodulazione,rimodulato,IMPORTO AMMASSO A FINANZIAMENTO,"Allegato 1 / [TABELLA pag.5 n.1], riga 1","LINEA 1 DELLA METROPOLITANA DI NAPOLI – TRATTA CDN –CAPODICHINO. OPERE COMPLEMENTARI PER L’IMPERMEABILIZZAZIONE DELLA ADIACENTE GALLERIA CIRCUMVESUVIANA COMPLETAMENTO | 50.000.000,00 | 50.000.000,00 | 100.000.000,00 | | B41E04000210001","decreto del Ministro delle infrastrutture e della mobilità sostenibili del 23 settembre 2021, n. 364",alta,,Importo invariato rispetto all'atto originario; allegato sostitutivo.
2023 DM MIT 342-2023.pdf,deepseek/deepseek-v4-pro-0813,off,,,Ministero delle Infrastrutture e dei Trasporti,,rettifica,F61B21003640009,True,definitivo,,1,singolo,7150,3,,30000000.0,30000000.0,"30.000.000,00",totale,rimodulazione,rimodulato,IMPORTO AMMASSO A FINANZIAMENTO,"Allegato 1 / [TABELLA pag.5 n.1], riga 2","NUOVO TELECOMANDO LINEE FLEGREE CON FORNITURA IN OPERA DI TRE SOTTOSTAZIONI ELETTRICHE ED ADEGUAMENTO TE GALLERIE | 30.000.000,00 | 0,00 | 30.000.000,00 | | F61B21003640009","decreto del Ministro delle infrastrutture e della mobilità sostenibili del 23 settembre 2021, n. 364",alta,,Importo invariato rispetto all'atto originario; allegato sostitutivo.
2023 DM MIT 342-2023.pdf,deepseek/deepseek-v4-pro-0813,off,,,Ministero delle Infrastrutture e dei Trasporti,,rettifica,G31G22000250001,True,definitivo,,1,singolo,7150,3,,2800000.0,2800000.0,"2.800.000,00",totale,rimodulazione,rimodulato,IMPORTO AMMASSO A FINANZIAMENTO,"Allegato 1 / [TABELLA pag.5 n.1], riga 3","RIFACIMENTO PENSILINA BARI CENTRALE | 2.800.000,00 | 0,00 | 2.800.000,00 | | G31G22000250001","decreto del Ministro delle infrastrutture e della mobilità sostenibili del 23 settembre 2021, n. 364",alta,,Importo invariato rispetto all'atto originario; allegato sostitutivo.
2023 DM MIT 342-2023.pdf,deepseek/deepseek-v4-pro-0813,off,,,Ministero delle Infrastrutture e dei Trasporti,,rettifica,D69D15002090001,True,definitivo,,2,aggregato,7150,3,,50000000.0,25000000.0,"50.000.000,00",totale,rimodulazione,rimodulato,IMPORTO AMMASSO A FINANZIAMENTO,"Allegato 1 / [TABELLA pag.5 n.1], riga 4","COMPLETAMENTO ELETTRIFICAZIONE DORSALE SALENTO (TRATTA MAGLIE- OTRANTO E ZOLLINO- GAGLIANO) | 50.000.000,00 | 130.000.000,00 | 180.000.000,00 | | Lotto 4 - D69D15002090001 Lotto 3 - D49D15001920001","decreto del Ministro delle infrastrutture e della mobilità sostenibili del 23 settembre 2021, n. 364",alta,,Importo unico per due lotti/CUP; l'atto non ripartisce.
2023 DM MIT 342-2023.pdf,deepseek/deepseek-v4-pro-0813,off,,,Ministero delle Infrastrutture e dei Trasporti,,rettifica,D49D15001920001,True,definitivo,,2,aggregato,7150,3,,50000000.0,25000000.0,"50.000.000,00",totale,rimodulazione,rimodulato,IMPORTO AMMASSO A FINANZIAMENTO,"Allegato 1 / [TABELLA pag.5 n.1], riga 4","COMPLETAMENTO ELETTRIFICAZIONE DORSALE SALENTO (TRATTA MAGLIE- OTRANTO E ZOLLINO- GAGLIANO) | 50.000.000,00 | 130.000.000,00 | 180.000.000,00 | | Lotto 4 - D69D15002090001 Lotto 3 - D49D15001920001","decreto del Ministro delle infrastrutture e della mobilità sostenibili del 23 settembre 2021, n. 364",alta,,Importo unico per due lotti/CUP; l'atto non ripartisce.
2023 DM MIT 342-2023.pdf,deepseek/deepseek-v4-pro-0813,off,,,Ministero delle Infrastrutture e dei Trasporti,,rettifica,G71B18000620005,True,definitivo,,1,singolo,7150,3,,2500000.0,2500000.0,"2.500.000,00",totale,rimodulazione,rimodulato,IMPORTO AMMASSO A FINANZIAMENTO,"Allegato 1 / [TABELLA pag.5 n.1], riga 5","REALIZZAZIONE PARCHEGGIO DI INTERSCAMBIO NELLA STAZIONE DI ALTAMURA | 2.500.000,00 | 0,00 | 2.500.000,00 | | G71B18000620005","decreto del Ministro delle infrastrutture e della mobilità sostenibili del 23 settembre 2021, n. 364",alta,,Importo invariato rispetto all'atto originario; allegato sostitutivo.
2023 DM MIT 342-2023.pdf,deepseek/deepseek-v4-pro-0813,off,,,Ministero delle Infrastrutture e dei Trasporti,,rettifica,F81B21005610001,True,definitivo,,1,singolo,7150,3,,18000000.0,18000000.0,"18.000.000,00",totale,rimodulazione,rimodulato,IMPORTO AMMASSO A FINANZIAMENTO,"Allegato 1 / [TABELLA pag.6 n.1], riga 1","VARIANTE DI TRACCCIATO, REALIZZAZIONE PUNTI DI INCROCIO E RADDOPPIO TRATTA MONSERRATO SETTIMO/SAN PIETRO | 26.400.000,00 | 0,00 | 26.400.000,00 | | F81B21005610001","decreto del Ministro delle infrastrutture e della mobilità sostenibili del 23 settembre 2021, n. 364",alta,,Importo invariato rispetto all'atto originario; allegato sostitutivo.
2023 DM MIT 342-2023.pdf,deepseek/deepseek-v4-pro-0813,off,,,Ministero delle Infrastrutture e dei Trasporti,,rettifica,I61B21003020001,True,definitivo,,1,singolo,7150,3,,9900000.0,9900000.0,"9.900.000,00",totale,rimodulazione,rimodulato,IMPORTO AMMASSO A FINANZIAMENTO,"Allegato 1 / [TABELLA pag.6 n.1], riga 2","LAVORI DI REALIZZAZIONE DELLA NUOVA STAZIONE FERROVIARIA DI CATANZARO CITTÀ | 9.900.000,00 | 0,00 | 9.900.000,00 | | I61B21003020001","decreto del Ministro delle infrastrutture e della mobilità sostenibili del 23 settembre 2021, n. 364",alta,,Importo invariato rispetto all'atto originario; allegato sostitutivo.
2023 DM MIT 342-2023.pdf,deepseek/deepseek-v4-pro-0813,off,,,Ministero delle Infrastrutture e dei Trasporti,,rettifica,I67H21003160001,True,definitivo,,1,singolo,7150,3,,2900000.0,2900000.0,"2.900.000,00",totale,rimodulazione,rimodulato,IMPORTO AMMASSO A FINANZIAMENTO,"Allegato 1 / [TABELLA pag.6 n.1], riga 3","LAVORI DI MIGLIORAMENTO DELLA FRUIBILITÀ DELLA LINEA FERROVIARIA SULLA TRATTA CATANZARO CITTÀ - CATANZARO - CATANZARO LIDO -GERMANETO | 2.900.000,00 | 0,00 | 2.900.000,00 | | I67H21003160001","decreto del Ministro delle infrastrutture e della mobilità sostenibili del 23 settembre 2021, n. 364",alta,,Importo invariato rispetto all'atto originario; allegato sostitutivo.
2023 DM MIT 342-2023.pdf,deepseek/deepseek-v4-pro-0813,off,,,Ministero delle Infrastrutture e dei Trasporti,,rettifica,B89J21020930005,True,definitivo,,1,singolo,7150,3,,1200000.0,1200000.0,"1.200.000,00",totale,rimodulazione,rimodulato,IMPORTO AMMASSO A FINANZIAMENTO,"Allegato 1 / [TABELLA pag.6 n.1], riga 4","CREAZIONE POSTO INTERMEDIO LOCALITÀ GUASTACCONCIA NELLA TRATTA FOSSACESIA- SALETTI | 1.200.000,00 | 0,00 | 1.200.000,00 | | B89J21020930005","decreto del Ministro delle infrastrutture e della mobilità sostenibili del 23 settembre 2021, n. 364",alta,,Importo invariato rispetto all'atto originario; allegato sostitutivo.
2023 DM MIT 342-2023.pdf,deepseek/deepseek-v4-pro-0813,off,,,Ministero delle Infrastrutture e dei Trasporti,,rettifica,I57H21005640001,True,definitivo,,1,singolo,7150,4,,1512215.0,1512215.0,"1.512.215,00",totale,rimodulazione,rimodulato,SICUREZZA,"Allegato 2 / [TABELLA pag.7 n.1], riga 1","INTERVENTI STRUTTURALI DI RISANAMENTO PONTE IN C.A. AL KM. 14+355 | 1.512.215,00 | 0,00 | 1.512.215,00 | | I57H21005640001","decreto del Ministro delle infrastrutture e della mobilità sostenibili del 23 settembre 2021, n. 364",alta,,"Importo corretto rispetto all'atto originario (1.412.215,00)."
2023 DM MIT 342-2023.pdf,deepseek/deepseek-v4-pro-0813,off,,,Ministero delle Infrastrutture e dei Trasporti,,rettifica,B19F22013250002,True,definitivo,,1,singolo,7150,4,,2400000.0,2400000.0,"2.400.000,00",totale,rimodulazione,rimodulato,SICUREZZA,"Allegato 2 / [TABELLA pag.7 n.1], riga 2","ELIMINAZIONE DI DUE PASSAGGI A LIVELLO DI TIPO AUTOMATICO UBICATI NELLA STAZIONE DI GIOVI DELLA FERROVIA AREZZO - SINALUNGA | 2.400.000,00 | 0,00 | 2.400.000,00 | | B19F22013250002","decreto del Ministro delle infrastrutture e della mobilità sostenibili del 23 settembre 2021, n. 364",alta,,Importo invariato rispetto all'atto originario; allegato sostitutivo.
2023 DM MIT 342-2023.pdf,deepseek/deepseek-v4-pro-0813,off,,,Ministero delle Infrastrutture e dei Trasporti,,rettifica,C89F23000050001,True,definitivo,,1,singolo,7150,4,,600000.0,600000.0,"600.000,00",totale,rimodulazione,rimodulato,SICUREZZA,"Allegato 2 / [TABELLA pag.7 n.1], riga 3","SOPPRESSIONE DI QUATTRO PASSAGGI A LIVELLO PRIVATI (PLP 39 – PLP 40 – PLP 41 – PLP 42) SULLA TRATTA DELLA LINEA FERROVIARIA PARMA – SUZZARA IN COMUNE DI BRESCELLO (RE) | 600.000,00 | 0,00 | 600.000,00 | | C89F23000050001","decreto del Ministro delle infrastrutture e della mobilità sostenibili del 23 settembre 2021, n. 364",alta,,Importo invariato rispetto all'atto originario; allegato sostitutivo.
2023 DM MIT 342-2023.pdf,deepseek/deepseek-v4-pro-0813,off,,,Ministero delle Infrastrutture e dei Trasporti,,rettifica,C99F23000050001,True,definitivo,,1,singolo,7150,4,,5400000.0,5400000.0,"5.400.000,00",totale,rimodulazione,rimodulato,SICUREZZA,"Allegato 2 / [TABELLA pag.8 n.1], riga 1","LINEA BOLOGNA- PORTOMAGGIORE , SOPPRESSIONE PL IN LOC. CA’ DELL'ORBO A SEGUITO RIALZO LINEA | 5.400.000,00 | 1.600.000,00 | 7.000.000,00 | | C99F23000050001","decreto del Ministro delle infrastrutture e della mobilità sostenibili del 23 settembre 2021, n. 364",alta,,Importo invariato rispetto all'atto originario; allegato sostitutivo.
2023 DM MIT 342-2023.pdf,deepseek/deepseek-v4-pro-0813,off,,,Ministero delle Infrastrutture e dei Trasporti,,rettifica,C56G21008730001,True,definitivo,,1,singolo,7150,4,,3400000.0,3400000.0,"3.400.000,00",totale,rimodulazione,rimodulato,SICUREZZA,"Allegato 2 / [TABELLA pag.8 n.1], riga 2","UPGRADE CON IMPIANTI MULTI‐ ACC | 3.400.000,00 | 0,00 | 3.400.000,00 | | C56G21008730001","decreto del Ministro delle infrastrutture e della mobilità sostenibili del 23 settembre 2021, n. 364",alta,,Importo invariato rispetto all'atto originario; allegato sostitutivo.
2023 DM MIT 342-2023.pdf,deepseek/deepseek-v4-pro-0813,off,,,Ministero delle Infrastrutture e dei Trasporti,,rettifica,F41B21005790009,True,definitivo,,1,singolo,7150,4,,30000000.0,30000000.0,30.000.000,totale,rimodulazione,rimodulato,SICUREZZA,"Allegato 2 / [TABELLA pag.9 n.1], riga 1","SOPPRESSIONE PP.LL. RETE FERROVIARIA EAV | 30.000.000 | € 0,00 | 30.000.000 | | F41B21005790009","decreto del Ministro delle infrastrutture e della mobilità sostenibili del 23 settembre 2021, n. 364",alta,,Importo invariato rispetto all'atto originario; allegato sostitutivo.
2023 DM MIT 342-2023.pdf,deepseek/deepseek-v4-pro-0813,off,,,Ministero delle Infrastrutture e dei Trasporti,,rettifica,G31G22000260001,True,definitivo,,1,singolo,7150,4,,7200000.0,7200000.0,7.200.000,totale,rimodulazione,rimodulato,SICUREZZA,"Allegato 2 / [TABELLA pag.9 n.1], riga 2",RADDOPPIO TRA BARI SANT’ANDREA E MODUGNO | 7.200.000 | 0 | 7.200.000 | | G31G22000260001,"decreto del Ministro delle infrastrutture e della mobilità sostenibili del 23 settembre 2021, n. 364",alta,,Importo invariato rispetto all'atto originario; allegato sostitutivo.
2023 DM MIT 342-2023.pdf,deepseek/deepseek-v4-pro-0813,off,,,Ministero delle Infrastrutture e dei Trasporti,,rettifica,G11B18000550005,True,definitivo,,1,singolo,7150,4,,3500000.0,3500000.0,3.500.000,totale,rimodulazione,rimodulato,SICUREZZA,"Allegato 2 / [TABELLA pag.10 n.1], riga 1","Interventi sui piazzali di Matera Serra Rifusa e di Matera Villa Longo tra le progressive km 71+425 e km 72+046 della linea Bari ‐ Matera ‐ Lotto “RIPRISTINO DELLA FUNZIONALITÀ DELL'OFFICINA FERROVIARIA A SERRA RIFUSA” | 3.500.000,00 | 0 | 3.500.000 | | G11B18000550005","decreto del Ministro delle infrastrutture e della mobilità sostenibili del 23 settembre 2021, n. 364",alta,,Importo invariato rispetto all'atto originario; allegato sostitutivo.
2023 DM MIT 342-2023.pdf,deepseek/deepseek-v4-pro-0813,off,,,Ministero delle Infrastrutture e dei Trasporti,,rettifica,B81B21003770005,True,definitivo,,1,singolo,7150,4,,1750000.0,1750000.0,1.750.000,totale,rimodulazione,rimodulato,SICUREZZA,"Allegato 2 / [TABELLA pag.10 n.1], riga 2","TESATURA DEI CONDUTTORI IN RAME DELL’IMPIANTO TE DELLA TRATTA FOSSACESIA ‐ ARCHI E REALIZZAZIONE DELLA PALIFICATA DI SOSTEGNO SUL PONTE FIUME SANGRO | 1.750.000,00 € | 0 | 1.750.000 | | B81B21003770005","decreto del Ministro delle infrastrutture e della mobilità sostenibili del 23 settembre 2021, n. 364",alta,,Importo invariato rispetto all'atto originario; allegato sostitutivo.
2023 DM MIT 342-2023.pdf,deepseek/deepseek-v4-pro-0813,off,,,Ministero delle Infrastrutture e dei Trasporti,,rettifica,,False,,,0,singolo,7150,4,2033,217585.0,217585.0,217.585,quota,rimodulazione,rimodulato,VENETO,"Allegato 3 / [TABELLA pag.11 n.1], riga 2033","2033 | 4.642.914 | 0,083 | 0 | 0 | 0 | 217.585 | 0 | 0 | 0 | 199.831 | 0 | 690.994 | 2.497.882 | 599.492 | 0 | 0 | 0 | 291.420 | 145.710","decreto del Ministro delle infrastrutture e della mobilità sostenibili del 23 settembre 2021, n. 364",alta,,"Quota annuale per la Regione Veneto, corretta rispetto all'atto originario (117.585)."
2023 DM MIT 342-2023.pdf,deepseek/deepseek-v4-pro-0813,off,,,Ministero delle Infrastrutture e dei Trasporti,,rettifica,,False,,,0,singolo,7150,4,2033,690994.0,690994.0,690.994,quota,rimodulazione,rimodulato,EMILIA ROMAGNA,"Allegato 3 / [TABELLA pag.11 n.1], riga 2033","2033 | 4.642.914 | 0,083 | 0 | 0 | 0 | 217.585 | 0 | 0 | 0 | 199.831 | 0 | 690.994 | 2.497.882 | 599.492 | 0 | 0 | 0 | 291.420 | 145.710","decreto del Ministro delle infrastrutture e della mobilità sostenibili del 23 settembre 2021, n. 364",alta,,"Quota annuale per la Regione Emilia Romagna, corretta rispetto all'atto originario (790.994)."
2023 DM MIT 342-2023.pdf,deepseek/deepseek-v4-pro-0813,off,,,Ministero delle Infrastrutture e dei Trasporti,,rettifica,,False,,,0,singolo,7150,4,2032,125266.0,125266.0,125.266,quota,rimodulazione,rimodulato,VENETO,"Allegato 3 / [TABELLA pag.11 n.1], riga 2032","2032 | 4.946.287 | 0,089 | 0 | 0 | 0 | 125.266 | 0 | 0 | 0 | 212.888 | 0 | 842.682 | 2.661.096 | 638.663 | 0 | 0 | 0 | 310.461 | 155.231","decreto del Ministro delle infrastrutture e della mobilità sostenibili del 23 settembre 2021, n. 364",alta,,"Quota annuale per la Regione Veneto, corretta rispetto all'atto originario (125.268)."
2023 DM MIT 342-2023.pdf,deepseek/deepseek-v4-pro-0813,off,,,Ministero delle Infrastrutture e dei Trasporti,,rettifica,,False,,,0,singolo,7150,4,2032,842682.0,842682.0,842.682,quota,rimodulazione,rimodulato,EMILIA ROMAGNA,"Allegato 3 / [TABELLA pag.11 n.1], riga 2032","2032 | 4.946.287 | 0,089 | 0 | 0 | 0 | 125.266 | 0 | 0 | 0 | 212.888 | 0 | 842.682 | 2.661.096 | 638.663 | 0 | 0 | 0 | 310.461 | 155.231","decreto del Ministro delle infrastrutture e della mobilità sostenibili del 23 settembre 2021, n. 364",alta,,"Quota annuale per la Regione Emilia Romagna, corretta rispetto all'atto originario (842.680)."
2025 DD MIT 141-2025.pdf,deepseek/deepseek-v4-pro-0813,off,141,2025-04-18,Ministero delle Infrastrutture e dei Trasporti,,impegno,E51I04000010007,True,definitivo,,1,singolo,7419,2,2024-2032,2125000000.0,2125000000.0,"€ 2.125.000.000,00",totale,assegnazione,impegnato,,art. 3; [TABELLA pag.5 n.1],"È autorizzato l’impegno delle risorse di cui al citato articolo 1, comma 478, della legge 29 dicembre 2022, n. 197, sul capitolo 7419, piano gestionale 2 dello stato di previsione del Ministero delle Infrastrutture e dei Trasporti, per la somma complessiva di € 2.125.000.000,00, di cui € 50.000.000,00 in conto residui, esercizio di provenienza 2024 e 2.075.000.000,00 per gli esercizi finanziari dal 2025 al 2032, come riportato nella seguente tabella:",,alta,,"L'importo complessivo è impegnato sul capitolo 7419/PG2. La tabella riporta la ripartizione per annualità, ma il record è unico per il totale."
2025 DD MIT 141-2025.pdf,deepseek/deepseek-v4-pro-0813,off,141,2025-04-18,Ministero delle Infrastrutture e dei Trasporti,,impegno,E51I04000010007,True,definitivo,,1,singolo,7416,1,2027-2028,75000000.0,75000000.0,"€ 75.000.000,00",totale,assegnazione,impegnato,,art. 4,"È autorizzato l’impegno delle risorse di cui al citato art.1, comma 478, della legge 29 dicembre 2022, n.197, sul capitolo 7416 piano gestonale 1 dello stato di previsione del Ministero delle Infrastrutture e dei Trasporti, per la somma complessiva di € 75.000.000,00, di cui 50.000.000,00 per l’esercizio finanziario 2027 e € 25.000.000,00 per l’esercizio finanziario 2028.",,alta,,L'importo complessivo è impegnato sul capitolo 7416/PG1. Le annualità sono indicate ma il record è unico per il totale.
2022 DD MIT 454-2022.pdf,google/gemma-4-26b-a4b-it,off,,,Ministero delle infrastrutture e dei trasporti,,impegno,E51I04000010007,True,definitivo,,1,singolo,7426,1,,14000000.0,14000000.0,"€ 14.000.000,00",totale,impegno,impegnato,,art. 1,"è autorizzato, per il corrente esercizio finanziario, a favore di Roma Capitale per l’intervento ""Tratta Colosseo - Piazza Venezia della Linea C della metropolitana di Roma” CUP E51I04000010007, l’impegno di € 14.000.000,00 in conto residui di lettera F, esercizio di provenienza 2021.",,alta,,"impegno in conto residui di lettera F, esercizio di provenienza 2021"
2022 DD MIT 454-2022.pdf,google/gemma-4-26b-a4b-it,off,,,Ministero delle infrastrutture e dei trasporti,,impegno,E51I04000010007,True,definitivo,,1,singolo,7426,1,2022-2025,131000000.0,131000000.0,"€ 131.000.000,00",totale,impegno,impegnato,,art. 2; [TABELLA pag.3 n.1],"è autorizzato l’impegno, sul capitolo 7426, piano di gestione 1 [...] per l’importo complessivo di € 131.000.000,00 a favore di Roma Capitale, per l’intervento ""Tratta Colosseo - Piazza Venezia della Linea C della metropolitana di Roma” CUP E51I04000010007",,alta,,"L'importo è ripartito nelle annualità 2022, 2023, 2024 e 2025 come indicato in tabella."
2022 DDG 128 del 02-05-22.pdf,google/gemma-4-26b-a4b-it,off,,,Ministero delle infrastrutture e della mobilità sostenibili,,impegno,H94I19000130004,True,definitivo,,1,singolo,7400,7,2020-2034,3000000.0,3000000.0,"3.000.000,00",totale,impegno,impegnato,,art. 1,"è autorizzato l’impegno di euro 3.000.000,00 in conto residui... a favore dei Comuni di Padova, Torino e Brescia e della Città metropolitana di Roma",,media,"L'art. 1 autorizza un impegno di 3 mln per un gruppo di beneficiari, ma la tabella ripartisce l'importo totale (660 mln) tra i singoli CUP. Il record si limita all'azione specifica dell'art. 1.","L'importo di 3.000.000,00 è in conto residui (1 mln da 2020, 2 mln da 2021). L'atto non specifica la ripartizione di questi 3 mln tra i singoli CUP citati nell'art. 1, pertanto il collegamento CUP-importo per l'art. 1 è ricostruito per aggregazione dei beneficiari."
2022 DDG 128 del 02-05-22.pdf,google/gemma-4-26b-a4b-it,off,,,Ministero delle infrastrutture e della mobilità sostenibili,,impegno,H94I19000130004,True,definitivo,,5,aggregato,7400,7,2022-2034,631174000.0,126234800.0,"€ 631.174.000,00",totale,impegno,impegnato,,art. 2,"è autorizzato l’impegno in conto competenza per complessivi € 631.174.000,00 per gli esercizi finanziari dal 2022 al 2034... sul capitolo 7400, piano di gestione 7",,media,"L'importo dell'art. 2 è aggregato per i beneficiari citati (Padova, Torino, Brescia, Roma) e per il PG 7.",L'importo è in conto competenza.
2022 DDG 128 del 02-05-22.pdf,google/gemma-4-26b-a4b-it,off,,,Ministero delle infrastrutture e della mobilità sostenibili,,impegno,J80J18000000001,True,definitivo,,5,aggregato,7400,7,2022-2034,631174000.0,126234800.0,"€ 631.174.000,00",totale,impegno,impegnato,,art. 2,"è autorizzato l’impegno in conto competenza per complessivi € 631.174.000,00 per gli esercizi finanziari dal 2022 al 2034... sul capitolo 7400, piano di gestione 7",,media,"L'importo dell'art. 2 è aggregato per i beneficiari citati (Padova, Torino, Brescia, Roma) e per il PG 7.",L'importo è in conto competenza.
2022 DDG 128 del 02-05-22.pdf,google/gemma-4-26b-a4b-it,off,,,Ministero delle infrastrutture e della mobilità sostenibili,,impegno,C11B21008720001,True,definitivo,,5,aggregato,7400,7,2022-2034,631174000.0,126234800.0,"€ 631.174.000,00",totale,impegno,impegnato,,art. 2,"è autorizzato l’impegno in conto competenza per complessivi € 631.174.000,00 per gli esercizi finanziari dal 2022 al 2034... sul capitolo 7400, piano di gestione 7",,media,"L'importo dell'art. 2 è aggregato per i beneficiari citati (Padova, Torino, Brescia, Roma) e per il PG 7.",L'importo è in conto competenza.
2022 DDG 128 del 02-05-22.pdf,google/gemma-4-26b-a4b-it,off,,,Ministero delle infrastrutture e della mobilità sostenibili,,impegno,D81E20000410007,True,definitivo,,5,aggregato,7400,7,2022-2034,631174000.0,126234800.0,"€ 631.174.000,00",totale,impegno,impegnato,,art. 2,"è autorizzato l’impegno in conto competenza per complessivi € 631.174.000,00 per gli esercizi finanziari dal 2022 al 2034... sul capitolo 7400, piano di gestione 7",,media,"L'importo dell'art. 2 è aggregato per i beneficiari citati (Padova, Torino, Brescia, Roma) e per il PG 7.",L'importo è in conto competenza.
2022 DDG 128 del 02-05-22.pdf,google/gemma-4-26b-a4b-it,off,,,Ministero delle infrastrutture e della mobilità sostenibili,,impegno,C81B21013200005,True,definitivo,,5,aggregato,7400,7,2022-2034,631174000.0,126234800.0,"€ 631.174.000,00",totale,impegno,impegnato,,art. 2,"è autorizzato l’impegno in conto competenza per complessivi € 631.174.000,00 per gli esercizi finanziari dal 2022 al 2034... sul capitolo 7400, piano di gestione 7",,media,"L'importo dell'art. 2 è aggregato per i beneficiari citati (Padova, Torino, Brescia, Roma) e per il PG 7.",L'importo è in conto competenza.
2022 DDG 128 del 02-05-22.pdf,google/gemma-4-26b-a4b-it,off,,,Ministero delle infrastrutture e della mobilità sostenibili,,impegno,C81B21013200005,True,definitivo,,1,singolo,7400,1,2029-2034,26486678.33,26486678.33,"€ 26.486.678,33",totale,impegno,impegnato,,art. 3,"è autorizzato l’impegno in conto competenza per complessivi € 26.486.678,33, per gli esercizi finanziari dal 2029 al 2034, sul capitolo 7400, piano di gestione 1... a favore del Comune di Brescia",,alta,,
2022 DDG 128 del 02-05-22.pdf,google/gemma-4-26b-a4b-it,off,,,Ministero delle infrastrutture e della mobilità sostenibili,,impegno,H94I19000130004,True,definitivo,,1,singolo,7400,7,2022-2034,97154124.1,97154124.1,"97.154.124,10",totale,impegno,impegnato,Totale,"[TABELLA pag.4 n.1], riga 1","Comune di Padova | H94I19000130004 | 7400/PG 7 | ... | 97.154.124,10",,alta,,
2022 DDG 128 del 02-05-22.pdf,google/gemma-4-26b-a4b-it,off,,,Ministero delle infrastrutture e della mobilità sostenibili,,impegno,J80J18000000001,True,definitivo,,1,singolo,7400,7,2022-2034,159466174.12,159466174.12,"159.466.174,12",totale,impegno,impegnato,Totale,"[TABELLA pag.4 n.1], riga 2","Roma Capitale | J80J18000000001 | 7400/PG 7 | ... | 159.466.174,12",,alta,,
2022 DDG 128 del 02-05-22.pdf,google/gemma-4-26b-a4b-it,off,,,Ministero delle infrastrutture e della mobilità sostenibili,,impegno,C11B21008720001,True,definitivo,,2,aggregato,7400,7,2022-2034,44494493.04,22247246.52,"44.494.493,04",totale,impegno,impegnato,Totale,"[TABELLA pag.4 n.1], riga 3","Comune di Torino | C11B21008720001 D81E20000410007 | 7400/PG 7 | ... | 44.494.493,04",,alta,L'importo è associato a due CUP nella stessa riga della tabella.,
2022 DDG 128 del 02-05-22.pdf,google/gemma-4-26b-a4b-it,off,,,Ministero delle infrastrutture e della mobilità sostenibili,,impegno,D81E20000410007,True,definitivo,,2,aggregato,7400,7,2022-2034,44494493.04,22247246.52,"44.494.493,04",totale,impegno,impegnato,Totale,"[TABELLA pag.4 n.1], riga 3","Comune di Torino | C11B21008720001 D81E20000410007 | 7400/PG 7 | ... | 44.494.493,04",,alta,L'importo è associato a due CUP nella stessa riga della tabella.,
2022 DDG 128 del 02-05-22.pdf,google/gemma-4-26b-a4b-it,off,,,Ministero delle infrastrutture e della mobilità sostenibili,,impegno,C81B21013200005,True,definitivo,,1,singolo,7400,7,2022-2034,333059208.74,333059208.74,"333.059.208,74",totale,impegno,impegnato,Totale,"[TABELLA pag.4 n.1], riga 4","Comune di Brescia | C81B21013200005 | 7400/PG 7 | ... | 333.059.208,74",,alta,,
2022 DDG 128 del 02-05-22.pdf,google/gemma-4-26b-a4b-it,off,,,Ministero delle infrastrutture e della mobilità sostenibili,,impegno,C81B21013200005,True,definitivo,,1,singolo,7400,1,2029-2034,26486678.33,26486678.33,"26.486.678,33",totale,impegno,impegnato,Totale,"[TABELLA pag.4 n.1], riga 5","7400/PG 1 | | | | | | | | | | 4.414.446,39 | 4.414.446,39 | 4.414.446,39 | 4.414.446,39 | 4.414.446,39 | 4.414.446,38 | 26.486.678,33",,alta,"Il CUP non è scritto esplicitamente nella riga della tabella per il PG 1, ma per continuità logica della tabella (riga 5) si riferisce al beneficiario della riga precedente (Comune di Brescia).",
2022 DI Mims Mef 97 20.04.2022.pdf,google/gemma-4-26b-a4b-it,off,,,Ministero delle Infrastrutture e della Mobilità Sostenibili,Ministero dell'Economia e delle Finanze,assegnazione,B39J22001360001,True,definitivo,,1,singolo,7400,8,,398000000.0,398000000.0,"398.000.000,00",totale,assegnazione,assegnato,FINANZIAMENTO AMMESSO,"art. 1; Allegato 1 / [TABELLA pag.10 n.1], riga 1","SKYMETRO VAL BISAGNO GENOVA | B39J22001360001 | 398.000.000,00",,alta,,
2022 DI Mims Mef 97 20.04.2022.pdf,google/gemma-4-26b-a4b-it,off,,,Ministero delle Infrastrutture e della Mobilità Sostenibili,Ministero dell'Economia e delle Finanze,assegnazione,B31F20000030005,True,definitivo,,1,singolo,7400,8,,20860000.0,20860000.0,"20.860.000,00",totale,assegnazione,assegnato,FINANZIAMENTO AMMESSO,"art. 1; Allegato 1 / [TABELLA pag.10 n.1], riga 2","PROLUNGAMENTO METROPOLITANA DI GENOVA DA BRIN A CANEPARI... | B31F20000030005 | 20.860.000,00",,alta,,
2022 DI Mims Mef 97 20.04.2022.pdf,google/gemma-4-26b-a4b-it,off,,,Ministero delle Infrastrutture e della Mobilità Sostenibili,Ministero dell'Economia e delle Finanze,assegnazione,B44D20000040001,True,definitivo,,1,singolo,7400,8,,180000000.0,180000000.0,"180.000.000,00",totale,assegnazione,assegnato,FINANZIAMENTO AMMESSO,"art. 1; Allegato 1 / [TABELLA pag.10 n.1], riga 3","LINEA METROPOLITANA M1 PROLUNGAMENTO QUARTIERE BAGGIO... | B44D20000040001 | 180.000.000,00",,alta,,
2022 DI Mims Mef 97 20.04.2022.pdf,google/gemma-4-26b-a4b-it,off,,,Ministero delle Infrastrutture e della Mobilità Sostenibili,Ministero dell'Economia e delle Finanze,assegnazione,B91J21000040001,True,definitivo,,1,singolo,7400,8,,420000000.0,420000000.0,"420.000.000,00",totale,assegnazione,assegnato,FINANZIAMENTO AMMESSO,"art. 1; Allegato 1 / [TABELLA pag.10 n.1], riga 4","PROLUNGAMENTO LINEA METROPOLITANA M4 DA AEROPORTO LINATE A SEGRATE | B91J21000040001 | 420.000.000,00",,alta,,
2022 DI Mims Mef 97 20.04.2022.pdf,google/gemma-4-26b-a4b-it,off,,,Ministero delle Infrastrutture e della Mobilità Sostenibili,Ministero dell'Economia e delle Finanze,assegnazione,B41J21000050006,True,definitivo,,1,singolo,7400,8,,4500000.0,4500000.0,"4.500.000,00",totale,assegnazione,assegnato,FINANZIAMENTO AMMESSO,"art. 1; Allegato 1 / [TABELLA pag.10 n.1], riga 5","NUOVA LINEA METROPOLITANA M6 RAMO SUD (PFTE) | B41J21000050006 | 4.500.000,00",,alta,,
2022 DI Mims Mef 97 20.04.2022.pdf,google/gemma-4-26b-a4b-it,off,,,Ministero delle Infrastrutture e della Mobilità Sostenibili,Ministero dell'Economia e delle Finanze,assegnazione,B41C21000010001,True,definitivo,,1,singolo,7400,8,,5500000.0,5500000.0,"5.500.000,00",totale,assegnazione,assegnato,FINANZIAMENTO AMMESSO,"art. 1; Allegato 1 / [TABELLA pag.10 n.1], riga 6","PROLUNGAMENTO M3 SAN DONATO M. – ASTA PAULLESE (PFTE) | B41C21000010001 | 5.500.000,00",,alta,,
2022 DI Mims Mef 97 20.04.2022.pdf,google/gemma-4-26b-a4b-it,off,,,Ministero delle Infrastrutture e della Mobilità Sostenibili,Ministero dell'Economia e delle Finanze,assegnazione,F41B22000740009,True,definitivo,F41B22000740009,1,singolo,7400,8,,631373163.0,631373163.0,"631.373.163,00",totale,assegnazione,assegnato,FINANZIAMENTO AMMESSO,"art. 1; Allegato 1 / [TABELLA pag.10 n.1], riga 7","NUOVO COLLEGAMENTO... AFRAGOLA... | F41B22000740009 (CUP MASTER) | 631.373.163,00",,media,"Il testo indica il codice come CUP MASTER per il lotto 1, ma lo usa come identificativo del record.",
2022 DI Mims Mef 97 20.04.2022.pdf,google/gemma-4-26b-a4b-it,off,,,Ministero delle Infrastrutture e della Mobilità Sostenibili,Ministero dell'Economia e delle Finanze,assegnazione,F41B22000830009,True,definitivo,,1,singolo,7400,8,,163500824.0,163500824.0,"163.500.824,00",totale,assegnazione,assegnato,FINANZIAMENTO AMMESSO,"art. 1; Allegato 1 / [TABELLA pag.10 n.1], riga 8","NUOVO COLLEGAMENTO... AFRAGOLA... LOTTO 1°_STRALCIO II | F41B22000830009 | 163.500.824,00",,alta,,
2022 DI Mims Mef 97 20.04.2022.pdf,google/gemma-4-26b-a4b-it,off,,,Ministero delle Infrastrutture e della Mobilità Sostenibili,Ministero dell'Economia e delle Finanze,assegnazione,E51I04000010007,True,definitivo,,1,singolo,7400,8,,610000000.0,610000000.0,"610.000.000,00",totale,assegnazione,assegnato,FINANZIAMENTO AMMESSO,"art. 1; Allegato 1 / [TABELLA pag.10 n.1], riga 9","LINEA C DELLA METROPOLITANA DI ROMA - SUB-TRATTA... | E51I04000010007 | 610.000.000,00",,alta,,Nota: lo stesso CUP compare in due righe dell'allegato 1 con importi diversi; questa è la riga per la sub-tratta funzionale.
2022 DI Mims Mef 97 20.04.2022.pdf,google/gemma-4-26b-a4b-it,off,,,Ministero delle Infrastrutture e della Mobilità Sostenibili,Ministero dell'Economia e delle Finanze,assegnazione,E51I04000010007,True,definitivo,,1,singolo,7400,8,,990000000.0,990000000.0,"990.000.000,00",totale,assegnazione,assegnato,FINANZIAMENTO AMMESSO,"art. 1; Allegato 1 / [TABELLA pag.10 n.1], riga 10","LINEA C DELLA METROPOLITANA DI ROMA - TRATTA T2... | E51I04000010007 | 990.000.000,00",,alta,,
2022 DI Mims Mef 97 20.04.2022.pdf,google/gemma-4-26b-a4b-it,off,,,Ministero delle Infrastrutture e della Mobilità Sostenibili,Ministero dell'Economia e delle Finanze,assegnazione,C71F20000020005,True,definitivo,,1,singolo,7400,8,,1000000000.0,1000000000.0,"1.000.000.000,00",totale,assegnazione,assegnato,FINANZIAMENTO AMMESSO,"art. 1; Allegato 1 / [TABELLA pag.10 n.1], riga 11","METROPOLITANA AUTOMATICA DI TORINO... | C71F20000020005 | 1.000.000.000,00",,alta,,
2022 DI Mims Mef 97 20.04.2022.pdf,google/gemma-4-26b-a4b-it,off,,,Ministero delle Infrastrutture e della Mobilità Sostenibili,Ministero dell'Economia e delle Finanze,assegnazione,J81B21014060001,True,definitivo,,1,singolo,7400,1,,173183831.97,173183831.97,"173.183.831,97",totale,assegnazione,assegnato,FINANZIAMENTO AMMESSO,"art. 1; Allegato 2 / [TABELLA pag.12 n.1], riga 1","LINEA TRANVIARIA TERMINI - VATICANO - AURELIO | J81B21014060001 | 173.183.831,97",,alta,,
2022 DI Mims Mef 97 20.04.2022.pdf,google/gemma-4-26b-a4b-it,off,,,Ministero delle Infrastrutture e della Mobilità Sostenibili,Ministero dell'Economia e delle Finanze,assegnazione,J84E21005150001,True,definitivo,,1,singolo,7400,1,,11284217.84,11284217.84,"11.284.217,84",totale,assegnazione,assegnato,FINANZIAMENTO AMMESSO,"art. 1; Allegato 2 / [TABELLA pag.12 n.1], riga 2","DEPOSITO DI CENTOCELLE EST | J84E21005150001 | 11.284.217,84",,alta,,
2022 DI Mims Mef 97 20.04.2022.pdf,google/gemma-4-26b-a4b-it,off,,,Ministero delle Infrastrutture e della Mobilità Sostenibili,Ministero dell'Economia e delle Finanze,assegnazione,E31J19000030001,True,definitivo,,1,singolo,7400,1,,26500000.0,26500000.0,"26.500.000,00",totale,assegnazione,assegnato,FINANZIAMENTO AMMESSO,"art. 1; Allegato 2 / [TABELLA pag.12 n.1], riga 3","SISTEMA DI TRASPORTO RAPIDO DI MASSA... PIACENZA | E31J19000030001 | 26.500.000,00",,alta,,
2022 DI Mims Mef 97 20.04.2022.pdf,google/gemma-4-26b-a4b-it,off,,,Ministero delle Infrastrutture e della Mobilità Sostenibili,Ministero dell'Economia e delle Finanze,assegnazione,F44I19000530001,True,definitivo,,1,singolo,7400,1,,122200000.0,122200000.0,"122.200.000,00",totale,assegnazione,assegnato,FINANZIAMENTO AMMESSO,"art. 1; Allegato 2 / [TABELLA pag.12 n.1], riga 4","AMPLIAMENTO DEL DEPOSITO GALLARATESE... | F44I19000530001 | 122.200.000,00",,alta,,
2022 DI Mims Mef 97 20.04.2022.pdf,google/gemma-4-26b-a4b-it,off,,,Ministero delle Infrastrutture e della Mobilità Sostenibili,Ministero dell'Economia e delle Finanze,assegnazione,C11J22000000001,True,definitivo,,1,singolo,7400,1,,221721410.41,221721410.41,"221.721.410,41",totale,assegnazione,ammesso,FINANZIAMENTO AMMESSO,"art. 2; Allegato 3 / [TABELLA pag.13 n.1], riga 1","PROLUNGAMENTO LINEA TRANVIARIA 12... | C11J22000000001 | 221.721.410,41",,alta,,Intervento in graduatoria (ammissibile)
2022 DI Mims Mef 97 20.04.2022.pdf,google/gemma-4-26b-a4b-it,off,,,Ministero delle Infrastrutture e della Mobilità Sostenibili,Ministero dell'Economia e delle Finanze,assegnazione,F47C19000370001,True,definitivo,,4,aggregato,7400,1,,20900000.02,5225000.005,"20.900.000,02",totale,assegnazione,ammesso,FINANZIAMENTO AMMESSO,"art. 2; Allegato 3 / [TABELLA pag.13 n.1], riga 2","METROPOLITANA LINEA M3... | F47C19000370001 F47D17000140005 F47C19000380001 F47C19000390001 | 20.900.000,02",,alta,,Importo aggregato per più CUP nella stessa riga
2022 DI Mims Mef 97 20.04.2022.pdf,google/gemma-4-26b-a4b-it,off,,,Ministero delle Infrastrutture e della Mobilità Sostenibili,Ministero dell'Economia e delle Finanze,assegnazione,F47D17000140005,True,definitivo,,4,aggregato,7400,1,,20900000.02,5225000.005,"20.900.000,02",totale,assegnazione,ammesso,FINANZIAMENTO AMMESSO,"art. 2; Allegato 3 / [TABELLA pag.13 n.1], riga 2","METROPOLITANA LINEA M3... | F47C19000370001 F47D17000140005 F47C19000380001 F47C19000390001 | 20.900.000,02",,alta,,Importo aggregato per più CUP nella stessa riga
2022 DI Mims Mef 97 20.04.2022.pdf,google/gemma-4-26b-a4b-it,off,,,Ministero delle Infrastrutture e della Mobilità Sostenibili,Ministero dell'Economia e delle Finanze,assegnazione,F47C19000380001,True,definitivo,,4,aggregato,7400,1,,20900000.02,5225000.005,"20.900.000,02",totale,assegnazione,ammesso,FINANZIAMENTO AMMESSO,"art. 2; Allegato 3 / [TABELLA pag.13 n.1], riga 2","METROPOLITANA LINEA M3... | F47C19000370001 F47D17000140005 F47C19000380001 F47C19000390001 | 20.900.000,02",,alta,,Importo aggregato per più CUP nella stessa riga
2022 DI Mims Mef 97 20.04.2022.pdf,google/gemma-4-26b-a4b-it,off,,,Ministero delle Infrastrutture e della Mobilità Sostenibili,Ministero dell'Economia e delle Finanze,assegnazione,F47C19000390001,True,definitivo,,4,aggregato,7400,1,,20900000.02,5225000.005,"20.900.000,02",totale,assegnazione,ammesso,FINANZIAMENTO AMMESSO,"art. 2; Allegato 3 / [TABELLA pag.13 n.1], riga 2","METROPOLITANA LINEA M3... | F47C19000370001 F47D17000140005 F47C19000380001 F47C19000390001 | 20.900.000,02",,alta,,Importo aggregato per più CUP nella stessa riga
2022 DI Mims Mef 97 20.04.2022.pdf,google/gemma-4-26b-a4b-it,off,,,Ministero delle Infrastrutture e della Mobilità Sostenibili,Ministero dell'Economia e delle Finanze,assegnazione,F47C19000350001,True,definitivo,,2,aggregato,7400,1,,45000000.07,22500000.035,"45.000.000,07",totale,assegnazione,ammesso,FINANZIAMENTO AMMESSO,"art. 2; Allegato 3 / [TABELLA pag.13 n.1], riga 3","METROPOLITANA LINEE M1 + M2... | F47C19000350001 O F47C19000360001 | 45.000.000,07",,alta,,Importo aggregato per più CUP nella stessa riga
2022 DI Mims Mef 97 20.04.2022.pdf,google/gemma-4-26b-a4b-it,off,,,Ministero delle Infrastrutture e della Mobilità Sostenibili,Ministero dell'Economia e delle Finanze,assegnazione,F47C19000360001,True,definitivo,,2,aggregato,7400,1,,45000000.07,22500000.035,"45.000.000,07",totale,assegnazione,ammesso,FINANZIAMENTO AMMESSO,"art. 2; Allegato 3 / [TABELLA pag.13 n.1], riga 3","METROPOLITANA LINEE M1 + M2... | F47C19000350001 O F47C19000360001 | 45.000.000,07",,alta,,Importo aggregato per più CUP nella stessa riga
2022 DI Mims Mef 97 20.04.2022.pdf,google/gemma-4-26b-a4b-it,off,,,Ministero delle Infrastrutture e della Mobilità Sostenibili,Ministero dell'Economia e delle Finanze,assegnazione,B34J18000220001,True,definitivo,,2,aggregato,7400,1,,74516124.63,37258062.315,"74.516.124,63",totale,assegnazione,ammesso,FINANZIAMENTO AMMESSO,"art. 2; Allegato 3 / [TABELLA pag.13 n.1], riga 4","LINEA METROPOLITANA: PROLUNGAMENTO A RIVAROLO... | B34J18000220001 B34J18000230001 | 74.516.124,63",,alta,,Importo aggregato per più CUP nella stessa riga
2022 DI Mims Mef 97 20.04.2022.pdf,google/gemma-4-26b-a4b-it,off,,,Ministero delle Infrastrutture e della Mobilità Sostenibili,Ministero dell'Economia e delle Finanze,assegnazione,B34J18000230001,True,definitivo,,2,aggregato,7400,1,,74516124.63,37258062.315,"74.516.124,63",totale,assegnazione,ammesso,FINANZIAMENTO AMMESSO,"art. 2; Allegato 3 / [TABELLA pag.13 n.1], riga 4","LINEA METROPOLITANA: PROLUNGAMENTO A RIVAROLO... | B34J18000220001 B34J18000230001 | 74.516.124,63",,alta,,Importo aggregato per più CUP nella stessa riga
2023 DM MIT 342-2023.pdf,google/gemma-4-26b-a4b-it,off,,,Ministero delle infrastrutture e dei trasporti,,rettifica,H49J21005480003,True,definitivo,,1,singolo,7150,3,2033,217585.0,217585.0,217.585 euro,totale,assegnazione,assegnato,,"art. 1; Allegato 3 / [TABELLA pag.11 n.1], riga 1","assegna, per l’annualità 2033, alla Regione Veneto risorse pari a 217.585 euro, in luogo dei precedenti 117.585 euro",,alta,,Rettifica errore materiale su importo annualità 2033 per Veneto
2023 DM MIT 342-2023.pdf,google/gemma-4-26b-a4b-it,off,,,Ministero delle infrastrutture e dei trasporti,,rettifica,H49J21005480003,True,definitivo,,1,singolo,7150,3,2032,125266.0,125266.0,125.266 euro,totale,assegnazione,assegnato,,"art. 1; Allegato 3 / [TABELLA pag.11 n.1], riga 1","assegna alla Regione Veneto risorse pari a 125.266 euro, in luogo dei precedenti 125.268 euro",,alta,,Rettifica errore materiale su importo annualità 2032 per Veneto
2023 DM MIT 342-2023.pdf,google/gemma-4-26b-a4b-it,off,,,Ministero delle infrastrutture e dei trasporti,,rettifica,C75B23000000001,True,definitivo,,1,singolo,7150,3,2033,690994.0,690994.0,690.994 euro,totale,assegnazione,assegnato,,"art. 1; Allegato 3 / [TABELLA pag.11 n.1], riga 1","alla Regione Emilia Romagna risorse pari a 690.994 euro, in luogo dei precedenti 790.994 euro",,alta,,Rettifica errore materiale su importo annualità 2033 per Emilia Romagna
2023 DM MIT 342-2023.pdf,google/gemma-4-26b-a4b-it,off,,,Ministero delle infrastrutture e dei trasporti,,rettifica,C75B23000000001,True,definitivo,,1,singolo,7150,3,2032,842682.0,842682.0,842.682 euro,totale,assegnazione,assegnato,,"art. 1; Allegato 3 / [TABELLA pag.11 n.1], riga 1","alla Regione Emilia Romagna risorse pari a 842.682 euro, in luogo dei precedenti 842.680 euro",,alta,,Rettifica errore materiale su importo annualità 2032 per Emilia Romagna
2023 DM MIT 342-2023.pdf,google/gemma-4-26b-a4b-it,off,,,Ministero delle infrastrutture e dei trasporti,,rettifica,H49J21005480003,True,definitivo,,1,singolo,7150,3,2032,125266.0,125266.0,"125.266,00",totale,assegnazione,assegnato,IMPORTO FINANZIAMENTO TOTALE (euro),"Allegato 1 / [TABELLA pag.4 n.1], riga 1","47.725,00 | 0,0 | 47.725,00 | | H49J21005480003",,media,,"Il valore dell'art. 1 (125.266) è quello rettificato; la tabella Allegato 1 riporta 47.725 per un altro intervento o riga, ma il CUP è lo stesso. Si segue la disposizione dell'Art. 1."
2025 DD MIT 141-2025.pdf,google/gemma-4-26b-a4b-it,off,,2025-03-10,Ministero delle infrastrutture e dei trasporti,,attuazione,E51I04000010007,True,definitivo,,1,singolo,7426,1,,145000000.0,145000000.0,"€ 145.000.000,00",totale,assegnazione,assegnato,,art. 2,"per € 145.000.000,00 nelle risorse stanziate dall’articolo 3, comma 1, del decreto-legge 12 settembre 2014... impegnate con decreto dirigenziale n. 454 del 22 dicembre 2022 sul pertinente capitolo di bilancio n. 7426-piano di gestione 1",,alta,,Riferimento al rifinanziamento Fondo continuità cantieri DL 133/2014
2025 DD MIT 141-2025.pdf,google/gemma-4-26b-a4b-it,off,,2025-03-10,Ministero delle infrastrutture e dei trasporti,,attuazione,E51I04000010007,True,definitivo,,1,singolo,7400,1,2022-2035,113733987.0,113733987.0,"€ 113.733.987,00",totale,assegnazione,assegnato,,art. 2,"per € 113.733.987,00 dal 2022 al 2035: piano gestionale 1",,alta,,Risorse stanziate dalla legge 234/2021
2025 DD MIT 141-2025.pdf,google/gemma-4-26b-a4b-it,off,,2025-03-10,Ministero delle infrastrutture e dei trasporti,,attuazione,E51I04000010007,True,definitivo,,1,singolo,7400,8,2022-2036,1486266013.0,1486266013.0,"€ 1.486.266.013,00",totale,assegnazione,assegnato,,art. 2,"piano gestionale 8: € 1.486.266.013,00 dal 2022 al 2036",,alta,,Risorse stanziate dalla legge 234/2021
2025 DD MIT 141-2025.pdf,google/gemma-4-26b-a4b-it,off,,2025-03-10,Ministero delle infrastrutture e dei trasporti,,attuazione,E51I04000010007,True,definitivo,,1,singolo,7419,2,2023-2032,2125000000.0,2125000000.0,"€ 2.125.000.000,00",totale,impegno,impegnato,,art. 3,"È autorizzato l’impegno delle risorse... sul capitolo 7419, piano gestionale 2... per la somma complessiva di € 2.125.000.000,00",,alta,,L'importo è ripartito in quote annuali (2024-2032) nell'art. 3 e nella tabella pag.5
2025 DD MIT 141-2025.pdf,google/gemma-4-26b-a4b-it,off,,2025-03-10,Ministero delle infrastrutture e dei trasporti,,attuazione,E51I04000010007,True,definitivo,,1,singolo,7416,1,2027-2028,75000000.0,75000000.0,"€ 75.000.000,00",totale,impegno,impegnato,,art. 4,"È autorizzato l’impegno delle risorse... sul capitolo 7416 piano gestionale 1... per la somma complessiva di € 75.000.000,00",,alta,,Ripartizione: 50 mln per il 2027 e 25 mln per il 2028
2022 DD MIT 454-2022.pdf,google/gemma-4-31b-it,off,,,Ministero delle infrastrutture e dei trasporti,,impegno,E51I04000010007,True,definitivo,,1,singolo,7426,1,2021,14000000.0,14000000.0,"€ 14.000.000,00",totale,impegno,impegnato,,Articolo 1,"a favore di Roma Capitale per l’intervento ""Tratta Colosseo - Piazza Venezia della Linea C della metropolitana di Roma” CUP E51I04000010007, l’impegno di € 14.000.000,00",DM MIT MEF n. 498 del 14 novembre 2014,alta,,"Impegno in conto residui di lettera F, esercizio di provenienza 2021"
2022 DD MIT 454-2022.pdf,google/gemma-4-31b-it,off,,,Ministero delle infrastrutture e dei trasporti,,impegno,E51I04000010007,True,definitivo,,1,singolo,7426,1,2022-2025,131000000.0,131000000.0,"€ 131.000.000,00",totale,impegno,impegnato,Totale,"Articolo 2; [TABELLA pag.3 n.1], riga 5","per l’importo complessivo di € 131.000.000,00 a favore di Roma Capitale, per l’intervento ""Tratta Colosseo - Piazza Venezia della Linea C della metropolitana di Roma” CUP E51I04000010007",DM MIT MEF n. 498 del 14 novembre 2014,alta,,"L'importo è ripartito tra le annualità 2022, 2023, 2024 e 2025"
2022 DDG 128 del 02-05-22.pdf,google/gemma-4-31b-it,off,,,Ministero delle infrastrutture e della mobilità sostenibili,,impegno,H94I19000130004,True,definitivo,,1,singolo,7400,7,2020-2034,97154124.1,97154124.1,"97.154.124,10",totale,impegno,impegnato,Totale,"art. 2; [TABELLA pag.4 n.1], riga 1","Comune di Padova | H94I19000130004 | 7400/PG 7 | ... | 97.154.124,10",Decreto del Ministro delle infrastrutture e della mobilità sostenibili n. 464 del 22 novembre 2021,alta,,
2022 DDG 128 del 02-05-22.pdf,google/gemma-4-31b-it,off,,,Ministero delle infrastrutture e della mobilità sostenibili,,impegno,J80J18000000001,True,definitivo,,1,singolo,7400,7,2020-2034,159466174.12,159466174.12,"159.466.174,12",totale,impegno,impegnato,Totale,"art. 2; [TABELLA pag.4 n.1], riga 2","Roma Capitale | J80J18000000001 | 7400/PG 7 | ... | 159.466.174,12",Decreto del Ministro delle infrastrutture e della mobilità sostenibili n. 464 del 22 novembre 2021,alta,,
2022 DDG 128 del 02-05-22.pdf,google/gemma-4-31b-it,off,,,Ministero delle infrastrutture e della mobilità sostenibili,,impegno,C11B21008720001,True,definitivo,,2,aggregato,7400,7,2020-2034,44494493.04,22247246.52,"44.494.493,04",totale,impegno,impegnato,Totale,"art. 2; [TABELLA pag.4 n.1], riga 3","Comune di Torino | C11B21008720001 D81E20000410007 | 7400/PG 7 | ... | 44.494.493,04",Decreto del Ministro delle infrastrutture e della mobilità sostenibili n. 464 del 22 novembre 2021,alta,,Importo aggregato per due CUP
2022 DDG 128 del 02-05-22.pdf,google/gemma-4-31b-it,off,,,Ministero delle infrastrutture e della mobilità sostenibili,,impegno,D81E20000410007,True,definitivo,,2,aggregato,7400,7,2020-2034,44494493.04,22247246.52,"44.494.493,04",totale,impegno,impegnato,Totale,"art. 2; [TABELLA pag.4 n.1], riga 3","Comune di Torino | C11B21008720001 D81E20000410007 | 7400/PG 7 | ... | 44.494.493,04",Decreto del Ministro delle infrastrutture e della mobilità sostenibili n. 464 del 22 novembre 2021,alta,,Importo aggregato per due CUP
2022 DDG 128 del 02-05-22.pdf,google/gemma-4-31b-it,off,,,Ministero delle infrastrutture e della mobilità sostenibili,,impegno,C81B21013200005,True,definitivo,,1,singolo,7400,7,2020-2034,333059208.74,333059208.74,"333.059.208,74",totale,impegno,impegnato,Totale,"art. 2; [TABELLA pag.4 n.1], riga 4","Comune di Brescia | C81B21013200005 | 7400/PG 7 | ... | 333.059.208,74",Decreto del Ministro delle infrastrutture e della mobilità sostenibili n. 464 del 22 novembre 2021,alta,,
2022 DDG 128 del 02-05-22.pdf,google/gemma-4-31b-it,off,,,Ministero delle infrastrutture e della mobilità sostenibili,,impegno,C81B21013200005,True,definitivo,,1,singolo,7400,1,2029-2034,26486678.33,26486678.33,"26.486.678,33",totale,impegno,impegnato,Totale,"art. 3; [TABELLA pag.4 n.1], riga 5","Comune di Brescia | C81B21013200005 | 7400/PG 1 | ... | 26.486.678,33",Decreto del Ministro delle infrastrutture e della mobilità sostenibili n. 464 del 22 novembre 2021,alta,,
2022 DI Mims Mef 97 20.04.2022.pdf,google/gemma-4-31b-it,off,,,Ministero delle Infrastrutture e della Mobilità Sostenibili,Ministero dell'Economia e delle Finanze,assegnazione,B39J22001360001,True,definitivo,,1,singolo,7400,8,,398000000.0,398000000.0,"398.000.000,00",totale,assegnazione,assegnato,FINANZIAMENTO AMMESSO,"art. 1 comma 1 lett. a); Allegato 1 / [TABELLA pag.10 n.1], riga 1","SKYMETRO VAL BISAGNO GENOVA | B39J22001360001 | 398.000.000,00",,alta,,
2022 DI Mims Mef 97 20.04.2022.pdf,google/gemma-4-31b-it,off,,,Ministero delle Infrastrutture e della Mobilità Sostenibili,Ministero dell'Economia e delle Finanze,assegnazione,B31F20000030005,True,definitivo,,1,singolo,7400,8,,20860000.0,20860000.0,"20.860.000,00",totale,assegnazione,assegnato,FINANZIAMENTO AMMESSO,"art. 1 comma 1 lett. a); Allegato 1 / [TABELLA pag.10 n.1], riga 2","PROLUNGAMENTO METROPOLITANA DI GENOVA DA BRIN A CANEPARI... | B31F20000030005 | 20.860.000,00",,alta,,
2022 DI Mims Mef 97 20.04.2022.pdf,google/gemma-4-31b-it,off,,,Ministero delle Infrastrutture e della Mobilità Sostenibili,Ministero dell'Economia e delle Finanze,assegnazione,B44D20000040001,True,definitivo,,1,singolo,7400,8,,180000000.0,180000000.0,"180.000.000,00",totale,assegnazione,assegnato,FINANZIAMENTO AMMESSO,"art. 1 comma 1 lett. a); Allegato 1 / [TABELLA pag.10 n.1], riga 3","LINEA METROPOLITANA M1 PROLUNGAMENTO QUARTIERE BAGGIO – OLMI - VALSESIA | B44D20000040001 | 180.000.000,00",,alta,,
2022 DI Mims Mef 97 20.04.2022.pdf,google/gemma-4-31b-it,off,,,Ministero delle Infrastrutture e della Mobilità Sostenibili,Ministero dell'Economia e delle Finanze,assegnazione,B91J21000040001,True,definitivo,,1,singolo,7400,8,,420000000.0,420000000.0,"420.000.000,00",totale,assegnazione,assegnato,FINANZIAMENTO AMMESSO,"art. 1 comma 1 lett. a); Allegato 1 / [TABELLA pag.10 n.1], riga 4","PROLUNGAMENTO LINEA METROPOLITANA M4 DA AEROPORTO LINATE A SEGRATE | B91J21000040001 | 420.000.000,00",,alta,,
2022 DI Mims Mef 97 20.04.2022.pdf,google/gemma-4-31b-it,off,,,Ministero delle Infrastrutture e della Mobilità Sostenibili,Ministero dell'Economia e delle Finanze,assegnazione,B41J21000050006,True,definitivo,,1,singolo,7400,8,,4500000.0,4500000.0,"4.500.000,00",totale,assegnazione,assegnato,FINANZIAMENTO AMMESSO,"art. 1 comma 1 lett. a); Allegato 1 / [TABELLA pag.10 n.1], riga 5","NUOVA LINEA METROPOLITANA M6 RAMO SUD (PFTE) | B41J21000050006 | 4.500.000,00",,alta,,
2022 DI Mims Mef 97 20.04.2022.pdf,google/gemma-4-31b-it,off,,,Ministero delle Infrastrutture e della Mobilità Sostenibili,Ministero dell'Economia e delle Finanze,assegnazione,B41C21000010001,True,definitivo,,1,singolo,7400,8,,5500000.0,5500000.0,"5.500.000,00",totale,assegnazione,assegnato,FINANZIAMENTO AMMESSO,"art. 1 comma 1 lett. a); Allegato 1 / [TABELLA pag.10 n.1], riga 6","PROLUNGAMENTO M3 SAN DONATO M. – ASTA PAULLESE (PFTE) | B41C21000010001 | 5.500.000,00",,alta,,
2022 DI Mims Mef 97 20.04.2022.pdf,google/gemma-4-31b-it,off,,,Ministero delle Infrastrutture e della Mobilità Sostenibili,Ministero dell'Economia e delle Finanze,assegnazione,F41B22000830009,True,definitivo,F41B22000740009,1,singolo,7400,8,,163500824.0,163500824.0,"163.500.824,00",totale,assegnazione,assegnato,FINANZIAMENTO AMMESSO,"art. 1 comma 1 lett. a); Allegato 1 / [TABELLA pag.10 n.1], riga 8","NUOVO COLLEGAMENTO... LOTTO 1°_STRALCIO II | F41B22000830009 | 163.500.824,00",,alta,,
2022 DI Mims Mef 97 20.04.2022.pdf,google/gemma-4-31b-it,off,,,Ministero delle Infrastrutture e della Mobilità Sostenibili,Ministero dell'Economia e delle Finanze,assegnazione,F41B22000740009,True,definitivo,F41B22000740009,1,singolo,7400,8,,631373163.0,631373163.0,"631.373.163,00",totale,assegnazione,assegnato,FINANZIAMENTO AMMESSO,"art. 1 comma 1 lett. a); Allegato 1 / [TABELLA pag.10 n.1], riga 7","NUOVO COLLEGAMENTO... LOTTO 1°_STRALCIO I | F41B22000740009 (CUP MASTER) | 631.373.163,00",,alta,,
2022 DI Mims Mef 97 20.04.2022.pdf,google/gemma-4-31b-it,off,,,Ministero delle Infrastrutture e della Mobilità Sostenibili,Ministero dell'Economia e delle Finanze,assegnazione,E51I04000010007,True,definitivo,,1,singolo,7400,8,,610000000.0,610000000.0,"610.000.000,00",totale,assegnazione,assegnato,FINANZIAMENTO AMMESSO,"art. 1 comma 1 lett. a); Allegato 1 / [TABELLA pag.10 n.1], riga 9","LINEA C... SUB-TRATTA FUNZIONALE DA STAZIONE VENEZIA A STAZIONE FORI IMPERIALI | E51I04000010007 | 610.000.000,00",,alta,,
2022 DI Mims Mef 97 20.04.2022.pdf,google/gemma-4-31b-it,off,,,Ministero delle Infrastrutture e della Mobilità Sostenibili,Ministero dell'Economia e delle Finanze,assegnazione,E51I04000010007,True,definitivo,,1,singolo,7400,8,,990000000.0,990000000.0,"990.000.000,00",totale,assegnazione,assegnato,FINANZIAMENTO AMMESSO,"art. 1 comma 1 lett. a); Allegato 1 / [TABELLA pag.10 n.1], riga 10","LINEA C... TRATTA T2 - LOTTO COSTRUTTIVO | E51I04000010007 | 990.000.000,00",,alta,,
2022 DI Mims Mef 97 20.04.2022.pdf,google/gemma-4-31b-it,off,,,Ministero delle Infrastrutture e della Mobilità Sostenibili,Ministero dell'Economia e delle Finanze,assegnazione,C71F20000020005,True,definitivo,,1,singolo,7400,8,,1000000000.0,1000000000.0,"1.000.000.000,00",totale,assegnazione,assegnato,FINANZIAMENTO AMMESSO,"art. 1 comma 1 lett. a); Allegato 1 / [TABELLA pag.10 n.1], riga 11","METROPOLITANA AUTOMATICA DI TORINO – LINEA 2 – TRATTA “POLITECNICO – REBAUDENGO” | C71F20000020005 | 1.000.000.000,00",,alta,,
2022 DI Mims Mef 97 20.04.2022.pdf,google/gemma-4-31b-it,off,,,Ministero delle Infrastrutture e della Mobilità Sostenibili,Ministero dell'Economia e delle Finanze,assegnazione,J81B21014060001,True,definitivo,,1,singolo,7400,1,,173183831.97,173183831.97,"173.183.831,97",totale,assegnazione,assegnato,FINANZIAMENTO AMMESSO,"art. 1 comma 1 lett. b); Allegato 2 / [TABELLA pag.12 n.1], riga 1","LINEA TRANVIARIA TERMINI - VATICANO - AURELIO | J81B21014060001 | 173.183.831,97",,alta,,
2022 DI Mims Mef 97 20.04.2022.pdf,google/gemma-4-31b-it,off,,,Ministero delle Infrastrutture e della Mobilità Sostenibili,Ministero dell'Economia e delle Finanze,assegnazione,J84E21005150001,True,definitivo,,1,singolo,7400,1,,11284217.84,11284217.84,"11.284.217,84",totale,assegnazione,assegnato,FINANZIAMENTO AMMESSO,"art. 1 comma 1 lett. b); Allegato 2 / [TABELLA pag.12 n.1], riga 2","DEPOSITO DI CENTOCELLE EST | J84E21005150001 | 11.284.217,84",,alta,,
2022 DI Mims Mef 97 20.04.2022.pdf,google/gemma-4-31b-it,off,,,Ministero delle Infrastrutture e della Mobilità Sostenibili,Ministero dell'Economia e delle Finanze,assegnazione,E31J19000030001,True,definitivo,,1,singolo,7400,1,,26500000.0,26500000.0,"26.500.000,00",totale,assegnazione,assegnato,FINANZIAMENTO AMMESSO,"art. 1 comma 1 lett. b); Allegato 2 / [TABELLA pag.12 n.1], riga 3","SISTEMA DI TRASPORTO RAPIDO DI MASSA... PIACENZA | E31J19000030001 | 26.500.000,00",,alta,,
2022 DI Mims Mef 97 20.04.2022.pdf,google/gemma-4-31b-it,off,,,Ministero delle Infrastrutture e della Mobilità Sostenibili,Ministero dell'Economia e delle Finanze,assegnazione,F44I19000530001,True,definitivo,,1,singolo,7400,1,,122200000.0,122200000.0,"122.200.000,00",totale,assegnazione,assegnato,FINANZIAMENTO AMMESSO,"art. 1 comma 1 lett. b); Allegato 2 / [TABELLA pag.12 n.1], riga 4","AMPLIAMENTO DEL DEPOSITO GALLARATESE... | F44I19000530001 | 122.200.000,00",,alta,,
2023 DM MIT 342-2023.pdf,google/gemma-4-31b-it,off,,,Ministero delle infrastrutture e dei trasporti,,rettifica,H49J21005480003,True,definitivo,,1,singolo,7150,3,,256450.0,256450.0,"256.450,00",totale,assegnazione,rimodulato,IMPORTO TOTALE,art. 1; Allegato 1 / [TABELLA pag.4 n.1],"INTERSCAMBIO SANT'OLCESE TULLO | 47.725,00 | 0,00 | 47.725,00 | H49J21005480003 ... TOTALE 256.450,00","DM 23 settembre 2021, n. 364",alta,,L'importo è l'aggregato di più interventi di interscambio per lo stesso CUP
2023 DM MIT 342-2023.pdf,google/gemma-4-31b-it,off,,,Ministero delle infrastrutture e dei trasporti,,rettifica,C75B23000000001,True,definitivo,,1,singolo,7150,3,,10543255.0,10543255.0,"10.543.255,00",totale,assegnazione,rimodulato,IMPORTO TOTALE,art. 1; Allegato 1 / [TABELLA pag.4 n.1],"RINNOVO, POTENZIAMENTO E MESSA IN SICUREZZA... | 10.543.255,00 | 0,00 | 10.543.255,00 | C75B23000000001","DM 23 settembre 2021, n. 364",alta,,
2023 DM MIT 342-2023.pdf,google/gemma-4-31b-it,off,,,Ministero delle infrastrutture e dei trasporti,,rettifica,C71G22000090001,True,definitivo,,1,singolo,7150,3,,7000000.0,7000000.0,"7.000.000,00",totale,assegnazione,rimodulato,IMPORTO TOTALE,art. 1; Allegato 1 / [TABELLA pag.4 n.1],"POTENZIAMENTO DEL SISTEMA DI ALIMENTAZIONE ELETTRICA... | 7.000.000,00 | 0,00 | 7.000.000,00 | C71G22000090001","DM 23 settembre 2021, n. 364",alta,,
2023 DM MIT 342-2023.pdf,google/gemma-4-31b-it,off,,,Ministero delle infrastrutture e dei trasporti,,rettifica,E51B21002250001,True,definitivo,,1,singolo,7150,3,,20000000.0,20000000.0,"20.000.000,00",totale,assegnazione,rimodulato,IMPORTO TOTALE,art. 1; Allegato 1 / [TABELLA pag.4 n.1],"INTERVENTI SULLA RETE PER STABILIZZAZIONE ORARIO... | 20.000.000,00 | 0,00 | 20.000.000,00 | E51B21002250001","DM 23 settembre 2021, n. 364",alta,,
2023 DM MIT 342-2023.pdf,google/gemma-4-31b-it,off,,,Ministero delle infrastrutture e dei trasporti,,rettifica,B41E04000210001,True,definitivo,,1,singolo,7150,3,,50000000.0,50000000.0,"50.000.000,00",totale,assegnazione,rimodulato,IMPORTO AMMASSO A FINANZIAMENTO SUD,art. 1; Allegato 1 / [TABELLA pag.5 n.1],"LINEA 1 DELLA METROPOLITANA DI NAPOLI... | 50.000.000,00 | 50.000.000,00 | 100.000.000,00 | B41E04000210001","DM 23 settembre 2021, n. 364",alta,,
2023 DM MIT 342-2023.pdf,google/gemma-4-31b-it,off,,,Ministero delle infrastrutture e dei trasporti,,rettifica,F61B21003640009,True,definitivo,,1,singolo,7150,3,,30000000.0,30000000.0,"30.000.000,00",totale,assegnazione,rimodulato,IMPORTO AMMASSO A FINANZIAMENTO SUD,art. 1; Allegato 1 / [TABELLA pag.5 n.1],"NUOVO TELECOMANDO LINEE FLEGREE... | 30.000.000,00 | 0,00 | 30.000.000,00 | F61B21003640009","DM 23 settembre 2021, n. 364",alta,,
2023 DM MIT 342-2023.pdf,google/gemma-4-31b-it,off,,,Ministero delle infrastrutture e dei trasporti,,rettifica,G31G22000250001,True,definitivo,,1,singolo,7150,3,,2800000.0,2800000.0,"2.800.000,00",totale,assegnazione,rimodulato,IMPORTO AMMASSO A FINANZIAMENTO SUD,art. 1; Allegato 1 / [TABELLA pag.5 n.1],"RIFACIMENTO PENSILINA BARI CENTRALE | 2.800.000,00 | 0,00 | 2.800.000,00 | G31G22000250001","DM 23 settembre 2021, n. 364",alta,,
2023 DM MIT 342-2023.pdf,google/gemma-4-31b-it,off,,,Ministero delle infrastrutture e dei trasporti,,rettifica,D69D15002090001,True,definitivo,,2,aggregato,7150,3,,50000000.0,25000000.0,"50.000.000,00",totale,assegnazione,rimodulato,IMPORTO AMMASSO A FINANZIAMENTO SUD,art. 1; Allegato 1 / [TABELLA pag.5 n.1],"COMPLETAMENTO ELETTRIFICAZIONE DORSALE SALENTO... | 50.000.000,00 | 130.000.000,00 | 180.000.000,00 | Lotto 4 - D69D15002090001 Lotto 3 - D49D15001920001","DM 23 settembre 2021, n. 364",alta,,Importo unico per due lotti/CUP
2023 DM MIT 342-2023.pdf,google/gemma-4-31b-it,off,,,Ministero delle infrastrutture e dei trasporti,,rettifica,D49D15001920001,True,definitivo,,2,aggregato,7150,3,,50000000.0,25000000.0,"50.000.000,00",totale,assegnazione,rimodulato,IMPORTO AMMASSO A FINANZIAMENTO SUD,art. 1; Allegato 1 / [TABELLA pag.5 n.1],"COMPLETAMENTO ELETTRIFICAZIONE DORSALE SALENTO... | 50.000.000,00 | 130.000.000,00 | 180.000.000,00 | Lotto 4 - D69D15002090001 Lotto 3 - D49D15001920001","DM 23 settembre 2021, n. 364",alta,,Importo unico per due lotti/CUP
2023 DM MIT 342-2023.pdf,google/gemma-4-31b-it,off,,,Ministero delle infrastrutture e dei trasporti,,rettifica,G71B18000620005,True,definitivo,,1,singolo,7150,3,,2500000.0,2500000.0,"2.500.000,00",totale,assegnazione,rimodulato,IMPORTO AMMASSO A FINANZIAMENTO SUD,art. 1; Allegato 1 / [TABELLA pag.5 n.1],"REALIZZAZIONE PARCHEGGIO DI INTERSCAMBIO... | 2.500.000,00 | 0,00 | 2.500.000,00 | G71B18000620005","DM 23 settembre 2021, n. 364",alta,,
2023 DM MIT 342-2023.pdf,google/gemma-4-31b-it,off,,,Ministero delle infrastrutture e dei trasporti,,rettifica,F81B21005610001,True,definitivo,,1,singolo,7150,3,,18000000.0,18000000.0,"18.000.000,00",totale,assegnazione,rimodulato,IMPORTO AMMASSO A FINANZIAMENTO SUD,art. 1; Allegato 1 / [TABELLA pag.6 n.1],"VARIANTE DI TRACCCIATO... | 26.400.000,00 | 0,00 | 26.400.000,00 | 18.000.000,00 | F81B21005610001","DM 23 settembre 2021, n. 364",alta,,
2023 DM MIT 342-2023.pdf,google/gemma-4-31b-it,off,,,Ministero delle infrastrutture e dei trasporti,,rettifica,I61B21003020001,True,definitivo,,1,singolo,7150,3,,9900000.0,9900000.0,"9.900.000,00",totale,assegnazione,rimodulato,IMPORTO AMMASSO A FINANZIAMENTO SUD,art. 1; Allegato 1 / [TABELLA pag.6 n.1],"LAVORI DI REALIZZAZIONE DELLA NUOVA STAZIONE... | 9.900.000,00 | 0,00 | 9.900.000,00 | I61B21003020001","DM 23 settembre 2021, n. 364",alta,,
2023 DM MIT 342-2023.pdf,google/gemma-4-31b-it,off,,,Ministero delle infrastrutture e dei trasporti,,rettifica,I67H21003160001,True,definitivo,,1,singolo,7150,3,,2900000.0,2900000.0,"2.900.000,00",totale,assegnazione,rimodulato,IMPORTO AMMASSO A FINANZIAMENTO SUD,art. 1; Allegato 1 / [TABELLA pag.6 n.1],"LAVORI DI MIGLIORAMENTO DELLA FRUIBILITÀ... | 2.900.000,00 | 0,00 | 2.900.000,00 | I67H21003160001","DM 23 settembre 2021, n. 364",alta,,
2023 DM MIT 342-2023.pdf,google/gemma-4-31b-it,off,,,Ministero delle infrastrutture e dei trasporti,,rettifica,B89J21020930005,True,definitivo,,1,singolo,7150,3,,1200000.0,1200000.0,"1.200.000,00",totale,assegnazione,rimodulato,IMPORTO AMMASSO A FINANZIAMENTO SUD,art. 1; Allegato 1 / [TABELLA pag.6 n.1],"CREAZIONE POSTO INTERMEDIO LOCALITÀ GUASTACCONCIA... | 1.200.000,00 | 0,00 | 1.200.000,00 | B89J21020930005","DM 23 settembre 2021, n. 364",alta,,
2023 DM MIT 342-2023.pdf,google/gemma-4-31b-it,off,,,Ministero delle infrastrutture e dei trasporti,,rettifica,I57H21005640001,True,definitivo,,1,singolo,7150,4,,1512215.0,1512215.0,"1.512.215,00",totale,assegnazione,rimodulato,SICUREZZA INTERVENTO (€),art. 1; Allegato 2 / [TABELLA pag.7 n.1],"INTERVENTI STRUTTURALI DI RISANAMENTO PONTE... | 1.512.215,00 | 0,00 | 1.512.215,00 | I57H21005640001","DM 23 settembre 2021, n. 364",alta,,
2023 DM MIT 342-2023.pdf,google/gemma-4-31b-it,off,,,Ministero delle infrastrutture e dei trasporti,,rettifica,B19F22013250002,True,definitivo,,1,singolo,7150,4,,2400000.0,2400000.0,"2.400.000,00",totale,assegnazione,rimodulato,SICUREZZA INTERVENTO (€),art. 1; Allegato 2 / [TABELLA pag.7 n.1],"ELIMINAZIONE DI DUE PASSAGGI A LIVELLO... | 2.400.000,00 | 0,00 | 2.400.000,00 | B19F22013250002","DM 23 settembre 2021, n. 364",alta,,
2023 DM MIT 342-2023.pdf,google/gemma-4-31b-it,off,,,Ministero delle infrastrutture e dei trasporti,,rettifica,C89F23000050001,True,definitivo,,1,singolo,7150,4,,600000.0,600000.0,"600.000,00",totale,assegnazione,rimodulato,SICUREZZA INTERVENTO (€),art. 1; Allegato 2 / [TABELLA pag.7 n.1],"SOPPRESSIONE DI QUATTRO PASSAGGI A LIVELLO PRIVATI... | 600.000,00 | 0,00 | 600.000,00 | C89F23000050001","DM 23 settembre 2021, n. 364",alta,,
2023 DM MIT 342-2023.pdf,google/gemma-4-31b-it,off,,,Ministero delle infrastrutture e dei trasporti,,rettifica,C99F23000050001,True,definitivo,,1,singolo,7150,4,,5400000.0,5400000.0,"5.400.000,00",totale,assegnazione,rimodulato,SICUREZZA INTERVENTO (€),art. 1; Allegato 2 / [TABELLA pag.8 n.1],"LINEA BOLOGNA- PORTOMAGGIORE , SOPPRESSIONE PL... | 5.400.000,00 | 1.600.000,00 | 7.000.000,00 | C99F23000050001","DM 23 settembre 2021, n. 364",alta,,
2023 DM MIT 342-2023.pdf,google/gemma-4-31b-it,off,,,Ministero delle infrastrutture e dei trasporti,,rettifica,C56G21008730001,True,definitivo,,1,singolo,7150,4,,3400000.0,3400000.0,"3.400.000,00",totale,assegnazione,rimodulato,SICUREZZA INTERVENTO (€),art. 1; Allegato 2 / [TABELLA pag.8 n.1],"UPGRADE CON IMPIANTI MULTI‐ ACC | 3.400.000,00 | 0,00 | 3.400.000,00 | C56G21008730001","DM 23 settembre 2021, n. 364",alta,,
2023 DM MIT 342-2023.pdf,google/gemma-4-31b-it,off,,,Ministero delle infrastrutture e dei trasporti,,rettifica,F41B21005790009,True,definitivo,,1,singolo,7150,4,,30000000.0,30000000.0,30.000.000,totale,assegnazione,rimodulato,SICUREZZA INTERVENTO (€),art. 1; Allegato 2 / [TABELLA pag.9 n.1],"SOPPRESSIONE PP.LL. RETE FERROVIARIA EAV | 30.000.000 | € 0,00 | 30.000.000 | F41B21005790009","DM 23 settembre 2021, n. 364",alta,,
2023 DM MIT 342-2023.pdf,google/gemma-4-31b-it,off,,,Ministero delle infrastrutture e dei trasporti,,rettifica,G31G22000260001,True,definitivo,,1,singolo,7150,4,,7200000.0,7200000.0,7.200.000,totale,assegnazione,rimodulato,SICUREZZA INTERVENTO (€),art. 1; Allegato 2 / [TABELLA pag.9 n.1],RADDOPPIO TRA BARI SANT’ANDREA E MODUGNO | 7.200.000 | 0 | 7.200.000 | G31G22000260001,"DM 23 settembre 2021, n. 364",alta,,
2023 DM MIT 342-2023.pdf,google/gemma-4-31b-it,off,,,Ministero delle infrastrutture e dei trasporti,,rettifica,G11B18000550005,True,definitivo,,1,singolo,7150,4,,3500000.0,3500000.0,3.500.000,totale,assegnazione,rimodulato,SICUREZZA INTERVENTO (€),art. 1; Allegato 2 / [TABELLA pag.10 n.1],"Lotto “RIPRISTINO DELLA FUNZIONALITÀ DELL'OFFICINA FERROVIARIA A SERRA RIFUSA” | 3.500.000,00 | 0 | 3.500.000 | G11B18000550005","DM 23 settembre 2021, n. 364",alta,,
2023 DM MIT 342-2023.pdf,google/gemma-4-31b-it,off,,,Ministero delle infrastrutture e dei trasporti,,rettifica,B81B21003770005,True,definitivo,,1,singolo,7150,4,,1750000.0,1750000.0,1.750.000,totale,assegnazione,rimodulato,SICUREZZA INTERVENTO (€),art. 1; Allegato 2 / [TABELLA pag.10 n.1],"TESATURA DEI CONDUTTORI IN RAME... | 1.750.000,00 € | 0 | 1.750.000 | B81B21003770005","DM 23 settembre 2021, n. 364",alta,,
2025 DD MIT 141-2025.pdf,google/gemma-4-31b-it,off,R.0000141,2025-04-18,Ministero delle Infrastrutture e dei Trasporti,,attuazione,E51I04000010007,True,definitivo,,1,singolo,7419,2,2024-2032,2125000000.0,2125000000.0,"€ 2.125.000.000,00",totale,impegno,impegnato,,art. 3; [TABELLA pag.5 n.1],"È autorizzato l’impegno delle risorse... sul capitolo 7419, piano gestionale 2... per la somma complessiva di € 2.125.000.000,00","Legge 29 dicembre 2022, n. 197",alta,,L'importo include 50 milioni in conto residui 2024 e 2.075 milioni per il periodo 2025-2032.
2025 DD MIT 141-2025.pdf,google/gemma-4-31b-it,off,R.0000141,2025-04-18,Ministero delle Infrastrutture e dei Trasporti,,attuazione,E51I04000010007,True,definitivo,,1,singolo,7416,1,2027-2028,75000000.0,75000000.0,"€ 75.000.000,00",totale,impegno,impegnato,,art. 4,"È autorizzato l’impegno delle risorse... sul capitolo 7416 piano gestonale 1... per la somma complessiva di € 75.000.000,00","Legge 29 dicembre 2022, n. 197",alta,,Ripartizione: 50 mln nel 2027 e 25 mln nel 2028.
2022 DD MIT 454-2022.pdf,minimax/minimax-m3,off,,,Ministero delle infrastrutture e dei trasporti,,impegno,E51I04000010007,True,definitivo,,1,singolo,7426,1,,14000000.0,14000000.0,"€ 14.000.000,00",totale,assegnazione,impegnato,,art. 1,"l'impegno di € 14.000.000,00 in conto residui di lettera F, esercizio di provenienza 2021",DM MIT-MEF n. 498 del 14 novembre 2014,alta,,"CUP individuato anche tramite premesse (VISTA tabella allegata DM 498/2014). Impegno in conto residui 2021 (€ 14.000.000,00 della reiscrizione disposta ai sensi art. 30, c. 2, lett. b) L. 196/2009)."
2022 DD MIT 454-2022.pdf,minimax/minimax-m3,off,,,Ministero delle infrastrutture e dei trasporti,,impegno,E51I04000010007,True,definitivo,,1,singolo,7426,1,2022-2025,131000000.0,131000000.0,"€ 131.000.000,00",totale,assegnazione,impegnato,Totale (art. 2),art. 2; [TABELLA pag.3 n.1],"l'impegno ... per l'importo complessivo di € 131.000.000,00 a favore di Roma Capitale ... Totale 131.000.000,00 €",DM MIT-MEF n. 498 del 14 novembre 2014,alta,,Ripartizione annualità 2022-2025 (35.000.000 + 40.000.000 + 33.500.000 + 22.500.000) indicata solo come informativo; non sono record separati (R5).
2022 DDG 128 del 02-05-22.pdf,minimax/minimax-m3,off,,,Ministero delle infrastrutture e della mobilità sostenibili,,impegno,H94I19000130004,True,definitivo,,1,singolo,7400,7,2020-2034,97154124.1,97154124.1,"97.154.124,10",totale,impegno,impegnato,Totale,"artt. 1 e 2; Allegato / [TABELLA pag.4 n.1], riga 1 (Comune di Padova)","Comune di Padova | H94I19000130004 | 7400/PG 7 | ... | 97.154.124,10",DM MIMS n. 464 del 22/11/2021,alta,,"Importo complessivo sul PG 7: € 1.000.000,00 in conto residui (art. 1, di cui € 1.000.000,00 da esercizio 2020) + € 96.154.124,10 in conto competenza (art. 2, esercizi 2022-2034). Quote annuali non registrate."
2022 DDG 128 del 02-05-22.pdf,minimax/minimax-m3,off,,,Ministero delle infrastrutture e della mobilità sostenibili,,impegno,J80J18000000001,True,definitivo,,1,singolo,7400,7,2021-2034,159466174.12,159466174.12,"159.466.174,12",totale,impegno,impegnato,Totale,"artt. 1 e 2; Allegato / [TABELLA pag.4 n.1], riga 2 (Roma Capitale)","Roma Capitale | J80J18000000001 | 7400/PG 7 | ... | 159.466.174,12",DM MIMS n. 464 del 22/11/2021,alta,,"Importo complessivo sul PG 7: € 2.000.000,00 in conto residui (art. 1, esercizio di provenienza 2021) + € 157.466.174,12 in conto competenza (art. 2, esercizi 2022-2034). Quote annuali non registrate."
2022 DDG 128 del 02-05-22.pdf,minimax/minimax-m3,off,,,Ministero delle infrastrutture e della mobilità sostenibili,,impegno,C11B21008720001,True,definitivo,,2,aggregato,7400,7,2022-2034,44494493.04,22247246.52,"44.494.493,04",totale,impegno,impegnato,Totale,"art. 2; Allegato / [TABELLA pag.4 n.1], riga 3 (Comune di Torino)","Comune di Torino | C11B21008720001 D81E20000410007 | 7400/PG 7 | ... | 44.494.493,04",DM MIMS n. 464 del 22/11/2021,alta,,Importo unico per due CUP associati al Comune di Torino; l'atto non ripartisce l'importo tra i due CUP. Quota in conto residui (art. 1) non presente per Torino (rilevabile solo dalla colonna 2020/2021 pari a zero).
2022 DDG 128 del 02-05-22.pdf,minimax/minimax-m3,off,,,Ministero delle infrastrutture e della mobilità sostenibili,,impegno,D81E20000410007,True,definitivo,,2,aggregato,7400,7,2022-2034,44494493.04,22247246.52,"44.494.493,04",totale,impegno,impegnato,Totale,"art. 2; Allegato / [TABELLA pag.4 n.1], riga 3 (Comune di Torino)","Comune di Torino | C11B21008720001 D81E20000410007 | 7400/PG 7 | ... | 44.494.493,04",DM MIMS n. 464 del 22/11/2021,alta,,Importo unico per due CUP associati al Comune di Torino; l'atto non ripartisce l'importo tra i due CUP. Quota in conto residui (art. 1) non presente per Torino (rilevabile solo dalla colonna 2020/2021 pari a zero).
2022 DDG 128 del 02-05-22.pdf,minimax/minimax-m3,off,,,Ministero delle infrastrutture e della mobilità sostenibili,,impegno,C81B21013200005,True,definitivo,,1,singolo,7400,7,2023-2034,333059208.74,333059208.74,"333.059.208,74",totale,impegno,impegnato,Totale,"art. 2; Allegato / [TABELLA pag.4 n.1], riga 4 (Comune di Brescia, PG 7)","Comune di Brescia | C81B21013200005 | 7400/PG 7 | ... | 333.059.208,74",DM MIMS n. 464 del 22/11/2021,alta,,"Quota del Comune di Brescia sul PG 7, in conto competenza (art. 2), esercizi 2023-2034. Quote annuali non registrate."
2022 DDG 128 del 02-05-22.pdf,minimax/minimax-m3,off,,,Ministero delle infrastrutture e della mobilità sostenibili,,impegno,C81B21013200005,True,definitivo,,1,singolo,7400,1,2029-2034,26486678.33,26486678.33,"26.486.678,33",totale,impegno,impegnato,Totale,"art. 3; Allegato / [TABELLA pag.4 n.1], riga 5 (Comune di Brescia, PG 1)","Comune di Brescia | C81B21013200005 | 7400/PG 1 | ... | 26.486.678,33",DM MIMS n. 464 del 22/11/2021,alta,,"Quota del Comune di Brescia sul PG 1, in conto competenza (art. 3), esercizi 2029-2034. Quote annuali non registrate."
2022 DI Mims Mef 97 20.04.2022.pdf,minimax/minimax-m3,off,,,Ministero delle Infrastrutture e della Mobilità Sostenibili,Ministero dell'Economia e delle Finanze,assegnazione,B39J22001360001,True,definitivo,,1,singolo,7400,8,,398000000.0,398000000.0,"398.000.000,00",totale,assegnazione,assegnato,FINANZIAMENTO AMMESSO,"art. 1, comma 1, lett. a); Allegato 1 / [TABELLA pag.10 n.1], riga 1","SKYMETRO VAL BISAGNO GENOVA | COMUNE DI GENOVA | B39J22001360001 | 398.000.000,00",,alta,,Quota parte del capitolo 7400 pg 8; cofin. disponibile = 0
2022 DI Mims Mef 97 20.04.2022.pdf,minimax/minimax-m3,off,,,Ministero delle Infrastrutture e della Mobilità Sostenibili,Ministero dell'Economia e delle Finanze,assegnazione,B31F20000030005,True,definitivo,,1,singolo,7400,8,,20860000.0,20860000.0,"20.860.000,00",totale,assegnazione,assegnato,FINANZIAMENTO AMMESSO,"art. 1, comma 1, lett. a); Allegato 1 / [TABELLA pag.10 n.1], riga 2","PROLUNGAMENTO METROPOLITANA DI GENOVA DA BRIN A CANEPARI | COMUNE DI GENOVA | B31F20000030005 | 20.860.000,00",,alta,,
2022 DI Mims Mef 97 20.04.2022.pdf,minimax/minimax-m3,off,,,Ministero delle Infrastrutture e della Mobilità Sostenibili,Ministero dell'Economia e delle Finanze,assegnazione,B44D20000040001,True,definitivo,,1,singolo,7400,8,,180000000.0,180000000.0,"180.000.000,00",totale,assegnazione,assegnato,FINANZIAMENTO AMMESSO,"art. 1, comma 1, lett. a); Allegato 1 / [TABELLA pag.10 n.1], riga 3","LINEA METROPOLITANA M1 PROLUNGAMENTO QUARTIERE BAGGIO – OLMI - VALSESIA | COMUNE DI MILANO | B44D20000040001 | 180.000.000,00",,alta,,Costo intervento 398.000.000; cofin. 218.000.000; finanziamento ammesso 180.000.000
2022 DI Mims Mef 97 20.04.2022.pdf,minimax/minimax-m3,off,,,Ministero delle Infrastrutture e della Mobilità Sostenibili,Ministero dell'Economia e delle Finanze,assegnazione,B91J21000040001,True,definitivo,,1,singolo,7400,8,,420000000.0,420000000.0,"420.000.000,00",totale,assegnazione,assegnato,FINANZIAMENTO AMMESSO,"art. 1, comma 1, lett. a); Allegato 1 / [TABELLA pag.10 n.1], riga 4","PROLUNGAMENTO LINEA METROPOLITANA M4 DA AEROPORTO LINATE A SEGRATE | COMUNE DI MILANO | B91J21000040001 | 420.000.000,00",,alta,,
2022 DI Mims Mef 97 20.04.2022.pdf,minimax/minimax-m3,off,,,Ministero delle Infrastrutture e della Mobilità Sostenibili,Ministero dell'Economia e delle Finanze,assegnazione,B41J21000050006,True,definitivo,,1,singolo,7400,8,,4500000.0,4500000.0,"4.500.000,00",totale,assegnazione,assegnato,FINANZIAMENTO AMMESSO,"art. 1, comma 1, lett. a); Allegato 1 / [TABELLA pag.10 n.1], riga 5","NUOVA LINEA METROPOLITANA M6 RAMO SUD (PFTE) | COMUNE DI MILANO | B41J21000050006 | 4.500.000,00",,alta,,
2022 DI Mims Mef 97 20.04.2022.pdf,minimax/minimax-m3,off,,,Ministero delle Infrastrutture e della Mobilità Sostenibili,Ministero dell'Economia e delle Finanze,assegnazione,B41C21000010001,True,definitivo,,1,singolo,7400,8,,5500000.0,5500000.0,"5.500.000,00",totale,assegnazione,assegnato,FINANZIAMENTO AMMESSO,"art. 1, comma 1, lett. a); Allegato 1 / [TABELLA pag.10 n.1], riga 6","PROLUNGAMENTO M3 SAN DONATO M. – ASTA PAULLESE (PFTE) | COMUNE DI MILANO | B41C21000010001 | 5.500.000,00",,alta,,
2022 DI Mims Mef 97 20.04.2022.pdf,minimax/minimax-m3,off,,,Ministero delle Infrastrutture e della Mobilità Sostenibili,Ministero dell'Economia e delle Finanze,assegnazione,F41B22000740009,True,definitivo,,1,singolo,7400,8,,631373163.0,631373163.0,"631.373.163,00",totale,assegnazione,assegnato,FINANZIAMENTO AMMESSO,"art. 1, comma 1, lett. a); Allegato 1 / [TABELLA pag.10 n.1], riga 7","NUOVO COLLEGAMENTO IN SEDE PROPRIA TRA LA STAZIONE AV DI AFRAGOLA E LA RETE METROPOLITANA DI NAPOLI. LOTTO 1°_STRALCIO I | COMUNE DI NAPOLI / EAV Srl | F41B22000740009 | 631.373.163,00",,alta,,In Allegato 1 la cella riporta 'F41B22000740009 (CUP MASTER)'; in tabella strutturata è il CUP dell'intervento
2022 DI Mims Mef 97 20.04.2022.pdf,minimax/minimax-m3,off,,,Ministero delle Infrastrutture e della Mobilità Sostenibili,Ministero dell'Economia e delle Finanze,assegnazione,F41B22000830009,True,definitivo,,1,singolo,7400,8,,163500824.0,163500824.0,"163.500.824,00",totale,assegnazione,assegnato,FINANZIAMENTO AMMESSO,"art. 1, comma 1, lett. a); Allegato 1 / [TABELLA pag.10 n.1], riga 8","NUOVO COLLEGAMENTO ... LOTTO 1°_STRALCIO II | COMUNE DI NAPOLI / EAV Srl | F41B22000830009 | 163.500.824,00",,alta,,
2022 DI Mims Mef 97 20.04.2022.pdf,minimax/minimax-m3,off,,,Ministero delle Infrastrutture e della Mobilità Sostenibili,Ministero dell'Economia e delle Finanze,assegnazione,E51I04000010007,True,definitivo,,1,singolo,7400,8,,610000000.0,610000000.0,"610.000.000,00",totale,assegnazione,assegnato,FINANZIAMENTO AMMESSO,"art. 1, comma 1, lett. a); Allegato 1 / [TABELLA pag.10 n.1], riga 9","LINEA C DELLA METROPOLITANA DI ROMA - SUB-TRATTA FUNZIONALE DA STAZIONE VENEZIA A STAZIONE FORI IMPERIALI | ROMA CAPITALE / ROMA METROPOLITANE Srl | E51I04000010007 | 610.000.000,00",,alta,,Costo 755.000.000; cofin. 145.000.000; finanziamento ammesso 610.000.000
2022 DI Mims Mef 97 20.04.2022.pdf,minimax/minimax-m3,off,,,Ministero delle Infrastrutture e della Mobilità Sostenibili,Ministero dell'Economia e delle Finanze,assegnazione,E51I04000010007,True,definitivo,,1,singolo,7400,8,,990000000.0,990000000.0,"990.000.000,00",totale,assegnazione,assegnato,FINANZIAMENTO AMMESSO,"art. 1, comma 1, lett. a); Allegato 1 / [TABELLA pag.10 n.1], riga 10","LINEA C DELLA METROPOLITANA DI ROMA - TRATTA T2 - LOTTO COSTRUTTIVO | ROMA CAPITALE / ROMA METROPOLITANE Srl | E51I04000010007 | 990.000.000,00",,alta,,Stesso CUP del record precedente (Linea C); l'atto dispone un'assegnazione distinta per la Tratta T2
2022 DI Mims Mef 97 20.04.2022.pdf,minimax/minimax-m3,off,,,Ministero delle Infrastrutture e della Mobilità Sostenibili,Ministero dell'Economia e delle Finanze,assegnazione,C71F20000020005,True,definitivo,,1,singolo,7400,8,,1000000000.0,1000000000.0,"1.000.000.000,00",totale,assegnazione,assegnato,FINANZIAMENTO AMMESSO,"art. 1, comma 1, lett. a); Allegato 1 / [TABELLA pag.10 n.1], riga 11","METROPOLITANA AUTOMATICA DI TORINO – LINEA 2 – TRATTA POLITECNICO – REBAUDENGO | COMUNE DI TORINO | C71F20000020005 | 1.000.000.000,00",,alta,,Costo 1.800.000.000; cofin. 800.000.000; finanziamento ammesso 1.000.000.000
2022 DI Mims Mef 97 20.04.2022.pdf,minimax/minimax-m3,off,,,Ministero delle Infrastrutture e della Mobilità Sostenibili,Ministero dell'Economia e delle Finanze,assegnazione,J81B21014060001,True,definitivo,,1,singolo,7400,1,,173183831.97,173183831.97,"173.183.831,97",totale,assegnazione,assegnato,FINANZIAMENTO AMMESSO,"art. 1, comma 1, lett. b); Allegato 2 / [TABELLA pag.12 n.1], riga 1","ROMA CAPITALE | LINEA TRANVIARIA TERMINI - VATICANO - AURELIO | J81B21014060001 | 173.183.831,97","DM 16 novembre 2021, n. 448",alta,,"Costo 293.183.831,97; cofin. 120.000.000 (DM n. 448/2021 PNRR M2C2-4.2); finanziamento ammesso 173.183.831,97"
2022 DI Mims Mef 97 20.04.2022.pdf,minimax/minimax-m3,off,,,Ministero delle Infrastrutture e della Mobilità Sostenibili,Ministero dell'Economia e delle Finanze,assegnazione,J84E21005150001,True,definitivo,,1,singolo,7400,1,,11284217.84,11284217.84,"11.284.217,84",totale,assegnazione,assegnato,FINANZIAMENTO AMMESSO,"art. 1, comma 1, lett. b); Allegato 2 / [TABELLA pag.12 n.1], riga 2","ROMA CAPITALE | DEPOSITO DI CENTOCELLE EST | J84E21005150001 | 11.284.217,84",,alta,,
2022 DI Mims Mef 97 20.04.2022.pdf,minimax/minimax-m3,off,,,Ministero delle Infrastrutture e della Mobilità Sostenibili,Ministero dell'Economia e delle Finanze,assegnazione,E31J19000030001,True,definitivo,,1,singolo,7400,1,,26500000.0,26500000.0,"26.500.000,00",totale,assegnazione,assegnato,FINANZIAMENTO AMMESSO,"art. 1, comma 1, lett. b); Allegato 2 / [TABELLA pag.12 n.1], riga 3","COMUNE DI PIACENZA | SISTEMA DI TRASPORTO RAPIDO DI MASSA PER IL COLLEGAMENTO TRA LA STAZIONE FERROVIARIA DI PIACENZA ED IL NUOVO POLO OSPEDALIERO | E31J19000030001 | 26.500.000,00",,alta,,
2022 DI Mims Mef 97 20.04.2022.pdf,minimax/minimax-m3,off,,,Ministero delle Infrastrutture e della Mobilità Sostenibili,Ministero dell'Economia e delle Finanze,assegnazione,F44I19000530001,True,definitivo,,1,singolo,7400,1,,122200000.0,122200000.0,"122.200.000,00",totale,assegnazione,assegnato,FINANZIAMENTO AMMESSO,"art. 1, comma 1, lett. b); Allegato 2 / [TABELLA pag.12 n.1], riga 4","COMUNE DI MILANO | AMPLIAMENTO DEL DEPOSITO GALLARATESE DEI TRENI DELLA LINEA METROPOLITANA 1 | F44I19000530001 | 122.200.000,00",,alta,,
2022 DI Mims Mef 97 20.04.2022.pdf,minimax/minimax-m3,off,,,Ministero delle Infrastrutture e della Mobilità Sostenibili,Ministero dell'Economia e delle Finanze,assegnazione,,False,,,0,singolo,7400,1,,31513709.92,31513709.92,"31.513.709,92",totale,altro,non_allocato,,preambolo (CONSIDERATO),"a seguito delle suddette assegnazioni, residuano risorse iscritte sul capitolo 7400, piano di gestione 1, pari a € 31.513.709,92",,media,,"Residuo non assegnato, destinato a successivo provvedimento. L'atto NON dispone nuove assegnazioni su questo importo, ma lo qualifica come non allocato."
2022 DI Mims Mef 97 20.04.2022.pdf,minimax/minimax-m3,off,,,Ministero delle Infrastrutture e della Mobilità Sostenibili,Ministero dell'Economia e delle Finanze,assegnazione,C11J22000000001,True,definitivo,,1,singolo,,,,221721410.41,221721410.41,"221.721.410,41",totale,altro,ammissibile,FINANZIAMENTO AMMESSO,"art. 2, comma 1; Allegato 3 / [TABELLA pag.13 n.1], riga 1","COMUNE DI TORINO | PROLUNGAMENTO LINEA TRANVIARIA 12 ALL'ALLIANZ STADIUM E RECUPERO TRINCEA FERROVIA TORINO-CERES | C11J22000000001 | 221.721.410,41",,alta,,Inserito in graduatoria (Allegato 3): ammissibile ma non finanziato dal presente decreto; sarà finanziato con scorrimento
2022 DI Mims Mef 97 20.04.2022.pdf,minimax/minimax-m3,off,,,Ministero delle Infrastrutture e della Mobilità Sostenibili,Ministero dell'Economia e delle Finanze,assegnazione,F47C19000370001,True,definitivo,,4,aggregato,,,,20900000.02,5225000.005,"20.900.000,02",totale,altro,ammissibile,FINANZIAMENTO AMMESSO,"art. 2, comma 1; Allegato 3 / [TABELLA pag.13 n.1], riga 2","COMUNE DI MILANO | METROPOLITANA LINEA M3: INTERVENTI DI ADEGUAMENTO ANTINCENDIO AI SENSI DEL DM 21.10.2015 | F47C19000370001 F47D17000140005 F47C19000380001 F47C19000390001 | 20.900.000,02",,alta,,"Importo unico per 4 CUP; l'atto non ripartisce. In graduatoria, non finanziato"
2022 DI Mims Mef 97 20.04.2022.pdf,minimax/minimax-m3,off,,,Ministero delle Infrastrutture e della Mobilità Sostenibili,Ministero dell'Economia e delle Finanze,assegnazione,F47D17000140005,True,definitivo,,4,aggregato,,,,20900000.02,5225000.005,"20.900.000,02",totale,altro,ammissibile,FINANZIAMENTO AMMESSO,"art. 2, comma 1; Allegato 3 / [TABELLA pag.13 n.1], riga 2","COMUNE DI MILANO | METROPOLITANA LINEA M3: INTERVENTI DI ADEGUAMENTO ANTINCENDIO AI SENSI DEL DM 21.10.2015 | F47C19000370001 F47D17000140005 F47C19000380001 F47C19000390001 | 20.900.000,02",,alta,,"Importo unico per 4 CUP; l'atto non ripartisce. In graduatoria, non finanziato"
2022 DI Mims Mef 97 20.04.2022.pdf,minimax/minimax-m3,off,,,Ministero delle Infrastrutture e della Mobilità Sostenibili,Ministero dell'Economia e delle Finanze,assegnazione,F47C19000380001,True,definitivo,,4,aggregato,,,,20900000.02,5225000.005,"20.900.000,02",totale,altro,ammissibile,FINANZIAMENTO AMMESSO,"art. 2, comma 1; Allegato 3 / [TABELLA pag.13 n.1], riga 2","COMUNE DI MILANO | METROPOLITANA LINEA M3: INTERVENTI DI ADEGUAMENTO ANTINCENDIO AI SENSI DEL DM 21.10.2015 | F47C19000370001 F47D17000140005 F47C19000380001 F47C19000390001 | 20.900.000,02",,alta,,"Importo unico per 4 CUP; l'atto non ripartisce. In graduatoria, non finanziato"
2022 DI Mims Mef 97 20.04.2022.pdf,minimax/minimax-m3,off,,,Ministero delle Infrastrutture e della Mobilità Sostenibili,Ministero dell'Economia e delle Finanze,assegnazione,F47C19000390001,True,definitivo,,4,aggregato,,,,20900000.02,5225000.005,"20.900.000,02",totale,altro,ammissibile,FINANZIAMENTO AMMESSO,"art. 2, comma 1; Allegato 3 / [TABELLA pag.13 n.1], riga 2","COMUNE DI MILANO | METROPOLITANA LINEA M3: INTERVENTI DI ADEGUAMENTO ANTINCENDIO AI SENSI DEL DM 21.10.2015 | F47C19000370001 F47D17000140005 F47C19000380001 F47C19000390001 | 20.900.000,02",,alta,,"Importo unico per 4 CUP; l'atto non ripartisce. In graduatoria, non finanziato"
2022 DI Mims Mef 97 20.04.2022.pdf,minimax/minimax-m3,off,,,Ministero delle Infrastrutture e della Mobilità Sostenibili,Ministero dell'Economia e delle Finanze,assegnazione,F47C19000350001,True,definitivo,,2,aggregato,,,,45000000.07,22500000.035,"45.000.000,07",totale,altro,ammissibile,FINANZIAMENTO AMMESSO,"art. 2, comma 1; Allegato 3 / [TABELLA pag.13 n.1], riga 3","COMUNE DI MILANO | METROPOLITANA LINEE M1 + M2 - INTERVENTI DI ADEGUAMENTO ANTINCENDIO AI SENSI DEL DM 21.10.2015 FASE 2 | F47C19000350001 O F47C19000360001 | 45.000.000,07",,media,Nell'Allegato 3 compare 'F47C19000350001 O F47C19000360001' (con 'O' disgiuntivo): due CUP alternativi per lo stesso intervento. L'atto non precisa quale dei due sia quello corretto; l'importo resta unico e associato alla riga.,"In graduatoria, non finanziato. CUP alternativi con 'O' nell'originale."
2022 DI Mims Mef 97 20.04.2022.pdf,minimax/minimax-m3,off,,,Ministero delle Infrastrutture e della Mobilità Sostenibili,Ministero dell'Economia e delle Finanze,assegnazione,F47C19000360001,True,definitivo,,2,aggregato,,,,45000000.07,22500000.035,"45.000.000,07",totale,altro,ammissibile,FINANZIAMENTO AMMESSO,"art. 2, comma 1; Allegato 3 / [TABELLA pag.13 n.1], riga 3","COMUNE DI MILANO | METROPOLITANA LINEE M1 + M2 - INTERVENTI DI ADEGUAMENTO ANTINCENDIO AI SENSI DEL DM 21.10.2015 FASE 2 | F47C19000350001 O F47C19000360001 | 45.000.000,07",,media,Nell'Allegato 3 compare 'F47C19000350001 O F47C19000360001' (con 'O' disgiuntivo): due CUP alternativi per lo stesso intervento. L'atto non precisa quale dei due sia quello corretto; l'importo resta unico e associato alla riga.,"In graduatoria, non finanziato. CUP alternativi con 'O' nell'originale."
2022 DI Mims Mef 97 20.04.2022.pdf,minimax/minimax-m3,off,,,Ministero delle Infrastrutture e della Mobilità Sostenibili,Ministero dell'Economia e delle Finanze,assegnazione,B34J18000220001,True,definitivo,,2,aggregato,,,,74516124.63,37258062.315,"74.516.124,63",totale,altro,ammissibile,FINANZIAMENTO AMMESSO,"art. 2, comma 1; Allegato 3 / [TABELLA pag.13 n.1], riga 4","COMUNE DI GENOVA | LINEA METROPOLITANA: PROLUNGAMENTO A RIVAROLO E COMPLETAMENTO DELLA STAZIONE DI MARTINEZ / TERRALBA | B34J18000220001 B34J18000230001 | 74.516.124,63",,alta,,"Importo unico per 2 CUP; in graduatoria, non finanziato"
2022 DI Mims Mef 97 20.04.2022.pdf,minimax/minimax-m3,off,,,Ministero delle Infrastrutture e della Mobilità Sostenibili,Ministero dell'Economia e delle Finanze,assegnazione,B34J18000230001,True,definitivo,,2,aggregato,,,,74516124.63,37258062.315,"74.516.124,63",totale,altro,ammissibile,FINANZIAMENTO AMMESSO,"art. 2, comma 1; Allegato 3 / [TABELLA pag.13 n.1], riga 4","COMUNE DI GENOVA | LINEA METROPOLITANA: PROLUNGAMENTO A RIVAROLO E COMPLETAMENTO DELLA STAZIONE DI MARTINEZ / TERRALBA | B34J18000220001 B34J18000230001 | 74.516.124,63",,alta,,"Importo unico per 2 CUP; in graduatoria, non finanziato"
2023 DM MIT 342-2023.pdf,minimax/minimax-m3,off,,,Ministero delle infrastrutture e dei trasporti,,rettifica,H49J21005480003,True,definitivo,,1,singolo,7150,3,,256450.0,256450.0,"256.450,00",totale,rimodulazione,rimodulato,IMPORTO AMMASSO A FINANZIAMENTO CENTRO - NORD - POTENZIAMENTO,"art. 1; Allegato 1 REV. 2 / [TABELLA pag.4 n.1], riga 1 (sub-totale Genova Casella)","FERROVIA GENOVA CASELLA | ... | 47.725,00 | 0,00 | 47.725,00 | 47.725,00 | H49J21005480003 | 256.450,00","decreto MIMS 23 settembre 2021, n. 364",alta,"CUP indicato solo nella riga SANT'OLCESE TULLO ma importo 47.725,00; il 256.450,00 e' il sub-totale NORD-CENTRO delle righe Genova Casella senza CUP","Allegato 1 REV. 2 aggiorna e sostituisce l'Allegato 1 del DM 364/2021. Sub-totale Genova Casella 256.450,00; CUP H49J21005480003 associato a singolo intervento 47.725,00. Si registra l'importo del sub-totale di gruppo (riga senza CUP)."
2023 DM MIT 342-2023.pdf,minimax/minimax-m3,off,,,Ministero delle infrastrutture e dei trasporti,,rettifica,C75B23000000001,True,definitivo,,1,singolo,7150,3,,10543255.0,10543255.0,"10.543.255,00",totale,rimodulazione,rimodulato,IMPORTO AMMASSO A FINANZIAMENTO CENTRO - NORD - POTENZIAMENTO,"art. 1; Allegato 1 REV. 2 / [TABELLA pag.4 n.1], riga Roma-Viterbo (Rinnovo linea di contatto)","Roma - Viterbo | ... C75B23000000001 | 10.543.255,00 | 0,00 | 10.543.255,00 | 10.543.255,00","decreto MIMS 23 settembre 2021, n. 364",alta,,
2023 DM MIT 342-2023.pdf,minimax/minimax-m3,off,,,Ministero delle infrastrutture e dei trasporti,,rettifica,C71G22000090001,True,definitivo,,1,singolo,7150,3,,7000000.0,7000000.0,"7.000.000,00",totale,rimodulazione,rimodulato,IMPORTO AMMASSO A FINANZIAMENTO CENTRO - NORD - POTENZIAMENTO,"art. 1; Allegato 1 REV. 2 / [TABELLA pag.4 n.1], riga Roma-Viterbo (SSE e DOTE)","Roma - Viterbo | ... C71G22000090001 | 7.000.000,00 | 0,00 | 7.000.000,00 | 7.000.000,00","decreto MIMS 23 settembre 2021, n. 364",alta,,
2023 DM MIT 342-2023.pdf,minimax/minimax-m3,off,,,Ministero delle infrastrutture e dei trasporti,,rettifica,E51B21002250001,True,definitivo,,1,singolo,7150,3,,20000000.0,20000000.0,"20.000.000,00",totale,rimodulazione,rimodulato,IMPORTO AMMASSO A FINANZIAMENTO CENTRO - NORD - POTENZIAMENTO,"art. 1; Allegato 1 REV. 2 / [TABELLA pag.4 n.1], riga Milano-Varese-Laveno","FERROVIA Milano -Varese - Laveno. | FERROVIENORD | ... E51B21002250001 | 20.000.000,00 | 0,00 | 20.000.000,00 | 20.000.000,00","decreto MIMS 23 settembre 2021, n. 364",alta,,
2023 DM MIT 342-2023.pdf,minimax/minimax-m3,off,,,Ministero delle infrastrutture e dei trasporti,,rettifica,B41E04000210001,True,definitivo,,1,singolo,7150,3,,50000000.0,50000000.0,"50.000.000,00",totale,rimodulazione,rimodulato,IMPORTO AMMASSO A FINANZIAMENTO SUD POTENZIAMENTO,"art. 1; Allegato 1 REV. 2 / [TABELLA pag.5 n.1], riga Linea 1 Metropolitana Napoli - Circumvesuviana","ENTE AUTONOMO VOLTURNO S.R.L. | LINEE VESUVIANE | ... B41E04000210001 | 50.000.000,00 | 50.000.000,00 | 100.000.000,00 | 50.000.000,00","decreto MIMS 23 settembre 2021, n. 364",alta,,Importo finanziato 50.000.000 a fronte di costo totale 100.000.000 (50.000.000 cofinanziamento).
2023 DM MIT 342-2023.pdf,minimax/minimax-m3,off,,,Ministero delle infrastrutture e dei trasporti,,rettifica,F61B21003640009,True,definitivo,,1,singolo,7150,3,,30000000.0,30000000.0,"30.000.000,00",totale,rimodulazione,rimodulato,IMPORTO AMMASSO A FINANZIAMENTO SUD POTENZIAMENTO,"art. 1; Allegato 1 REV. 2 / [TABELLA pag.5 n.1], riga Nuovo Telecomando Linee Flegree","LINEE FLEGREE | EAV S.R.L. | ... F61B21003640009 | 30.000.000,00 | 0,00 | 30.000.000,00 | 30.000.000,00","decreto MIMS 23 settembre 2021, n. 364",alta,,
2023 DM MIT 342-2023.pdf,minimax/minimax-m3,off,,,Ministero delle infrastrutture e dei trasporti,,rettifica,G31G22000250001,True,definitivo,,1,singolo,7150,3,,2800000.0,2800000.0,"2.800.000,00",totale,rimodulazione,rimodulato,IMPORTO AMMASSO A FINANZIAMENTO SUD POTENZIAMENTO,"art. 1; Allegato 1 REV. 2 / [TABELLA pag.5 n.1], riga Rifacimento pensilina Bari centrale","BARI-MATERA | FERROVIE APPULO LUCANE | ... G31G22000250001 | 2.800.000,00 | 0,00 | 2.800.000,00 | 2.800.000,00","decreto MIMS 23 settembre 2021, n. 364",alta,,
2023 DM MIT 342-2023.pdf,minimax/minimax-m3,off,,,Ministero delle infrastrutture e dei trasporti,,rettifica,D69D15002090001,True,definitivo,,2,aggregato,7150,3,,50000000.0,25000000.0,"50.000.000,00",totale,rimodulazione,rimodulato,IMPORTO AMMASSO A FINANZIAMENTO SUD POTENZIAMENTO,"art. 1; Allegato 1 REV. 2 / [TABELLA pag.5 n.1], riga Completamento elettrificazione dorsale Salento (Lotto 4 Maglie-Otranto + Lotto 3 Zollino-Gagliano)","Lotto 4 - D69D15002090001 Lotto 3 - D49D15001920001 | 50.000.000,00","decreto MIMS 23 settembre 2021, n. 364",alta,,"Importo unico 50.000.000,00 per due CUP (Lotto 4 Maglie-Otranto D69D15002090001 e Lotto 3 Zollino-Gagliano D49D15001920001); atto non ripartisce."
2023 DM MIT 342-2023.pdf,minimax/minimax-m3,off,,,Ministero delle infrastrutture e dei trasporti,,rettifica,D49D15001920001,True,definitivo,,2,aggregato,7150,3,,50000000.0,25000000.0,"50.000.000,00",totale,rimodulazione,rimodulato,IMPORTO AMMASSO A FINANZIAMENTO SUD POTENZIAMENTO,"art. 1; Allegato 1 REV. 2 / [TABELLA pag.5 n.1], riga Completamento elettrificazione dorsale Salento (Lotto 4 Maglie-Otranto + Lotto 3 Zollino-Gagliano)","Lotto 4 - D69D15002090001 Lotto 3 - D49D15001920001 | 50.000.000,00","decreto MIMS 23 settembre 2021, n. 364",alta,,"Importo unico 50.000.000,00 per due CUP (Lotto 4 Maglie-Otranto D69D15002090001 e Lotto 3 Zollino-Gagliano D49D15001920001); atto non ripartisce."
2023 DM MIT 342-2023.pdf,minimax/minimax-m3,off,,,Ministero delle infrastrutture e dei trasporti,,rettifica,G71B18000620005,True,definitivo,,1,singolo,7150,3,,2500000.0,2500000.0,"2.500.000,00",totale,rimodulazione,rimodulato,IMPORTO AMMASSO A FINANZIAMENTO SUD POTENZIAMENTO,"art. 1; Allegato 1 REV. 2 / [TABELLA pag.5 n.1], riga Parcheggio interscambio Altamura","BARI-MATERA | STAZIONE ALTAMURA | ... G71B18000620005 | 2.500.000,00 | 0,00 | 2.500.000,00 | 2.500.000,00","decreto MIMS 23 settembre 2021, n. 364",alta,,
2023 DM MIT 342-2023.pdf,minimax/minimax-m3,off,,,Ministero delle infrastrutture e dei trasporti,,rettifica,F81B21005610001,True,definitivo,,1,singolo,7150,3,,18000000.0,18000000.0,"18.000.000,00",totale,rimodulazione,rimodulato,IMPORTO AMMASSO A FINANZIAMENTO SUD POTENZIAMENTO,"art. 1; Allegato 1 REV. 2 / [TABELLA pag.6 n.1], riga Monserrato-Isili (variante e raddoppio)","Monserrato - Isili | ARST | ... F81B21005610001 | 26.400.000,00 | 0,00 | 26.400.000,00 | 18.000.000,00","decreto MIMS 23 settembre 2021, n. 364",alta,,Costo totale intervento 26.400.000; importo ammesso a finanziamento 18.000.000.
2023 DM MIT 342-2023.pdf,minimax/minimax-m3,off,,,Ministero delle infrastrutture e dei trasporti,,rettifica,I61B21003020001,True,definitivo,,1,singolo,7150,3,,9900000.0,9900000.0,"9.900.000,00",totale,rimodulazione,rimodulato,IMPORTO AMMASSO A FINANZIAMENTO SUD POTENZIAMENTO,"art. 1; Allegato 1 REV. 2 / [TABELLA pag.6 n.1], riga Nuova stazione Catanzaro Citta'","Soveria M. - Catanzaro - Catanzaro Lido | ... I61B21003020001 | 9.900.000,00 | 0,00 | 9.900.000,00 | 9.900.000,00","decreto MIMS 23 settembre 2021, n. 364",alta,,
2023 DM MIT 342-2023.pdf,minimax/minimax-m3,off,,,Ministero delle infrastrutture e dei trasporti,,rettifica,I67H21003160001,True,definitivo,,1,singolo,7150,3,,2900000.0,2900000.0,"2.900.000,00",totale,rimodulazione,rimodulato,IMPORTO AMMASSO A FINANZIAMENTO SUD POTENZIAMENTO,"art. 1; Allegato 1 REV. 2 / [TABELLA pag.6 n.1], riga Miglioramento fruibilita' Catanzaro Lido-Germaneto","Soveria M. - Catanzaro - Catanzaro Lido - Germaneto | ... I67H21003160001 | 2.900.000,00 | 0,00 | 2.900.000,00 | 2.900.000,00","decreto MIMS 23 settembre 2021, n. 364",alta,,
2023 DM MIT 342-2023.pdf,minimax/minimax-m3,off,,,Ministero delle infrastrutture e dei trasporti,,rettifica,B89J21020930005,True,definitivo,,1,singolo,7150,3,,1200000.0,1200000.0,"1.200.000,00",totale,rimodulazione,rimodulato,IMPORTO AMMASSO A FINANZIAMENTO SUD POTENZIAMENTO,"art. 1; Allegato 1 REV. 2 / [TABELLA pag.6 n.1], riga Fossacesia-Saletti (TUA)","Fossacesia-Saletti | TUA S.p.A. | ... B89J21020930005 | 1.200.000,00 | 0,00 | 1.200.000,00 | 1.200.000,00","decreto MIMS 23 settembre 2021, n. 364",alta,,
2023 DM MIT 342-2023.pdf,minimax/minimax-m3,off,,,Ministero delle infrastrutture e dei trasporti,,rettifica,I57H21005640001,True,definitivo,,1,singolo,7150,4,,1512215.0,1512215.0,"1.512.215,00",totale,rimodulazione,rimodulato,SICUREZZA INTERVENTO (€),"art. 1; Allegato 2 REV. 4 / [TABELLA pag.7 n.1], riga Adria-Mestre (Veneto)","ADRIA-MESTRE | INFRASTRUTTRE VENETE SRL | ... I57H21005640001 | 1.512.215,00 | 0,00 | 1.512.215,00 | 1.512.215,00","decreto MIMS 23 settembre 2021, n. 364",alta,,Rettifica Allegato 3 (Veneto): l'atto corrente corregge l'importo da 1.412.215 a 1.512.215 (riallineamento con Allegato 2).
2023 DM MIT 342-2023.pdf,minimax/minimax-m3,off,,,Ministero delle infrastrutture e dei trasporti,,rettifica,B19F22013250002,True,definitivo,,1,singolo,7150,4,,2400000.0,2400000.0,"2.400.000,00",totale,rimodulazione,rimodulato,SICUREZZA INTERVENTO (€),"art. 1; Allegato 2 REV. 4 / [TABELLA pag.7 n.1], riga Stia-Arezzo-Sinalunga (Toscana)","STIA-AREZZO-SINALUNGA | LA FERROVIARIA ITALIANA SPA | ... B19F22013250002 | 2.400.000,00 | 0,00 | 2.400.000,00 | 2.400.000,00","decreto MIMS 23 settembre 2021, n. 364",alta,,
2023 DM MIT 342-2023.pdf,minimax/minimax-m3,off,,,Ministero delle infrastrutture e dei trasporti,,rettifica,C89F23000050001,True,definitivo,,1,singolo,7150,4,,600000.0,600000.0,"600.000,00",totale,rimodulazione,rimodulato,SICUREZZA INTERVENTO (€),"art. 1; Allegato 2 REV. 4 / [TABELLA pag.7 n.1], riga Parma-Suzzara (Emilia Romagna)","Parma-Suzzara - Comune di Brescello (RE) | FERROVIE EMILIA ROMAGNA S.R.L. | ... C89F23000050001 | 600.000,00 | 0,00 | 600.000,00 | 600.000,00","decreto MIMS 23 settembre 2021, n. 364",alta,,
2023 DM MIT 342-2023.pdf,minimax/minimax-m3,off,,,Ministero delle infrastrutture e dei trasporti,,rettifica,C99F23000050001,True,definitivo,,1,singolo,7150,4,,5400000.0,5400000.0,"5.400.000,00",totale,rimodulazione,rimodulato,SICUREZZA INTERVENTO (€),"art. 1; Allegato 2 REV. 4 / [TABELLA pag.8 n.1], riga Bologna-Portomaggiore (Emilia Romagna)","Bologna-Portomaggiore - Comune di Castenaso (BO) | ... C99F23000050001 | 5.400.000,00 | 1.600.000,00 | 7.000.000,00 | 5.400.000,00","decreto MIMS 23 settembre 2021, n. 364",alta,,Importo sicurezza 5.400.000; cofinanziamento 1.600.000; totale 7.000.000.
2023 DM MIT 342-2023.pdf,minimax/minimax-m3,off,,,Ministero delle infrastrutture e dei trasporti,,rettifica,C56G21008730001,True,definitivo,,1,singolo,7150,4,,3400000.0,3400000.0,"3.400.000,00",totale,rimodulazione,rimodulato,SICUREZZA INTERVENTO (€),"art. 1; Allegato 2 REV. 4 / [TABELLA pag.8 n.1], riga Reggio E.-Guastalla (Emilia Romagna)","Reggio E. - Guastalla | ... C56G21008730001 | 3.400.000,00 | 0,00 | 3.400.000,00 | 3.400.000,00","decreto MIMS 23 settembre 2021, n. 364",alta,,Rettifica Allegato 3 (Emilia Romagna): importo riallineato da 9.500.000 a 9.400.000 (Allegato 2).
2023 DM MIT 342-2023.pdf,minimax/minimax-m3,off,,,Ministero delle infrastrutture e dei trasporti,,rettifica,F41B21005790009,True,definitivo,,1,singolo,7150,4,,30000000.0,30000000.0,"30.000.000,00",totale,rimodulazione,rimodulato,SICUREZZA INTERVENTO (€),"art. 1; Allegato 2 REV. 4 / [TABELLA pag.9 n.1], riga Linea suburbana Napoli-Piedimonte Matese (EAV)","LINEA SUBURBANA NAPOLI-PIEDIMONTE MATESE | EAV S.R.L. | ... F41B21005790009 | 30.000.000 | 0,00 | 30.000.000 | 30.000.000","decreto MIMS 23 settembre 2021, n. 364",alta,,
2023 DM MIT 342-2023.pdf,minimax/minimax-m3,off,,,Ministero delle infrastrutture e dei trasporti,,rettifica,G31G22000260001,True,definitivo,,1,singolo,7150,4,,7200000.0,7200000.0,"7.200.000,00",totale,rimodulazione,rimodulato,SICUREZZA INTERVENTO (€),"art. 1; Allegato 2 REV. 4 / [TABELLA pag.9 n.1], riga Bari Sant'Andrea-Modugno (FAL)",Bari Sant'Andrea - Modugno | FERROVIE APPULO LUCANE S.r.l | ... G31G22000260001 | 7.200.000 | 0 | 7.200.000 | 7.200.000,"decreto MIMS 23 settembre 2021, n. 364",alta,,
2023 DM MIT 342-2023.pdf,minimax/minimax-m3,off,,,Ministero delle infrastrutture e dei trasporti,,rettifica,G11B18000550005,True,definitivo,,1,singolo,7150,4,,3500000.0,3500000.0,"3.500.000,00",totale,rimodulazione,rimodulato,SICUREZZA INTERVENTO (€),"art. 1; Allegato 2 REV. 4 / [TABELLA pag.10 n.1], riga Officina Serra Rifusa (Bari-Matera)","tratta Matera-Altamura della linea Bari-Matera | ... G11B18000550005 | 3.500.000,00 | 0 | 3.500.000 | 3.500.000","decreto MIMS 23 settembre 2021, n. 364",alta,,
2023 DM MIT 342-2023.pdf,minimax/minimax-m3,off,,,Ministero delle infrastrutture e dei trasporti,,rettifica,B81B21003770005,True,definitivo,,1,singolo,7150,4,,1750000.0,1750000.0,"1.750.000,00",totale,rimodulazione,rimodulato,SICUREZZA INTERVENTO (€),"art. 1; Allegato 2 REV. 4 / [TABELLA pag.10 n.1], riga Fossacesia-Archi (TUA)","Fossacesia-Archi | Divisione Ferroviaria di TUA S.p.A. | ... B81B21003770005 | 1.750.000,00 | 0 | 1.750.000 | 1.750.000","decreto MIMS 23 settembre 2021, n. 364",alta,,
2025 DD MIT 141-2025.pdf,minimax/minimax-m3,off,141,2025-04-18,Ministero delle Infrastrutture e dei Trasporti,,impegno,E51I04000010007,True,definitivo,,1,singolo,7419,2,2024-2032,2125000000.0,2125000000.0,"€ 2.125.000.000,00",totale,impegno,impegnato,,art. 3; [TABELLA pag.5 n.1],"È autorizzato l'impegno … sul capitolo 7419, piano gestionale 2 … per la somma complessiva di € 2.125.000.000,00","art. 1, comma 478, legge 29 dicembre 2022, n. 197",alta,,"Impegno disposto dall'atto corrente; di cui € 50.000.000,00 in conto residui 2024 e € 2.075.000.000,00 per gli esercizi 2025-2032. CUP associato alla Convenzione approvata dall'art. 1 (Linea C - Tratta T2 sub-tratte Colosseo/Fori Imperiali-Venezia e Clodio/Mazzini-Venezia; Tratta T1 Farnesina-Clodio/Mazzini; adeguamento contrattuale tratta T3)."
2025 DD MIT 141-2025.pdf,minimax/minimax-m3,off,141,2025-04-18,Ministero delle Infrastrutture e dei Trasporti,,impegno,E51I04000010007,True,definitivo,,1,singolo,7416,1,2027-2028,75000000.0,75000000.0,"€ 75.000.000,00",totale,impegno,impegnato,,art. 4,"È autorizzato l'impegno … sul capitolo 7416 piano gestionale 1 … per la somma complessiva di € 75.000.000,00","art. 1, comma 478, legge 29 dicembre 2022, n. 197",alta,,"Impegno disposto dall'atto corrente: € 50.000.000,00 per il 2027 e € 25.000.000,00 per il 2028. CUP associato alla Convenzione approvata dall'art. 1 (Linea C - Tratta T2, Tratta T1, adeguamento contrattuale T3)."
2022 DD MIT 454-2022.pdf,moonshotai/kimi-k2.6,off,,,Ministero delle infrastrutture e dei trasporti,Ministero dell'economia e delle finanze,impegno,E51I04000010007,True,definitivo,,1,singolo,7426,1,2021,14000000.0,14000000.0,"€ 14.000.000,00",totale,assegnazione,impegnato,,art. 1,"è autorizzato, sul capitolo 7426, piano di gestione 1, ... l'impegno di € 14.000.000,00 in conto residui di lettera F, esercizio di provenienza 2021","decreto del Ministro delle infrastrutture e dei trasporti di concerto con il Ministro dell'economia e delle finanze, n. 498 del 14 novembre 2014",alta,,"Impegno in conto residui di lettera F, esercizio di provenienza 2021; l'importo era stato originariamente previsto per il 2017 nel DM 498/2014 e reiscritto negli esercizi 2021-2025"
2022 DD MIT 454-2022.pdf,moonshotai/kimi-k2.6,off,,,Ministero delle infrastrutture e dei trasporti,Ministero dell'economia e delle finanze,impegno,E51I04000010007,True,definitivo,,1,singolo,7426,1,2022-2025,131000000.0,131000000.0,"€ 131.000.000,00",totale,assegnazione,impegnato,,art. 2; [TABELLA pag.3 n.1],"è autorizzato l'impegno, sul capitolo 7426, piano di gestione 1, ... per l'importo complessivo di € 131.000.000,00 ... 2022 35.000.000,00 €; 2023 40.000.000,00 €; 2024 33.500.000,00 €; 2025 22.500.000,00 €","decreto del Ministro delle infrastrutture e dei trasporti di concerto con il Ministro dell'economia e delle finanze, n. 498 del 14 novembre 2014",alta,,Importo complessivo pluriennale 2022-2025; le annualità sono indicate in riferimento ma non generano record separati in quanto l'atto dispone il totale
2022 DDG 128 del 02-05-22.pdf,moonshotai/kimi-k2.6,off,,,Ministero delle infrastrutture e della mobilità sostenibili,,impegno,H94I19000130004,True,definitivo,,1,singolo,7400,7,2020-2034,97154124.1,97154124.1,"97.154.124,10",totale,assegnazione,impegnato,Totale,"art. 2; Allegato / [TABELLA pag.4 n.1], riga 1 (Comune di Padova)","Comune di Padova | H94I19000130004 | 7400/PG 7 | ... | 97.154.124,10",Decreto del Ministro delle infrastrutture e della mobilità sostenibili n. 464 del 22 novembre 2021,alta,,Impegno in conto competenza per gli esercizi 2022-2034 più impegno in conto residui per gli esercizi 2020-2021; importo totale per il CUP
2022 DDG 128 del 02-05-22.pdf,moonshotai/kimi-k2.6,off,,,Ministero delle infrastrutture e della mobilità sostenibili,,impegno,J80J18000000001,True,definitivo,,1,singolo,7400,7,2020-2034,159466174.12,159466174.12,"159.466.174,12",totale,assegnazione,impegnato,Totale,"art. 2; Allegato / [TABELLA pag.4 n.1], riga 2 (Roma Capitale)","Roma Capitale | J80J18000000001 | 7400/PG 7 | ... | 159.466.174,12",Decreto del Ministro delle infrastrutture e della mobilità sostenibili n. 464 del 22 novembre 2021,alta,,Impegno in conto competenza per gli esercizi 2022-2034 più impegno in conto residui per gli esercizi 2020-2021; importo totale per il CUP
2022 DDG 128 del 02-05-22.pdf,moonshotai/kimi-k2.6,off,,,Ministero delle infrastrutture e della mobilità sostenibili,,impegno,C11B21008720001,True,definitivo,,2,aggregato,7400,7,2020-2034,44494493.04,22247246.52,"44.494.493,04",totale,assegnazione,impegnato,Totale,"art. 2; Allegato / [TABELLA pag.4 n.1], riga 3 (Comune di Torino)","Comune di Torino | C11B21008720001 D81E20000410007 | 7400/PG 7 | ... | 44.494.493,04",Decreto del Ministro delle infrastrutture e della mobilità sostenibili n. 464 del 22 novembre 2021,alta,,Importo unico per due CUP relativi al Comune di Torino; l'atto non ripartisce l'importo tra i due CUP. Impegno in conto competenza per gli esercizi 2022-2034 più impegno in conto residui per gli esercizi 2020-2021
2022 DDG 128 del 02-05-22.pdf,moonshotai/kimi-k2.6,off,,,Ministero delle infrastrutture e della mobilità sostenibili,,impegno,D81E20000410007,True,definitivo,,2,aggregato,7400,7,2020-2034,44494493.04,22247246.52,"44.494.493,04",totale,assegnazione,impegnato,Totale,"art. 2; Allegato / [TABELLA pag.4 n.1], riga 3 (Comune di Torino)","Comune di Torino | C11B21008720001 D81E20000410007 | 7400/PG 7 | ... | 44.494.493,04",Decreto del Ministro delle infrastrutture e della mobilità sostenibili n. 464 del 22 novembre 2021,alta,,Importo unico per due CUP relativi al Comune di Torino; l'atto non ripartisce l'importo tra i due CUP. Impegno in conto competenza per gli esercizi 2022-2034 più impegno in conto residui per gli esercizi 2020-2021
2022 DDG 128 del 02-05-22.pdf,moonshotai/kimi-k2.6,off,,,Ministero delle infrastrutture e della mobilità sostenibili,,impegno,C81B21013200005,True,definitivo,,1,singolo,7400,7,2020-2034,333059208.74,333059208.74,"333.059.208,74",totale,assegnazione,impegnato,Totale,"art. 2; Allegato / [TABELLA pag.4 n.1], riga 4 (Comune di Brescia, PG 7)","Comune di Brescia | C81B21013200005 | 7400/PG 7 | ... | 333.059.208,74",Decreto del Ministro delle infrastrutture e della mobilità sostenibili n. 464 del 22 novembre 2021,alta,,Impegno in conto competenza per gli esercizi 2022-2034 più impegno in conto residui per gli esercizi 2020-2021; importo totale PG 7 per il CUP
2022 DDG 128 del 02-05-22.pdf,moonshotai/kimi-k2.6,off,,,Ministero delle infrastrutture e della mobilità sostenibili,,impegno,C81B21013200005,True,definitivo,,1,singolo,7400,1,2029-2034,26486678.33,26486678.33,"26.486.678,33",totale,assegnazione,impegnato,Totale,"art. 3; Allegato / [TABELLA pag.4 n.1], riga 5 (Comune di Brescia, PG 1)","| | 7400/PG 1 | | | | | | | | | 4.414.446,39 | 4.414.446,39 | 4.414.446,39 | 4.414.446,39 | 4.414.446,39 | 4.414.446,38 | 26.486.678,33",Decreto del Ministro delle infrastrutture e della mobilità sostenibili n. 464 del 22 novembre 2021,alta,,"Impegno in conto competenza per gli esercizi 2029-2034 sul PG 1; stesso CUP C81B21013200005 anche sul PG 7, ma importi distinti su piani gestionali diversi. Secondo R5, un record per CUP x capitolo/PG"
2022 DI Mims Mef 97 20.04.2022.pdf,moonshotai/kimi-k2.6,off,,,Ministero delle Infrastrutture e della Mobilità Sostenibili,Ministero dell'Economia e delle Finanze,assegnazione,B39J22001360001,True,definitivo,,1,singolo,7400,8,,398000000.0,398000000.0,"398.000.000,00",totale,assegnazione,assegnato,FINANZIAMENTO AMMESSO,"art. 1, comma 1, lett. a); Allegato 1 / [TABELLA pag.10 n.1], riga 1","COMUNE DI GENOVA | SKYMETRO VAL BISAGNO GENOVA | B39J22001360001 | PFTE | 398.000.000,00 | --- | 398.000.000,00",,alta,,
2022 DI Mims Mef 97 20.04.2022.pdf,moonshotai/kimi-k2.6,off,,,Ministero delle Infrastrutture e della Mobilità Sostenibili,Ministero dell'Economia e delle Finanze,assegnazione,B31F20000030005,True,definitivo,,1,singolo,7400,8,,20860000.0,20860000.0,"20.860.000,00",totale,assegnazione,assegnato,FINANZIAMENTO AMMESSO,"art. 1, comma 1, lett. a); Allegato 1 / [TABELLA pag.10 n.1], riga 2","COMUNE DI GENOVA | PROLUNGAMENTO METROPOLITANA DI GENOVA DA BRIN A CANEPARI... | B31F20000030005 | PFTE | 20.860.000,00 | --- | 20.860.000,00",,alta,,
2022 DI Mims Mef 97 20.04.2022.pdf,moonshotai/kimi-k2.6,off,,,Ministero delle Infrastrutture e della Mobilità Sostenibili,Ministero dell'Economia e delle Finanze,assegnazione,B44D20000040001,True,definitivo,,1,singolo,7400,8,,180000000.0,180000000.0,"180.000.000,00",totale,assegnazione,assegnato,FINANZIAMENTO AMMESSO,"art. 1, comma 1, lett. a); Allegato 1 / [TABELLA pag.10 n.1], riga 3","COMUNE DI MILANO | LINEA METROPOLITANA M1 PROLUNGAMENTO QUARTIERE BAGGIO – OLMI - VALSESIA | B44D20000040001 | PROGETTO DEFINITIVO | 398.000.000,00 | 218.000.000,00 | 180.000.000,00",,alta,,
2022 DI Mims Mef 97 20.04.2022.pdf,moonshotai/kimi-k2.6,off,,,Ministero delle Infrastrutture e della Mobilità Sostenibili,Ministero dell'Economia e delle Finanze,assegnazione,B91J21000040001,True,definitivo,,1,singolo,7400,8,,420000000.0,420000000.0,"420.000.000,00",totale,assegnazione,assegnato,FINANZIAMENTO AMMESSO,"art. 1, comma 1, lett. a); Allegato 1 / [TABELLA pag.10 n.1], riga 4","COMUNE DI MILANO | PROLUNGAMENTO LINEA METROPOLITANA M4 DA AEROPORTO LINATE A SEGRATE | B91J21000040001 | PFTE | 420.000.000,00 | --- | 420.000.000,00",,alta,,
2022 DI Mims Mef 97 20.04.2022.pdf,moonshotai/kimi-k2.6,off,,,Ministero delle Infrastrutture e della Mobilità Sostenibili,Ministero dell'Economia e delle Finanze,assegnazione,B41J21000050006,True,definitivo,,1,singolo,7400,8,,4500000.0,4500000.0,"4.500.000,00",totale,assegnazione,assegnato,FINANZIAMENTO AMMESSO,"art. 1, comma 1, lett. a); Allegato 1 / [TABELLA pag.10 n.1], riga 5","COMUNE DI MILANO | NUOVA LINEA METROPOLITANA M6 RAMO SUD (PFTE) | B41J21000050006 | --- | 4.500.000,00 | --- | 4.500.000,00",,alta,,
2022 DI Mims Mef 97 20.04.2022.pdf,moonshotai/kimi-k2.6,off,,,Ministero delle Infrastrutture e della Mobilità Sostenibili,Ministero dell'Economia e delle Finanze,assegnazione,B41C21000010001,True,definitivo,,1,singolo,7400,8,,5500000.0,5500000.0,"5.500.000,00",totale,assegnazione,assegnato,FINANZIAMENTO AMMESSO,"art. 1, comma 1, lett. a); Allegato 1 / [TABELLA pag.10 n.1], riga 6","COMUNE DI MILANO | PROLUNGAMENTO M3 SAN DONATO M. – ASTA PAULLESE (PFTE) | B41C21000010001 | PFTE – 1° FASE | 5.500.000,00 | --- | 5.500.000,00",,alta,,
2022 DI Mims Mef 97 20.04.2022.pdf,moonshotai/kimi-k2.6,off,,,Ministero delle Infrastrutture e della Mobilità Sostenibili,Ministero dell'Economia e delle Finanze,assegnazione,F41B22000740009,True,definitivo,,1,singolo,7400,8,,631373163.0,631373163.0,"631.373.163,00",totale,assegnazione,assegnato,FINANZIAMENTO AMMESSO,"art. 1, comma 1, lett. a); Allegato 1 / [TABELLA pag.10 n.1], riga 7","COMUNE DI NAPOLI / EAV Srl | NUOVO COLLEGAMENTO IN SEDE PROPRIA TRA LA STAZIONE AV DI AFRAGOLA E LA RETE METROPOLITANA DI NAPOLI. LOTTO 1°_STRALCIO I | F41B22000740009 (CUP MASTER) | PFTE | 631.373.163,00 | --- | 631.373.163,00",,alta,,Il testo indica 'F41B22000740009 (CUP MASTER)' ma non è presente un CUP dell'intervento distinto dal Master; pertanto il Master è il CUP della riga
2022 DI Mims Mef 97 20.04.2022.pdf,moonshotai/kimi-k2.6,off,,,Ministero delle Infrastrutture e della Mobilità Sostenibili,Ministero dell'Economia e delle Finanze,assegnazione,F41B22000830009,True,definitivo,,1,singolo,7400,8,,163500824.0,163500824.0,"163.500.824,00",totale,assegnazione,assegnato,FINANZIAMENTO AMMESSO,"art. 1, comma 1, lett. a); Allegato 1 / [TABELLA pag.10 n.1], riga 8","COMUNE DI NAPOLI / EAV Srl | NUOVO COLLEGAMENTO IN SEDE PROPRIA TRA LA STAZIONE AV DI AFRAGOLA E LA RETE METROPOLITANA DI NAPOLI. LOTTO 1°_STRALCIO II | F41B22000830009 | PFTE | 163.500.824,00 | --- | 163.500.824,00",,alta,,
2022 DI Mims Mef 97 20.04.2022.pdf,moonshotai/kimi-k2.6,off,,,Ministero delle Infrastrutture e della Mobilità Sostenibili,Ministero dell'Economia e delle Finanze,assegnazione,E51I04000010007,True,definitivo,,1,singolo,7400,8,,610000000.0,610000000.0,"610.000.000,00",totale,assegnazione,assegnato,FINANZIAMENTO AMMESSO,"art. 1, comma 1, lett. a); Allegato 1 / [TABELLA pag.10 n.1], riga 9","ROMA CAPITALE / ROMA METROPOLITANE Srl | LINEA C DELLA METROPOLITANA DI ROMA - SUB-TRATTA FUNZIONALE DA STAZIONE VENEZIA A STAZIONE FORI IMPERIALI | E51I04000010007 | PROGETTO DEFINITIVO | 755.000.000,00 | 145.000.000,00 | 610.000.000,00",,alta,,Stesso CUP E51I04000010007 compare in due righe con importi diversi (610.000.000 e 990.000.000) per interventi distinti; record separati per ciascuna riga
2022 DI Mims Mef 97 20.04.2022.pdf,moonshotai/kimi-k2.6,off,,,Ministero delle Infrastrutture e della Mobilità Sostenibili,Ministero dell'Economia e delle Finanze,assegnazione,E51I04000010007,True,definitivo,,1,singolo,7400,8,,990000000.0,990000000.0,"990.000.000,00",totale,assegnazione,assegnato,FINANZIAMENTO AMMESSO,"art. 1, comma 1, lett. a); Allegato 1 / [TABELLA pag.10 n.1], riga 10","ROMA CAPITALE / ROMA METROPOLITANE Srl | LINEA C DELLA METROPOLITANA DI ROMA - TRATTA T2 - LOTTO COSTRUTTIVO | E51I04000010007 | PROGETTO PRELIMINARE | 990.000.000,00 | --- | 990.000.000,00",,alta,,Stesso CUP E51I04000010007 con importo 990.000.000 per intervento distinto dalla riga precedente
2022 DI Mims Mef 97 20.04.2022.pdf,moonshotai/kimi-k2.6,off,,,Ministero delle Infrastrutture e della Mobilità Sostenibili,Ministero dell'Economia e delle Finanze,assegnazione,C71F20000020005,True,definitivo,,1,singolo,7400,8,,1000000000.0,1000000000.0,"1.000.000.000,00",totale,assegnazione,assegnato,FINANZIAMENTO AMMESSO,"art. 1, comma 1, lett. a); Allegato 1 / [TABELLA pag.10 n.1], riga 11","COMUNE DI TORINO | METROPOLITANA AUTOMATICA DI TORINO – LINEA 2 – TRATTA 'POLITECNICO – REBAUDENGO' | C71F20000020005 | PROGETTO DEFINITIVO | 1.800.000.000,00 | 800.000.000,00 | 1.000.000.000,00",,alta,,
2022 DI Mims Mef 97 20.04.2022.pdf,moonshotai/kimi-k2.6,off,,,Ministero delle Infrastrutture e della Mobilità Sostenibili,Ministero dell'Economia e delle Finanze,assegnazione,J81B21014060001,True,definitivo,,1,singolo,7400,1,,173183831.97,173183831.97,"173.183.831,97",totale,assegnazione,assegnato,FINANZIAMENTO AMMESSO,"art. 1, comma 1, lett. b); Allegato 2 / [TABELLA pag.12 n.1], riga 1","ROMA CAPITALE | LINEA TRANVIARIA TERMINI - VATICANO - AURELIO | J81B21014060001 | TRANVIA | 293.183.831,97 | 120.000.000,00 | 173.183.831,97",,alta,,"Il cofinanziamento di 120.000.000,00 è già assegnato con DM 448/2021 (PNRR); l'atto corrente assegna il residuo 173.183.831,97"
2022 DI Mims Mef 97 20.04.2022.pdf,moonshotai/kimi-k2.6,off,,,Ministero delle Infrastrutture e della Mobilità Sostenibili,Ministero dell'Economia e delle Finanze,assegnazione,J84E21005150001,True,definitivo,,1,singolo,7400,1,,11284217.84,11284217.84,"11.284.217,84",totale,assegnazione,assegnato,FINANZIAMENTO AMMESSO,"art. 1, comma 1, lett. b); Allegato 2 / [TABELLA pag.12 n.1], riga 2","ROMA CAPITALE | DEPOSITO DI CENTOCELLE EST | J84E21005150001 | TRANVIA | 11.284.217,84 | --- | 11.284.217,84",,alta,,
2022 DI Mims Mef 97 20.04.2022.pdf,moonshotai/kimi-k2.6,off,,,Ministero delle Infrastrutture e della Mobilità Sostenibili,Ministero dell'Economia e delle Finanze,assegnazione,E31J19000030001,True,definitivo,,1,singolo,7400,1,,26500000.0,26500000.0,"26.500.000,00",totale,assegnazione,assegnato,FINANZIAMENTO AMMESSO,"art. 1, comma 1, lett. b); Allegato 2 / [TABELLA pag.12 n.1], riga 3","COMUNE DI PIACENZA | SISTEMA DI TRASPORTO RAPIDO DI MASSA PER IL COLLEGAMENTO TRA LA STAZIONE FERROVIARIA DI PIACENZA ED IL NUOVO POLO OSPEDALIERO | E31J19000030001 | BUSVIA | 26.500.000,00 | --- | 26.500.000,00",,alta,,
2022 DI Mims Mef 97 20.04.2022.pdf,moonshotai/kimi-k2.6,off,,,Ministero delle Infrastrutture e della Mobilità Sostenibili,Ministero dell'Economia e delle Finanze,assegnazione,F44I19000530001,True,definitivo,,1,singolo,7400,1,,122200000.0,122200000.0,"122.200.000,00",totale,assegnazione,assegnato,FINANZIAMENTO AMMESSO,"art. 1, comma 1, lett. b); Allegato 2 / [TABELLA pag.12 n.1], riga 4","COMUNE DI MILANO | AMPLIAMENTO DEL DEPOSITO GALLARATESE DEI TRENI DELLA LINEA METROPOLITANA 1 | F44I19000530001 | METRO | 122.200.000,00 | --- | 122.200.000,00",,alta,,
2023 DM MIT 342-2023.pdf,moonshotai/kimi-k2.6,off,,,Ministero delle infrastrutture e dei trasporti,,rettifica,H49J21005480003,True,definitivo,,1,singolo,7150,3,,256450.0,256450.0,"256.450,00",totale,assegnazione,assegnato,IMPORTO AMMSSO A FINANZIAMENTO POTENZIAMENTO,"art. 1, comma 3; Allegato 1 / [TABELLA pag.4 n.1], riga 11 (totale)","256.450,00 | 0,00 | 256.450,00 | 256.450,00","decreto del Ministro delle infrastrutture e della mobilità sostenibili del 23 settembre 2021, n. 364",alta,,"Importo aggregato per 9 interventi della ferrovia Genova Casella; l'atto non specifica ripartizione per singolo intervento ma solo il totale di progetto. I singoli importi per intervento sono riportati in tabella ma la colonna 'IMPORTO AMMSSO A FINANZIAMENTO POTENZIAMENTO' per i singoli interventi è vuota; il totale 256.450,00 è nella riga di totalizzazione."
2023 DM MIT 342-2023.pdf,moonshotai/kimi-k2.6,off,,,Ministero delle infrastrutture e dei trasporti,,rettifica,C75B23000000001,True,definitivo,,1,singolo,7150,3,,10543255.0,10543255.0,"10.543.255,00",totale,assegnazione,assegnato,IMPORTO AMMSSO A FINANZIAMENTO POTENZIAMENTO,"art. 1, comma 3; Allegato 1 / [TABELLA pag.4 n.1], riga 13","Roma - Viterbo | ferrovia Roma – Viterbo nella tratta Catalano – Viterbo | ASTRAL S.p.A | ... | 10.543.255,00 | 0,00 | 10.543.255,00 | 10.543.255,00","decreto del Ministro delle infrastrutture e della mobilità sostenibili del 23 settembre 2021, n. 364",alta,,
2023 DM MIT 342-2023.pdf,moonshotai/kimi-k2.6,off,,,Ministero delle infrastrutture e dei trasporti,,rettifica,C71G22000090001,True,definitivo,,1,singolo,7150,3,,7000000.0,7000000.0,"7.000.000,00",totale,assegnazione,assegnato,IMPORTO AMMSSO A FINANZIAMENTO POTENZIAMENTO,"art. 1, comma 3; Allegato 1 / [TABELLA pag.4 n.1], riga 15","Roma - Viterbo | Ferrovia Roma – Viterbo | ASTRAL S.p.A | POTENZIAMENTO DEL SISTEMA DI ALIMENTAZIONE ELETTRICA... | 7.000.000,00 | 0,00 | 7.000.000,00 | 7.000.000,00","decreto del Ministro delle infrastrutture e della mobilità sostenibili del 23 settembre 2021, n. 364",alta,,
2023 DM MIT 342-2023.pdf,moonshotai/kimi-k2.6,off,,,Ministero delle infrastrutture e dei trasporti,,rettifica,E51B21002250001,True,definitivo,,1,singolo,7150,3,,20000000.0,20000000.0,"20.000.000,00",totale,assegnazione,assegnato,IMPORTO AMMSSO A FINANZIAMENTO POTENZIAMENTO,"art. 1, comma 3; Allegato 1 / [TABELLA pag.4 n.1], riga 18","Milano -Varese - Laveno. | FERROVIENORD | INTERVENTI SULLA RETE PER STABILIZZAZIONE ORARIO... | 20.000.000,00 | 0,00 | 20.000.000,00 | 20.000.000,00","decreto del Ministro delle infrastrutture e della mobilità sostenibili del 23 settembre 2021, n. 364",alta,,
2023 DM MIT 342-2023.pdf,moonshotai/kimi-k2.6,off,,,Ministero delle infrastrutture e dei trasporti,,rettifica,B41E04000210001,True,definitivo,,1,singolo,7150,3,,50000000.0,50000000.0,"50.000.000,00",totale,assegnazione,assegnato,IMPORTO AMMSSO A FINANZIAMENTO POTENZIAMENTO,"art. 1, comma 3; Allegato 1 / [TABELLA pag.5 n.1], riga 2","Comune di Napoli | LINEA 1 DELLA METROPOLITANA DI NAPOLI – TRATTA CDN –CAPODICHINO... | 50.000.000,00 | 50.000.000,00 | 100.000.000,00 | 50.000.000,00","decreto del Ministro delle infrastrutture e della mobilità sostenibili del 23 settembre 2021, n. 364",alta,,"Importo richiesto 50.000.000,00; cofinanziamento 50.000.000,00; totale intervento 100.000.000,00; importo ammesso a finanziamento potenziamento 50.000.000,00"
2023 DM MIT 342-2023.pdf,moonshotai/kimi-k2.6,off,,,Ministero delle infrastrutture e dei trasporti,,rettifica,F61B21003640009,True,definitivo,,1,singolo,7150,3,,30000000.0,30000000.0,"30.000.000,00",totale,assegnazione,assegnato,IMPORTO AMMSSO A FINANZIAMENTO POTENZIAMENTO,"art. 1, comma 3; Allegato 1 / [TABELLA pag.5 n.1], riga 4","EAV S.R.L. | NUOVO TELECOMANDO LINEE FLEGREE CON FORNITURA IN OPERA DI TRE SOTTOSTAZIONI ELETTRICHE... | 30.000.000,00 | 0,00 | 30.000.000,00 | 30.000.000,00","decreto del Ministro delle infrastrutture e della mobilità sostenibili del 23 settembre 2021, n. 364",alta,,
2023 DM MIT 342-2023.pdf,moonshotai/kimi-k2.6,off,,,Ministero delle infrastrutture e dei trasporti,,rettifica,G31G22000250001,True,definitivo,,1,singolo,7150,3,,2800000.0,2800000.0,"2.800.000,00",totale,assegnazione,assegnato,IMPORTO AMMSSO A FINANZIAMENTO POTENZIAMENTO,"art. 1, comma 3; Allegato 1 / [TABELLA pag.5 n.1], riga 6","FERROVIE APPULO LUCANE | RIFACIMENTO PENSILINA BARI CENTRALE | 2.800.000,00 | 0,00 | 2.800.000,00 | 2.800.000,00","decreto del Ministro delle infrastrutture e della mobilità sostenibili del 23 settembre 2021, n. 364",alta,,
2023 DM MIT 342-2023.pdf,moonshotai/kimi-k2.6,off,,,Ministero delle infrastrutture e dei trasporti,,rettifica,D69D15002090001,True,definitivo,,2,aggregato,7150,3,,50000000.0,25000000.0,"50.000.000,00",totale,assegnazione,assegnato,IMPORTO AMMSSO A FINANZIAMENTO POTENZIAMENTO,"art. 1, comma 3; Allegato 1 / [TABELLA pag.5 n.1], riga 8","FERROVIE SUD EST | COMPLETAMENTO ELETTRIFICAZIONE DORSALE SALENTO... | 50.000.000,00 | 130.000.000,00 | 180.000.000,00 | 50.000.000,00 | Lotto 4 - D69D15002090001 Lotto 3 - D49D15001920001","decreto del Ministro delle infrastrutture e della mobilità sostenibili del 23 settembre 2021, n. 364",alta,,"Importo unico di 50.000.000,00 per due lotti/CUP; l'atto non ripartisce tra i due lotti. Cofinanziamento 130.000.000,00; totale intervento 180.000.000,00."
2023 DM MIT 342-2023.pdf,moonshotai/kimi-k2.6,off,,,Ministero delle infrastrutture e dei trasporti,,rettifica,D49D15001920001,True,definitivo,,2,aggregato,7150,3,,50000000.0,25000000.0,"50.000.000,00",totale,assegnazione,assegnato,IMPORTO AMMSSO A FINANZIAMENTO POTENZIAMENTO,"art. 1, comma 3; Allegato 1 / [TABELLA pag.5 n.1], riga 8","FERROVIE SUD EST | COMPLETAMENTO ELETTRIFICAZIONE DORSALE SALENTO... | 50.000.000,00 | 130.000.000,00 | 180.000.000,00 | 50.000.000,00 | Lotto 4 - D69D15002090001 Lotto 3 - D49D15001920001","decreto del Ministro delle infrastrutture e della mobilità sostenibili del 23 settembre 2021, n. 364",alta,,"Importo unico di 50.000.000,00 per due lotti/CUP; l'atto non ripartisce tra i due lotti. Cofinanziamento 130.000.000,00; totale intervento 180.000.000,00."
2023 DM MIT 342-2023.pdf,moonshotai/kimi-k2.6,off,,,Ministero delle infrastrutture e dei trasporti,,rettifica,G71B18000620005,True,definitivo,,1,singolo,7150,3,,2500000.0,2500000.0,"2.500.000,00",totale,assegnazione,assegnato,IMPORTO AMMSSO A FINANZIAMENTO POTENZIAMENTO,"art. 1, comma 3; Allegato 1 / [TABELLA pag.5 n.1], riga 10","FERROVIE APPULO LUCANE | REALIZZAZIONE PARCHEGGIO DI INTERSCAMBIO NELLA STAZIONE DI ALTAMURA | 2.500.000,00 | 0,00 | 2.500.000,00 | 2.500.000,00","decreto del Ministro delle infrastrutture e della mobilità sostenibili del 23 settembre 2021, n. 364",alta,,
2023 DM MIT 342-2023.pdf,moonshotai/kimi-k2.6,off,,,Ministero delle infrastrutture e dei trasporti,,rettifica,F81B21005610001,True,definitivo,,1,singolo,7150,3,,18000000.0,18000000.0,"18.000.000,00",totale,assegnazione,assegnato,IMPORTO AMMSSO A FINANZIAMENTO POTENZIAMENTO,"art. 1, comma 3; Allegato 1 / [TABELLA pag.6 n.1], riga 2","ARST | VARIANTE DI TRACCCIATO, REALIZZAZIONE PUNTI DI INCROCIO E RADDOPPIO... | 26.400.000,00 | 0,00 | 26.400.000,00 | 18.000.000,00","decreto del Ministro delle infrastrutture e della mobilità sostenibili del 23 settembre 2021, n. 364",alta,,"Importo richiesto 26.400.000,00; totale intervento 26.400.000,00; importo ammesso a finanziamento potenziamento 18.000.000,00"
2023 DM MIT 342-2023.pdf,moonshotai/kimi-k2.6,off,,,Ministero delle infrastrutture e dei trasporti,,rettifica,I61B21003020001,True,definitivo,,1,singolo,7150,3,,9900000.0,9900000.0,"9.900.000,00",totale,assegnazione,assegnato,IMPORTO AMMSSO A FINANZIAMENTO POTENZIAMENTO,"art. 1, comma 3; Allegato 1 / [TABELLA pag.6 n.1], riga 4","Ferrovie della Calabria S.r.l. | LAVORI DI REALIZZAZIONE DELLA NUOVA STAZIONE FERROVIARIA DI CATANZARO CITTÀ | 9.900.000,00 | 0,00 | 9.900.000,00 | 9.900.000,00","decreto del Ministro delle infrastrutture e della mobilità sostenibili del 23 settembre 2021, n. 364",alta,,
2023 DM MIT 342-2023.pdf,moonshotai/kimi-k2.6,off,,,Ministero delle infrastrutture e dei trasporti,,rettifica,I67H21003160001,True,definitivo,,1,singolo,7150,3,,2900000.0,2900000.0,"2.900.000,00",totale,assegnazione,assegnato,IMPORTO AMMSSO A FINANZIAMENTO POTENZIAMENTO,"art. 1, comma 3; Allegato 1 / [TABELLA pag.6 n.1], riga 6","Ferrovie della Calabria S.r.l. | LAVORI DI MIGLIORAMENTO DELLA FRUIBILITÀ DELLA LINEA FERROVIARIA... | 2.900.000,00 | 0,00 | 2.900.000,00 | 2.900.000,00","decreto del Ministro delle infrastrutture e della mobilità sostenibili del 23 settembre 2021, n. 364",alta,,
2023 DM MIT 342-2023.pdf,moonshotai/kimi-k2.6,off,,,Ministero delle infrastrutture e dei trasporti,,rettifica,B89J21020930005,True,definitivo,,1,singolo,7150,3,,1200000.0,1200000.0,"1.200.000,00",totale,assegnazione,assegnato,IMPORTO AMMSSO A FINANZIAMENTO POTENZIAMENTO,"art. 1, comma 3; Allegato 1 / [TABELLA pag.6 n.1], riga 8","Divisione Ferroviaria di TUA S.p.A. | CREAZIONE POSTO INTERMEDIO LOCALITÀ GUASTACCONCIA... | 1.200.000,00 | 0,00 | 1.200.000,00 | 1.200.000,00","decreto del Ministro delle infrastrutture e della mobilità sostenibili del 23 settembre 2021, n. 364",alta,,
2023 DM MIT 342-2023.pdf,moonshotai/kimi-k2.6,off,,,Ministero delle infrastrutture e dei trasporti,,rettifica,I57H21005640001,True,definitivo,,1,singolo,7150,4,,1512215.0,1512215.0,"1.512.215,00",totale,assegnazione,assegnato,SICUREZZA,"art. 1, comma 3; Allegato 2 / [TABELLA pag.7 n.1], riga 2","ADRIA‐ MESTRE | INFRASTRUTTRE VENETE SRL | INTERVENTI STRUTTURALI DI RISANAMENTO PONTE... | 1.512.215,00 | 0,00 | 1.512.215,00 | 1.512.215,00","decreto del Ministro delle infrastrutture e della mobilità sostenibili del 23 settembre 2021, n. 364",alta,,
2023 DM MIT 342-2023.pdf,moonshotai/kimi-k2.6,off,,,Ministero delle infrastrutture e dei trasporti,,rettifica,B19F22013250002,True,definitivo,,1,singolo,7150,4,,2400000.0,2400000.0,"2.400.000,00",totale,assegnazione,assegnato,SICUREZZA,"art. 1, comma 3; Allegato 2 / [TABELLA pag.7 n.1], riga 4","STIA ‐ AREZZO ‐ SINALUNGA | LA FERROVIARIA ITALIANA SPA | ELIMINAZIONE DI DUE PASSAGGI A LIVELLO... | 2.400.000,00 | 0,00 | 2.400.000,00 | 2.400.000,00","decreto del Ministro delle infrastrutture e della mobilità sostenibili del 23 settembre 2021, n. 364",alta,,
2023 DM MIT 342-2023.pdf,moonshotai/kimi-k2.6,off,,,Ministero delle infrastrutture e dei trasporti,,rettifica,C89F23000050001,True,definitivo,,1,singolo,7150,4,,600000.0,600000.0,"600.000,00",totale,assegnazione,assegnato,SICUREZZA,"art. 1, comma 3; Allegato 2 / [TABELLA pag.7 n.1], riga 6","Parma- Suzzara - Comune di Brescello (RE) | FERROVIE EMILIA ROMGNA S.R.L. | SOPPRESSIONE DI QUATTRO PASSAGGI A LIVELLO... | 600.000,00 | 0,00 | 600.000,00 | 600.000,00","decreto del Ministro delle infrastrutture e della mobilità sostenibili del 23 settembre 2021, n. 364",alta,,
2023 DM MIT 342-2023.pdf,moonshotai/kimi-k2.6,off,,,Ministero delle infrastrutture e dei trasporti,,rettifica,C99F23000050001,True,definitivo,,1,singolo,7150,4,,5400000.0,5400000.0,"5.400.000,00",totale,assegnazione,assegnato,SICUREZZA,"art. 1, comma 3; Allegato 2 / [TABELLA pag.8 n.1], riga 2","Bologna- Portomaggiore - Comune di Castenaso (BO) | FERROVIE EMILIA ROMGNA S.R.L. | LINEA BOLOGNA- PORTOMAGGIORE , SOPPRESSIONE PL IN LOC. CA' DELL'ORBO... | 5.400.000,00 | 1.600.000,00 | 7.000.000,00 | 5.400.000,00","decreto del Ministro delle infrastrutture e della mobilità sostenibili del 23 settembre 2021, n. 364",alta,,
2023 DM MIT 342-2023.pdf,moonshotai/kimi-k2.6,off,,,Ministero delle infrastrutture e dei trasporti,,rettifica,C56G21008730001,True,definitivo,,1,singolo,7150,4,,3400000.0,3400000.0,"3.400.000,00",totale,assegnazione,assegnato,SICUREZZA,"art. 1, comma 3; Allegato 2 / [TABELLA pag.8 n.1], riga 4","Reggio E. Guastalla | FERROVIE EMILIA ROMGNA S.R.L. | UPGRADE CON IMPIANTI MULTI‐ ACC | 3.400.000,00 | 0,00 | 3.400.000,00 | 3.400.000,00","decreto del Ministro delle infrastrutture e della mobilità sostenibili del 23 settembre 2021, n. 364",alta,,
2023 DM MIT 342-2023.pdf,moonshotai/kimi-k2.6,off,,,Ministero delle infrastrutture e dei trasporti,,rettifica,F41B21005790009,True,definitivo,,1,singolo,7150,4,,30000000.0,30000000.0,30.000.000,totale,assegnazione,assegnato,SICUREZZA,"art. 1, comma 3; Allegato 2 / [TABELLA pag.9 n.1], riga 2","ENTE AUTONOMO VOLTURNO S.R.L. | LINEA SUBURB ANA NAPOLI‐ PIEDIMO NTE MATESE | EAV S.R.L. | SOPPRESSIONE PP.LL. RETE FERROVIARIA EAV | 30.000.000 | € 0,00 | 30.000.000 | 30.000.000","decreto del Ministro delle infrastrutture e della mobilità sostenibili del 23 settembre 2021, n. 364",alta,,
2023 DM MIT 342-2023.pdf,moonshotai/kimi-k2.6,off,,,Ministero delle infrastrutture e dei trasporti,,rettifica,G31G22000260001,True,definitivo,,1,singolo,7150,4,,7200000.0,7200000.0,7.200.000,totale,assegnazione,assegnato,SICUREZZA,"art. 1, comma 3; Allegato 2 / [TABELLA pag.9 n.1], riga 4",BARI‐ MATERA | Bari Sant'Andrea - Modugno | FERROVIE APPULO LUCANE S.r.l | RADDOPPIO TRA BARI SANT'ANDREA E MODUGNO | 7.200.000 | 0 | 7.200.000 | 7.200.000,"decreto del Ministro delle infrastrutture e della mobilità sostenibili del 23 settembre 2021, n. 364",alta,,
2023 DM MIT 342-2023.pdf,moonshotai/kimi-k2.6,off,,,Ministero delle infrastrutture e dei trasporti,,rettifica,G11B18000550005,True,definitivo,,1,singolo,7150,4,,3500000.0,3500000.0,3.500.000,totale,assegnazione,assegnato,SICUREZZA,"art. 1, comma 3; Allegato 2 / [TABELLA pag.10 n.1], riga 2","FERROVIE APPULO LUCANE S.r.l | tratta Matera ‐ Altamura della linea Bari ‐ Matera | FERROVIE APPULO LUCANE S.r.l | Interventi sui piazzali di Matera Serra Rifusa... | 3.500.000,00 | 0 | 3.500.000 | 3.500.000","decreto del Ministro delle infrastrutture e della mobilità sostenibili del 23 settembre 2021, n. 364",alta,,
2023 DM MIT 342-2023.pdf,moonshotai/kimi-k2.6,off,,,Ministero delle infrastrutture e dei trasporti,,rettifica,B81B21003770005,True,definitivo,,1,singolo,7150,4,,1750000.0,1750000.0,1.750.000,totale,assegnazione,assegnato,SICUREZZA,"art. 1, comma 3; Allegato 2 / [TABELLA pag.10 n.1], riga 4","Divisione Ferroviaria di TUA S.p.A. | Fossacesia‐ Archi | Divisione Ferroviaria di TUA S.p.A. | TESATURA DEI CONDUTTORI IN RAME... | 1.750.000,00 € | 0 | 1.750.000 | 1.750.000","decreto del Ministro delle infrastrutture e della mobilità sostenibili del 23 settembre 2021, n. 364",alta,,
2023 DM MIT 342-2023.pdf,moonshotai/kimi-k2.6,off,,,Ministero delle infrastrutture e dei trasporti,,rettifica,,False,,,0,singolo,7150,4,2033,100000.0,100000.0,"100.000,00",quota,rimodulazione,rimodulato,,"art. 1, comma 1","assegna, per l'annualità 2033, alla Regione Veneto risorse pari a 217.585 euro, in luogo dei precedenti 117.585 euro","decreto del Ministro delle infrastrutture e della mobilità sostenibili del 23 settembre 2021, n. 364",media,"Nessun CUP associato alla correzione dell'errore materiale per la Regione Veneto; l'importo è una quota annuale di rimodulazione, non un importo totale di progetto.","Correzione errore materiale: valore originario 117.585,00; valore risultante 217.585,00; differenza +100.000,00. La Regione Veneto è citata nel preambolo come assegnataria di 1.512.215,00 (totale Allegato 2) ma il CUP I57H21005640001 è per l'intervento Adria-Mestre, non direttamente collegabile alla riga di Allegato 3."
2023 DM MIT 342-2023.pdf,moonshotai/kimi-k2.6,off,,,Ministero delle infrastrutture e dei trasporti,,rettifica,,False,,,0,singolo,7150,4,2033,-100000.0,-100000.0,"-100.000,00",quota,rimodulazione,rimodulato,,"art. 1, comma 1","assegna, per l'annualità 2033, alla Regione Emilia Romagna risorse pari a 690.994 euro, in luogo dei precedenti 790.994 euro","decreto del Ministro delle infrastrutture e della mobilità sostenibili del 23 settembre 2021, n. 364",media,Nessun CUP associato alla correzione dell'errore materiale per la Regione Emilia Romagna; l'importo è una quota annuale di rimodulazione.,"Correzione errore materiale: valore originario 790.994,00; valore risultante 690.994,00; differenza -100.000,00."
2023 DM MIT 342-2023.pdf,moonshotai/kimi-k2.6,off,,,Ministero delle infrastrutture e dei trasporti,,rettifica,,False,,,0,singolo,7150,3,2032,-2.0,-2.0,"-2,00",quota,rimodulazione,rimodulato,,"art. 1, comma 1","per l'annualità 2032, assegna alla Regione Veneto risorse pari a 125.266 euro, in luogo dei precedenti 125.268 euro","decreto del Ministro delle infrastrutture e della mobilità sostenibili del 23 settembre 2021, n. 364",media,Nessun CUP associato alla correzione dell'errore materiale per la Regione Veneto; l'importo è una quota annuale di rimodulazione di 2 euro.,"Correzione errore materiale: valore originario 125.268,00; valore risultante 125.266,00; differenza -2,00."
2023 DM MIT 342-2023.pdf,moonshotai/kimi-k2.6,off,,,Ministero delle infrastrutture e dei trasporti,,rettifica,,False,,,0,singolo,7150,3,2032,2.0,2.0,"2,00",quota,rimodulazione,rimodulato,,"art. 1, comma 1","per l'annualità 2032, assegna alla Regione Emilia Romagna risorse pari a 842.682 euro, in luogo dei precedenti 842.680 euro","decreto del Ministro delle infrastrutture e della mobilità sostenibili del 23 settembre 2021, n. 364",media,Nessun CUP associato alla correzione dell'errore materiale per la Regione Emilia Romagna; l'importo è una quota annuale di rimodulazione di 2 euro.,"Correzione errore materiale: valore originario 842.680,00; valore risultante 842.682,00; differenza +2,00."
2025 DD MIT 141-2025.pdf,moonshotai/kimi-k2.6,off,141,2025-04-18,Ministero delle infrastrutture e dei trasporti,,impegno,E51I04000010007,True,definitivo,,1,singolo,7419,2,,2125000000.0,2125000000.0,"€ 2.125.000.000,00",totale,assegnazione,impegnato,,"art. 3; [TABELLA pag.5 n.1], totale","È autorizzato l'impegno... sul capitolo 7419, piano gestionale 2... per la somma complessiva di € 2.125.000.000,00",,alta,,"di cui € 50.000.000,00 in conto residui esercizio 2024 e € 2.075.000.000,00 per esercizi 2025-2032; l'annualità 2024 è residuo, le altre sono nuovi impegni"
2025 DD MIT 141-2025.pdf,moonshotai/kimi-k2.6,off,141,2025-04-18,Ministero delle infrastrutture e dei trasporti,,impegno,E51I04000010007,True,definitivo,,1,singolo,7416,1,,75000000.0,75000000.0,"€ 75.000.000,00",totale,assegnazione,impegnato,,art. 4,"È autorizzato l'impegno... sul capitolo 7416 piano gestionale 1... per la somma complessiva di € 75.000.000,00",,alta,,"di cui € 50.000.000,00 per l'esercizio 2027 e € 25.000.000,00 per l'esercizio 2028"
2022 DD MIT 454-2022.pdf,qwen/qwen3.6-35b-a3b,off,non specificato nel testo (atto interno/divisoriale),,Ministero delle infrastrutture e dei trasporti,,impegno,E51I04000010007,True,definitivo,,1,singolo,7426,1,2021,14000000.0,14000000.0,"€ 14.000.000,00",totale,assegnazione,impegnato,,art. 1,"è autorizzato... l’impegno di € 14.000.000,00 in conto residui di lettera F, esercizio di provenienza 2021.",,alta,,Impegno in conto residui per esercizio 2021
2022 DD MIT 454-2022.pdf,qwen/qwen3.6-35b-a3b,off,non specificato nel testo (atto interno/divisoriale),,Ministero delle infrastrutture e dei trasporti,,impegno,E51I04000010007,True,definitivo,,1,singolo,7426,1,2022-2025,131000000.0,131000000.0,"€ 131.000.000,00",totale,assegnazione,impegnato,,art. 2,"è autorizzato l’impegno... per l’importo complessivo di € 131.000.000,00... come di seguito riportato: 2022 35.000.000,00 €; 2023 40.000.000,00 €; 2024 33.500.000,00 €; 2025 22.500.000,00 €",,alta,,Impegno ripartito in annualità 2022-2025
2022 DDG 128 del 02-05-22.pdf,qwen/qwen3.6-35b-a3b,off,,,Ministero delle infrastrutture e della mobilità sostenibili,,impegno,H94I19000130004,True,definitivo,,1,singolo,7400,7,2020-2021,1000000.0,1000000.0,"€ 1.000.000,00",totale,assegnazione,impegnato,,"art. 1; Allegato parte integrante del presente decreto / [TABELLA pag.4 n.1], riga 1","Comune di Padova | H94I19000130004 | 7400/PG 7 | 153.197,90 | 306.395,80",,alta,,"Importo in conto residui (provenienza 2020 ed 2021) come da art. 1. L'importo totale dell'anno 2020+2021 per questo CUP è 153.197,90 + 306.395,80 = 459.593,70. Tuttavia l'art. 1 autorizza un impegno complessivo di 1.000.000,00 in conto residui per i tre beneficiari (Padova, Torino, Brescia/Roma? No, art 1 cita Padova, Torino, Brescia e Roma Metropoli). La tabella mostra i dettagli annuali. L'art 1 dice ""a favore dei Comuni di Padova, Torino e Brescia e della Città metropolitana di Roma"". La tabella elenca Padova, Roma, Torino, Brescia. L'importo di 1.000.000 è il totale dei residui per TUTTI i beneficiari? No, l'art 1 dice ""è autorizzato l’impegno di euro 3.000.000,00 in conto residui... a favore dei Comuni... come riportato nell’allegato"". La tabella ha una riga ""Totale"" che somma 1.000.000,00 per il 2020 e 2.000.000,00 per il 2021. Quindi 1.000.000 è il totale per tutti i CUP nel 2020. Non è possibile ripartire l'importo di 1.000.000 sui singoli CUP basandosi solo sulla tabella senza ulteriori informazioni. Tuttavia, la regola R5 dice di produrre un record per CUP x Capitolo/PG. Se l'atto non ripartisce, ma dà un totale, e la tabella dà i dettagli annuali, dobbiamo vedere se l'importo di 1.000.000 è attribuito a un CUP specifico o è un totale. La tabella mostra i valori annuali per ogni CUP. La somma dei valori 2020 per tutti i CUP è 153.197,90 + 251.454,92 + 70.161,34 + 525.185,84 = 1.000.000,00. Quindi l'importo di 1.000.000 è la somma dei valori 2020 di tutti i CUP. L'art 1 autorizza l'impegno di 3.000.000 totali (1M 2020 + 2M 2021). Non c'è una ripartizione esplicita dell'importo 1M tra i CUP nell'art 1, ma la tabella fornisce i valori specifici per anno. Quindi per il CUP di Padova, l'importo 2020 è 153.197,90. Ma l'art 1 parla di un impegno globale. La regola R5 dice: ""Se l'atto dispone su più PG per lo stesso CUP... Se una cella CUP è unita su più righe... produci un record per OGNI riga-intervento"". Qui abbiamo una riga per CUP. L'art 1 autorizza l'impegno in conto residui. La tabella elenca i valori annuali. Poiché l'art 1 non ripartisce l'importo 1M tra i CUP, ma la tabella sì, e l'art 1 rimanda all'allegato, possiamo considerare che l'impegno sia disposto sui valori dell'allegato. Quindi per Padova, l'importo 2020 è 153.197,90. Ma l'art 1 dice ""impegno di euro 3.000.000,00... di cui 1.000.000,00 esercizio 2020"". Questo implica che l'importo 1.000.000 è il totale. Se non c'è ripartizione nell'art, ma c'è nella tabella, e l'art rimanda alla tabella, allora i record devono riflettere la tabella. Quindi per Padova, importo 2020: 153.197,90. Per Torino: 70.161,34. Per Brescia: 525.185,84. Per Roma: 251.454,92. Somma: 1.000.000. Quindi produco record separati per ogni CUP con l'importo dell'anno 2020 (e 2021 se presente). L'art 1 copre 2020 e 2021. Quindi per ogni CUP, devo sommare 2020 e 2021? No, l'art 1 dice ""di cui 1.000.000,00 esercizio 2020 ed euro 2.000.000,00 esercizio 2021"". Sono due blocchi distinti. Ma sono nello stesso articolo. La tabella ha colonne separate. Posso fare un record per CUP con annualita"
2022 DI Mims Mef 97 20.04.2022.pdf,qwen/qwen3.6-35b-a3b,off,125,2022-04-29,Ministero delle Infrastrutture e della Mobilità Sostenibili,Ministero dell'Economia e delle Finanze,assegnazione,B39J22001360001,True,definitivo,,1,singolo,7400,8,,398000000.0,398000000.0,"398.000.000,00",totale,assegnazione,assegnato,Finanziamento disponibile,"art. 1, comma 1, lett. a); Allegato 1 / [TABELLA pag.10 n.1], riga 1","COMUNE DI GENOVA | SKYMETRO VAL BISAGNO GENOVA | B39J22001360001 | 398.000.000,00",,alta,,
2022 DI Mims Mef 97 20.04.2022.pdf,qwen/qwen3.6-35b-a3b,off,125,2022-04-29,Ministero delle Infrastrutture e della Mobilità Sostenibili,Ministero dell'Economia e delle Finanze,assegnazione,B31F20000030005,True,definitivo,,1,singolo,7400,8,,20860000.0,20860000.0,"20.860.000,00",totale,assegnazione,assegnato,Finanziamento disponibile,"art. 1, comma 1, lett. a); Allegato 1 / [TABELLA pag.10 n.1], riga 2","COMUNE DI GENOVA | PROLUNGAMENTO METROPOLITANA DI GENOVA DA BRIN A CANEPARI... | B31F20000030005 | 20.860.000,00",,alta,,
2022 DI Mims Mef 97 20.04.2022.pdf,qwen/qwen3.6-35b-a3b,off,125,2022-04-29,Ministero delle Infrastrutture e della Mobilità Sostenibili,Ministero dell'Economia e delle Finanze,assegnazione,B44D20000040001,True,definitivo,,1,singolo,7400,8,,180000000.0,180000000.0,"180.000.000,00",totale,assegnazione,assegnato,Finanziamento disponibile,"art. 1, comma 1, lett. a); Allegato 1 / [TABELLA pag.10 n.1], riga 3","COMUNE DI MILANO | LINEA METROPOLITANA M1 PROLUNGAMENTO QUARTIERE BAGGIO... | B44D20000040001 | 180.000.000,00",,alta,,
2022 DI Mims Mef 97 20.04.2022.pdf,qwen/qwen3.6-35b-a3b,off,125,2022-04-29,Ministero delle Infrastrutture e della Mobilità Sostenibili,Ministero dell'Economia e delle Finanze,assegnazione,B91J21000040001,True,definitivo,,1,singolo,7400,8,,420000000.0,420000000.0,"420.000.000,00",totale,assegnazione,assegnato,Finanziamento disponibile,"art. 1, comma 1, lett. a); Allegato 1 / [TABELLA pag.10 n.1], riga 4","COMUNE DI MILANO | PROLUNGAMENTO LINEA METROPOLITANA M4 DA AEROPORTO LINATE A SEGRATE | B91J21000040001 | 420.000.000,00",,alta,,
2022 DI Mims Mef 97 20.04.2022.pdf,qwen/qwen3.6-35b-a3b,off,125,2022-04-29,Ministero delle Infrastrutture e della Mobilità Sostenibili,Ministero dell'Economia e delle Finanze,assegnazione,B41J21000050006,True,definitivo,,1,singolo,7400,8,,4500000.0,4500000.0,"4.500.000,00",totale,assegnazione,assegnato,Finanziamento disponibile,"art. 1, comma 1, lett. a); Allegato 1 / [TABELLA pag.10 n.1], riga 5","COMUNE DI MILANO | NUOVA LINEA METROPOLITANA M6 RAMO SUD (PFTE) | B41J21000050006 | 4.500.000,00",,alta,,
2022 DI Mims Mef 97 20.04.2022.pdf,qwen/qwen3.6-35b-a3b,off,125,2022-04-29,Ministero delle Infrastrutture e della Mobilità Sostenibili,Ministero dell'Economia e delle Finanze,assegnazione,B41C21000010001,True,definitivo,,1,singolo,7400,8,,5500000.0,5500000.0,"5.500.000,00",totale,assegnazione,assegnato,Finanziamento disponibile,"art. 1, comma 1, lett. a); Allegato 1 / [TABELLA pag.10 n.1], riga 6","COMUNE DI MILANO | PROLUNGAMENTO M3 SAN DONATO M. – ASTA PAULLESE (PFTE) | B41C21000010001 | 5.500.000,00",,alta,,
2022 DI Mims Mef 97 20.04.2022.pdf,qwen/qwen3.6-35b-a3b,off,125,2022-04-29,Ministero delle Infrastrutture e della Mobilità Sostenibili,Ministero dell'Economia e delle Finanze,assegnazione,F41B22000740009,True,definitivo,,1,singolo,7400,8,,631373163.0,631373163.0,"631.373.163,00",totale,assegnazione,assegnato,Finanziamento disponibile,"art. 1, comma 1, lett. a); Allegato 1 / [TABELLA pag.10 n.1], riga 7","COMUNE DI NAPOLI / EAV Srl | NUOVO COLLEGAMENTO IN SEDE PROPRIA... LOTTO 1°_STRALCIO I | F41B22000740009 (CUP MASTER) | 631.373.163,00",,alta,,"Il CUP F41B22000740009 è marcato come CUP MASTER nell'allegato. Poiché non vi è un CUP intervento distinto nella stessa riga, il CUP MASTER funge da CUP della riga."
2022 DI Mims Mef 97 20.04.2022.pdf,qwen/qwen3.6-35b-a3b,off,125,2022-04-29,Ministero delle Infrastrutture e della Mobilità Sostenibili,Ministero dell'Economia e delle Finanze,assegnazione,F41B22000830009,True,definitivo,,1,singolo,7400,8,,163500824.0,163500824.0,"163.500.824,00",totale,assegnazione,assegnato,Finanziamento disponibile,"art. 1, comma 1, lett. a); Allegato 1 / [TABELLA pag.10 n.1], riga 8","COMUNE DI NAPOLI / EAV Srl | NUOVO COLLEGAMENTO IN SEDE PROPRIA... LOTTO 1°_STRALCIO II | F41B22000830009 | 163.500.824,00",,alta,,
2022 DI Mims Mef 97 20.04.2022.pdf,qwen/qwen3.6-35b-a3b,off,125,2022-04-29,Ministero delle Infrastrutture e della Mobilità Sostenibili,Ministero dell'Economia e delle Finanze,assegnazione,E51I04000010007,True,definitivo,,1,singolo,7400,8,,610000000.0,610000000.0,"610.000.000,00",totale,assegnazione,assegnato,Finanziamento disponibile,"art. 1, comma 1, lett. a); Allegato 1 / [TABELLA pag.10 n.1], riga 9","ROMA CAPITALE / ROMA METROPOLITANE Srl | LINEA C DELLA METROPOLITANA DI ROMA - SUB-TRATTA FUNZIONALE... | E51I04000010007 | 610.000.000,00",,alta,,
2022 DI Mims Mef 97 20.04.2022.pdf,qwen/qwen3.6-35b-a3b,off,125,2022-04-29,Ministero delle Infrastrutture e della Mobilità Sostenibili,Ministero dell'Economia e delle Finanze,assegnazione,E51I04000010007,True,definitivo,,1,singolo,7400,8,,990000000.0,990000000.0,"990.000.000,00",totale,assegnazione,assegnato,Finanziamento disponibile,"art. 1, comma 1, lett. a); Allegato 1 / [TABELLA pag.10 n.1], riga 10","ROMA CAPITALE / ROMA METROPOLITANE Srl | LINEA C DELLA METROPOLITANA DI ROMA - TRATTA T2 - LOTTO COSTRUTTIVO | E51I04000010007 | 990.000.000,00",,alta,,
2022 DI Mims Mef 97 20.04.2022.pdf,qwen/qwen3.6-35b-a3b,off,125,2022-04-29,Ministero delle Infrastrutture e della Mobilità Sostenibili,Ministero dell'Economia e delle Finanze,assegnazione,C71F20000020005,True,definitivo,,1,singolo,7400,8,,800000000.0,800000000.0,"800.000.000,00",totale,assegnazione,assegnato,Finanziamento disponibile,"art. 1, comma 1, lett. a); Allegato 1 / [TABELLA pag.10 n.1], riga 11","COMUNE DI TORINO | METROPOLITANA AUTOMATICA DI TORINO – LINEA 2 – TRATTA “POLITECNICO – REBAUDENGO” | C71F20000020005 | 800.000.000,00",,alta,,
2022 DI Mims Mef 97 20.04.2022.pdf,qwen/qwen3.6-35b-a3b,off,125,2022-04-29,Ministero delle Infrastrutture e della Mobilità Sostenibili,Ministero dell'Economia e delle Finanze,assegnazione,J81B21014060001,True,definitivo,,1,singolo,7400,1,,173183831.97,173183831.97,"173.183.831,97",totale,assegnazione,assegnato,Finanziamento disponibile,"art. 1, comma 1, lett. b); Allegato 2 / [TABELLA pag.12 n.1], riga 1","ROMA CAPITALE | LINEA TRANVIARIA TERMINI - VATICANO - AURELIO | J81B21014060001 | 173.183.831,97",,alta,,
2022 DI Mims Mef 97 20.04.2022.pdf,qwen/qwen3.6-35b-a3b,off,125,2022-04-29,Ministero delle Infrastrutture e della Mobilità Sostenibili,Ministero dell'Economia e delle Finanze,assegnazione,J84E21005150001,True,definitivo,,1,singolo,7400,1,,11284217.84,11284217.84,"11.284.217,84",totale,assegnazione,assegnato,Finanziamento disponibile,"art. 1, comma 1, lett. b); Allegato 2 / [TABELLA pag.12 n.1], riga 2","ROMA CAPITALE | DEPOSITO DI CENTOCELLE EST | J84E21005150001 | 11.284.217,84",,alta,,
2022 DI Mims Mef 97 20.04.2022.pdf,qwen/qwen3.6-35b-a3b,off,125,2022-04-29,Ministero delle Infrastrutture e della Mobilità Sostenibili,Ministero dell'Economia e delle Finanze,assegnazione,E31J19000030001,True,definitivo,,1,singolo,7400,1,,26500000.0,26500000.0,"26.500.000,00",totale,assegnazione,assegnato,Finanziamento disponibile,"art. 1, comma 1, lett. b); Allegato 2 / [TABELLA pag.12 n.1], riga 3","COMUNE DI PIACENZA | SISTEMA DI TRASPORTO RAPIDO DI MASSA PER IL COLLEGAMENTO... | E31J19000030001 | 26.500.000,00",,alta,,
2022 DI Mims Mef 97 20.04.2022.pdf,qwen/qwen3.6-35b-a3b,off,125,2022-04-29,Ministero delle Infrastrutture e della Mobilità Sostenibili,Ministero dell'Economia e delle Finanze,assegnazione,F44I19000530001,True,definitivo,,1,singolo,7400,1,,122200000.0,122200000.0,"122.200.000,00",totale,assegnazione,assegnato,Finanziamento disponibile,"art. 1, comma 1, lett. b); Allegato 2 / [TABELLA pag.12 n.1], riga 4","COMUNE DI MILANO | AMPLIAMENTO DEL DEPOSITO GALLARATESE DEI TRENI DELLA LINEA METROPOLITANA 1 | F44I19000530001 | 122.200.000,00",,alta,,
2023 DM MIT 342-2023.pdf,qwen/qwen3.6-35b-a3b,off,182,2024-01-15,Ministero delle infrastrutture e dei trasporti,,rettifica,H49J21005480003,True,definitivo,,1,singolo,7150,3,,44275.0,44275.0,"44.275,00",totale,assegnazione,assegnato,Finanziamento,"Allegato 1 / [TABELLA pag.4 n.1], riga 1","GENOVA CASELLA | INTERSCAMBIO CASELLA | H49J21005480003 | 44.275,00",,alta,,
2023 DM MIT 342-2023.pdf,qwen/qwen3.6-35b-a3b,off,182,2024-01-15,Ministero delle infrastrutture e dei trasporti,,rettifica,C75B23000000001,True,definitivo,,1,singolo,7150,3,,10543255.0,10543255.0,"10.543.255,00",totale,assegnazione,assegnato,Finanziamento,"Allegato 1 / [TABELLA pag.4 n.1], riga 7","Roma - Viterbo | RINNOVO, POTENZIAMENTO E MESSA IN SICUREZZA... | C75B23000000001 | 10.543.255,00",,alta,,
2023 DM MIT 342-2023.pdf,qwen/qwen3.6-35b-a3b,off,182,2024-01-15,Ministero delle infrastrutture e dei trasporti,,rettifica,C71G22000090001,True,definitivo,,1,singolo,7150,3,,7000000.0,7000000.0,"7.000.000,00",totale,assegnazione,assegnato,Finanziamento,"Allegato 1 / [TABELLA pag.4 n.1], riga 8","Roma - Viterbo | POTENZIAMENTO DEL SISTEMA DI ALIMENTAZIONE... | C71G22000090001 | 7.000.000,00",,alta,,
2023 DM MIT 342-2023.pdf,qwen/qwen3.6-35b-a3b,off,182,2024-01-15,Ministero delle infrastrutture e dei trasporti,,rettifica,E51B21002250001,True,definitivo,,1,singolo,7150,3,,20000000.0,20000000.0,"20.000.000,00",totale,assegnazione,assegnato,Finanziamento,"Allegato 1 / [TABELLA pag.4 n.1], riga 10","FERROVIA REGIONALE Milano -Varese | INTERVENTI SULLA RETE PER STABILIZZAZIONE... | E51B21002250001 | 20.000.000,00",,alta,,
2023 DM MIT 342-2023.pdf,qwen/qwen3.6-35b-a3b,off,182,2024-01-15,Ministero delle infrastrutture e dei trasporti,,rettifica,B41E04000210001,True,definitivo,,1,singolo,7150,3,,50000000.0,50000000.0,"50.000.000,00",totale,assegnazione,assegnato,Finanziamento,"Allegato 1 / [TABELLA pag.5 n.1], riga 1","LINEA 1 DELLA METROPOLITANA DI NAPOLI... | B41E04000210001 | 50.000.000,00",,alta,,
2023 DM MIT 342-2023.pdf,qwen/qwen3.6-35b-a3b,off,182,2024-01-15,Ministero delle infrastrutture e dei trasporti,,rettifica,F61B21003640009,True,definitivo,,1,singolo,7150,3,,30000000.0,30000000.0,"30.000.000,00",totale,assegnazione,assegnato,Finanziamento,"Allegato 1 / [TABELLA pag.5 n.1], riga 2","NUOVO TELECOMANDO LINEE FLEGREE... | F61B21003640009 | 30.000.000,00",,alta,,
2023 DM MIT 342-2023.pdf,qwen/qwen3.6-35b-a3b,off,182,2024-01-15,Ministero delle infrastrutture e dei trasporti,,rettifica,G31G22000250001,True,definitivo,,1,singolo,7150,3,,2800000.0,2800000.0,"2.800.000,00",totale,assegnazione,assegnato,Finanziamento,"Allegato 1 / [TABELLA pag.5 n.1], riga 3","RIFACIMENTO PENSILINA BARI CENTRALE | G31G22000250001 | 2.800.000,00",,alta,,
2023 DM MIT 342-2023.pdf,qwen/qwen3.6-35b-a3b,off,182,2024-01-15,Ministero delle infrastrutture e dei trasporti,,rettifica,D69D15002090001,True,definitivo,,2,aggregato,7150,3,,50000000.0,25000000.0,"50.000.000,00",totale,assegnazione,assegnato,Finanziamento,"Allegato 1 / [TABELLA pag.5 n.1], riga 4","COMPLETAMENTO ELETTRIFICAZIONE DORSALE SALENTO... | Lotto 4 - D69D15002090001 Lotto 3 - D49D15001920001 | 50.000.000,00",,alta,,Importo aggregato per due CUP (Lotto 4 e Lotto 3)
2023 DM MIT 342-2023.pdf,qwen/qwen3.6-35b-a3b,off,182,2024-01-15,Ministero delle infrastrutture e dei trasporti,,rettifica,D49D15001920001,True,definitivo,,2,aggregato,7150,3,,50000000.0,25000000.0,"50.000.000,00",totale,assegnazione,assegnato,Finanziamento,"Allegato 1 / [TABELLA pag.5 n.1], riga 4","COMPLETAMENTO ELETTRIFICAZIONE DORSALE SALENTO... | Lotto 4 - D69D15002090001 Lotto 3 - D49D15001920001 | 50.000.000,00",,alta,,Importo aggregato per due CUP (Lotto 4 e Lotto 3)
2023 DM MIT 342-2023.pdf,qwen/qwen3.6-35b-a3b,off,182,2024-01-15,Ministero delle infrastrutture e dei trasporti,,rettifica,G71B18000620005,True,definitivo,,1,singolo,7150,3,,2500000.0,2500000.0,"2.500.000,00",totale,assegnazione,assegnato,Finanziamento,"Allegato 1 / [TABELLA pag.5 n.1], riga 5","REALIZZAZIONE PARCHEGGIO DI INTERSCAMBIO NELLA STAZIONE DI ALTAMURA | G71B18000620005 | 2.500.000,00",,alta,,
2023 DM MIT 342-2023.pdf,qwen/qwen3.6-35b-a3b,off,182,2024-01-15,Ministero delle infrastrutture e dei trasporti,,rettifica,F81B21005610001,True,definitivo,,1,singolo,7150,3,,18000000.0,18000000.0,"18.000.000,00",totale,assegnazione,assegnato,Finanziamento,"Allegato 1 / [TABELLA pag.6 n.1], riga 1","VARIANTE DI TRACCCIATO, REALIZZAZIONE PUNTI DI INCROCIO... | F81B21005610001 | 18.000.000,00",,alta,,
2023 DM MIT 342-2023.pdf,qwen/qwen3.6-35b-a3b,off,182,2024-01-15,Ministero delle infrastrutture e dei trasporti,,rettifica,I61B21003020001,True,definitivo,,1,singolo,7150,3,,9900000.0,9900000.0,"9.900.000,00",totale,assegnazione,assegnato,Finanziamento,"Allegato 1 / [TABELLA pag.6 n.1], riga 2","LAVORI DI REALIZZAZIONE DELLA NUOVA STAZIONE FERROVIARIA DI CATANZARO CITTÀ | I61B21003020001 | 9.900.000,00",,alta,,
2023 DM MIT 342-2023.pdf,qwen/qwen3.6-35b-a3b,off,182,2024-01-15,Ministero delle infrastrutture e dei trasporti,,rettifica,I67H21003160001,True,definitivo,,1,singolo,7150,3,,2900000.0,2900000.0,"2.900.000,00",totale,assegnazione,assegnato,Finanziamento,"Allegato 1 / [TABELLA pag.6 n.1], riga 3","LAVORI DI MIGLIORAMENTO DELLA FRUIBILITÀ DELLA LINEA... | I67H21003160001 | 2.900.000,00",,alta,,
2023 DM MIT 342-2023.pdf,qwen/qwen3.6-35b-a3b,off,182,2024-01-15,Ministero delle infrastrutture e dei trasporti,,rettifica,B89J21020930005,True,definitivo,,1,singolo,7150,3,,1200000.0,1200000.0,"1.200.000,00",totale,assegnazione,assegnato,Finanziamento,"Allegato 1 / [TABELLA pag.6 n.1], riga 4","CREAZIONE POSTO INTERMEDIO LOCALITÀ GUASTACCONCIA... | B89J21020930005 | 1.200.000,00",,alta,,
2023 DM MIT 342-2023.pdf,qwen/qwen3.6-35b-a3b,off,182,2024-01-15,Ministero delle infrastrutture e dei trasporti,,rettifica,I57H21005640001,True,definitivo,,1,singolo,7150,4,,1512215.0,1512215.0,"1.512.215,00",totale,assegnazione,assegnato,Finanziamento,"Allegato 2 / [TABELLA pag.7 n.1], riga 1","INTERVENTI STRUTTURALI DI RISANAMENTO PONTE IN C.A. AL KM. 14+355 | I57H21005640001 | 1.512.215,00",,alta,,
2023 DM MIT 342-2023.pdf,qwen/qwen3.6-35b-a3b,off,182,2024-01-15,Ministero delle infrastrutture e dei trasporti,,rettifica,B19F22013250002,True,definitivo,,1,singolo,7150,4,,2400000.0,2400000.0,"2.400.000,00",totale,assegnazione,assegnato,Finanziamento,"Allegato 2 / [TABELLA pag.7 n.1], riga 2","ELIMINAZIONE DI DUE PASSAGGI A LIVELLO DI TIPO AUTOMATICO... | B19F22013250002 | 2.400.000,00",,alta,,
2023 DM MIT 342-2023.pdf,qwen/qwen3.6-35b-a3b,off,182,2024-01-15,Ministero delle infrastrutture e dei trasporti,,rettifica,C89F23000050001,True,definitivo,,1,singolo,7150,4,,600000.0,600000.0,"600.000,00",totale,assegnazione,assegnato,Finanziamento,"Allegato 2 / [TABELLA pag.7 n.1], riga 3","SOPPRESSIONE DI QUATTRO PASSAGGI A LIVELLO PRIVATI... | C89F23000050001 | 600.000,00",,alta,,
2023 DM MIT 342-2023.pdf,qwen/qwen3.6-35b-a3b,off,182,2024-01-15,Ministero delle infrastrutture e dei trasporti,,rettifica,C99F23000050001,True,definitivo,,1,singolo,7150,4,,5400000.0,5400000.0,"5.400.000,00",totale,assegnazione,assegnato,Finanziamento,"Allegato 2 / [TABELLA pag.8 n.1], riga 1","LINEA BOLOGNA- PORTOMAGGIORE , SOPPRESSIONE PL IN LOC. CA’ DELL'ORBO... | C99F23000050001 | 5.400.000,00",,alta,,
2023 DM MIT 342-2023.pdf,qwen/qwen3.6-35b-a3b,off,182,2024-01-15,Ministero delle infrastrutture e dei trasporti,,rettifica,C56G21008730001,True,definitivo,,1,singolo,7150,4,,3400000.0,3400000.0,"3.400.000,00",totale,assegnazione,assegnato,Finanziamento,"Allegato 2 / [TABELLA pag.8 n.1], riga 2","UPGRADE CON IMPIANTI MULTI‐ ACC | C56G21008730001 | 3.400.000,00",,alta,,
2023 DM MIT 342-2023.pdf,qwen/qwen3.6-35b-a3b,off,182,2024-01-15,Ministero delle infrastrutture e dei trasporti,,rettifica,F41B21005790009,True,definitivo,,1,singolo,7150,4,,30000000.0,30000000.0,30.000.000,totale,assegnazione,assegnato,Finanziamento,"Allegato 2 / [TABELLA pag.9 n.1], riga 1",SOPPRESSIONE PP.LL. RETE FERROVIARIA EAV | F41B21005790009 | 30.000.000,,alta,,
2023 DM MIT 342-2023.pdf,qwen/qwen3.6-35b-a3b,off,182,2024-01-15,Ministero delle infrastrutture e dei trasporti,,rettifica,G31G22000260001,True,definitivo,,1,singolo,7150,4,,7200000.0,7200000.0,7.200.000,totale,assegnazione,assegnato,Finanziamento,"Allegato 2 / [TABELLA pag.9 n.1], riga 2",RADDOPPIO TRA BARI SANT’ANDREA E MODUGNO | G31G22000260001 | 7.200.000,,alta,,
2023 DM MIT 342-2023.pdf,qwen/qwen3.6-35b-a3b,off,182,2024-01-15,Ministero delle infrastrutture e dei trasporti,,rettifica,G11B18000550005,True,definitivo,,1,singolo,7150,4,,3500000.0,3500000.0,"3.500.000,00",totale,assegnazione,assegnato,Finanziamento,"Allegato 2 / [TABELLA pag.10 n.1], riga 1","RIPRISTINO DELLA FUNZIONALITÀ DELL'OFFICINA FERROVIARIA A SERRA RIFUSA | G11B18000550005 | 3.500.000,00",,alta,,
2023 DM MIT 342-2023.pdf,qwen/qwen3.6-35b-a3b,off,182,2024-01-15,Ministero delle infrastrutture e dei trasporti,,rettifica,B81B21003770005,True,definitivo,,1,singolo,7150,4,,1750000.0,1750000.0,"1.750.000,00",totale,assegnazione,assegnato,Finanziamento,"Allegato 2 / [TABELLA pag.10 n.1], riga 2","TESATURA DEI CONDUTTORI IN RAME DELL’IMPIANTO TE... | B81B21003770005 | 1.750.000,00",,alta,,
2023 DM MIT 342-2023.pdf,qwen/qwen3.6-35b-a3b,off,182,2024-01-15,Ministero delle infrastrutture e dei trasporti,,rettifica,PROV0000026838,True,provvisorio,,1,singolo,7150,4,2032,125266.0,125266.0,125.266,totale,assegnazione,assegnato,Emilia Romagna,"Allegato 3 / [TABELLA pag.11 n.1], riga 2032",2032 | ... | 125.266 | ... | Emilia Romagna,,media,"Il CUP provvisorio non è esplicitamente associato a una riga di progetto specifico nell'allegato 3, ma l'importo è assegnato alla Regione Emilia Romagna per l'annualità 2032 come correzione di errore materiale.","Correzione errore materiale: assegna alla Regione Emilia Romagna risorse pari a 125.266 euro, in luogo dei precedenti 125.268 euro."
2023 DM MIT 342-2023.pdf,qwen/qwen3.6-35b-a3b,off,182,2024-01-15,Ministero delle infrastrutture e dei trasporti,,rettifica,PROV0000026838,True,provvisorio,,1,singolo,7150,4,2033,690994.0,690994.0,690.994,totale,assegnazione,assegnato,Emilia Romagna,"Allegato 3 / [TABELLA pag.11 n.1], riga 2033",2033 | ... | 690.994 | ... | Emilia Romagna,,media,"Il CUP provvisorio non è esplicitamente associato a una riga di progetto specifico nell'allegato 3, ma l'importo è assegnato alla Regione Emilia Romagna per l'annualità 2033 come correzione di errore materiale.","Correzione errore materiale: assegna alla Regione Emilia Romagna risorse pari a 690.994 euro, in luogo dei precedenti 790.994 euro."
2023 DM MIT 342-2023.pdf,qwen/qwen3.6-35b-a3b,off,182,2024-01-15,Ministero delle infrastrutture e dei trasporti,,rettifica,PROV0000026838,True,provvisorio,,1,singolo,7150,3,2032,125266.0,125266.0,125.266,totale,assegnazione,assegnato,Veneto,"Allegato 3 / [TABELLA pag.11 n.2], riga 2032",2032 | ... | 125.266 | ... | Veneto,,media,"Il CUP provvisorio non è esplicitamente associato a una riga di progetto specifico nell'allegato 3, ma l'importo è assegnato alla Regione Veneto per l'annualità 2032 come correzione di errore materiale.","Correzione errore materiale: assegna alla Regione Veneto risorse pari a 125.266 euro, in luogo dei precedenti 125.268 euro."
2023 DM MIT 342-2023.pdf,qwen/qwen3.6-35b-a3b,off,182,2024-01-15,Ministero delle infrastrutture e dei trasporti,,rettifica,PROV0000026838,True,provvisorio,,1,singolo,7150,3,2033,217585.0,217585.0,217.585,totale,assegnazione,assegnato,Veneto,"Allegato 3 / [TABELLA pag.11 n.2], riga 2033",2033 | ... | 217.585 | ... | Veneto,,media,"Il CUP provvisorio non è esplicitamente associato a una riga di progetto specifico nell'allegato 3, ma l'importo è assegnato alla Regione Veneto per l'annualità 2033 come correzione di errore materiale.","Correzione errore materiale: assegna alla Regione Veneto risorse pari a 217.585 euro, in luogo dei precedenti 117.585 euro."
2025 DD MIT 141-2025.pdf,qwen/qwen3.6-35b-a3b,off,141,2025-04-18,Ministero delle infrastrutture e dei trasporti,,attuazione,E51I04000010007,True,definitivo,,1,singolo,7419,2,2025-2032,2125000000.0,2125000000.0,"€ 2.125.000.000,00",totale,assegnazione,impegnato,,art. 3,"È autorizzato l’impegno delle risorse di cui al citato articolo 1, comma 478, della legge 29 dicembre 2022, n. 197, sul capitolo 7419, piano gestionale 2 ... per la somma complessiva di € 2.125.000.000,00",,alta,,"L'importo include € 50.000.000,00 in conto residui (2024) e € 2.075.000.000,00 per gli esercizi 2025-2032. Il CUP E51I04000010007 è associato alla Convenzione approvata dall'art. 1 che disciplina i contributi per la Linea C."
2025 DD MIT 141-2025.pdf,qwen/qwen3.6-35b-a3b,off,141,2025-04-18,Ministero delle infrastrutture e dei trasporti,,attuazione,E51I04000010007,True,definitivo,,1,singolo,7416,1,2027-2028,75000000.0,75000000.0,"€ 75.000.000,00",totale,assegnazione,impegnato,,art. 4,"È autorizzato l’impegno delle risorse di cui al citato art.1, comma 478, della legge 29 dicembre 2022, n.197, sul capitolo 7416 piano gestonale 1 ... per la somma complessiva di € 75.000.000,00",,alta,,"L'importo è ripartito in € 50.000.000,00 per il 2027 e € 25.000.000,00 per il 2028. Il CUP E51I04000010007 è associato alla Convenzione approvata dall'art. 1."
2022 DD MIT 454-2022.pdf,z-ai/glm-4.7-flash,off,,,Ministero delle Infrastrutture e dei Trasporti,Ministero dell'Economia e delle Finanze,impegno,E51I04000010007,True,definitivo,,1,singolo,7426,1,,14000000.0,14000000.0,"€ 14.000.000,00",totale,assegnazione,impegnato,,Articolo 1,"l'impegno di € 14.000.000,00 in conto residui di lettera F, esercizio di provenienza 2021","decreto del Ministro delle infrastrutture e dei trasporti di concerto con il Ministro dell'economia e delle finanze, n. 498 del 14 novembre 2014",alta,,"impegno in conto residui, lettera F, esercizio di provenienza 2021; corrisponde alla quota 2021 (€ 14.000.000,00) della reiscrizione citata nel preambolo"
2022 DD MIT 454-2022.pdf,z-ai/glm-4.7-flash,off,,,Ministero delle Infrastrutture e dei Trasporti,Ministero dell'Economia e delle Finanze,impegno,E51I04000010007,True,definitivo,,1,singolo,7426,1,2022-2025,131000000.0,131000000.0,"€ 131.000.000,00",totale,assegnazione,impegnato,,Articolo 2; [TABELLA pag.3 n.1],"per l'importo complessivo di € 131.000.000,00 a favore di Roma Capitale","decreto del Ministro delle infrastrutture e dei trasporti di concerto con il Ministro dell'economia e delle finanze, n. 498 del 14 novembre 2014",alta,,"impegno complessivo articolato per annualità: 2022 € 35.000.000,00; 2023 € 40.000.000,00; 2024 € 33.500.000,00; 2025 € 22.500.000,00; le ripartizioni annuali non generano record separati (R5)"
2022 DDG 128 del 02-05-22.pdf,z-ai/glm-4.7-flash,off,,,Ministero delle infrastrutture e della mobilità sostenibili,,impegno,H94I19000130004,True,definitivo,,1,singolo,7400,7,2020-2034,97154124.1,97154124.1,"97.154.124,10",totale,assegnazione,impegnato,Totale,"artt. 1-2; Allegato / [TABELLA pag.4 n.1], riga 1","Comune di Padova | H94I19000130004 | 7400/PG 7 | ... | 97.154.124,10",,alta,,"impegno in conto residui (€ 1.000.000,00 es. 2020 + € 2.000.000,00 es. 2021) e in conto competenza 2022-2034; importo totale per annualità"
2022 DDG 128 del 02-05-22.pdf,z-ai/glm-4.7-flash,off,,,Ministero delle infrastrutture e della mobilità sostenibili,,impegno,J80J18000000001,True,definitivo,,1,singolo,7400,7,2020-2034,159466174.12,159466174.12,"159.466.174,12",totale,assegnazione,impegnato,Totale,"artt. 1-2; Allegato / [TABELLA pag.4 n.1], riga 2","Roma Capitale | J80J18000000001 | 7400/PG 7 | ... | 159.466.174,12",,alta,,impegno in conto residui e in conto competenza 2022-2034; importo totale per annualità
2022 DDG 128 del 02-05-22.pdf,z-ai/glm-4.7-flash,off,,,Ministero delle infrastrutture e della mobilità sostenibili,,impegno,C11B21008720001,True,definitivo,,2,aggregato,7400,7,2020-2034,44494493.04,22247246.52,"44.494.493,04",totale,assegnazione,impegnato,Totale,"artt. 1-2; Allegato / [TABELLA pag.4 n.1], riga 3","Comune di Torino | C11B21008720001 D81E20000410007 | 7400/PG 7 | ... | 44.494.493,04",,media,due CUP nella stessa cella per il Comune di Torino; l'atto non ripartisce l'importo tra i due CUP,importo unico per due CUP del Comune di Torino
2022 DDG 128 del 02-05-22.pdf,z-ai/glm-4.7-flash,off,,,Ministero delle infrastrutture e della mobilità sostenibili,,impegno,D81E20000410007,True,definitivo,,2,aggregato,7400,7,2020-2034,44494493.04,22247246.52,"44.494.493,04",totale,assegnazione,impegnato,Totale,"artt. 1-2; Allegato / [TABELLA pag.4 n.1], riga 3","Comune di Torino | C11B21008720001 D81E20000410007 | 7400/PG 7 | ... | 44.494.493,04",,media,due CUP nella stessa cella per il Comune di Torino; l'atto non ripartisce l'importo tra i due CUP,importo unico per due CUP del Comune di Torino
2022 DDG 128 del 02-05-22.pdf,z-ai/glm-4.7-flash,off,,,Ministero delle infrastrutture e della mobilità sostenibili,,impegno,C81B21013200005,True,definitivo,,1,singolo,7400,7,2020-2034,333059208.74,333059208.74,"333.059.208,74",totale,assegnazione,impegnato,Totale,"artt. 1-3; Allegato / [TABELLA pag.4 n.1], riga 4","Comune di Brescia | C81B21013200005 | 7400/PG 7 | ... | 333.059.208,74",,alta,,impegno in conto residui e in conto competenza 2022-2034; importo totale per annualità
2022 DDG 128 del 02-05-22.pdf,z-ai/glm-4.7-flash,off,,,Ministero delle infrastrutture e della mobilità sostenibili,,impegno,C81B21013200005,True,definitivo,,1,singolo,7400,1,2029-2034,26486678.33,26486678.33,"26.486.678,33",totale,assegnazione,impegnato,Totale,"art. 3; Allegato / [TABELLA pag.4 n.1], riga 5","| | 7400/PG 1 | ... | 4.414.446,39 | ... | 26.486.678,33",,alta,,impegno in conto competenza 2029-2034 a favore del Comune di Brescia sul PG 1
2022 DI Mims Mef 97 20.04.2022.pdf,z-ai/glm-4.7-flash,off,,,Ministero delle Infrastrutture e della Mobilità Sostenibili,Ministero dell'Economia e delle Finanze,assegnazione,B39J22001360001,True,definitivo,,1,singolo,7400,8,,398000000.0,398000000.0,"398.000.000,00",totale,assegnazione,assegnato,FINANZIAMENTO AMMESSO,"art. 1, comma 1, lett. a); Allegato 1 / [TABELLA pag.10 n.1], riga 1","SKYMETRO VAL BISAGNO GENOVA | COMUNE DI GENOVA | B39J22001360001 | PFTE | 398.000.000,00 | --- | 398.000.000,00",,alta,,
2022 DI Mims Mef 97 20.04.2022.pdf,z-ai/glm-4.7-flash,off,,,Ministero delle Infrastrutture e della Mobilità Sostenibili,Ministero dell'Economia e delle Finanze,assegnazione,B31F20000030005,True,definitivo,,1,singolo,7400,8,,20860000.0,20860000.0,"20.860.000,00",totale,assegnazione,assegnato,FINANZIAMENTO AMMESSO,"art. 1, comma 1, lett. a); Allegato 1 / [TABELLA pag.10 n.1], riga 2","PROLUNGAMENTO METROPOLITANA DI GENOVA DA BRIN A CANEPARI... | B31F20000030005 | 20.860.000,00 | --- | 20.860.000,00",,alta,,
2022 DI Mims Mef 97 20.04.2022.pdf,z-ai/glm-4.7-flash,off,,,Ministero delle Infrastrutture e della Mobilità Sostenibili,Ministero dell'Economia e delle Finanze,assegnazione,B44D20000040001,True,definitivo,,1,singolo,7400,8,,180000000.0,180000000.0,"180.000.000,00",totale,assegnazione,assegnato,FINANZIAMENTO AMMESSO,"art. 1, comma 1, lett. a); Allegato 1 / [TABELLA pag.10 n.1], riga 3","LINEA METROPOLITANA M1 PROLUNGAMENTO QUARTIERE BAGGIO – OLMI - VALSESIA | B44D20000040001 | 398.000.000,00 | 218.000.000,00 | 180.000.000,00",,alta,,"COSTO INTERVENTO 398.000.000,00; COFIN. DISPONIBILE 218.000.000,00; l'atto assegna 180.000.000,00"
2022 DI Mims Mef 97 20.04.2022.pdf,z-ai/glm-4.7-flash,off,,,Ministero delle Infrastrutture e della Mobilità Sostenibili,Ministero dell'Economia e delle Finanze,assegnazione,B91J21000040001,True,definitivo,,1,singolo,7400,8,,420000000.0,420000000.0,"420.000.000,00",totale,assegnazione,assegnato,FINANZIAMENTO AMMESSO,"art. 1, comma 1, lett. a); Allegato 1 / [TABELLA pag.10 n.1], riga 4","PROLUNGAMENTO LINEA METROPOLITANA M4 DA AEROPORTO LINATE A SEGRATE | B91J21000040001 | 420.000.000,00 | --- | 420.000.000,00",,alta,,
2022 DI Mims Mef 97 20.04.2022.pdf,z-ai/glm-4.7-flash,off,,,Ministero delle Infrastrutture e della Mobilità Sostenibili,Ministero dell'Economia e delle Finanze,assegnazione,B41J21000050006,True,definitivo,,1,singolo,7400,8,,4500000.0,4500000.0,"4.500.000,00",totale,assegnazione,assegnato,FINANZIAMENTO AMMESSO,"art. 1, comma 1, lett. a); Allegato 1 / [TABELLA pag.10 n.1], riga 5","NUOVA LINEA METROPOLITANA M6 RAMO SUD (PFTE) | B41J21000050006 | 4.500.000,00 | --- | 4.500.000,00",,alta,,
2022 DI Mims Mef 97 20.04.2022.pdf,z-ai/glm-4.7-flash,off,,,Ministero delle Infrastrutture e della Mobilità Sostenibili,Ministero dell'Economia e delle Finanze,assegnazione,B41C21000010001,True,definitivo,,1,singolo,7400,8,,5500000.0,5500000.0,"5.500.000,00",totale,assegnazione,assegnato,FINANZIAMENTO AMMESSO,"art. 1, comma 1, lett. a); Allegato 1 / [TABELLA pag.10 n.1], riga 6","PROLUNGAMENTO M3 SAN DONATO M. – ASTA PAULLESE (PFTE) | B41C21000010001 | 5.500.000,00 | --- | 5.500.000,00",,alta,,
2022 DI Mims Mef 97 20.04.2022.pdf,z-ai/glm-4.7-flash,off,,,Ministero delle Infrastrutture e della Mobilità Sostenibili,Ministero dell'Economia e delle Finanze,assegnazione,F41B22000830009,True,definitivo,F41B22000740009,1,singolo,7400,8,,631373163.0,631373163.0,"631.373.163,00",totale,assegnazione,assegnato,FINANZIAMENTO AMMESSO,"art. 1, comma 1, lett. a); Allegato 1 / [TABELLA pag.10 n.1], riga 7","NUOVO COLLEGAMENTO... LOTTO 1°_STRALCIO I | F41B22000740009 (CUP MASTER) | 631.373.163,00 | --- | 631.373.163,00",,media,la cella CUP contiene solo il CUP MASTER; il beneficiario è Comune di Napoli / EAV Srl; non è indicato un CUP distinto per l'intervento,il CUP della riga è marcato CUP MASTER: registrato come cup della riga
2022 DI Mims Mef 97 20.04.2022.pdf,z-ai/glm-4.7-flash,off,,,Ministero delle Infrastrutture e della Mobilità Sostenibili,Ministero dell'Economia e delle Finanze,assegnazione,F41B22000830009,True,definitivo,,1,singolo,7400,8,,163500824.0,163500824.0,"163.500.824,00",totale,assegnazione,assegnato,FINANZIAMENTO AMMESSO,"art. 1, comma 1, lett. a); Allegato 1 / [TABELLA pag.10 n.1], riga 8","NUOVO COLLEGAMENTO... LOTTO 1°_STRALCIO II | F41B22000830009 | 163.500.824,00 | --- | 163.500.824,00",,alta,,
2022 DI Mims Mef 97 20.04.2022.pdf,z-ai/glm-4.7-flash,off,,,Ministero delle Infrastrutture e della Mobilità Sostenibili,Ministero dell'Economia e delle Finanze,assegnazione,E51I04000010007,True,definitivo,,1,singolo,7400,8,,610000000.0,610000000.0,"610.000.000,00",totale,assegnazione,assegnato,FINANZIAMENTO AMMESSO,"art. 1, comma 1, lett. a); Allegato 1 / [TABELLA pag.10 n.1], riga 9","LINEA C... SUB-TRATTA FUNZIONALE DA STAZIONE VENEZIA A STAZIONE FORI IMPERIALI | E51I04000010007 | 755.000.000,00 | 145.000.000,00 | 610.000.000,00",,alta,,"COSTO INTERVENTO 755.000.000,00; COFIN. DISPONIBILE 145.000.000,00; l'atto assegna 610.000.000,00"
2022 DI Mims Mef 97 20.04.2022.pdf,z-ai/glm-4.7-flash,off,,,Ministero delle Infrastrutture e della Mobilità Sostenibili,Ministero dell'Economia e delle Finanze,assegnazione,E51I04000010007,True,definitivo,,1,singolo,7400,8,,990000000.0,990000000.0,"990.000.000,00",totale,assegnazione,assegnato,FINANZIAMENTO AMMESSO,"art. 1, comma 1, lett. a); Allegato 1 / [TABELLA pag.10 n.1], riga 10","LINEA C DELLA METROPOLITANA DI ROMA - TRATTA T2 - LOTTO COSTRUTTIVO | E51I04000010007 | 990.000.000,00 | --- | 990.000.000,00",,alta,,stesso CUP della riga precedente (sub-tratta Venezia-Fori Imperiali): due interventi distinti con importi propri
2022 DI Mims Mef 97 20.04.2022.pdf,z-ai/glm-4.7-flash,off,,,Ministero delle Infrastrutture e della Mobilità Sostenibili,Ministero dell'Economia e delle Finanze,assegnazione,C71F20000020005,True,definitivo,,1,singolo,7400,8,,1000000000.0,1000000000.0,"1.000.000.000,00",totale,assegnazione,assegnato,FINANZIAMENTO AMMESSO,"art. 1, comma 1, lett. a); Allegato 1 / [TABELLA pag.10 n.1], riga 11","METROPOLITANA AUTOMATICA DI TORINO – LINEA 2 – TRATTA “POLITECNICO – REBAUDENGO” | C71F20000020005 | 1.800.000.000,00 | 800.000.000,00 | 1.000.000.000,00",,alta,,"COSTO INTERVENTO 1.800.000.000,00; COFIN. DISPONIBILE 800.000.000,00; l'atto assegna 1.000.000.000,00"
2022 DI Mims Mef 97 20.04.2022.pdf,z-ai/glm-4.7-flash,off,,,Ministero delle Infrastrutture e della Mobilità Sostenibili,Ministero dell'Economia e delle Finanze,assegnazione,J81B21014060001,True,definitivo,,1,singolo,7400,1,,173183831.97,173183831.97,"173.183.831,97",totale,assegnazione,assegnato,FINANZIAMENTO AMMESSO,"art. 1, comma 1, lett. b); Allegato 2 / [TABELLA pag.12 n.1], riga 1","LINEA TRANVIARIA TERMINI - VATICANO - AURELIO | J81B21014060001 | TRANVIA | 293.183.831,97 | 120.000.000,00 | 173.183.831,97",,alta,,"COFIN. DISPONIBILE 120.000.000,00 già riconosciuto con DM 16 novembre 2021, n. 448 (PNRR M2C2-4.2); l'atto assegna l'ulteriore 173.183.831,97"
2022 DI Mims Mef 97 20.04.2022.pdf,z-ai/glm-4.7-flash,off,,,Ministero delle Infrastrutture e della Mobilità Sostenibili,Ministero dell'Economia e delle Finanze,assegnazione,J84E21005150001,True,definitivo,,1,singolo,7400,1,,11284217.84,11284217.84,"11.284.217,84",totale,assegnazione,assegnato,FINANZIAMENTO AMMESSO,"art. 1, comma 1, lett. b); Allegato 2 / [TABELLA pag.12 n.1], riga 2","DEPOSITO DI CENTOCELLE EST | J84E21005150001 | TRANVIA | 11.284.217,84 | --- | 11.284.217,84",,alta,,
2022 DI Mims Mef 97 20.04.2022.pdf,z-ai/glm-4.7-flash,off,,,Ministero delle Infrastrutture e della Mobilità Sostenibili,Ministero dell'Economia e delle Finanze,assegnazione,E31J19000030001,True,definitivo,,1,singolo,7400,1,,26500000.0,26500000.0,"26.500.000,00",totale,assegnazione,assegnato,FINANZIAMENTO AMMESSO,"art. 1, comma 1, lett. b); Allegato 2 / [TABELLA pag.12 n.1], riga 3","SISTEMA DI TRASPORTO RAPIDO DI MASSA... POLO OSPEDALIERO | E31J19000030001 | BUSVIA | 26.500.000,00 | --- | 26.500.000,00",,alta,,
2022 DI Mims Mef 97 20.04.2022.pdf,z-ai/glm-4.7-flash,off,,,Ministero delle Infrastrutture e della Mobilità Sostenibili,Ministero dell'Economia e delle Finanze,assegnazione,F44I19000530001,True,definitivo,,1,singolo,7400,1,,122200000.0,122200000.0,"122.200.000,00",totale,assegnazione,assegnato,FINANZIAMENTO AMMESSO,"art. 1, comma 1, lett. b); Allegato 2 / [TABELLA pag.12 n.1], riga 4","AMPLIAMENTO DEL DEPOSITO GALLARATESE DEI TRENI DELLA LINEA METROPOLITANA 1 | F44I19000530001 | METRO | 122.200.000,00 | --- | 122.200.000,00",,alta,,
2023 DM MIT 342-2023.pdf,z-ai/glm-4.7-flash,off,,,Ministero delle Infrastrutture e dei Trasporti,,rettifica,H49J21005480003,True,definitivo,,1,singolo,7150,3,,47725.0,47725.0,"47.725,00",totale,assegnazione,assegnato,IMPORTO AMMASSO A FINANZIAMENTO CENTRO - NORD - POTENZIAMENTO,"Allegato 1 / [TABELLA pag.4 n.1], riga 5","INTERSCAMBIO SANT'OLCESE TULLO | 47.725,00 | 0,00 | 47.725,00 | H49J21005480003","Decreto del Ministro delle infrastrutture e della mobilità sostenibili del 23 settembre 2021, n. 364",alta,,Unico intervento con CUP della sezione Genova Casella; gli altri interscambi della stessa tratta non riportano CUP.
2023 DM MIT 342-2023.pdf,z-ai/glm-4.7-flash,off,,,Ministero delle Infrastrutture e dei Trasporti,,rettifica,C75B23000000001,True,definitivo,,1,singolo,7150,3,,10543255.0,10543255.0,"10.543.255,00",totale,assegnazione,assegnato,IMPORTO AMMASSO A FINANZIAMENTO CENTRO - NORD - POTENZIAMENTO,"Allegato 1 / [TABELLA pag.4 n.1], riga 9","RINNOVO, POTENZIAMENTO E MESSA IN SICUREZZA ... | 10.543.255,00 | 0,00 | 10.543.255,00 | C75B23000000001","Decreto del Ministro delle infrastrutture e della mobilità sostenibili del 23 settembre 2021, n. 364",alta,,
2023 DM MIT 342-2023.pdf,z-ai/glm-4.7-flash,off,,,Ministero delle Infrastrutture e dei Trasporti,,rettifica,C71G22000090001,True,definitivo,,1,singolo,7150,3,,7000000.0,7000000.0,"7.000.000,00",totale,assegnazione,assegnato,IMPORTO AMMASSO A FINANZIAMENTO CENTRO - NORD - POTENZIAMENTO,"Allegato 1 / [TABELLA pag.4 n.1], riga 11","POTENZIAMENTO DEL SISTEMA DI ALIMENTAZIONE ELETTRICA ... | 7.000.000,00 | 0,00 | 7.000.000,00 | C71G22000090001","Decreto del Ministro delle infrastrutture e della mobilità sostenibili del 23 settembre 2021, n. 364",alta,,
2023 DM MIT 342-2023.pdf,z-ai/glm-4.7-flash,off,,,Ministero delle Infrastrutture e dei Trasporti,,rettifica,E51B21002250001,True,definitivo,,1,singolo,7150,3,,20000000.0,20000000.0,"20.000.000,00",totale,assegnazione,assegnato,IMPORTO AMMASSO A FINANZIAMENTO CENTRO - NORD - POTENZIAMENTO,"Allegato 1 / [TABELLA pag.4 n.1], riga 13","INTERVENTI SULLA RETE PER STABILIZZAZIONE ORARIO ... | 20.000.000,00 | 0,00 | 20.000.000,00 | E51B21002250001","Decreto del Ministro delle infrastrutture e della mobilità sostenibili del 23 settembre 2021, n. 364",alta,,
2023 DM MIT 342-2023.pdf,z-ai/glm-4.7-flash,off,,,Ministero delle Infrastrutture e dei Trasporti,,rettifica,B41E04000210001,True,definitivo,,1,singolo,7150,3,,50000000.0,50000000.0,"50.000.000,00",totale,assegnazione,assegnato,IMPORTO AMMASSO A FINANZIAMENTO SUD,"Allegato 1 / [TABELLA pag.5 n.1], riga 1","LINEA 1 DELLA METROPOLITANA DI NAPOLI – TRATTA CDN –CAPODICHINO ... | 50.000.000,00 | 50.000.000,00 | 100.000.000,00 | 50.000.000,00 | B41E04000210001","Decreto del Ministro delle infrastrutture e della mobilità sostenibili del 23 settembre 2021, n. 364",alta,,"Colonna 'IMPORTO RICHIESTO PER L'INTERVENTO' 50.000.000,00 con cofinanziamento 50.000.000,00; l'importo ammesso a finanziamento è 50.000.000,00."
2023 DM MIT 342-2023.pdf,z-ai/glm-4.7-flash,off,,,Ministero delle Infrastrutture e dei Trasporti,,rettifica,F61B21003640009,True,definitivo,,1,singolo,7150,3,,30000000.0,30000000.0,"30.000.000,00",totale,assegnazione,assegnato,IMPORTO AMMASSO A FINANZIAMENTO SUD,"Allegato 1 / [TABELLA pag.5 n.1], riga 2","NUOVO TELECOMANDO LINEE FLEGREE ... | 30.000.000,00 | 0,00 | 30.000.000,00 | F61B21003640009","Decreto del Ministro delle infrastrutture e della mobilità sostenibili del 23 settembre 2021, n. 364",alta,,
2023 DM MIT 342-2023.pdf,z-ai/glm-4.7-flash,off,,,Ministero delle Infrastrutture e dei Trasporti,,rettifica,G31G22000250001,True,definitivo,,1,singolo,7150,3,,2800000.0,2800000.0,"2.800.000,00",totale,assegnazione,assegnato,IMPORTO AMMASSO A FINANZIAMENTO SUD,"Allegato 1 / [TABELLA pag.5 n.1], riga 3","RIFACIMENTO PENSILINA BARI CENTRALE | 2.800.000,00 | 0,00 | 2.800.000,00 | G31G22000250001","Decreto del Ministro delle infrastrutture e della mobilità sostenibili del 23 settembre 2021, n. 364",alta,,
2023 DM MIT 342-2023.pdf,z-ai/glm-4.7-flash,off,,,Ministero delle Infrastrutture e dei Trasporti,,rettifica,D69D15002090001,True,definitivo,,2,aggregato,7150,3,,50000000.0,25000000.0,"50.000.000,00",totale,assegnazione,assegnato,IMPORTO AMMASSO A FINANZIAMENTO SUD,"Allegato 1 / [TABELLA pag.5 n.1], riga 4","COMPLETAMENTO ELETTRIFICAZIONE DORSALE SALENTO ... | 50.000.000,00 | 130.000.000,00 | 180.000.000,00 | 50.000.000,00 | Lotto 4 - D69D15002090001 Lotto 3 - D49D15001920001","Decreto del Ministro delle infrastrutture e della mobilità sostenibili del 23 settembre 2021, n. 364",alta,,Importo unico per due lotti/CUP (Lotto 4 e Lotto 3); l'atto non ripartisce l'importo tra i due CUP.
2023 DM MIT 342-2023.pdf,z-ai/glm-4.7-flash,off,,,Ministero delle Infrastrutture e dei Trasporti,,rettifica,D49D15001920001,True,definitivo,,2,aggregato,7150,3,,50000000.0,25000000.0,"50.000.000,00",totale,assegnazione,assegnato,IMPORTO AMMASSO A FINANZIAMENTO SUD,"Allegato 1 / [TABELLA pag.5 n.1], riga 4","COMPLETAMENTO ELETTRIFICAZIONE DORSALE SALENTO ... | 50.000.000,00 | 130.000.000,00 | 180.000.000,00 | 50.000.000,00 | Lotto 4 - D69D15002090001 Lotto 3 - D49D15001920001","Decreto del Ministro delle infrastrutture e della mobilità sostenibili del 23 settembre 2021, n. 364",alta,,Importo unico per due lotti/CUP (Lotto 4 e Lotto 3); l'atto non ripartisce l'importo tra i due CUP.
2023 DM MIT 342-2023.pdf,z-ai/glm-4.7-flash,off,,,Ministero delle Infrastrutture e dei Trasporti,,rettifica,G71B18000620005,True,definitivo,,1,singolo,7150,3,,2500000.0,2500000.0,"2.500.000,00",totale,assegnazione,assegnato,IMPORTO AMMASSO A FINANZIAMENTO SUD,"Allegato 1 / [TABELLA pag.5 n.1], riga 5","REALIZZAZIONE PARCHEGGIO DI INTERSCAMBIO NELLA STAZIONE DI ALTAMURA | 2.500.000,00 | 0,00 | 2.500.000,00 | G71B18000620005","Decreto del Ministro delle infrastrutture e della mobilità sostenibili del 23 settembre 2021, n. 364",alta,,
2023 DM MIT 342-2023.pdf,z-ai/glm-4.7-flash,off,,,Ministero delle Infrastrutture e dei Trasporti,,rettifica,F81B21005610001,True,definitivo,,1,singolo,7150,3,,18000000.0,18000000.0,"18.000.000,00",totale,assegnazione,assegnato,IMPORTO AMMASSO A FINANZIAMENTO SUD,"Allegato 1 / [TABELLA pag.6 n.1], riga 1","VARIANTE DI TRACCCIATO, REALIZZAZIONE PUNTI DI INCROCIO ... | 26.400.000,00 | 0,00 | 26.400.000,00 | 18.000.000,00 | F81B21005610001","Decreto del Ministro delle infrastrutture e della mobilità sostenibili del 23 settembre 2021, n. 364",alta,,"Importo richiesto 26.400.000,00; ammesso a finanziamento 18.000.000,00."
2023 DM MIT 342-2023.pdf,z-ai/glm-4.7-flash,off,,,Ministero delle Infrastrutture e dei Trasporti,,rettifica,I61B21003020001,True,definitivo,,1,singolo,7150,3,,9900000.0,9900000.0,"9.900.000,00",totale,assegnazione,assegnato,IMPORTO AMMASSO A FINANZIAMENTO SUD,"Allegato 1 / [TABELLA pag.6 n.1], riga 2","LAVORI DI REALIZZAZIONE DELLA NUOVA STAZIONE FERROVIARIA DI CATANZARO CITTÀ | 9.900.000,00 | 0,00 | 9.900.000,00 | I61B21003020001","Decreto del Ministro delle infrastrutture e della mobilità sostenibili del 23 settembre 2021, n. 364",alta,,
2023 DM MIT 342-2023.pdf,z-ai/glm-4.7-flash,off,,,Ministero delle Infrastrutture e dei Trasporti,,rettifica,I67H21003160001,True,definitivo,,1,singolo,7150,3,,2900000.0,2900000.0,"2.900.000,00",totale,assegnazione,assegnato,IMPORTO AMMASSO A FINANZIAMENTO SUD,"Allegato 1 / [TABELLA pag.6 n.1], riga 3","LAVORI DI MIGLIORAMENTO DELLA FRUIBILITÀ DELLA LINEA FERROVIARIA ... | 2.900.000,00 | 0,00 | 2.900.000,00 | I67H21003160001","Decreto del Ministro delle infrastrutture e della mobilità sostenibili del 23 settembre 2021, n. 364",alta,,
2023 DM MIT 342-2023.pdf,z-ai/glm-4.7-flash,off,,,Ministero delle Infrastrutture e dei Trasporti,,rettifica,B89J21020930005,True,definitivo,,1,singolo,7150,3,,1200000.0,1200000.0,"1.200.000,00",totale,assegnazione,assegnato,IMPORTO AMMASSO A FINANZIAMENTO SUD,"Allegato 1 / [TABELLA pag.6 n.1], riga 4","CREAZIONE POSTO INTERMEDIO LOCALITÀ GUASTACCONCIA ... | 1.200.000,00 | 0,00 | 1.200.000,00 | B89J21020930005","Decreto del Ministro delle infrastrutture e della mobilità sostenibili del 23 settembre 2021, n. 364",alta,,
2023 DM MIT 342-2023.pdf,z-ai/glm-4.7-flash,off,,,Ministero delle Infrastrutture e dei Trasporti,,rettifica,I57H21005640001,True,definitivo,,1,singolo,7150,4,,1512215.0,1512215.0,"1.512.215,00",totale,assegnazione,assegnato,TOTALE SICUREZZA INTERVENTO (€),"Allegato 2 / [TABELLA pag.7 n.1], riga 1","INTERVENTI STRUTTURALI DI RISANAMENTO PONTE IN C.A. AL KM. 14+355 | 1.512.215,00 | 0,00 | 1.512.215,00 | I57H21005640001","Decreto del Ministro delle infrastrutture e della mobilità sostenibili del 23 settembre 2021, n. 364",alta,,"Importo corretto rispetto ai 1.412.215 euro indicati nell'Allegato 3 del DM 364/2021 (errore materiale sanato dal presente decreto, art. 1 premesse)."
2023 DM MIT 342-2023.pdf,z-ai/glm-4.7-flash,off,,,Ministero delle Infrastrutture e dei Trasporti,,rettifica,B19F22013250002,True,definitivo,,1,singolo,7150,4,,2400000.0,2400000.0,"2.400.000,00",totale,assegnazione,assegnato,TOTALE SICUREZZA INTERVENTO (€),"Allegato 2 / [TABELLA pag.7 n.1], riga 2","ELIMINAZIONE DI DUE PASSAGGI A LIVELLO ... | 2.400.000,00 | 0,00 | 2.400.000,00 | B19F22013250002","Decreto del Ministro delle infrastrutture e della mobilità sostenibili del 23 settembre 2021, n. 364",alta,,
2023 DM MIT 342-2023.pdf,z-ai/glm-4.7-flash,off,,,Ministero delle Infrastrutture e dei Trasporti,,rettifica,C89F23000050001,True,definitivo,,1,singolo,7150,4,,600000.0,600000.0,"600.000,00",totale,assegnazione,assegnato,TOTALE SICUREZZA INTERVENTO (€),"Allegato 2 / [TABELLA pag.7 n.1], riga 3","SOPPRESSIONE DI QUATTRO PASSAGGI A LIVELLO PRIVATI ... | 600.000,00 | 0,00 | 600.000,00 | C89F23000050001","Decreto del Ministro delle infrastrutture e della mobilità sostenibili del 23 settembre 2021, n. 364",alta,,
2023 DM MIT 342-2023.pdf,z-ai/glm-4.7-flash,off,,,Ministero delle Infrastrutture e dei Trasporti,,rettifica,C99F23000050001,True,definitivo,,1,singolo,7150,4,,5400000.0,5400000.0,"5.400.000,00",totale,assegnazione,assegnato,TOTALE SICUREZZA INTERVENTO (€),"Allegato 2 / [TABELLA pag.8 n.1], riga 1","LINEA BOLOGNA- PORTOMAGGIORE , SOPPRESSIONE PL IN LOC. CA' DELL'ORBO ... | 5.400.000,00 | 1.600.000,00 | 7.000.000,00 | C99F23000050001","Decreto del Ministro delle infrastrutture e della mobilità sostenibili del 23 settembre 2021, n. 364",alta,,"Importo richiesto 5.400.000,00 con cofinanziamento 1.600.000,00; ammesso a finanziamento 5.400.000,00."
2023 DM MIT 342-2023.pdf,z-ai/glm-4.7-flash,off,,,Ministero delle Infrastrutture e dei Trasporti,,rettifica,C56G21008730001,True,definitivo,,1,singolo,7150,4,,3400000.0,3400000.0,"3.400.000,00",totale,assegnazione,assegnato,TOTALE SICUREZZA INTERVENTO (€),"Allegato 2 / [TABELLA pag.8 n.1], riga 2","UPGRADE CON IMPIANTI MULTI‐ACC | 3.400.000,00 | 0,00 | 3.400.000,00 | C56G21008730001","Decreto del Ministro delle infrastrutture e della mobilità sostenibili del 23 settembre 2021, n. 364",alta,,
2023 DM MIT 342-2023.pdf,z-ai/glm-4.7-flash,off,,,Ministero delle Infrastrutture e dei Trasporti,,rettifica,F41B21005790009,True,definitivo,,1,singolo,7150,4,,30000000.0,30000000.0,30.000.000,totale,assegnazione,assegnato,TOTALE SICUREZZA INTERVENTO (€),"Allegato 2 / [TABELLA pag.9 n.1], riga 1",SOPPRESSIONE PP.LL. RETE FERROVIARIA EAV | 30.000.000 | 0 | 30.000.000 | F41B21005790009,"Decreto del Ministro delle infrastrutture e della mobilità sostenibili del 23 settembre 2021, n. 364",alta,,
2023 DM MIT 342-2023.pdf,z-ai/glm-4.7-flash,off,,,Ministero delle Infrastrutture e dei Trasporti,,rettifica,G31G22000260001,True,definitivo,,1,singolo,7150,4,,7200000.0,7200000.0,7.200.000,totale,assegnazione,assegnato,TOTALE SICUREZZA INTERVENTO (€),"Allegato 2 / [TABELLA pag.9 n.1], riga 2",RADDOPPIO TRA BARI SANT'ANDREA E MODUGNO | 7.200.000 | 0 | 7.200.000 | G31G22000260001,"Decreto del Ministro delle infrastrutture e della mobilità sostenibili del 23 settembre 2021, n. 364",alta,,
2023 DM MIT 342-2023.pdf,z-ai/glm-4.7-flash,off,,,Ministero delle Infrastrutture e dei Trasporti,,rettifica,G11B18000550005,True,definitivo,,1,singolo,7150,4,,3500000.0,3500000.0,"3.500.000,00",totale,assegnazione,assegnato,TOTALE SICUREZZA INTERVENTO (€),"Allegato 2 / [TABELLA pag.10 n.1], riga 1","Interventi sui piazzali di Matera Serra Rifusa ... | 3.500.000,00 | 0 | 3.500.000 | G11B18000550005","Decreto del Ministro delle infrastrutture e della mobilità sostenibili del 23 settembre 2021, n. 364",alta,,
2023 DM MIT 342-2023.pdf,z-ai/glm-4.7-flash,off,,,Ministero delle Infrastrutture e dei Trasporti,,rettifica,B81B21003770005,True,definitivo,,1,singolo,7150,4,,1750000.0,1750000.0,"1.750.000,00",totale,assegnazione,assegnato,TOTALE SICUREZZA INTERVENTO (€),"Allegato 2 / [TABELLA pag.10 n.1], riga 2","TESATURA DEI CONDUTTORI IN RAME ... | 1.750.000,00 | 0 | 1.750.000 | B81B21003770005","Decreto del Ministro delle infrastrutture e della mobilità sostenibili del 23 settembre 2021, n. 364",alta,,
2025 DD MIT 141-2025.pdf,z-ai/glm-4.7-flash,off,,2025-04-18,Ministero delle infrastrutture e dei trasporti,,attuazione,E51I04000010007,True,definitivo,,1,singolo,7419,2,2024-2032,2125000000.0,2125000000.0,"€ 2.125.000.000,00",totale,assegnazione,impegnato,,art. 3; [TABELLA pag.5 n.1],"È autorizzato l'impegno delle risorse ... sul capitolo 7419, piano gestionale 2 ... per la somma complessiva di € 2.125.000.000,00",,media,Il CUP E51I04000010007 è associato nel preambolo alla Convenzione complessiva; l'art. 3 non ripete il CUP ma dispone l'impegno per gli interventi della Convenzione (Linea C).,"di cui € 50.000.000,00 in conto residui (esercizio di provenienza 2024) e € 2.075.000.000,00 per gli esercizi 2025-2032; ripartizione annuale in [TABELLA pag.5 n.1] non registrata come record separato (R5)"
2025 DD MIT 141-2025.pdf,z-ai/glm-4.7-flash,off,,2025-04-18,Ministero delle infrastrutture e dei trasporti,,attuazione,E51I04000010007,True,definitivo,,1,singolo,7416,1,2027-2028,75000000.0,75000000.0,"€ 75.000.000,00",totale,assegnazione,impegnato,,art. 4,"È autorizzato l'impegno delle risorse ... sul capitolo 7416 piano gestonale 1 ... per la somma complessiva di € 75.000.000,00",,media,"Il CUP non è ripetuto nell'art. 4; l'impegno riguarda le risorse dell'art. 1, comma 478, legge 197/2022 per gli interventi della Convenzione (Linea C).","di cui € 50.000.000,00 per l'esercizio 2027 e € 25.000.000,00 per l'esercizio 2028; 'piano gestonale 1' nel testo (refuso per 'piano gestionale 1')"
