decree_file,model_slug,thinking,numero_decreto,data_decreto,ministero_1,ministero_2,natura_atto,cup,cup_valido,cup_tipo,cup_master,n_cup,attribuzione_importo,capitolo,piano_gestionale,annualita,importo_eur,importo_quota_eur,importo_originale,livello_importo,tipo_azione,stato_importo,colonna_fonte,riferimento_fonte,passaggio_testuale,atto_riferito,confidenza,ambiguita,note
2022 DD MIT 454-2022.pdf,deepseek/deepseek-v4-flash,off,,,Ministero delle infrastrutture e dei trasporti,,impegno,E51I04000010007,True,definitivo,,1,singolo,7426,1,2021,14000000.0,14000000.0,"€ 14.000.000,00",totale,assegnazione,impegnato,,Articolo 1,"è autorizzato, per il corrente esercizio finanziario, a favore di Roma Capitale per l’intervento ""Tratta Colosseo - Piazza Venezia della Linea C della metropolitana di Roma” CUP E51I04000010007, l’impegno di € 14.000.000,00 in conto residui di lettera F, esercizio di provenienza 2021.",DM MIT-MEF n. 498 del 14 novembre 2014,alta,,"Impegno di 14 milioni per l'anno 2021, in conto residui, come da articolo 1."
2022 DD MIT 454-2022.pdf,deepseek/deepseek-v4-flash,off,,,Ministero delle infrastrutture e dei trasporti,,impegno,E51I04000010007,True,definitivo,,1,singolo,7426,1,,131000000.0,131000000.0,"€ 131.000.000,00",totale,assegnazione,impegnato,Totale,"Articolo 2; [TABELLA pag.3 n.1], riga 5","per l’importo complessivo di € 131.000.000,00 a favore di Roma Capitale, per l’intervento ""Tratta Colosseo - Piazza Venezia della Linea C della metropolitana di Roma” CUP E51I04000010007, come di seguito riportato: Anno Importo 2022 35.000.000,00 € 2023 40.000.000,00 € 2024 33.500.000,00 € 2025 22.500.000,00 € Totale 131.000.000,00 €",DM MIT-MEF n. 498 del 14 novembre 2014,alta,,"Importo complessivo autorizzato per gli anni 2022-2025, come da articolo 2 e tabella."
2022 DD MIT 454-2022.pdf,deepseek/deepseek-v4-flash,off,,,Ministero delle infrastrutture e dei trasporti,,impegno,E51I04000010007,True,definitivo,,1,singolo,7426,1,2022,35000000.0,35000000.0,"35.000.000,00 €",quota,assegnazione,impegnato,Importo,"Articolo 2; [TABELLA pag.3 n.1], riga 1","2022 | 35.000.000,00 €",DM MIT-MEF n. 498 del 14 novembre 2014,alta,,"Quota annuale 2022 dell'impegno complessivo di 131.000.000,00 €."
2022 DD MIT 454-2022.pdf,deepseek/deepseek-v4-flash,off,,,Ministero delle infrastrutture e dei trasporti,,impegno,E51I04000010007,True,definitivo,,1,singolo,7426,1,2023,40000000.0,40000000.0,"40.000.000,00 €",quota,assegnazione,impegnato,Importo,"Articolo 2; [TABELLA pag.3 n.1], riga 2","2023 | 40.000.000,00 €",DM MIT-MEF n. 498 del 14 novembre 2014,alta,,"Quota annuale 2023 dell'impegno complessivo di 131.000.000,00 €."
2022 DD MIT 454-2022.pdf,deepseek/deepseek-v4-flash,off,,,Ministero delle infrastrutture e dei trasporti,,impegno,E51I04000010007,True,definitivo,,1,singolo,7426,1,2024,33500000.0,33500000.0,"33.500.000,00 €",quota,assegnazione,impegnato,Importo,"Articolo 2; [TABELLA pag.3 n.1], riga 3","2024 | 33.500.000,00 €",DM MIT-MEF n. 498 del 14 novembre 2014,alta,,"Quota annuale 2024 dell'impegno complessivo di 131.000.000,00 €."
2022 DD MIT 454-2022.pdf,deepseek/deepseek-v4-flash,off,,,Ministero delle infrastrutture e dei trasporti,,impegno,E51I04000010007,True,definitivo,,1,singolo,7426,1,2025,22500000.0,22500000.0,"22.500.000,00 €",quota,assegnazione,impegnato,Importo,"Articolo 2; [TABELLA pag.3 n.1], riga 4","2025 | 22.500.000,00 €",DM MIT-MEF n. 498 del 14 novembre 2014,alta,,"Quota annuale 2025 dell'impegno complessivo di 131.000.000,00 €."
2022 DDG 128 del 02-05-22.pdf,deepseek/deepseek-v4-flash,off,,,Ministero delle infrastrutture e della mobilità sostenibili,,impegno,H94I19000130004,True,definitivo,,1,singolo,7400,7,,97154124.1,97154124.1,"97.154.124,10",totale,assegnazione,impegnato,Totale,"Allegato parte integrante / [TABELLA pag.4 n.1], riga 2","Comune di Padova | H94I19000130004 | 7400/PG 7 | ... | 97.154.124,10",,alta,,
2022 DDG 128 del 02-05-22.pdf,deepseek/deepseek-v4-flash,off,,,Ministero delle infrastrutture e della mobilità sostenibili,,impegno,J80J18000000001,True,definitivo,,1,singolo,7400,7,,159466174.12,159466174.12,"159.466.174,12",totale,assegnazione,impegnato,Totale,"Allegato parte integrante / [TABELLA pag.4 n.1], riga 3","Roma Capitale | J80J18000000001 | 7400/PG 7 | ... | 159.466.174,12",,alta,,
2022 DDG 128 del 02-05-22.pdf,deepseek/deepseek-v4-flash,off,,,Ministero delle infrastrutture e della mobilità sostenibili,,impegno,C11B21008720001,True,definitivo,,2,aggregato,7400,7,,44494493.04,22247246.52,"44.494.493,04",totale,assegnazione,impegnato,Totale,"Allegato parte integrante / [TABELLA pag.4 n.1], riga 4","Comune di Torino | C11B21008720001 D81E20000410007 | 7400/PG 7 | ... | 44.494.493,04",,alta,,Importo unico per due CUP; l'atto non ripartisce l'importo tra i CUP.
2022 DDG 128 del 02-05-22.pdf,deepseek/deepseek-v4-flash,off,,,Ministero delle infrastrutture e della mobilità sostenibili,,impegno,D81E20000410007,True,definitivo,,2,aggregato,7400,7,,44494493.04,22247246.52,"44.494.493,04",totale,assegnazione,impegnato,Totale,"Allegato parte integrante / [TABELLA pag.4 n.1], riga 4","Comune di Torino | C11B21008720001 D81E20000410007 | 7400/PG 7 | ... | 44.494.493,04",,alta,,Importo unico per due CUP; l'atto non ripartisce l'importo tra i CUP.
2022 DDG 128 del 02-05-22.pdf,deepseek/deepseek-v4-flash,off,,,Ministero delle infrastrutture e della mobilità sostenibili,,impegno,C81B21013200005,True,definitivo,,1,singolo,7400,7,,333059208.74,333059208.74,"333.059.208,74",totale,assegnazione,impegnato,Totale,"Allegato parte integrante / [TABELLA pag.4 n.1], riga 5","Comune di Brescia | C81B21013200005 | 7400/PG 7 | ... | 333.059.208,74",,alta,,
2022 DDG 128 del 02-05-22.pdf,deepseek/deepseek-v4-flash,off,,,Ministero delle infrastrutture e della mobilità sostenibili,,impegno,C81B21013200005,True,definitivo,,1,singolo,7400,1,,26486678.33,26486678.33,"26.486.678,33",totale,assegnazione,impegnato,Totale,"Allegato parte integrante / [TABELLA pag.4 n.1], riga 6","| | 7400/PG 1 | ... | 26.486.678,33",,media,"La riga 6 della tabella non riporta esplicitamente il beneficiario e il CUP, ma la riga precedente (riga 5) indica Comune di Brescia e CUP C81B21013200005; l'articolo 3 specifica che l'importo è a favore del Comune di Brescia. Si assume che il CUP sia lo stesso.","Importo impegnato con l'articolo 3, sul capitolo 7400 PG 1."
2022 DI Mims Mef 97 20.04.2022.pdf,deepseek/deepseek-v4-flash,off,,,Ministero delle Infrastrutture e della Mobilità Sostenibili,Ministero dell'Economia e delle Finanze,assegnazione,B39J22001360001,True,definitivo,,1,singolo,7400,8,,398000000.0,398000000.0,"398.000.000,00",totale,assegnazione,assegnato,FINANZIAMENTO AMMESSO,"art. 1, comma 1, lett. a); Allegato 1 / [TABELLA pag.10 n.1], riga 1","SKYMETRO VAL BISAGNO GENOVA | B39J22001360001 | ... | 398.000.000,00 | --- | 398.000.000,00",,alta,,"Risorse di cui all'art. 1, comma 1, lett. a) - cap. 7400 pg 8 e pg 1."
2022 DI Mims Mef 97 20.04.2022.pdf,deepseek/deepseek-v4-flash,off,,,Ministero delle Infrastrutture e della Mobilità Sostenibili,Ministero dell'Economia e delle Finanze,assegnazione,B31F20000030005,True,definitivo,,1,singolo,7400,8,,20860000.0,20860000.0,"20.860.000,00",totale,assegnazione,assegnato,FINANZIAMENTO AMMESSO,"art. 1, comma 1, lett. a); Allegato 1 / [TABELLA pag.10 n.1], riga 2","PROLUNGAMENTO METROPOLITANA DI GENOVA DA BRIN A CANEPARI... | B31F20000030005 | ... | 20.860.000,00 | --- | 20.860.000,00",,alta,,"Risorse di cui all'art. 1, comma 1, lett. a) - cap. 7400 pg 8 e pg 1."
2022 DI Mims Mef 97 20.04.2022.pdf,deepseek/deepseek-v4-flash,off,,,Ministero delle Infrastrutture e della Mobilità Sostenibili,Ministero dell'Economia e delle Finanze,assegnazione,B44D20000040001,True,definitivo,,1,singolo,7400,8,,180000000.0,180000000.0,"180.000.000,00",totale,assegnazione,assegnato,FINANZIAMENTO AMMESSO,"art. 1, comma 1, lett. a); Allegato 1 / [TABELLA pag.10 n.1], riga 3","LINEA METROPOLITANA M1 PROLUNGAMENTO QUARTIERE BAGGIO – OLMI - VALSESIA | B44D20000040001 | ... | 398.000.000,00 | 218.000.000,00 | 180.000.000,00",,alta,,"Risorse di cui all'art. 1, comma 1, lett. a) - cap. 7400 pg 8 e pg 1. Cofinanziamento disponibile 218.000.000,00 non assegnato dal presente decreto."
2022 DI Mims Mef 97 20.04.2022.pdf,deepseek/deepseek-v4-flash,off,,,Ministero delle Infrastrutture e della Mobilità Sostenibili,Ministero dell'Economia e delle Finanze,assegnazione,B91J21000040001,True,definitivo,,1,singolo,7400,8,,420000000.0,420000000.0,"420.000.000,00",totale,assegnazione,assegnato,FINANZIAMENTO AMMESSO,"art. 1, comma 1, lett. a); Allegato 1 / [TABELLA pag.10 n.1], riga 4","PROLUNGAMENTO LINEA METROPOLITANA M4 DA AEROPORTO LINATE A SEGRATE | B91J21000040001 | ... | 420.000.000,00 | --- | 420.000.000,00",,alta,,"Risorse di cui all'art. 1, comma 1, lett. a) - cap. 7400 pg 8 e pg 1."
2022 DI Mims Mef 97 20.04.2022.pdf,deepseek/deepseek-v4-flash,off,,,Ministero delle Infrastrutture e della Mobilità Sostenibili,Ministero dell'Economia e delle Finanze,assegnazione,B41J21000050006,True,definitivo,,1,singolo,7400,8,,4500000.0,4500000.0,"4.500.000,00",totale,assegnazione,assegnato,FINANZIAMENTO AMMESSO,"art. 1, comma 1, lett. a); Allegato 1 / [TABELLA pag.10 n.1], riga 5","NUOVA LINEA METROPOLITANA M6 RAMO SUD (PFTE) | B41J21000050006 | ... | 4.500.000,00 | --- | 4.500.000,00",,alta,,"Risorse di cui all'art. 1, comma 1, lett. a) - cap. 7400 pg 8 e pg 1."
2022 DI Mims Mef 97 20.04.2022.pdf,deepseek/deepseek-v4-flash,off,,,Ministero delle Infrastrutture e della Mobilità Sostenibili,Ministero dell'Economia e delle Finanze,assegnazione,B41C21000010001,True,definitivo,,1,singolo,7400,8,,5500000.0,5500000.0,"5.500.000,00",totale,assegnazione,assegnato,FINANZIAMENTO AMMESSO,"art. 1, comma 1, lett. a); Allegato 1 / [TABELLA pag.10 n.1], riga 6","PROLUNGAMENTO M3 SAN DONATO M. – ASTA PAULLESE (PFTE) | B41C21000010001 | ... | 5.500.000,00 | --- | 5.500.000,00",,alta,,"Risorse di cui all'art. 1, comma 1, lett. a) - cap. 7400 pg 8 e pg 1."
2022 DI Mims Mef 97 20.04.2022.pdf,deepseek/deepseek-v4-flash,off,,,Ministero delle Infrastrutture e della Mobilità Sostenibili,Ministero dell'Economia e delle Finanze,assegnazione,F41B22000740009,True,definitivo,,1,singolo,7400,8,,631373163.0,631373163.0,"631.373.163,00",totale,assegnazione,assegnato,FINANZIAMENTO AMMESSO,"art. 1, comma 1, lett. a); Allegato 1 / [TABELLA pag.10 n.1], riga 7","NUOVO COLLEGAMENTO IN SEDE PROPRIA TRA LA STAZIONE AV DI AFRAGOLA E LA RETE METROPOLITANA DI NAPOLI. LOTTO 1°_STRALCIO I | F41B22000740009 (CUP MASTER) | ... | 631.373.163,00 | --- | 631.373.163,00",,alta,"La cella CUP riporta l'indicazione '(CUP MASTER)' accanto al codice; non è chiaro se il CUP indicato sia il master o il CUP dell'intervento. Si è trattato come CUP dell'intervento, come da regola R2.","Risorse di cui all'art. 1, comma 1, lett. a) - cap. 7400 pg 8 e pg 1. Il CUP è indicato come 'CUP MASTER' nella tabella, ma non è presente un altro CUP per l'intervento."
2022 DI Mims Mef 97 20.04.2022.pdf,deepseek/deepseek-v4-flash,off,,,Ministero delle Infrastrutture e della Mobilità Sostenibili,Ministero dell'Economia e delle Finanze,assegnazione,F41B22000830009,True,definitivo,,1,singolo,7400,8,,163500824.0,163500824.0,"163.500.824,00",totale,assegnazione,assegnato,FINANZIAMENTO AMMESSO,"art. 1, comma 1, lett. a); Allegato 1 / [TABELLA pag.10 n.1], riga 8","NUOVO COLLEGAMENTO IN SEDE PROPRIA TRA LA STAZIONE AV DI AFRAGOLA E LA RETE METROPOLITANA DI NAPOLI. LOTTO 1°_STRALCIO II | F41B22000830009 | ... | 163.500.824,00 | --- | 163.500.824,00",,alta,,"Risorse di cui all'art. 1, comma 1, lett. a) - cap. 7400 pg 8 e pg 1."
2022 DI Mims Mef 97 20.04.2022.pdf,deepseek/deepseek-v4-flash,off,,,Ministero delle Infrastrutture e della Mobilità Sostenibili,Ministero dell'Economia e delle Finanze,assegnazione,E51I04000010007,True,definitivo,,1,singolo,7400,8,,610000000.0,610000000.0,"610.000.000,00",totale,assegnazione,assegnato,FINANZIAMENTO AMMESSO,"art. 1, comma 1, lett. a); Allegato 1 / [TABELLA pag.10 n.1], riga 9","LINEA C DELLA METROPOLITANA DI ROMA - SUB-TRATTA FUNZIONALE DA STAZIONE VENEZIA A STAZIONE FORI IMPERIALI | E51I04000010007 | ... | 755.000.000,00 | 145.000.000,00 | 610.000.000,00",,alta,,"Risorse di cui all'art. 1, comma 1, lett. a) - cap. 7400 pg 8 e pg 1. Cofinanziamento disponibile 145.000.000,00 non assegnato dal presente decreto."
2022 DI Mims Mef 97 20.04.2022.pdf,deepseek/deepseek-v4-flash,off,,,Ministero delle Infrastrutture e della Mobilità Sostenibili,Ministero dell'Economia e delle Finanze,assegnazione,E51I04000010007,True,definitivo,,1,singolo,7400,8,,990000000.0,990000000.0,"990.000.000,00",totale,assegnazione,assegnato,FINANZIAMENTO AMMESSO,"art. 1, comma 1, lett. a); Allegato 1 / [TABELLA pag.10 n.1], riga 10","LINEA C DELLA METROPOLITANA DI ROMA - TRATTA T2 - LOTTO COSTRUTTIVO | E51I04000010007 | ... | 990.000.000,00 | --- | 990.000.000,00",,alta,,"Risorse di cui all'art. 1, comma 1, lett. a) - cap. 7400 pg 8 e pg 1. Stesso CUP della riga precedente ma intervento diverso (lotto costruttivo)."
2022 DI Mims Mef 97 20.04.2022.pdf,deepseek/deepseek-v4-flash,off,,,Ministero delle Infrastrutture e della Mobilità Sostenibili,Ministero dell'Economia e delle Finanze,assegnazione,C71F20000020005,True,definitivo,,1,singolo,7400,8,,1000000000.0,1000000000.0,"1.000.000.000,00",totale,assegnazione,assegnato,FINANZIAMENTO AMMESSO,"art. 1, comma 1, lett. a); Allegato 1 / [TABELLA pag.10 n.1], riga 11","METROPOLITANA AUTOMATICA DI TORINO – LINEA 2 – TRATTA “POLITECNICO – REBAUDENGO” | C71F20000020005 | ... | 1.800.000.000,00 | 800.000.000,00 | 1.000.000.000,00",,alta,,"Risorse di cui all'art. 1, comma 1, lett. a) - cap. 7400 pg 8 e pg 1. Cofinanziamento disponibile 800.000.000,00 non assegnato dal presente decreto."
2022 DI Mims Mef 97 20.04.2022.pdf,deepseek/deepseek-v4-flash,off,,,Ministero delle Infrastrutture e della Mobilità Sostenibili,Ministero dell'Economia e delle Finanze,assegnazione,J81B21014060001,True,definitivo,,1,singolo,7400,1,,173183831.97,173183831.97,"173.183.831,97",totale,assegnazione,assegnato,FINANZIAMENTO AMMESSO,"art. 1, comma 1, lett. b); Allegato 2 / [TABELLA pag.12 n.1], riga 1","LINEA TRANVIARIA TERMINI - VATICANO - AURELIO | J81B21014060001 | TRANVIA | 293.183.831,97 | 120.000.000,00 | 173.183.831,97",,alta,,"Risorse residue di cui all'art. 1, comma 1, lett. b) - cap. 7400 pg 1. Cofinanziamento disponibile 120.000.000,00 non assegnato dal presente decreto."
2022 DI Mims Mef 97 20.04.2022.pdf,deepseek/deepseek-v4-flash,off,,,Ministero delle Infrastrutture e della Mobilità Sostenibili,Ministero dell'Economia e delle Finanze,assegnazione,J84E21005150001,True,definitivo,,1,singolo,7400,1,,11284217.84,11284217.84,"11.284.217,84",totale,assegnazione,assegnato,FINANZIAMENTO AMMESSO,"art. 1, comma 1, lett. b); Allegato 2 / [TABELLA pag.12 n.1], riga 2","DEPOSITO DI CENTOCELLE EST | J84E21005150001 | TRANVIA | 11.284.217,84 | --- | 11.284.217,84",,alta,,"Risorse residue di cui all'art. 1, comma 1, lett. b) - cap. 7400 pg 1."
2022 DI Mims Mef 97 20.04.2022.pdf,deepseek/deepseek-v4-flash,off,,,Ministero delle Infrastrutture e della Mobilità Sostenibili,Ministero dell'Economia e delle Finanze,assegnazione,E31J19000030001,True,definitivo,,1,singolo,7400,1,,26500000.0,26500000.0,"26.500.000,00",totale,assegnazione,assegnato,FINANZIAMENTO AMMESSO,"art. 1, comma 1, lett. b); Allegato 2 / [TABELLA pag.12 n.1], riga 3","SISTEMA DI TRASPORTO RAPIDO DI MASSA PER IL COLLEGAMENTO TRA LA STAZIONE FERROVIARIA DI PIACENZA ED IL NUOVO POLO OSPEDALIERO | E31J19000030001 | BUSVIA | 26.500.000,00 | --- | 26.500.000,00",,alta,,"Risorse residue di cui all'art. 1, comma 1, lett. b) - cap. 7400 pg 1."
2022 DI Mims Mef 97 20.04.2022.pdf,deepseek/deepseek-v4-flash,off,,,Ministero delle Infrastrutture e della Mobilità Sostenibili,Ministero dell'Economia e delle Finanze,assegnazione,F44I19000530001,True,definitivo,,1,singolo,7400,1,,122200000.0,122200000.0,"122.200.000,00",totale,assegnazione,assegnato,FINANZIAMENTO AMMESSO,"art. 1, comma 1, lett. b); Allegato 2 / [TABELLA pag.12 n.1], riga 4","AMPLIAMENTO DEL DEPOSITO GALLARATESE DEI TRENI DELLA LINEA METROPOLITANA 1 | F44I19000530001 | METRO | 122.200.000,00 | --- | 122.200.000,00",,alta,,"Risorse residue di cui all'art. 1, comma 1, lett. b) - cap. 7400 pg 1."
2022 DI Mims Mef 97 20.04.2022.pdf,deepseek/deepseek-v4-flash,off,,,Ministero delle Infrastrutture e della Mobilità Sostenibili,Ministero dell'Economia e delle Finanze,assegnazione,C11J22000000001,True,definitivo,,1,singolo,,,,221721410.41,221721410.41,"221.721.410,41",totale,assegnazione,ammesso,FINANZIAMENTO AMMESSO,"art. 2, comma 1; Allegato 3 / [TABELLA pag.13 n.1], riga 1","PROLUNGAMENTO LINEA TRANVIARIA 12 ALL'ALLIANZ STADIUM E RECUPERO TRINCEA FERROVIA TORINO-CERES | C11J22000000001 | TRANVIA | 221.721.410,41 | --- | 221.721.410,41",,alta,,Intervento ammesso a finanziamento ma non ripartito (Allegato 3).
2022 DI Mims Mef 97 20.04.2022.pdf,deepseek/deepseek-v4-flash,off,,,Ministero delle Infrastrutture e della Mobilità Sostenibili,Ministero dell'Economia e delle Finanze,assegnazione,F47C19000370001,True,definitivo,,4,aggregato,,,,20900000.02,5225000.005,"20.900.000,02",totale,assegnazione,ammesso,FINANZIAMENTO AMMESSO,"art. 2, comma 1; Allegato 3 / [TABELLA pag.13 n.1], riga 2","METROPOLITANA LINEA M3: INTERVENTI DI ADEGUAMENTO ANTINCENDIO AI SENSI DEL DM 21.10.2015 | F47C19000370001 F47D17000140005 F47C19000380001 F47C19000390001 | METRO | 25.000.000,02 | 4.100.000,00 | 20.900.000,02",,alta,,"Importo unico per quattro CUP; l'atto non ripartisce. Cofinanziamento disponibile 4.100.000,00 non assegnato dal presente decreto."
2022 DI Mims Mef 97 20.04.2022.pdf,deepseek/deepseek-v4-flash,off,,,Ministero delle Infrastrutture e della Mobilità Sostenibili,Ministero dell'Economia e delle Finanze,assegnazione,F47D17000140005,True,definitivo,,4,aggregato,,,,20900000.02,5225000.005,"20.900.000,02",totale,assegnazione,ammesso,FINANZIAMENTO AMMESSO,"art. 2, comma 1; Allegato 3 / [TABELLA pag.13 n.1], riga 2","METROPOLITANA LINEA M3: INTERVENTI DI ADEGUAMENTO ANTINCENDIO AI SENSI DEL DM 21.10.2015 | F47C19000370001 F47D17000140005 F47C19000380001 F47C19000390001 | METRO | 25.000.000,02 | 4.100.000,00 | 20.900.000,02",,alta,,"Importo unico per quattro CUP; l'atto non ripartisce. Cofinanziamento disponibile 4.100.000,00 non assegnato dal presente decreto."
2022 DI Mims Mef 97 20.04.2022.pdf,deepseek/deepseek-v4-flash,off,,,Ministero delle Infrastrutture e della Mobilità Sostenibili,Ministero dell'Economia e delle Finanze,assegnazione,F47C19000380001,True,definitivo,,4,aggregato,,,,20900000.02,5225000.005,"20.900.000,02",totale,assegnazione,ammesso,FINANZIAMENTO AMMESSO,"art. 2, comma 1; Allegato 3 / [TABELLA pag.13 n.1], riga 2","METROPOLITANA LINEA M3: INTERVENTI DI ADEGUAMENTO ANTINCENDIO AI SENSI DEL DM 21.10.2015 | F47C19000370001 F47D17000140005 F47C19000380001 F47C19000390001 | METRO | 25.000.000,02 | 4.100.000,00 | 20.900.000,02",,alta,,"Importo unico per quattro CUP; l'atto non ripartisce. Cofinanziamento disponibile 4.100.000,00 non assegnato dal presente decreto."
2022 DI Mims Mef 97 20.04.2022.pdf,deepseek/deepseek-v4-flash,off,,,Ministero delle Infrastrutture e della Mobilità Sostenibili,Ministero dell'Economia e delle Finanze,assegnazione,F47C19000390001,True,definitivo,,4,aggregato,,,,20900000.02,5225000.005,"20.900.000,02",totale,assegnazione,ammesso,FINANZIAMENTO AMMESSO,"art. 2, comma 1; Allegato 3 / [TABELLA pag.13 n.1], riga 2","METROPOLITANA LINEA M3: INTERVENTI DI ADEGUAMENTO ANTINCENDIO AI SENSI DEL DM 21.10.2015 | F47C19000370001 F47D17000140005 F47C19000380001 F47C19000390001 | METRO | 25.000.000,02 | 4.100.000,00 | 20.900.000,02",,alta,,"Importo unico per quattro CUP; l'atto non ripartisce. Cofinanziamento disponibile 4.100.000,00 non assegnato dal presente decreto."
2022 DI Mims Mef 97 20.04.2022.pdf,deepseek/deepseek-v4-flash,off,,,Ministero delle Infrastrutture e della Mobilità Sostenibili,Ministero dell'Economia e delle Finanze,assegnazione,F47C19000350001,True,definitivo,,2,aggregato,,,,45000000.07,22500000.035,"45.000.000,07",totale,assegnazione,ammesso,FINANZIAMENTO AMMESSO,"art. 2, comma 1; Allegato 3 / [TABELLA pag.13 n.1], riga 3","METROPOLITANA LINEE M1 + M2 - INTERVENTI DI ADEGUAMENTO ANTINCENDI AI SENSI DEL DM 21.10.2015 FASE 2 | F47C19000350001 O F47C19000360001 | METRO | 45.000.000,07 | --- | 45.000.000,07",,alta,"La tabella riporta 'O' tra i due CUP, che potrebbe indicare una disgiunzione o un errore di battitura; si è interpretato come elenco di CUP associati all'intervento.",Importo unico per due CUP; l'atto non ripartisce.
2022 DI Mims Mef 97 20.04.2022.pdf,deepseek/deepseek-v4-flash,off,,,Ministero delle Infrastrutture e della Mobilità Sostenibili,Ministero dell'Economia e delle Finanze,assegnazione,F47C19000360001,True,definitivo,,2,aggregato,,,,45000000.07,22500000.035,"45.000.000,07",totale,assegnazione,ammesso,FINANZIAMENTO AMMESSO,"art. 2, comma 1; Allegato 3 / [TABELLA pag.13 n.1], riga 3","METROPOLITANA LINEE M1 + M2 - INTERVENTI DI ADEGUAMENTO ANTINCENDI AI SENSI DEL DM 21.10.2015 FASE 2 | F47C19000350001 O F47C19000360001 | METRO | 45.000.000,07 | --- | 45.000.000,07",,alta,"La tabella riporta 'O' tra i due CUP, che potrebbe indicare una disgiunzione o un errore di battitura; si è interpretato come elenco di CUP associati all'intervento.",Importo unico per due CUP; l'atto non ripartisce.
2022 DI Mims Mef 97 20.04.2022.pdf,deepseek/deepseek-v4-flash,off,,,Ministero delle Infrastrutture e della Mobilità Sostenibili,Ministero dell'Economia e delle Finanze,assegnazione,B34J18000220001,True,definitivo,,2,aggregato,,,,74516124.63,37258062.315,"74.516.124,63",totale,assegnazione,ammesso,FINANZIAMENTO AMMESSO,"art. 2, comma 1; Allegato 3 / [TABELLA pag.13 n.1], riga 4","LINEA METROPOLITANA: PROLUNGAMENTO A RIVAROLO E COMPLETAMENTO DELLA STAZIONE DI MARTINEZ / TERRALBA | B34J18000220001 B34J18000230001 | METRO | 74.516.124,63 | --- | 74.516.124,63",,alta,,Importo unico per due CUP; l'atto non ripartisce.
2022 DI Mims Mef 97 20.04.2022.pdf,deepseek/deepseek-v4-flash,off,,,Ministero delle Infrastrutture e della Mobilità Sostenibili,Ministero dell'Economia e delle Finanze,assegnazione,B34J18000230001,True,definitivo,,2,aggregato,,,,74516124.63,37258062.315,"74.516.124,63",totale,assegnazione,ammesso,FINANZIAMENTO AMMESSO,"art. 2, comma 1; Allegato 3 / [TABELLA pag.13 n.1], riga 4","LINEA METROPOLITANA: PROLUNGAMENTO A RIVAROLO E COMPLETAMENTO DELLA STAZIONE DI MARTINEZ / TERRALBA | B34J18000220001 B34J18000230001 | METRO | 74.516.124,63 | --- | 74.516.124,63",,alta,,Importo unico per due CUP; l'atto non ripartisce.
2023 DM MIT 342-2023.pdf,deepseek/deepseek-v4-flash,off,,,Ministero delle infrastrutture e dei trasporti,,rettifica,,False,,,0,singolo,7150,4,2033,217585.0,217585.0,217.585 euro,totale,assegnazione,assegnato,Allegato 3 - SICUREZZA (Cap. 7150 Pg. n.4),"art. 1; Allegato 3 / [TABELLA pag.11 n.1], riga 2033","assegna, per l’annualità 2033, alla Regione Veneto risorse pari a 217.585 euro, in luogo dei precedenti 117.585 euro","decreto del Ministro delle infrastrutture e della mobilità sostenibili del 23 settembre 2021, n. 364",alta,,Rettifica per errore materiale: valore originario 117.585 euro. CUP non indicato nell'Allegato 3.
2023 DM MIT 342-2023.pdf,deepseek/deepseek-v4-flash,off,,,Ministero delle infrastrutture e dei trasporti,,rettifica,,False,,,0,singolo,7150,4,2033,690994.0,690994.0,690.994 euro,totale,assegnazione,assegnato,Allegato 3 - SICUREZZA (Cap. 7150 Pg. n.4),"art. 1; Allegato 3 / [TABELLA pag.11 n.1], riga 2033","alla Regione Emilia Romagna risorse pari a 690.994 euro, in luogo dei precedenti 790.994 euro","decreto del Ministro delle infrastrutture e della mobilità sostenibili del 23 settembre 2021, n. 364",alta,,Rettifica per errore materiale: valore originario 790.994 euro. CUP non indicato nell'Allegato 3.
2023 DM MIT 342-2023.pdf,deepseek/deepseek-v4-flash,off,,,Ministero delle infrastrutture e dei trasporti,,rettifica,,False,,,0,singolo,7150,4,2032,125266.0,125266.0,125.266 euro,totale,assegnazione,assegnato,Allegato 3 - SICUREZZA (Cap. 7150 Pg. n.4),"art. 1; Allegato 3 / [TABELLA pag.11 n.1], riga 2032","per l’annualità 2032, assegna alla Regione Veneto risorse pari a 125.266 euro, in luogo dei precedenti 125.268 euro","decreto del Ministro delle infrastrutture e della mobilità sostenibili del 23 settembre 2021, n. 364",alta,,Rettifica per errore materiale: valore originario 125.268 euro. CUP non indicato nell'Allegato 3.
2023 DM MIT 342-2023.pdf,deepseek/deepseek-v4-flash,off,,,Ministero delle infrastrutture e dei trasporti,,rettifica,,False,,,0,singolo,7150,4,2032,842682.0,842682.0,842.682 euro,totale,assegnazione,assegnato,Allegato 3 - SICUREZZA (Cap. 7150 Pg. n.4),"art. 1; Allegato 3 / [TABELLA pag.11 n.1], riga 2032","alla Regione Emilia Romagna risorse pari a 842.682 euro, in luogo dei precedenti 842.680 euro","decreto del Ministro delle infrastrutture e della mobilità sostenibili del 23 settembre 2021, n. 364",alta,,Rettifica per errore materiale: valore originario 842.680 euro. CUP non indicato nell'Allegato 3.
2023 DM MIT 342-2023.pdf,deepseek/deepseek-v4-flash,off,,,Ministero delle infrastrutture e dei trasporti,,rettifica,H49J21005480003,True,definitivo,,1,singolo,7150,3,,44275.0,44275.0,"44.275,00",totale,assegnazione,assegnato,IMPORTO AMMASSO A FINANZIAMENTO CENTRO - NORD - POTENZIAMENTO (euro),"Allegato 1 / [TABELLA pag.4 n.1], riga 1","44.275,00 | 0,00 | 44.275,00 | 44.275,00",,alta,,Intervento: INTERSCAMBIO CASELLA - ALTERNATIVA INTERVENTO 1. STAZIONE DI CASELLA REALIZZAZIONE DI PARCHEGGIO INTERSCAMBIO PER BICICLETTE
2023 DM MIT 342-2023.pdf,deepseek/deepseek-v4-flash,off,,,Ministero delle infrastrutture e dei trasporti,,rettifica,,False,,,0,singolo,7150,3,,6325.0,6325.0,"6.325,00",totale,assegnazione,assegnato,IMPORTO AMMASSO A FINANZIAMENTO CENTRO - NORD - POTENZIAMENTO (euro),"Allegato 1 / [TABELLA pag.4 n.1], riga 2","6.325,00 | 0,00 | 6.325,00 | 6.325,00",,alta,,Intervento: INTERSCAMBIO GENOVA MANIN - STAZIONE DI GENOVA REALIZZAZIONE DI PARCHEGGIO INTERSCAMBIO PER BICICLETTE E PUNTO DI RICARICA AUTO ELETTRICA. CUP non indicato nella riga.
2023 DM MIT 342-2023.pdf,deepseek/deepseek-v4-flash,off,,,Ministero delle infrastrutture e dei trasporti,,rettifica,,False,,,0,singolo,7150,3,,86250.0,86250.0,"86.250,00",totale,assegnazione,assegnato,IMPORTO AMMASSO A FINANZIAMENTO CENTRO - NORD - POTENZIAMENTO (euro),"Allegato 1 / [TABELLA pag.4 n.1], riga 3","86.250,00 | 0,00 | 86.250,00 | 86.250,00",,alta,,Intervento: INTERSCAMBIO CAMPI - STAZIONE DI CAMPI REALIZZAZIONE DI PARCHEGGIO INTERSCAMBIO PER AUTO E BICICLETTE SISTEMAZIONE AREA. CUP non indicato nella riga.
2023 DM MIT 342-2023.pdf,deepseek/deepseek-v4-flash,off,,,Ministero delle infrastrutture e dei trasporti,,rettifica,,False,,,0,singolo,7150,3,,25875.0,25875.0,"25.875,00",totale,assegnazione,assegnato,IMPORTO AMMASSO A FINANZIAMENTO CENTRO - NORD - POTENZIAMENTO (euro),"Allegato 1 / [TABELLA pag.4 n.1], riga 4","25.875,00 | 0,00 | 25.875,00 | 25.875,00",,alta,,Intervento: INTERSCAMBIO BUSALLETTA - STAZIONE DI BUSALLETTA REALIZZAZIONE DI PARCHEGGIO INTERSCAMBIO PER AUTO E BICICLETTE SISTEMAZIONE AREA. CUP non indicato nella riga.
2023 DM MIT 342-2023.pdf,deepseek/deepseek-v4-flash,off,,,Ministero delle infrastrutture e dei trasporti,,rettifica,H49J21005480003,True,definitivo,,1,singolo,7150,3,,47725.0,47725.0,"47.725,00",totale,assegnazione,assegnato,IMPORTO AMMASSO A FINANZIAMENTO CENTRO - NORD - POTENZIAMENTO (euro),"Allegato 1 / [TABELLA pag.4 n.1], riga 5","47.725,00 | 0,00 | 47.725,00 | 47.725,00",,alta,,Intervento: INTERSCAMBIO SANT'OLCESE TULLO - STAZIONE DI SANT'OLCESE TULLO REALIZZAZIONE DI PARCHEGGIO INTERSCAMBIO PER AUTO E BICICLETTE SISTEMAZIONE AREA
2023 DM MIT 342-2023.pdf,deepseek/deepseek-v4-flash,off,,,Ministero delle infrastrutture e dei trasporti,,rettifica,,False,,,0,singolo,7150,3,,7475.0,7475.0,"7.475,00",totale,assegnazione,assegnato,IMPORTO AMMASSO A FINANZIAMENTO CENTRO - NORD - POTENZIAMENTO (euro),"Allegato 1 / [TABELLA pag.4 n.1], riga 6","7.475,00 | 0,00 | 7.475,00 | 7.475,00",,alta,,Intervento: INTERSCAMBIO VICOMORASSO - STAZIONE DI VICOMORASSO REALIZZAZIONE DI PARCHEGGIO INTERSCAMBIO PER BICICLETTE. CUP non indicato nella riga.
2023 DM MIT 342-2023.pdf,deepseek/deepseek-v4-flash,off,,,Ministero delle infrastrutture e dei trasporti,,rettifica,,False,,,0,singolo,7150,3,,25300.0,25300.0,"25.300,00",totale,assegnazione,assegnato,IMPORTO AMMASSO A FINANZIAMENTO CENTRO - NORD - POTENZIAMENTO (euro),"Allegato 1 / [TABELLA pag.4 n.1], riga 7","25.300,00 | 0,00 | 25.300,00 | 25.300,00",,alta,,Intervento: INTERSCAMBIO TORRAZZA - STAZIONE DI TORRAZZA REALIZZAZIONE DI PARCHEGGIO INTERSCAMBIO PER BICICLETTE. CUP non indicato nella riga.
2023 DM MIT 342-2023.pdf,deepseek/deepseek-v4-flash,off,,,Ministero delle infrastrutture e dei trasporti,,rettifica,,False,,,0,singolo,7150,3,,9200.0,9200.0,"9.200,00",totale,assegnazione,assegnato,IMPORTO AMMASSO A FINANZIAMENTO CENTRO - NORD - POTENZIAMENTO (euro),"Allegato 1 / [TABELLA pag.4 n.1], riga 8","9.200,00 | 0,00 | 9.200,00 | 9.200,00",,alta,,Intervento: INTERSCAMBIO SANT'OLCESE CHIESA - STAZIONE DI TORRAZZA REALIZZAZIONE DI PARCHEGGIO INTERSCAMBIO PER BICICLETTE. CUP non indicato nella riga.
2023 DM MIT 342-2023.pdf,deepseek/deepseek-v4-flash,off,,,Ministero delle infrastrutture e dei trasporti,,rettifica,,False,,,0,singolo,7150,3,,4025.0,4025.0,"4.025,00",totale,assegnazione,assegnato,IMPORTO AMMASSO A FINANZIAMENTO CENTRO - NORD - POTENZIAMENTO (euro),"Allegato 1 / [TABELLA pag.4 n.1], riga 9","4.025,00 | 0,00 | 4.025,00 | 4.025,00",,alta,,Intervento: INTERSCAMBIO CANOVA - STAZIONE DI TORRAZZA REALIZZAZIONE DI PARCHEGGIO INTERSCAMBIO PER BICICLETTE. CUP non indicato nella riga.
2023 DM MIT 342-2023.pdf,deepseek/deepseek-v4-flash,off,,,Ministero delle infrastrutture e dei trasporti,,rettifica,C75B23000000001,True,definitivo,,1,singolo,7150,3,,10543255.0,10543255.0,"10.543.255,00",totale,assegnazione,assegnato,IMPORTO AMMASSO A FINANZIAMENTO CENTRO - NORD - POTENZIAMENTO (euro),"Allegato 1 / [TABELLA pag.4 n.1], riga 10","10.543.255,00 | 0,00 | 10.543.255,00 | 10.543.255,00",,alta,,"Intervento: RINNOVO, POTENZIAMENTO E MESSA IN SICUREZZA DELLE TRATTE PIÙ AMMALORATE DELLA LINEA DI CONTATTO DELLA FERROVIA ROMA – VITERBO NELLA TRATTA CATALANO – VITERBO"
2023 DM MIT 342-2023.pdf,deepseek/deepseek-v4-flash,off,,,Ministero delle infrastrutture e dei trasporti,,rettifica,C71G22000090001,True,definitivo,,1,singolo,7150,3,,7000000.0,7000000.0,"7.000.000,00",totale,assegnazione,assegnato,IMPORTO AMMASSO A FINANZIAMENTO CENTRO - NORD - POTENZIAMENTO (euro),"Allegato 1 / [TABELLA pag.4 n.1], riga 11","7.000.000,00 | 0,00 | 7.000.000,00 | 7.000.000,00",,alta,,Intervento: POTENZIAMENTO DEL SISTEMA DI ALIMENTAZIONE ELETTRICA DELLA LINEA ROMA-VITERBO (SSE E DOTE)
2023 DM MIT 342-2023.pdf,deepseek/deepseek-v4-flash,off,,,Ministero delle infrastrutture e dei trasporti,,rettifica,E51B21002250001,True,definitivo,,1,singolo,7150,3,,20000000.0,20000000.0,"20.000.000,00",totale,assegnazione,assegnato,IMPORTO AMMASSO A FINANZIAMENTO CENTRO - NORD - POTENZIAMENTO (euro),"Allegato 1 / [TABELLA pag.4 n.1], riga 12","20.000.000,00 | 0,00 | 20.000.000,00 | 20.000.000,00",,alta,,Intervento: INTERVENTI SULLA RETE PER STABILIZZAZIONE ORARIO: RADDOPPIO SELETTIVO VARESE - LAVENO E SISTEMAZIONI INCROCI (GEMONIO E CITTIGLIO)
2023 DM MIT 342-2023.pdf,deepseek/deepseek-v4-flash,off,,,Ministero delle infrastrutture e dei trasporti,,rettifica,B41E04000210001,True,definitivo,,1,singolo,7150,3,,50000000.0,50000000.0,"50.000.000,00",totale,assegnazione,assegnato,IMPORTO AMMASSO A FINANZIAMENTO SUD - POTENZIAMENTO (euro),"Allegato 1 / [TABELLA pag.5 n.1], riga 1","50.000.000,00 | 50.000.000,00 | 100.000.000,00 | 50.000.000,00",,alta,,Intervento: LINEA 1 DELLA METROPOLITANA DI NAPOLI – TRATTA CDN –CAPODICHINO. OPERE COMPLEMENTARI PER L’IMPERMEABILIZZAZIONE DELLA ADIACENTE GALLERIA CIRCUMVESUVIANA COMPLETAMENTO
2023 DM MIT 342-2023.pdf,deepseek/deepseek-v4-flash,off,,,Ministero delle infrastrutture e dei trasporti,,rettifica,F61B21003640009,True,definitivo,,1,singolo,7150,3,,30000000.0,30000000.0,"30.000.000,00",totale,assegnazione,assegnato,IMPORTO AMMASSO A FINANZIAMENTO SUD - POTENZIAMENTO (euro),"Allegato 1 / [TABELLA pag.5 n.1], riga 2","30.000.000,00 | 0,00 | 30.000.000,00 | 30.000.000,00",,alta,,Intervento: NUOVO TELECOMANDO LINEE FLEGREE CON FORNITURA IN OPERA DI TRE SOTTOSTAZIONI ELETTRICHE ED ADEGUAMENTO TE GALLERIE
2023 DM MIT 342-2023.pdf,deepseek/deepseek-v4-flash,off,,,Ministero delle infrastrutture e dei trasporti,,rettifica,G31G22000250001,True,definitivo,,1,singolo,7150,3,,2800000.0,2800000.0,"2.800.000,00",totale,assegnazione,assegnato,IMPORTO AMMASSO A FINANZIAMENTO SUD - POTENZIAMENTO (euro),"Allegato 1 / [TABELLA pag.5 n.1], riga 3","2.800.000,00 | 0,00 | 2.800.000,00 | 2.800.000,00",,alta,,Intervento: RIFACIMENTO PENSILINA BARI CENTRALE
2023 DM MIT 342-2023.pdf,deepseek/deepseek-v4-flash,off,,,Ministero delle infrastrutture e dei trasporti,,rettifica,D69D15002090001,True,definitivo,,2,aggregato,7150,3,,50000000.0,25000000.0,"50.000.000,00",totale,assegnazione,assegnato,IMPORTO AMMASSO A FINANZIAMENTO SUD - POTENZIAMENTO (euro),"Allegato 1 / [TABELLA pag.5 n.1], riga 4","50.000.000,00 | 130.000.000,00 | 180.000.000,00 | 50.000.000,00",,alta,,"Intervento: COMPLETAMENTO ELETTRIFICAZIONE DORSALE SALENTO (TRATTA MAGLIE- OTRANTO E ZOLLINO- GAGLIANO). Importo unico per due lotti/CUP: Lotto 4 - D69D15002090001, Lotto 3 - D49D15001920001. L'atto non ripartisce l'importo tra i due CUP."
2023 DM MIT 342-2023.pdf,deepseek/deepseek-v4-flash,off,,,Ministero delle infrastrutture e dei trasporti,,rettifica,D49D15001920001,True,definitivo,,2,aggregato,7150,3,,50000000.0,25000000.0,"50.000.000,00",totale,assegnazione,assegnato,IMPORTO AMMASSO A FINANZIAMENTO SUD - POTENZIAMENTO (euro),"Allegato 1 / [TABELLA pag.5 n.1], riga 4","50.000.000,00 | 130.000.000,00 | 180.000.000,00 | 50.000.000,00",,alta,,"Intervento: COMPLETAMENTO ELETTRIFICAZIONE DORSALE SALENTO (TRATTA MAGLIE- OTRANTO E ZOLLINO- GAGLIANO). Importo unico per due lotti/CUP: Lotto 4 - D69D15002090001, Lotto 3 - D49D15001920001. L'atto non ripartisce l'importo tra i due CUP."
2023 DM MIT 342-2023.pdf,deepseek/deepseek-v4-flash,off,,,Ministero delle infrastrutture e dei trasporti,,rettifica,G71B18000620005,True,definitivo,,1,singolo,7150,3,,2500000.0,2500000.0,"2.500.000,00",totale,assegnazione,assegnato,IMPORTO AMMASSO A FINANZIAMENTO SUD - POTENZIAMENTO (euro),"Allegato 1 / [TABELLA pag.5 n.1], riga 5","2.500.000,00 | 0,00 | 2.500.000,00 | 2.500.000,00",,alta,,Intervento: REALIZZAZIONE PARCHEGGIO DI INTERSCAMBIO NELLA STAZIONE DI ALTAMURA
2023 DM MIT 342-2023.pdf,deepseek/deepseek-v4-flash,off,,,Ministero delle infrastrutture e dei trasporti,,rettifica,F81B21005610001,True,definitivo,,1,singolo,7150,3,,18000000.0,18000000.0,"18.000.000,00",totale,assegnazione,assegnato,IMPORTO AMMASSO A FINANZIAMENTO SUD - POTENZIAMENTO (euro),"Allegato 1 / [TABELLA pag.6 n.1], riga 1","26.400.000,00 | 0,00 | 26.400.000,00 | 18.000.000,00",,alta,,"Intervento: VARIANTE DI TRACCCIATO, REALIZZAZIONE PUNTI DI INCROCIO E RADDOPPIO TRATTA MONSERRATO SETTIMO/SAN PIETRO. L'importo ammesso a finanziamento è 18.000.000,00, diverso dall'importo richiesto (26.400.000,00)."
2023 DM MIT 342-2023.pdf,deepseek/deepseek-v4-flash,off,,,Ministero delle infrastrutture e dei trasporti,,rettifica,I61B21003020001,True,definitivo,,1,singolo,7150,3,,9900000.0,9900000.0,"9.900.000,00",totale,assegnazione,assegnato,IMPORTO AMMASSO A FINANZIAMENTO SUD - POTENZIAMENTO (euro),"Allegato 1 / [TABELLA pag.6 n.1], riga 2","9.900.000,00 | 0,00 | 9.900.000,00 | 9.900.000,00",,alta,,Intervento: LAVORI DI REALIZZAZIONE DELLA NUOVA STAZIONE FERROVIARIA DI CATANZARO CITTÀ
2023 DM MIT 342-2023.pdf,deepseek/deepseek-v4-flash,off,,,Ministero delle infrastrutture e dei trasporti,,rettifica,I67H21003160001,True,definitivo,,1,singolo,7150,3,,2900000.0,2900000.0,"2.900.000,00",totale,assegnazione,assegnato,IMPORTO AMMASSO A FINANZIAMENTO SUD - POTENZIAMENTO (euro),"Allegato 1 / [TABELLA pag.6 n.1], riga 3","2.900.000,00 | 0,00 | 2.900.000,00 | 2.900.000,00",,alta,,Intervento: LAVORI DI MIGLIORAMENTO DELLA FRUIBILITÀ DELLA LINEA FERROVIARIA SULLA TRATTA CATANZARO CITTÀ - CATANZARO - CATANZARO LIDO -GERMANETO
2023 DM MIT 342-2023.pdf,deepseek/deepseek-v4-flash,off,,,Ministero delle infrastrutture e dei trasporti,,rettifica,B89J21020930005,True,definitivo,,1,singolo,7150,3,,1200000.0,1200000.0,"1.200.000,00",totale,assegnazione,assegnato,IMPORTO AMMASSO A FINANZIAMENTO SUD - POTENZIAMENTO (euro),"Allegato 1 / [TABELLA pag.6 n.1], riga 4","1.200.000,00 | 0,00 | 1.200.000,00 | 1.200.000,00",,alta,,Intervento: CREAZIONE POSTO INTERMEDIO LOCALITÀ GUASTACCONCIA NELLA TRATTA FOSSACESIA- SALETTI
2023 DM MIT 342-2023.pdf,deepseek/deepseek-v4-flash,off,,,Ministero delle infrastrutture e dei trasporti,,rettifica,I57H21005640001,True,definitivo,,1,singolo,7150,4,,1512215.0,1512215.0,"1.512.215,00",totale,assegnazione,assegnato,SICUREZZA (€),"Allegato 2 / [TABELLA pag.7 n.1], riga 1","1.512.215,00 | 0,00 | 1.512.215,00 | 1.512.215,00",,alta,,Intervento: INTERVENTI STRUTTURALI DI RISANAMENTO PONTE IN C.A. AL KM. 14+355
2023 DM MIT 342-2023.pdf,deepseek/deepseek-v4-flash,off,,,Ministero delle infrastrutture e dei trasporti,,rettifica,B19F22013250002,True,definitivo,,1,singolo,7150,4,,2400000.0,2400000.0,"2.400.000,00",totale,assegnazione,assegnato,SICUREZZA (€),"Allegato 2 / [TABELLA pag.7 n.1], riga 2","2.400.000,00 | 0,00 | 2.400.000,00 | 2.400.000,00",,alta,,Intervento: ELIMINAZIONE DI DUE PASSAGGI A LIVELLO DI TIPO AUTOMATICO UBICATI NELLA STAZIONE DI GIOVI DELLA FERROVIA AREZZO - SINALUNGA
2023 DM MIT 342-2023.pdf,deepseek/deepseek-v4-flash,off,,,Ministero delle infrastrutture e dei trasporti,,rettifica,C89F23000050001,True,definitivo,,1,singolo,7150,4,,600000.0,600000.0,"600.000,00",totale,assegnazione,assegnato,SICUREZZA (€),"Allegato 2 / [TABELLA pag.7 n.1], riga 3","600.000,00 | 0,00 | 600.000,00 | 600.000,00",,alta,,Intervento: SOPPRESSIONE DI QUATTRO PASSAGGI A LIVELLO PRIVATI (PLP 39 – PLP 40 – PLP 41 – PLP 42) SULLA TRATTA DELLA LINEA FERROVIARIA PARMA – SUZZARA IN COMUNE DI BRESCELLO (RE)
2023 DM MIT 342-2023.pdf,deepseek/deepseek-v4-flash,off,,,Ministero delle infrastrutture e dei trasporti,,rettifica,C99F23000050001,True,definitivo,,1,singolo,7150,4,,5400000.0,5400000.0,"5.400.000,00",totale,assegnazione,assegnato,SICUREZZA (€),"Allegato 2 / [TABELLA pag.8 n.1], riga 1","5.400.000,00 | 1.600.000,00 | 7.000.000,00 | 5.400.000,00",,alta,,"Intervento: LINEA BOLOGNA- PORTOMAGGIORE , SOPPRESSIONE PL IN LOC. CA’ DELL'ORBO A SEGUITO RIALZO LINEA"
2023 DM MIT 342-2023.pdf,deepseek/deepseek-v4-flash,off,,,Ministero delle infrastrutture e dei trasporti,,rettifica,C56G21008730001,True,definitivo,,1,singolo,7150,4,,3400000.0,3400000.0,"3.400.000,00",totale,assegnazione,assegnato,SICUREZZA (€),"Allegato 2 / [TABELLA pag.8 n.1], riga 2","3.400.000,00 | 0,00 | 3.400.000,00 | 3.400.000,00",,alta,,Intervento: UPGRADE CON IMPIANTI MULTI‐ ACC
2023 DM MIT 342-2023.pdf,deepseek/deepseek-v4-flash,off,,,Ministero delle infrastrutture e dei trasporti,,rettifica,F41B21005790009,True,definitivo,,1,singolo,7150,4,,30000000.0,30000000.0,30.000.000,totale,assegnazione,assegnato,SICUREZZA (€),"Allegato 2 / [TABELLA pag.9 n.1], riga 1","30.000.000 | € 0,00 | 30.000.000 | 30.000.000",,alta,,Intervento: SOPPRESSIONE PP.LL. RETE FERROVIARIA EAV
2023 DM MIT 342-2023.pdf,deepseek/deepseek-v4-flash,off,,,Ministero delle infrastrutture e dei trasporti,,rettifica,G31G22000260001,True,definitivo,,1,singolo,7150,4,,7200000.0,7200000.0,7.200.000,totale,assegnazione,assegnato,SICUREZZA (€),"Allegato 2 / [TABELLA pag.9 n.1], riga 2",7.200.000 | 0 | 7.200.000 | 7.200.000,,alta,,Intervento: RADDOPPIO TRA BARI SANT’ANDREA E MODUGNO
2023 DM MIT 342-2023.pdf,deepseek/deepseek-v4-flash,off,,,Ministero delle infrastrutture e dei trasporti,,rettifica,G11B18000550005,True,definitivo,,1,singolo,7150,4,,3500000.0,3500000.0,3.500.000,totale,assegnazione,assegnato,SICUREZZA (€),"Allegato 2 / [TABELLA pag.10 n.1], riga 1","3.500.000,00 | 0 | 3.500.000 | 3.500.000",,alta,,Intervento: Interventi sui piazzali di Matera Serra Rifusa e di Matera Villa Longo tra le progressive km 71+425 e km 72+046 della linea Bari ‐ Matera ‐ Lotto “RIPRISTINO DELLA FUNZIONALITÀ DELL'OFFICINA FERROVIARIA A SERRA RIFUSA”
2023 DM MIT 342-2023.pdf,deepseek/deepseek-v4-flash,off,,,Ministero delle infrastrutture e dei trasporti,,rettifica,B81B21003770005,True,definitivo,,1,singolo,7150,4,,1750000.0,1750000.0,1.750.000,totale,assegnazione,assegnato,SICUREZZA (€),"Allegato 2 / [TABELLA pag.10 n.1], riga 2","1.750.000,00 € | 0 | 1.750.000 | 1.750.000",,alta,,Intervento: TESATURA DEI CONDUTTORI IN RAME DELL’IMPIANTO TE DELLA TRATTA FOSSACESIA ‐ ARCHI E REALIZZAZIONE DELLA PALIFICATA DI SOSTEGNO SUL PONTE FIUME SANGRO
2025 DD MIT 141-2025.pdf,deepseek/deepseek-v4-flash,off,141,2025-04-18,Ministero delle Infrastrutture e dei Trasporti,,assegnazione,E51I04000010007,True,definitivo,,1,singolo,,,,3945000000.0,3945000000.0,"€ 3.945.000.000,00",totale,assegnazione,assegnato,,art. 2,"Il contributo oggetto della Convenzione di cui all’art. 1 è pari a complessivi € 3.945.000.000,00",,alta,,"Contributo complessivo della Convenzione approvata con l'art. 1, riferito all'intervento Linea C della Metropolitana di Roma (CUP E51I04000010007)."
2025 DD MIT 141-2025.pdf,deepseek/deepseek-v4-flash,off,141,2025-04-18,Ministero delle Infrastrutture e dei Trasporti,,assegnazione,E51I04000010007,True,definitivo,,1,singolo,7426,1,,145000000.0,145000000.0,"€ 145.000.000,00",quota,assegnazione,assegnato,,"art. 2, primo trattino","per € 145.000.000,00 nelle risorse stanziate dall’articolo 3, comma 1, del decreto-legge 12 settembre 2014, n. 133 ... impegnate con decreto dirigenziale n. 454 del 22 dicembre 2022 sul pertinente capitolo di bilancio n. 7426-piano di gestione 1",decreto dirigenziale n. 454 del 22 dicembre 2022,alta,,Quota del contributo complessivo coperta da risorse già impegnate sul capitolo 7426/PG1.
2025 DD MIT 141-2025.pdf,deepseek/deepseek-v4-flash,off,141,2025-04-18,Ministero delle Infrastrutture e dei Trasporti,,assegnazione,E51I04000010007,True,definitivo,,1,singolo,7400,1,,113733987.0,113733987.0,"€ 113.733.987,00",quota,assegnazione,assegnato,,"art. 2, secondo trattino","per € 1.600.000.000,00 nelle risorse stanziate dall’articolo 1, comma 393, della legge 30 dicembre 2021, n. 234, ed impegnate con decreto direttoriale n. 419 del 6 dicembre 2022 sul capitolo di bilancio n. 7400 (piano gestionale 1: € 113.733.987,00 dal 2022 al 2035",decreto direttoriale n. 419 del 6 dicembre 2022,alta,,Quota del contributo complessivo coperta da risorse già impegnate sul capitolo 7400/PG1.
2025 DD MIT 141-2025.pdf,deepseek/deepseek-v4-flash,off,141,2025-04-18,Ministero delle Infrastrutture e dei Trasporti,,assegnazione,E51I04000010007,True,definitivo,,1,singolo,7400,8,,1486266013.0,1486266013.0,"€ 1.486.266.013,00",quota,assegnazione,assegnato,,"art. 2, secondo trattino","piano gestionale 8: € 1.486.266.013,00 dal 2022 al 2036",decreto direttoriale n. 419 del 6 dicembre 2022,alta,,Quota del contributo complessivo coperta da risorse già impegnate sul capitolo 7400/PG8.
2025 DD MIT 141-2025.pdf,deepseek/deepseek-v4-flash,off,141,2025-04-18,Ministero delle Infrastrutture e dei Trasporti,,assegnazione,E51I04000010007,True,definitivo,,1,singolo,7419,2,,2200000000.0,2200000000.0,"€ 2.200.000.000,00",quota,assegnazione,assegnato,,"art. 2, terzo trattino","per € 2.200.000.000,00 nelle risorse stanziate dall’articolo 1, comma 478, dalla legge 29 dicembre 2022, n.197, sul capitolo n. 7419-piano gestionale 2-per gli esercizi finanziari dal 2023 al 2032.","legge 29 dicembre 2022, n. 197, articolo 1, comma 478",alta,,"Quota del contributo complessivo coperta da risorse stanziate dalla legge 197/2022, art. 1, comma 478, sul capitolo 7419/PG2."
2025 DD MIT 141-2025.pdf,deepseek/deepseek-v4-flash,off,141,2025-04-18,Ministero delle Infrastrutture e dei Trasporti,,assegnazione,E51I04000010007,True,definitivo,,1,singolo,7419,2,,2125000000.0,2125000000.0,"€ 2.125.000.000,00",totale,assegnazione,impegnato,,art. 3,"È autorizzato l’impegno delle risorse di cui al citato articolo 1, comma 478, della legge 29 dicembre 2022, n. 197, sul capitolo 7419, piano gestionale 2 ... per la somma complessiva di € 2.125.000.000,00","legge 29 dicembre 2022, n. 197, articolo 1, comma 478",alta,,"Impegno autorizzato dall'art. 3, con dettaglio annuale nella tabella successiva."
2025 DD MIT 141-2025.pdf,deepseek/deepseek-v4-flash,off,141,2025-04-18,Ministero delle Infrastrutture e dei Trasporti,,assegnazione,E51I04000010007,True,definitivo,,1,singolo,7419,2,2024,50000000.0,50000000.0,"€ 50.000.000,00",quota,assegnazione,impegnato,2024,"art. 3; [TABELLA pag.5 n.1], riga 1","2024 | € 50.000.000,00",,alta,,"Quota annuale dell'impegno autorizzato dall'art. 3, in conto residui esercizio 2024."
2025 DD MIT 141-2025.pdf,deepseek/deepseek-v4-flash,off,141,2025-04-18,Ministero delle Infrastrutture e dei Trasporti,,assegnazione,E51I04000010007,True,definitivo,,1,singolo,7419,2,2025,25000000.0,25000000.0,"€ 25.000.000,00",quota,assegnazione,impegnato,2025,"art. 3; [TABELLA pag.5 n.1], riga 2","2025 | € 25.000.000,00",,alta,,Quota annuale dell'impegno autorizzato dall'art. 3.
2025 DD MIT 141-2025.pdf,deepseek/deepseek-v4-flash,off,141,2025-04-18,Ministero delle Infrastrutture e dei Trasporti,,assegnazione,E51I04000010007,True,definitivo,,1,singolo,7419,2,2026,50000000.0,50000000.0,"€ 50.000.000,00",quota,assegnazione,impegnato,2026,"art. 3; [TABELLA pag.5 n.1], riga 3","2026 | € 50.000.000,00",,alta,,Quota annuale dell'impegno autorizzato dall'art. 3.
2025 DD MIT 141-2025.pdf,deepseek/deepseek-v4-flash,off,141,2025-04-18,Ministero delle Infrastrutture e dei Trasporti,,assegnazione,E51I04000010007,True,definitivo,,1,singolo,7419,2,2027,350000000.0,350000000.0,"€ 350.000.000,00",quota,assegnazione,impegnato,2027,"art. 3; [TABELLA pag.5 n.1], riga 4","2027 | € 350.000.000,00",,alta,,Quota annuale dell'impegno autorizzato dall'art. 3.
2025 DD MIT 141-2025.pdf,deepseek/deepseek-v4-flash,off,141,2025-04-18,Ministero delle Infrastrutture e dei Trasporti,,assegnazione,E51I04000010007,True,definitivo,,1,singolo,7419,2,2028,200000000.0,200000000.0,"€ 200.000.000,00",quota,assegnazione,impegnato,2028,"art. 3; [TABELLA pag.5 n.1], riga 5","2028 | € 200.000.000,00",,alta,,Quota annuale dell'impegno autorizzato dall'art. 3.
2025 DD MIT 141-2025.pdf,deepseek/deepseek-v4-flash,off,141,2025-04-18,Ministero delle Infrastrutture e dei Trasporti,,assegnazione,E51I04000010007,True,definitivo,,1,singolo,7419,2,2029,150000000.0,150000000.0,"€ 150.000.000,00",quota,assegnazione,impegnato,2029,"art. 3; [TABELLA pag.5 n.1], riga 6","2029 | € 150.000.000,00",,alta,,Quota annuale dell'impegno autorizzato dall'art. 3.
2025 DD MIT 141-2025.pdf,deepseek/deepseek-v4-flash,off,141,2025-04-18,Ministero delle Infrastrutture e dei Trasporti,,assegnazione,E51I04000010007,True,definitivo,,1,singolo,7419,2,2030,450000000.0,450000000.0,"€ 450.000.000,00",quota,assegnazione,impegnato,2030,"art. 3; [TABELLA pag.5 n.1], riga 7","2030 | € 450.000.000,00",,alta,,Quota annuale dell'impegno autorizzato dall'art. 3.
2025 DD MIT 141-2025.pdf,deepseek/deepseek-v4-flash,off,141,2025-04-18,Ministero delle Infrastrutture e dei Trasporti,,assegnazione,E51I04000010007,True,definitivo,,1,singolo,7419,2,2031,450000000.0,450000000.0,"€ 450.000.000,00",quota,assegnazione,impegnato,2031,"art. 3; [TABELLA pag.5 n.1], riga 8","2031 | € 450.000.000,00",,alta,,Quota annuale dell'impegno autorizzato dall'art. 3.
2025 DD MIT 141-2025.pdf,deepseek/deepseek-v4-flash,off,141,2025-04-18,Ministero delle Infrastrutture e dei Trasporti,,assegnazione,E51I04000010007,True,definitivo,,1,singolo,7419,2,2032,400000000.0,400000000.0,"€ 400.000.000,00",quota,assegnazione,impegnato,2032,"art. 3; [TABELLA pag.5 n.1], riga 9","2032 | € 400.000.000,00",,alta,,Quota annuale dell'impegno autorizzato dall'art. 3.
2025 DD MIT 141-2025.pdf,deepseek/deepseek-v4-flash,off,141,2025-04-18,Ministero delle Infrastrutture e dei Trasporti,,assegnazione,E51I04000010007,True,definitivo,,1,singolo,7416,1,,75000000.0,75000000.0,"€ 75.000.000,00",totale,assegnazione,impegnato,,art. 4,"È autorizzato l’impegno delle risorse di cui al citato art.1, comma 478, della legge 29 dicembre 2022, n.197, sul capitolo 7416 piano gestonale 1 ... per la somma complessiva di € 75.000.000,00","legge 29 dicembre 2022, n. 197, articolo 1, comma 478",alta,,"Impegno autorizzato dall'art. 4, con dettaglio annuale nel testo."
2025 DD MIT 141-2025.pdf,deepseek/deepseek-v4-flash,off,141,2025-04-18,Ministero delle Infrastrutture e dei Trasporti,,assegnazione,E51I04000010007,True,definitivo,,1,singolo,7416,1,2027,50000000.0,50000000.0,"€ 50.000.000,00",quota,assegnazione,impegnato,,art. 4,"di cui 50.000.000,00 per l’esercizio finanziario 2027",,alta,,Quota annuale dell'impegno autorizzato dall'art. 4.
2025 DD MIT 141-2025.pdf,deepseek/deepseek-v4-flash,off,141,2025-04-18,Ministero delle Infrastrutture e dei Trasporti,,assegnazione,E51I04000010007,True,definitivo,,1,singolo,7416,1,2028,25000000.0,25000000.0,"€ 25.000.000,00",quota,assegnazione,impegnato,,art. 4,"e € 25.000.000,00 per l’esercizio finanziario 2028.",,alta,,Quota annuale dell'impegno autorizzato dall'art. 4.
2022 DD MIT 454-2022.pdf,deepseek/deepseek-v4-pro-0813,off,,,Ministero delle infrastrutture e dei trasporti,,impegno,E51I04000010007,True,definitivo,,1,singolo,7426,1,2021,14000000.0,14000000.0,"€ 14.000.000,00",quota,assegnazione,impegnato,,art. 1,"è autorizzato, sul capitolo 7426, piano di gestione 1, ... a favore di Roma Capitale per l’intervento ""Tratta Colosseo - Piazza Venezia della Linea C della metropolitana di Roma” CUP E51I04000010007, l’impegno di € 14.000.000,00 in conto residui di lettera F, esercizio di provenienza 2021.","decreto del Ministro delle infrastrutture e dei trasporti di concerto con il Ministro dell'economia e delle finanze, n. 498 del 14 novembre 2014",alta,,"Impegno in conto residui di lettera F, esercizio di provenienza 2021."
2022 DD MIT 454-2022.pdf,deepseek/deepseek-v4-pro-0813,off,,,Ministero delle infrastrutture e dei trasporti,,impegno,E51I04000010007,True,definitivo,,1,singolo,7426,1,,131000000.0,131000000.0,"€ 131.000.000,00",totale,assegnazione,impegnato,,"art. 2; [TABELLA pag.3 n.1], riga Totale","è autorizzato l’impegno, sul capitolo 7426, piano di gestione 1, ... per l’importo complessivo di € 131.000.000,00 a favore di Roma Capitale, per l’intervento ""Tratta Colosseo - Piazza Venezia della Linea C della metropolitana di Roma” CUP E51I04000010007","decreto del Ministro delle infrastrutture e dei trasporti di concerto con il Ministro dell'economia e delle finanze, n. 498 del 14 novembre 2014",alta,,Importo complessivo impegnato per gli anni 2022-2025.
2022 DD MIT 454-2022.pdf,deepseek/deepseek-v4-pro-0813,off,,,Ministero delle infrastrutture e dei trasporti,,impegno,E51I04000010007,True,definitivo,,1,singolo,7426,1,2022,35000000.0,35000000.0,"35.000.000,00 €",quota,assegnazione,impegnato,,"art. 2; [TABELLA pag.3 n.1], riga 2022","2022 | 35.000.000,00 €","decreto del Ministro delle infrastrutture e dei trasporti di concerto con il Ministro dell'economia e delle finanze, n. 498 del 14 novembre 2014",alta,,
2022 DD MIT 454-2022.pdf,deepseek/deepseek-v4-pro-0813,off,,,Ministero delle infrastrutture e dei trasporti,,impegno,E51I04000010007,True,definitivo,,1,singolo,7426,1,2023,40000000.0,40000000.0,"40.000.000,00 €",quota,assegnazione,impegnato,,"art. 2; [TABELLA pag.3 n.1], riga 2023","2023 | 40.000.000,00 €","decreto del Ministro delle infrastrutture e dei trasporti di concerto con il Ministro dell'economia e delle finanze, n. 498 del 14 novembre 2014",alta,,
2022 DD MIT 454-2022.pdf,deepseek/deepseek-v4-pro-0813,off,,,Ministero delle infrastrutture e dei trasporti,,impegno,E51I04000010007,True,definitivo,,1,singolo,7426,1,2024,33500000.0,33500000.0,"33.500.000,00 €",quota,assegnazione,impegnato,,"art. 2; [TABELLA pag.3 n.1], riga 2024","2024 | 33.500.000,00 €","decreto del Ministro delle infrastrutture e dei trasporti di concerto con il Ministro dell'economia e delle finanze, n. 498 del 14 novembre 2014",alta,,
2022 DD MIT 454-2022.pdf,deepseek/deepseek-v4-pro-0813,off,,,Ministero delle infrastrutture e dei trasporti,,impegno,E51I04000010007,True,definitivo,,1,singolo,7426,1,2025,22500000.0,22500000.0,"22.500.000,00 €",quota,assegnazione,impegnato,,"art. 2; [TABELLA pag.3 n.1], riga 2025","2025 | 22.500.000,00 €","decreto del Ministro delle infrastrutture e dei trasporti di concerto con il Ministro dell'economia e delle finanze, n. 498 del 14 novembre 2014",alta,,
2022 DDG 128 del 02-05-22.pdf,deepseek/deepseek-v4-pro-0813,off,,,Ministero delle infrastrutture e della mobilità sostenibili,,impegno,H94I19000130004,True,definitivo,,1,singolo,7400,7,,97154124.1,97154124.1,"97.154.124,10",totale,assegnazione,impegnato,Totale,"Allegato 1 / [TABELLA pag.4 n.1], riga 1","Comune di Padova | H94I19000130004 | 7400/PG 7 | ... | 97.154.124,10",Decreto del Ministro delle infrastrutture e della mobilità sostenibili n. 464 del 22 novembre 2021,alta,,
2022 DDG 128 del 02-05-22.pdf,deepseek/deepseek-v4-pro-0813,off,,,Ministero delle infrastrutture e della mobilità sostenibili,,impegno,H94I19000130004,True,definitivo,,1,singolo,7400,7,2020,153197.9,153197.9,"153.197,90",quota,assegnazione,impegnato,2020,"Allegato 1 / [TABELLA pag.4 n.1], riga 1","Comune di Padova | H94I19000130004 | 7400/PG 7 | 153.197,90 | ...",Decreto del Ministro delle infrastrutture e della mobilità sostenibili n. 464 del 22 novembre 2021,alta,,
2022 DDG 128 del 02-05-22.pdf,deepseek/deepseek-v4-pro-0813,off,,,Ministero delle infrastrutture e della mobilità sostenibili,,impegno,H94I19000130004,True,definitivo,,1,singolo,7400,7,2021,306395.8,306395.8,"306.395,80",quota,assegnazione,impegnato,2021,"Allegato 1 / [TABELLA pag.4 n.1], riga 1","Comune di Padova | H94I19000130004 | 7400/PG 7 | ... | 306.395,80 | ...",Decreto del Ministro delle infrastrutture e della mobilità sostenibili n. 464 del 22 novembre 2021,alta,,
2022 DDG 128 del 02-05-22.pdf,deepseek/deepseek-v4-pro-0813,off,,,Ministero delle infrastrutture e della mobilità sostenibili,,impegno,H94I19000130004,True,definitivo,,1,singolo,7400,7,2022,612791.59,612791.59,"612.791,59",quota,assegnazione,impegnato,2022,"Allegato 1 / [TABELLA pag.4 n.1], riga 1","Comune di Padova | H94I19000130004 | 7400/PG 7 | ... | 612.791,59 | ...",Decreto del Ministro delle infrastrutture e della mobilità sostenibili n. 464 del 22 novembre 2021,alta,,
2022 DDG 128 del 02-05-22.pdf,deepseek/deepseek-v4-pro-0813,off,,,Ministero delle infrastrutture e della mobilità sostenibili,,impegno,H94I19000130004,True,definitivo,,1,singolo,7400,7,2023,1302182.14,1302182.14,"1.302.182,14",quota,assegnazione,impegnato,2023,"Allegato 1 / [TABELLA pag.4 n.1], riga 1","Comune di Padova | H94I19000130004 | 7400/PG 7 | ... | 1.302.182,14 | ...",Decreto del Ministro delle infrastrutture e della mobilità sostenibili n. 464 del 22 novembre 2021,alta,,
2022 DDG 128 del 02-05-22.pdf,deepseek/deepseek-v4-pro-0813,off,,,Ministero delle infrastrutture e della mobilità sostenibili,,impegno,H94I19000130004,True,definitivo,,1,singolo,7400,7,2024,1685176.88,1685176.88,"1.685.176,88",quota,assegnazione,impegnato,2024,"Allegato 1 / [TABELLA pag.4 n.1], riga 1","Comune di Padova | H94I19000130004 | 7400/PG 7 | ... | 1.685.176,88 | ...",Decreto del Ministro delle infrastrutture e della mobilità sostenibili n. 464 del 22 novembre 2021,alta,,
2022 DDG 128 del 02-05-22.pdf,deepseek/deepseek-v4-pro-0813,off,,,Ministero delle infrastrutture e della mobilità sostenibili,,impegno,H94I19000130004,True,definitivo,,1,singolo,7400,7,2025,6970504.38,6970504.38,"6.970.504,38",quota,assegnazione,impegnato,2025,"Allegato 1 / [TABELLA pag.4 n.1], riga 1","Comune di Padova | H94I19000130004 | 7400/PG 7 | ... | 6.970.504,38 | ...",Decreto del Ministro delle infrastrutture e della mobilità sostenibili n. 464 del 22 novembre 2021,alta,,
2022 DDG 128 del 02-05-22.pdf,deepseek/deepseek-v4-pro-0813,off,,,Ministero delle infrastrutture e della mobilità sostenibili,,impegno,H94I19000130004,True,definitivo,,1,singolo,7400,7,2026,8732280.22,8732280.22,"8.732.280,22",quota,assegnazione,impegnato,2026,"Allegato 1 / [TABELLA pag.4 n.1], riga 1","Comune di Padova | H94I19000130004 | 7400/PG 7 | ... | 8.732.280,22 | ...",Decreto del Ministro delle infrastrutture e della mobilità sostenibili n. 464 del 22 novembre 2021,alta,,
2022 DDG 128 del 02-05-22.pdf,deepseek/deepseek-v4-pro-0813,off,,,Ministero delle infrastrutture e della mobilità sostenibili,,impegno,H94I19000130004,True,definitivo,,1,singolo,7400,7,2027,10597311.43,10597311.43,"10.597.311,43",quota,assegnazione,impegnato,2027,"Allegato 1 / [TABELLA pag.4 n.1], riga 1","Comune di Padova | H94I19000130004 | 7400/PG 7 | ... | 10.597.311,43 | ...",Decreto del Ministro delle infrastrutture e della mobilità sostenibili n. 464 del 22 novembre 2021,alta,,
2022 DDG 128 del 02-05-22.pdf,deepseek/deepseek-v4-pro-0813,off,,,Ministero delle infrastrutture e della mobilità sostenibili,,impegno,H94I19000130004,True,definitivo,,1,singolo,7400,7,2028,11030248.69,11030248.69,"11.030.248,69",quota,assegnazione,impegnato,2028,"Allegato 1 / [TABELLA pag.4 n.1], riga 1","Comune di Padova | H94I19000130004 | 7400/PG 7 | ... | 11.030.248,69 | ...",Decreto del Ministro delle infrastrutture e della mobilità sostenibili n. 464 del 22 novembre 2021,alta,,
2022 DDG 128 del 02-05-22.pdf,deepseek/deepseek-v4-pro-0813,off,,,Ministero delle infrastrutture e della mobilità sostenibili,,impegno,H94I19000130004,True,definitivo,,1,singolo,7400,7,2029,12255831.88,12255831.88,"12.255.831,88",quota,assegnazione,impegnato,2029,"Allegato 1 / [TABELLA pag.4 n.1], riga 1","Comune di Padova | H94I19000130004 | 7400/PG 7 | ... | 12.255.831,88 | ...",Decreto del Ministro delle infrastrutture e della mobilità sostenibili n. 464 del 22 novembre 2021,alta,,
2022 DDG 128 del 02-05-22.pdf,deepseek/deepseek-v4-pro-0813,off,,,Ministero delle infrastrutture e della mobilità sostenibili,,impegno,H94I19000130004,True,definitivo,,1,singolo,7400,7,2030,12255831.88,12255831.88,"12.255.831,88",quota,assegnazione,impegnato,2030,"Allegato 1 / [TABELLA pag.4 n.1], riga 1","Comune di Padova | H94I19000130004 | 7400/PG 7 | ... | 12.255.831,88 | ...",Decreto del Ministro delle infrastrutture e della mobilità sostenibili n. 464 del 22 novembre 2021,alta,,
2022 DDG 128 del 02-05-22.pdf,deepseek/deepseek-v4-pro-0813,off,,,Ministero delle infrastrutture e della mobilità sostenibili,,impegno,H94I19000130004,True,definitivo,,1,singolo,7400,7,2031,7659894.93,7659894.93,"7.659.894,93",quota,assegnazione,impegnato,2031,"Allegato 1 / [TABELLA pag.4 n.1], riga 1","Comune di Padova | H94I19000130004 | 7400/PG 7 | ... | 7.659.894,93 | ...",Decreto del Ministro delle infrastrutture e della mobilità sostenibili n. 464 del 22 novembre 2021,alta,,
2022 DDG 128 del 02-05-22.pdf,deepseek/deepseek-v4-pro-0813,off,,,Ministero delle infrastrutture e della mobilità sostenibili,,impegno,H94I19000130004,True,definitivo,,1,singolo,7400,7,2032,7506697.03,7506697.03,"7.506.697,03",quota,assegnazione,impegnato,2032,"Allegato 1 / [TABELLA pag.4 n.1], riga 1","Comune di Padova | H94I19000130004 | 7400/PG 7 | ... | 7.506.697,03 | ...",Decreto del Ministro delle infrastrutture e della mobilità sostenibili n. 464 del 22 novembre 2021,alta,,
2022 DDG 128 del 02-05-22.pdf,deepseek/deepseek-v4-pro-0813,off,,,Ministero delle infrastrutture e della mobilità sostenibili,,impegno,H94I19000130004,True,definitivo,,1,singolo,7400,7,2033,7659894.93,7659894.93,"7.659.894,93",quota,assegnazione,impegnato,2033,"Allegato 1 / [TABELLA pag.4 n.1], riga 1","Comune di Padova | H94I19000130004 | 7400/PG 7 | ... | 7.659.894,93 | ...",Decreto del Ministro delle infrastrutture e della mobilità sostenibili n. 464 del 22 novembre 2021,alta,,
2022 DDG 128 del 02-05-22.pdf,deepseek/deepseek-v4-pro-0813,off,,,Ministero delle infrastrutture e della mobilità sostenibili,,impegno,H94I19000130004,True,definitivo,,1,singolo,7400,7,2034,8425884.42,8425884.42,"8.425.884,42",quota,assegnazione,impegnato,2034,"Allegato 1 / [TABELLA pag.4 n.1], riga 1","Comune di Padova | H94I19000130004 | 7400/PG 7 | ... | 8.425.884,42",Decreto del Ministro delle infrastrutture e della mobilità sostenibili n. 464 del 22 novembre 2021,alta,,
2022 DDG 128 del 02-05-22.pdf,deepseek/deepseek-v4-pro-0813,off,,,Ministero delle infrastrutture e della mobilità sostenibili,,impegno,J80J18000000001,True,definitivo,,1,singolo,7400,7,,159466174.12,159466174.12,"159.466.174,12",totale,assegnazione,impegnato,Totale,"Allegato 1 / [TABELLA pag.4 n.1], riga 2","Roma Capitale | J80J18000000001 | 7400/PG 7 | ... | 159.466.174,12",Decreto del Ministro delle infrastrutture e della mobilità sostenibili n. 464 del 22 novembre 2021,alta,,
2022 DDG 128 del 02-05-22.pdf,deepseek/deepseek-v4-pro-0813,off,,,Ministero delle infrastrutture e della mobilità sostenibili,,impegno,J80J18000000001,True,definitivo,,1,singolo,7400,7,2020,251454.92,251454.92,"251.454,92",quota,assegnazione,impegnato,2020,"Allegato 1 / [TABELLA pag.4 n.1], riga 2","Roma Capitale | J80J18000000001 | 7400/PG 7 | 251.454,92 | ...",Decreto del Ministro delle infrastrutture e della mobilità sostenibili n. 464 del 22 novembre 2021,alta,,
2022 DDG 128 del 02-05-22.pdf,deepseek/deepseek-v4-pro-0813,off,,,Ministero delle infrastrutture e della mobilità sostenibili,,impegno,J80J18000000001,True,definitivo,,1,singolo,7400,7,2021,502909.85,502909.85,"502.909,85",quota,assegnazione,impegnato,2021,"Allegato 1 / [TABELLA pag.4 n.1], riga 2","Roma Capitale | J80J18000000001 | 7400/PG 7 | ... | 502.909,85 | ...",Decreto del Ministro delle infrastrutture e della mobilità sostenibili n. 464 del 22 novembre 2021,alta,,
2022 DDG 128 del 02-05-22.pdf,deepseek/deepseek-v4-pro-0813,off,,,Ministero delle infrastrutture e della mobilità sostenibili,,impegno,J80J18000000001,True,definitivo,,1,singolo,7400,7,2022,1005819.69,1005819.69,"1.005.819,69",quota,assegnazione,impegnato,2022,"Allegato 1 / [TABELLA pag.4 n.1], riga 2","Roma Capitale | J80J18000000001 | 7400/PG 7 | ... | 1.005.819,69 | ...",Decreto del Ministro delle infrastrutture e della mobilità sostenibili n. 464 del 22 novembre 2021,alta,,
2022 DDG 128 del 02-05-22.pdf,deepseek/deepseek-v4-pro-0813,off,,,Ministero delle infrastrutture e della mobilità sostenibili,,impegno,J80J18000000001,True,definitivo,,1,singolo,7400,7,2023,2137366.84,2137366.84,"2.137.366,84",quota,assegnazione,impegnato,2023,"Allegato 1 / [TABELLA pag.4 n.1], riga 2","Roma Capitale | J80J18000000001 | 7400/PG 7 | ... | 2.137.366,84 | ...",Decreto del Ministro delle infrastrutture e della mobilità sostenibili n. 464 del 22 novembre 2021,alta,,
2022 DDG 128 del 02-05-22.pdf,deepseek/deepseek-v4-pro-0813,off,,,Ministero delle infrastrutture e della mobilità sostenibili,,impegno,J80J18000000001,True,definitivo,,1,singolo,7400,7,2024,2766004.15,2766004.15,"2.766.004,15",quota,assegnazione,impegnato,2024,"Allegato 1 / [TABELLA pag.4 n.1], riga 2","Roma Capitale | J80J18000000001 | 7400/PG 7 | ... | 2.766.004,15 | ...",Decreto del Ministro delle infrastrutture e della mobilità sostenibili n. 464 del 22 novembre 2021,alta,,
2022 DDG 128 del 02-05-22.pdf,deepseek/deepseek-v4-pro-0813,off,,,Ministero delle infrastrutture e della mobilità sostenibili,,impegno,J80J18000000001,True,definitivo,,1,singolo,7400,7,2025,11441198.98,11441198.98,"11.441.198,98",quota,assegnazione,impegnato,2025,"Allegato 1 / [TABELLA pag.4 n.1], riga 2","Roma Capitale | J80J18000000001 | 7400/PG 7 | ... | 11.441.198,98 | ...",Decreto del Ministro delle infrastrutture e della mobilità sostenibili n. 464 del 22 novembre 2021,alta,,
2022 DDG 128 del 02-05-22.pdf,deepseek/deepseek-v4-pro-0813,off,,,Ministero delle infrastrutture e della mobilità sostenibili,,impegno,J80J18000000001,True,definitivo,,1,singolo,7400,7,2026,14332930.59,14332930.59,"14.332.930,59",quota,assegnazione,impegnato,2026,"Allegato 1 / [TABELLA pag.4 n.1], riga 2","Roma Capitale | J80J18000000001 | 7400/PG 7 | ... | 14.332.930,59 | ...",Decreto del Ministro delle infrastrutture e della mobilità sostenibili n. 464 del 22 novembre 2021,alta,,
2022 DDG 128 del 02-05-22.pdf,deepseek/deepseek-v4-pro-0813,off,,,Ministero delle infrastrutture e della mobilità sostenibili,,impegno,J80J18000000001,True,definitivo,,1,singolo,7400,7,2027,17394142.82,17394142.82,"17.394.142,82",quota,assegnazione,impegnato,2027,"Allegato 1 / [TABELLA pag.4 n.1], riga 2","Roma Capitale | J80J18000000001 | 7400/PG 7 | ... | 17.394.142,82 | ...",Decreto del Ministro delle infrastrutture e della mobilità sostenibili n. 464 del 22 novembre 2021,alta,,
2022 DDG 128 del 02-05-22.pdf,deepseek/deepseek-v4-pro-0813,off,,,Ministero delle infrastrutture e della mobilità sostenibili,,impegno,J80J18000000001,True,definitivo,,1,singolo,7400,7,2028,18104754.43,18104754.43,"18.104.754,43",quota,assegnazione,impegnato,2028,"Allegato 1 / [TABELLA pag.4 n.1], riga 2","Roma Capitale | J80J18000000001 | 7400/PG 7 | ... | 18.104.754,43 | ...",Decreto del Ministro delle infrastrutture e della mobilità sostenibili n. 464 del 22 novembre 2021,alta,,
2022 DDG 128 del 02-05-22.pdf,deepseek/deepseek-v4-pro-0813,off,,,Ministero delle infrastrutture e della mobilità sostenibili,,impegno,J80J18000000001,True,definitivo,,1,singolo,7400,7,2029,20116393.81,20116393.81,"20.116.393,81",quota,assegnazione,impegnato,2029,"Allegato 1 / [TABELLA pag.4 n.1], riga 2","Roma Capitale | J80J18000000001 | 7400/PG 7 | ... | 20.116.393,81 | ...",Decreto del Ministro delle infrastrutture e della mobilità sostenibili n. 464 del 22 novembre 2021,alta,,
2022 DDG 128 del 02-05-22.pdf,deepseek/deepseek-v4-pro-0813,off,,,Ministero delle infrastrutture e della mobilità sostenibili,,impegno,J80J18000000001,True,definitivo,,1,singolo,7400,7,2030,20116393.81,20116393.81,"20.116.393,81",quota,assegnazione,impegnato,2030,"Allegato 1 / [TABELLA pag.4 n.1], riga 2","Roma Capitale | J80J18000000001 | 7400/PG 7 | ... | 20.116.393,81 | ...",Decreto del Ministro delle infrastrutture e della mobilità sostenibili n. 464 del 22 novembre 2021,alta,,
2022 DDG 128 del 02-05-22.pdf,deepseek/deepseek-v4-pro-0813,off,,,Ministero delle infrastrutture e della mobilità sostenibili,,impegno,J80J18000000001,True,definitivo,,1,singolo,7400,7,2031,12572746.13,12572746.13,"12.572.746,13",quota,assegnazione,impegnato,2031,"Allegato 1 / [TABELLA pag.4 n.1], riga 2","Roma Capitale | J80J18000000001 | 7400/PG 7 | ... | 12.572.746,13 | ...",Decreto del Ministro delle infrastrutture e della mobilità sostenibili n. 464 del 22 novembre 2021,alta,,
2022 DDG 128 del 02-05-22.pdf,deepseek/deepseek-v4-pro-0813,off,,,Ministero delle infrastrutture e della mobilità sostenibili,,impegno,J80J18000000001,True,definitivo,,1,singolo,7400,7,2032,12321291.21,12321291.21,"12.321.291,21",quota,assegnazione,impegnato,2032,"Allegato 1 / [TABELLA pag.4 n.1], riga 2","Roma Capitale | J80J18000000001 | 7400/PG 7 | ... | 12.321.291,21 | ...",Decreto del Ministro delle infrastrutture e della mobilità sostenibili n. 464 del 22 novembre 2021,alta,,
2022 DDG 128 del 02-05-22.pdf,deepseek/deepseek-v4-pro-0813,off,,,Ministero delle infrastrutture e della mobilità sostenibili,,impegno,J80J18000000001,True,definitivo,,1,singolo,7400,7,2033,12572746.13,12572746.13,"12.572.746,13",quota,assegnazione,impegnato,2033,"Allegato 1 / [TABELLA pag.4 n.1], riga 2","Roma Capitale | J80J18000000001 | 7400/PG 7 | ... | 12.572.746,13 | ...",Decreto del Ministro delle infrastrutture e della mobilità sostenibili n. 464 del 22 novembre 2021,alta,,
2022 DDG 128 del 02-05-22.pdf,deepseek/deepseek-v4-pro-0813,off,,,Ministero delle infrastrutture e della mobilità sostenibili,,impegno,J80J18000000001,True,definitivo,,1,singolo,7400,7,2034,13830020.76,13830020.76,"13.830.020,76",quota,assegnazione,impegnato,2034,"Allegato 1 / [TABELLA pag.4 n.1], riga 2","Roma Capitale | J80J18000000001 | 7400/PG 7 | ... | 13.830.020,76",Decreto del Ministro delle infrastrutture e della mobilità sostenibili n. 464 del 22 novembre 2021,alta,,
2022 DDG 128 del 02-05-22.pdf,deepseek/deepseek-v4-pro-0813,off,,,Ministero delle infrastrutture e della mobilità sostenibili,,impegno,C11B21008720001,True,definitivo,,2,aggregato,7400,7,,44494493.04,22247246.52,"44.494.493,04",totale,assegnazione,impegnato,Totale,"Allegato 1 / [TABELLA pag.4 n.1], riga 3","Comune di Torino | C11B21008720001 D81E20000410007 | 7400/PG 7 | ... | 44.494.493,04",Decreto del Ministro delle infrastrutture e della mobilità sostenibili n. 464 del 22 novembre 2021,alta,,Importo unico per due CUP; l'atto non ripartisce
2022 DDG 128 del 02-05-22.pdf,deepseek/deepseek-v4-pro-0813,off,,,Ministero delle infrastrutture e della mobilità sostenibili,,impegno,D81E20000410007,True,definitivo,,2,aggregato,7400,7,,44494493.04,22247246.52,"44.494.493,04",totale,assegnazione,impegnato,Totale,"Allegato 1 / [TABELLA pag.4 n.1], riga 3","Comune di Torino | C11B21008720001 D81E20000410007 | 7400/PG 7 | ... | 44.494.493,04",Decreto del Ministro delle infrastrutture e della mobilità sostenibili n. 464 del 22 novembre 2021,alta,,Importo unico per due CUP; l'atto non ripartisce
2022 DDG 128 del 02-05-22.pdf,deepseek/deepseek-v4-pro-0813,off,,,Ministero delle infrastrutture e della mobilità sostenibili,,impegno,C11B21008720001,True,definitivo,,2,aggregato,7400,7,2020,70161.34,35080.67,"70.161,34",quota,assegnazione,impegnato,2020,"Allegato 1 / [TABELLA pag.4 n.1], riga 3","Comune di Torino | C11B21008720001 D81E20000410007 | 7400/PG 7 | 70.161,34 | ...",Decreto del Ministro delle infrastrutture e della mobilità sostenibili n. 464 del 22 novembre 2021,alta,,Importo unico per due CUP; l'atto non ripartisce
2022 DDG 128 del 02-05-22.pdf,deepseek/deepseek-v4-pro-0813,off,,,Ministero delle infrastrutture e della mobilità sostenibili,,impegno,D81E20000410007,True,definitivo,,2,aggregato,7400,7,2020,70161.34,35080.67,"70.161,34",quota,assegnazione,impegnato,2020,"Allegato 1 / [TABELLA pag.4 n.1], riga 3","Comune di Torino | C11B21008720001 D81E20000410007 | 7400/PG 7 | 70.161,34 | ...",Decreto del Ministro delle infrastrutture e della mobilità sostenibili n. 464 del 22 novembre 2021,alta,,Importo unico per due CUP; l'atto non ripartisce
2022 DDG 128 del 02-05-22.pdf,deepseek/deepseek-v4-pro-0813,off,,,Ministero delle infrastrutture e della mobilità sostenibili,,impegno,C11B21008720001,True,definitivo,,2,aggregato,7400,7,2021,140322.66,70161.33,"140.322,66",quota,assegnazione,impegnato,2021,"Allegato 1 / [TABELLA pag.4 n.1], riga 3","Comune di Torino | C11B21008720001 D81E20000410007 | 7400/PG 7 | ... | 140.322,66 | ...",Decreto del Ministro delle infrastrutture e della mobilità sostenibili n. 464 del 22 novembre 2021,alta,,Importo unico per due CUP; l'atto non ripartisce
2022 DDG 128 del 02-05-22.pdf,deepseek/deepseek-v4-pro-0813,off,,,Ministero delle infrastrutture e della mobilità sostenibili,,impegno,D81E20000410007,True,definitivo,,2,aggregato,7400,7,2021,140322.66,70161.33,"140.322,66",quota,assegnazione,impegnato,2021,"Allegato 1 / [TABELLA pag.4 n.1], riga 3","Comune di Torino | C11B21008720001 D81E20000410007 | 7400/PG 7 | ... | 140.322,66 | ...",Decreto del Ministro delle infrastrutture e della mobilità sostenibili n. 464 del 22 novembre 2021,alta,,Importo unico per due CUP; l'atto non ripartisce
2022 DDG 128 del 02-05-22.pdf,deepseek/deepseek-v4-pro-0813,off,,,Ministero delle infrastrutture e della mobilità sostenibili,,impegno,C11B21008720001,True,definitivo,,2,aggregato,7400,7,2022,280645.33,140322.665,"280.645,33",quota,assegnazione,impegnato,2022,"Allegato 1 / [TABELLA pag.4 n.1], riga 3","Comune di Torino | C11B21008720001 D81E20000410007 | 7400/PG 7 | ... | 280.645,33 | ...",Decreto del Ministro delle infrastrutture e della mobilità sostenibili n. 464 del 22 novembre 2021,alta,,Importo unico per due CUP; l'atto non ripartisce
2022 DDG 128 del 02-05-22.pdf,deepseek/deepseek-v4-pro-0813,off,,,Ministero delle infrastrutture e della mobilità sostenibili,,impegno,D81E20000410007,True,definitivo,,2,aggregato,7400,7,2022,280645.33,140322.665,"280.645,33",quota,assegnazione,impegnato,2022,"Allegato 1 / [TABELLA pag.4 n.1], riga 3","Comune di Torino | C11B21008720001 D81E20000410007 | 7400/PG 7 | ... | 280.645,33 | ...",Decreto del Ministro delle infrastrutture e della mobilità sostenibili n. 464 del 22 novembre 2021,alta,,Importo unico per due CUP; l'atto non ripartisce
2022 DDG 128 del 02-05-22.pdf,deepseek/deepseek-v4-pro-0813,off,,,Ministero delle infrastrutture e della mobilità sostenibili,,impegno,C11B21008720001,True,definitivo,,2,aggregato,7400,7,2023,596371.33,298185.665,"596.371,33",quota,assegnazione,impegnato,2023,"Allegato 1 / [TABELLA pag.4 n.1], riga 3","Comune di Torino | C11B21008720001 D81E20000410007 | 7400/PG 7 | ... | 596.371,33 | ...",Decreto del Ministro delle infrastrutture e della mobilità sostenibili n. 464 del 22 novembre 2021,alta,,Importo unico per due CUP; l'atto non ripartisce
2022 DDG 128 del 02-05-22.pdf,deepseek/deepseek-v4-pro-0813,off,,,Ministero delle infrastrutture e della mobilità sostenibili,,impegno,D81E20000410007,True,definitivo,,2,aggregato,7400,7,2023,596371.33,298185.665,"596.371,33",quota,assegnazione,impegnato,2023,"Allegato 1 / [TABELLA pag.4 n.1], riga 3","Comune di Torino | C11B21008720001 D81E20000410007 | 7400/PG 7 | ... | 596.371,33 | ...",Decreto del Ministro delle infrastrutture e della mobilità sostenibili n. 464 del 22 novembre 2021,alta,,Importo unico per due CUP; l'atto non ripartisce
2022 DDG 128 del 02-05-22.pdf,deepseek/deepseek-v4-pro-0813,off,,,Ministero delle infrastrutture e della mobilità sostenibili,,impegno,C11B21008720001,True,definitivo,,2,aggregato,7400,7,2024,771774.66,385887.33,"771.774,66",quota,assegnazione,impegnato,2024,"Allegato 1 / [TABELLA pag.4 n.1], riga 3","Comune di Torino | C11B21008720001 D81E20000410007 | 7400/PG 7 | ... | 771.774,66 | ...",Decreto del Ministro delle infrastrutture e della mobilità sostenibili n. 464 del 22 novembre 2021,alta,,Importo unico per due CUP; l'atto non ripartisce
2022 DDG 128 del 02-05-22.pdf,deepseek/deepseek-v4-pro-0813,off,,,Ministero delle infrastrutture e della mobilità sostenibili,,impegno,D81E20000410007,True,definitivo,,2,aggregato,7400,7,2024,771774.66,385887.33,"771.774,66",quota,assegnazione,impegnato,2024,"Allegato 1 / [TABELLA pag.4 n.1], riga 3","Comune di Torino | C11B21008720001 D81E20000410007 | 7400/PG 7 | ... | 771.774,66 | ...",Decreto del Ministro delle infrastrutture e della mobilità sostenibili n. 464 del 22 novembre 2021,alta,,Importo unico per due CUP; l'atto non ripartisce
2022 DDG 128 del 02-05-22.pdf,deepseek/deepseek-v4-pro-0813,off,,,Ministero delle infrastrutture e della mobilità sostenibili,,impegno,C11B21008720001,True,definitivo,,2,aggregato,7400,7,2025,3192340.64,1596170.32,"3.192.340,64",quota,assegnazione,impegnato,2025,"Allegato 1 / [TABELLA pag.4 n.1], riga 3","Comune di Torino | C11B21008720001 D81E20000410007 | 7400/PG 7 | ... | 3.192.340,64 | ...",Decreto del Ministro delle infrastrutture e della mobilità sostenibili n. 464 del 22 novembre 2021,alta,,Importo unico per due CUP; l'atto non ripartisce
2022 DDG 128 del 02-05-22.pdf,deepseek/deepseek-v4-pro-0813,off,,,Ministero delle infrastrutture e della mobilità sostenibili,,impegno,D81E20000410007,True,definitivo,,2,aggregato,7400,7,2025,3192340.64,1596170.32,"3.192.340,64",quota,assegnazione,impegnato,2025,"Allegato 1 / [TABELLA pag.4 n.1], riga 3","Comune di Torino | C11B21008720001 D81E20000410007 | 7400/PG 7 | ... | 3.192.340,64 | ...",Decreto del Ministro delle infrastrutture e della mobilità sostenibili n. 464 del 22 novembre 2021,alta,,Importo unico per due CUP; l'atto non ripartisce
2022 DDG 128 del 02-05-22.pdf,deepseek/deepseek-v4-pro-0813,off,,,Ministero delle infrastrutture e della mobilità sostenibili,,impegno,C11B21008720001,True,definitivo,,2,aggregato,7400,7,2026,3999195.96,1999597.98,"3.999.195,96",quota,assegnazione,impegnato,2026,"Allegato 1 / [TABELLA pag.4 n.1], riga 3","Comune di Torino | C11B21008720001 D81E20000410007 | 7400/PG 7 | ... | 3.999.195,96 | ...",Decreto del Ministro delle infrastrutture e della mobilità sostenibili n. 464 del 22 novembre 2021,alta,,Importo unico per due CUP; l'atto non ripartisce
2022 DDG 128 del 02-05-22.pdf,deepseek/deepseek-v4-pro-0813,off,,,Ministero delle infrastrutture e della mobilità sostenibili,,impegno,D81E20000410007,True,definitivo,,2,aggregato,7400,7,2026,3999195.96,1999597.98,"3.999.195,96",quota,assegnazione,impegnato,2026,"Allegato 1 / [TABELLA pag.4 n.1], riga 3","Comune di Torino | C11B21008720001 D81E20000410007 | 7400/PG 7 | ... | 3.999.195,96 | ...",Decreto del Ministro delle infrastrutture e della mobilità sostenibili n. 464 del 22 novembre 2021,alta,,Importo unico per due CUP; l'atto non ripartisce
2022 DDG 128 del 02-05-22.pdf,deepseek/deepseek-v4-pro-0813,off,,,Ministero delle infrastrutture e della mobilità sostenibili,,impegno,C11B21008720001,True,definitivo,,2,aggregato,7400,7,2027,4853340.04,2426670.02,"4.853.340,04",quota,assegnazione,impegnato,2027,"Allegato 1 / [TABELLA pag.4 n.1], riga 3","Comune di Torino | C11B21008720001 D81E20000410007 | 7400/PG 7 | ... | 4.853.340,04 | ...",Decreto del Ministro delle infrastrutture e della mobilità sostenibili n. 464 del 22 novembre 2021,alta,,Importo unico per due CUP; l'atto non ripartisce
2022 DDG 128 del 02-05-22.pdf,deepseek/deepseek-v4-pro-0813,off,,,Ministero delle infrastrutture e della mobilità sostenibili,,impegno,D81E20000410007,True,definitivo,,2,aggregato,7400,7,2027,4853340.04,2426670.02,"4.853.340,04",quota,assegnazione,impegnato,2027,"Allegato 1 / [TABELLA pag.4 n.1], riga 3","Comune di Torino | C11B21008720001 D81E20000410007 | 7400/PG 7 | ... | 4.853.340,04 | ...",Decreto del Ministro delle infrastrutture e della mobilità sostenibili n. 464 del 22 novembre 2021,alta,,Importo unico per due CUP; l'atto non ripartisce
2022 DDG 128 del 02-05-22.pdf,deepseek/deepseek-v4-pro-0813,off,,,Ministero delle infrastrutture e della mobilità sostenibili,,impegno,C11B21008720001,True,definitivo,,2,aggregato,7400,7,2028,5051615.96,2525807.98,"5.051.615,96",quota,assegnazione,impegnato,2028,"Allegato 1 / [TABELLA pag.4 n.1], riga 3","Comune di Torino | C11B21008720001 D81E20000410007 | 7400/PG 7 | ... | 5.051.615,96 | ...",Decreto del Ministro delle infrastrutture e della mobilità sostenibili n. 464 del 22 novembre 2021,alta,,Importo unico per due CUP; l'atto non ripartisce
2022 DDG 128 del 02-05-22.pdf,deepseek/deepseek-v4-pro-0813,off,,,Ministero delle infrastrutture e della mobilità sostenibili,,impegno,D81E20000410007,True,definitivo,,2,aggregato,7400,7,2028,5051615.96,2525807.98,"5.051.615,96",quota,assegnazione,impegnato,2028,"Allegato 1 / [TABELLA pag.4 n.1], riga 3","Comune di Torino | C11B21008720001 D81E20000410007 | 7400/PG 7 | ... | 5.051.615,96 | ...",Decreto del Ministro delle infrastrutture e della mobilità sostenibili n. 464 del 22 novembre 2021,alta,,Importo unico per due CUP; l'atto non ripartisce
2022 DDG 128 del 02-05-22.pdf,deepseek/deepseek-v4-pro-0813,off,,,Ministero delle infrastrutture e della mobilità sostenibili,,impegno,C11B21008720001,True,definitivo,,2,aggregato,7400,7,2029,5612906.63,2806453.315,"5.612.906,63",quota,assegnazione,impegnato,2029,"Allegato 1 / [TABELLA pag.4 n.1], riga 3","Comune di Torino | C11B21008720001 D81E20000410007 | 7400/PG 7 | ... | 5.612.906,63 | ...",Decreto del Ministro delle infrastrutture e della mobilità sostenibili n. 464 del 22 novembre 2021,alta,,Importo unico per due CUP; l'atto non ripartisce
2022 DDG 128 del 02-05-22.pdf,deepseek/deepseek-v4-pro-0813,off,,,Ministero delle infrastrutture e della mobilità sostenibili,,impegno,D81E20000410007,True,definitivo,,2,aggregato,7400,7,2029,5612906.63,2806453.315,"5.612.906,63",quota,assegnazione,impegnato,2029,"Allegato 1 / [TABELLA pag.4 n.1], riga 3","Comune di Torino | C11B21008720001 D81E20000410007 | 7400/PG 7 | ... | 5.612.906,63 | ...",Decreto del Ministro delle infrastrutture e della mobilità sostenibili n. 464 del 22 novembre 2021,alta,,Importo unico per due CUP; l'atto non ripartisce
2022 DDG 128 del 02-05-22.pdf,deepseek/deepseek-v4-pro-0813,off,,,Ministero delle infrastrutture e della mobilità sostenibili,,impegno,C11B21008720001,True,definitivo,,2,aggregato,7400,7,2030,5612906.63,2806453.315,"5.612.906,63",quota,assegnazione,impegnato,2030,"Allegato 1 / [TABELLA pag.4 n.1], riga 3","Comune di Torino | C11B21008720001 D81E20000410007 | 7400/PG 7 | ... | 5.612.906,63 | ...",Decreto del Ministro delle infrastrutture e della mobilità sostenibili n. 464 del 22 novembre 2021,alta,,Importo unico per due CUP; l'atto non ripartisce
2022 DDG 128 del 02-05-22.pdf,deepseek/deepseek-v4-pro-0813,off,,,Ministero delle infrastrutture e della mobilità sostenibili,,impegno,D81E20000410007,True,definitivo,,2,aggregato,7400,7,2030,5612906.63,2806453.315,"5.612.906,63",quota,assegnazione,impegnato,2030,"Allegato 1 / [TABELLA pag.4 n.1], riga 3","Comune di Torino | C11B21008720001 D81E20000410007 | 7400/PG 7 | ... | 5.612.906,63 | ...",Decreto del Ministro delle infrastrutture e della mobilità sostenibili n. 464 del 22 novembre 2021,alta,,Importo unico per due CUP; l'atto non ripartisce
2022 DDG 128 del 02-05-22.pdf,deepseek/deepseek-v4-pro-0813,off,,,Ministero delle infrastrutture e della mobilità sostenibili,,impegno,C11B21008720001,True,definitivo,,2,aggregato,7400,7,2031,3508066.64,1754033.32,"3.508.066,64",quota,assegnazione,impegnato,2031,"Allegato 1 / [TABELLA pag.4 n.1], riga 3","Comune di Torino | C11B21008720001 D81E20000410007 | 7400/PG 7 | ... | 3.508.066,64 | ...",Decreto del Ministro delle infrastrutture e della mobilità sostenibili n. 464 del 22 novembre 2021,alta,,Importo unico per due CUP; l'atto non ripartisce
2022 DDG 128 del 02-05-22.pdf,deepseek/deepseek-v4-pro-0813,off,,,Ministero delle infrastrutture e della mobilità sostenibili,,impegno,D81E20000410007,True,definitivo,,2,aggregato,7400,7,2031,3508066.64,1754033.32,"3.508.066,64",quota,assegnazione,impegnato,2031,"Allegato 1 / [TABELLA pag.4 n.1], riga 3","Comune di Torino | C11B21008720001 D81E20000410007 | 7400/PG 7 | ... | 3.508.066,64 | ...",Decreto del Ministro delle infrastrutture e della mobilità sostenibili n. 464 del 22 novembre 2021,alta,,Importo unico per due CUP; l'atto non ripartisce
2022 DDG 128 del 02-05-22.pdf,deepseek/deepseek-v4-pro-0813,off,,,Ministero delle infrastrutture e della mobilità sostenibili,,impegno,C11B21008720001,True,definitivo,,2,aggregato,7400,7,2032,3437905.3,1718952.65,"3.437.905,30",quota,assegnazione,impegnato,2032,"Allegato 1 / [TABELLA pag.4 n.1], riga 3","Comune di Torino | C11B21008720001 D81E20000410007 | 7400/PG 7 | ... | 3.437.905,30 | ...",Decreto del Ministro delle infrastrutture e della mobilità sostenibili n. 464 del 22 novembre 2021,alta,,Importo unico per due CUP; l'atto non ripartisce
2022 DDG 128 del 02-05-22.pdf,deepseek/deepseek-v4-pro-0813,off,,,Ministero delle infrastrutture e della mobilità sostenibili,,impegno,D81E20000410007,True,definitivo,,2,aggregato,7400,7,2032,3437905.3,1718952.65,"3.437.905,30",quota,assegnazione,impegnato,2032,"Allegato 1 / [TABELLA pag.4 n.1], riga 3","Comune di Torino | C11B21008720001 D81E20000410007 | 7400/PG 7 | ... | 3.437.905,30 | ...",Decreto del Ministro delle infrastrutture e della mobilità sostenibili n. 464 del 22 novembre 2021,alta,,Importo unico per due CUP; l'atto non ripartisce
2022 DDG 128 del 02-05-22.pdf,deepseek/deepseek-v4-pro-0813,off,,,Ministero delle infrastrutture e della mobilità sostenibili,,impegno,C11B21008720001,True,definitivo,,2,aggregato,7400,7,2033,3508066.64,1754033.32,"3.508.066,64",quota,assegnazione,impegnato,2033,"Allegato 1 / [TABELLA pag.4 n.1], riga 3","Comune di Torino | C11B21008720001 D81E20000410007 | 7400/PG 7 | ... | 3.508.066,64 | ...",Decreto del Ministro delle infrastrutture e della mobilità sostenibili n. 464 del 22 novembre 2021,alta,,Importo unico per due CUP; l'atto non ripartisce
2022 DDG 128 del 02-05-22.pdf,deepseek/deepseek-v4-pro-0813,off,,,Ministero delle infrastrutture e della mobilità sostenibili,,impegno,D81E20000410007,True,definitivo,,2,aggregato,7400,7,2033,3508066.64,1754033.32,"3.508.066,64",quota,assegnazione,impegnato,2033,"Allegato 1 / [TABELLA pag.4 n.1], riga 3","Comune di Torino | C11B21008720001 D81E20000410007 | 7400/PG 7 | ... | 3.508.066,64 | ...",Decreto del Ministro delle infrastrutture e della mobilità sostenibili n. 464 del 22 novembre 2021,alta,,Importo unico per due CUP; l'atto non ripartisce
2022 DDG 128 del 02-05-22.pdf,deepseek/deepseek-v4-pro-0813,off,,,Ministero delle infrastrutture e della mobilità sostenibili,,impegno,C11B21008720001,True,definitivo,,2,aggregato,7400,7,2034,3858873.28,1929436.64,"3.858.873,28",quota,assegnazione,impegnato,2034,"Allegato 1 / [TABELLA pag.4 n.1], riga 3","Comune di Torino | C11B21008720001 D81E20000410007 | 7400/PG 7 | ... | 3.858.873,28",Decreto del Ministro delle infrastrutture e della mobilità sostenibili n. 464 del 22 novembre 2021,alta,,Importo unico per due CUP; l'atto non ripartisce
2022 DDG 128 del 02-05-22.pdf,deepseek/deepseek-v4-pro-0813,off,,,Ministero delle infrastrutture e della mobilità sostenibili,,impegno,D81E20000410007,True,definitivo,,2,aggregato,7400,7,2034,3858873.28,1929436.64,"3.858.873,28",quota,assegnazione,impegnato,2034,"Allegato 1 / [TABELLA pag.4 n.1], riga 3","Comune di Torino | C11B21008720001 D81E20000410007 | 7400/PG 7 | ... | 3.858.873,28",Decreto del Ministro delle infrastrutture e della mobilità sostenibili n. 464 del 22 novembre 2021,alta,,Importo unico per due CUP; l'atto non ripartisce
2022 DDG 128 del 02-05-22.pdf,deepseek/deepseek-v4-pro-0813,off,,,Ministero delle infrastrutture e della mobilità sostenibili,,impegno,C81B21013200005,True,definitivo,,1,singolo,7400,7,,333059208.74,333059208.74,"333.059.208,74",totale,assegnazione,impegnato,Totale,"Allegato 1 / [TABELLA pag.4 n.1], riga 4","Comune di Brescia | C81B21013200005 | 7400/PG 7 | ... | 333.059.208,74",Decreto del Ministro delle infrastrutture e della mobilità sostenibili n. 464 del 22 novembre 2021,alta,,
2022 DDG 128 del 02-05-22.pdf,deepseek/deepseek-v4-pro-0813,off,,,Ministero delle infrastrutture e della mobilità sostenibili,,impegno,C81B21013200005,True,definitivo,,1,singolo,7400,7,2020,525185.84,525185.84,"525.185,84",quota,assegnazione,impegnato,2020,"Allegato 1 / [TABELLA pag.4 n.1], riga 4","Comune di Brescia | C81B21013200005 | 7400/PG 7 | 525.185,84 | ...",Decreto del Ministro delle infrastrutture e della mobilità sostenibili n. 464 del 22 novembre 2021,alta,,
2022 DDG 128 del 02-05-22.pdf,deepseek/deepseek-v4-pro-0813,off,,,Ministero delle infrastrutture e della mobilità sostenibili,,impegno,C81B21013200005,True,definitivo,,1,singolo,7400,7,2021,1050371.69,1050371.69,"1.050.371,69",quota,assegnazione,impegnato,2021,"Allegato 1 / [TABELLA pag.4 n.1], riga 4","Comune di Brescia | C81B21013200005 | 7400/PG 7 | ... | 1.050.371,69 | ...",Decreto del Ministro delle infrastrutture e della mobilità sostenibili n. 464 del 22 novembre 2021,alta,,
2022 DDG 128 del 02-05-22.pdf,deepseek/deepseek-v4-pro-0813,off,,,Ministero delle infrastrutture e della mobilità sostenibili,,impegno,C81B21013200005,True,definitivo,,1,singolo,7400,7,2022,2100743.39,2100743.39,"2.100.743,39",quota,assegnazione,impegnato,2022,"Allegato 1 / [TABELLA pag.4 n.1], riga 4","Comune di Brescia | C81B21013200005 | 7400/PG 7 | ... | 2.100.743,39 | ...",Decreto del Ministro delle infrastrutture e della mobilità sostenibili n. 464 del 22 novembre 2021,alta,,
2022 DDG 128 del 02-05-22.pdf,deepseek/deepseek-v4-pro-0813,off,,,Ministero delle infrastrutture e della mobilità sostenibili,,impegno,C81B21013200005,True,definitivo,,1,singolo,7400,7,2023,4464079.69,4464079.69,"4.464.079,69",quota,assegnazione,impegnato,2023,"Allegato 1 / [TABELLA pag.4 n.1], riga 4","Comune di Brescia | C81B21013200005 | 7400/PG 7 | ... | 4.464.079,69 | ...",Decreto del Ministro delle infrastrutture e della mobilità sostenibili n. 464 del 22 novembre 2021,alta,,
2022 DDG 128 del 02-05-22.pdf,deepseek/deepseek-v4-pro-0813,off,,,Ministero delle infrastrutture e della mobilità sostenibili,,impegno,C81B21013200005,True,definitivo,,1,singolo,7400,7,2024,5777044.31,5777044.31,"5.777.044,31",quota,assegnazione,impegnato,2024,"Allegato 1 / [TABELLA pag.4 n.1], riga 4","Comune di Brescia | C81B21013200005 | 7400/PG 7 | ... | 5.777.044,31 | ...",Decreto del Ministro delle infrastrutture e della mobilità sostenibili n. 464 del 22 novembre 2021,alta,,
2022 DDG 128 del 02-05-22.pdf,deepseek/deepseek-v4-pro-0813,off,,,Ministero delle infrastrutture e della mobilità sostenibili,,impegno,C81B21013200005,True,definitivo,,1,singolo,7400,7,2025,23895956.0,23895956.0,"23.895.956,00",quota,assegnazione,impegnato,2025,"Allegato 1 / [TABELLA pag.4 n.1], riga 4","Comune di Brescia | C81B21013200005 | 7400/PG 7 | ... | 23.895.956,00 | ...",Decreto del Ministro delle infrastrutture e della mobilità sostenibili n. 464 del 22 novembre 2021,alta,,
2022 DDG 128 del 02-05-22.pdf,deepseek/deepseek-v4-pro-0813,off,,,Ministero delle infrastrutture e della mobilità sostenibili,,impegno,C81B21013200005,True,definitivo,,1,singolo,7400,7,2026,29935593.23,29935593.23,"29.935.593,23",quota,assegnazione,impegnato,2026,"Allegato 1 / [TABELLA pag.4 n.1], riga 4","Comune di Brescia | C81B21013200005 | 7400/PG 7 | ... | 29.935.593,23 | ...",Decreto del Ministro delle infrastrutture e della mobilità sostenibili n. 464 del 22 novembre 2021,alta,,
2022 DDG 128 del 02-05-22.pdf,deepseek/deepseek-v4-pro-0813,off,,,Ministero delle infrastrutture e della mobilità sostenibili,,impegno,C81B21013200005,True,definitivo,,1,singolo,7400,7,2027,36329205.71,36329205.71,"36.329.205,71",quota,assegnazione,impegnato,2027,"Allegato 1 / [TABELLA pag.4 n.1], riga 4","Comune di Brescia | C81B21013200005 | 7400/PG 7 | ... | 36.329.205,71 | ...",Decreto del Ministro delle infrastrutture e della mobilità sostenibili n. 464 del 22 novembre 2021,alta,,
2022 DDG 128 del 02-05-22.pdf,deepseek/deepseek-v4-pro-0813,off,,,Ministero delle infrastrutture e della mobilità sostenibili,,impegno,C81B21013200005,True,definitivo,,1,singolo,7400,7,2028,37813380.92,37813380.92,"37.813.380,92",quota,assegnazione,impegnato,2028,"Allegato 1 / [TABELLA pag.4 n.1], riga 4","Comune di Brescia | C81B21013200005 | 7400/PG 7 | ... | 37.813.380,92 | ...",Decreto del Ministro delle infrastrutture e della mobilità sostenibili n. 464 del 22 novembre 2021,alta,,
2022 DDG 128 del 02-05-22.pdf,deepseek/deepseek-v4-pro-0813,off,,,Ministero delle infrastrutture e della mobilità sostenibili,,impegno,C81B21013200005,True,definitivo,,1,singolo,7400,7,2029,42014867.68,42014867.68,"42.014.867,68",quota,assegnazione,impegnato,2029,"Allegato 1 / [TABELLA pag.4 n.1], riga 4","Comune di Brescia | C81B21013200005 | 7400/PG 7 | ... | 42.014.867,68 | ...",Decreto del Ministro delle infrastrutture e della mobilità sostenibili n. 464 del 22 novembre 2021,alta,,
2022 DDG 128 del 02-05-22.pdf,deepseek/deepseek-v4-pro-0813,off,,,Ministero delle infrastrutture e della mobilità sostenibili,,impegno,C81B21013200005,True,definitivo,,1,singolo,7400,7,2030,42014867.68,42014867.68,"42.014.867,68",quota,assegnazione,impegnato,2030,"Allegato 1 / [TABELLA pag.4 n.1], riga 4","Comune di Brescia | C81B21013200005 | 7400/PG 7 | ... | 42.014.867,68 | ...",Decreto del Ministro delle infrastrutture e della mobilità sostenibili n. 464 del 22 novembre 2021,alta,,
2022 DDG 128 del 02-05-22.pdf,deepseek/deepseek-v4-pro-0813,off,,,Ministero delle infrastrutture e della mobilità sostenibili,,impegno,C81B21013200005,True,definitivo,,1,singolo,7400,7,2031,26259292.3,26259292.3,"26.259.292,30",quota,assegnazione,impegnato,2031,"Allegato 1 / [TABELLA pag.4 n.1], riga 4","Comune di Brescia | C81B21013200005 | 7400/PG 7 | ... | 26.259.292,30 | ...",Decreto del Ministro delle infrastrutture e della mobilità sostenibili n. 464 del 22 novembre 2021,alta,,
2022 DDG 128 del 02-05-22.pdf,deepseek/deepseek-v4-pro-0813,off,,,Ministero delle infrastrutture e della mobilità sostenibili,,impegno,C81B21013200005,True,definitivo,,1,singolo,7400,7,2032,25734106.46,25734106.46,"25.734.106,46",quota,assegnazione,impegnato,2032,"Allegato 1 / [TABELLA pag.4 n.1], riga 4","Comune di Brescia | C81B21013200005 | 7400/PG 7 | ... | 25.734.106,46 | ...",Decreto del Ministro delle infrastrutture e della mobilità sostenibili n. 464 del 22 novembre 2021,alta,,
2022 DDG 128 del 02-05-22.pdf,deepseek/deepseek-v4-pro-0813,off,,,Ministero delle infrastrutture e della mobilità sostenibili,,impegno,C81B21013200005,True,definitivo,,1,singolo,7400,7,2033,26259292.3,26259292.3,"26.259.292,30",quota,assegnazione,impegnato,2033,"Allegato 1 / [TABELLA pag.4 n.1], riga 4","Comune di Brescia | C81B21013200005 | 7400/PG 7 | ... | 26.259.292,30 | ...",Decreto del Ministro delle infrastrutture e della mobilità sostenibili n. 464 del 22 novembre 2021,alta,,
2022 DDG 128 del 02-05-22.pdf,deepseek/deepseek-v4-pro-0813,off,,,Ministero delle infrastrutture e della mobilità sostenibili,,impegno,C81B21013200005,True,definitivo,,1,singolo,7400,7,2034,28885221.54,28885221.54,"28.885.221,54",quota,assegnazione,impegnato,2034,"Allegato 1 / [TABELLA pag.4 n.1], riga 4","Comune di Brescia | C81B21013200005 | 7400/PG 7 | ... | 28.885.221,54",Decreto del Ministro delle infrastrutture e della mobilità sostenibili n. 464 del 22 novembre 2021,alta,,
2022 DDG 128 del 02-05-22.pdf,deepseek/deepseek-v4-pro-0813,off,,,Ministero delle infrastrutture e della mobilità sostenibili,,impegno,C81B21013200005,True,definitivo,,1,singolo,7400,1,,26486678.33,26486678.33,"26.486.678,33",totale,assegnazione,impegnato,Totale,"Allegato 1 / [TABELLA pag.4 n.1], riga 5","Comune di Brescia | C81B21013200005 | 7400/PG 1 | ... | 26.486.678,33",Decreto del Ministro delle infrastrutture e della mobilità sostenibili n. 464 del 22 novembre 2021,alta,,
2022 DDG 128 del 02-05-22.pdf,deepseek/deepseek-v4-pro-0813,off,,,Ministero delle infrastrutture e della mobilità sostenibili,,impegno,C81B21013200005,True,definitivo,,1,singolo,7400,1,2029,4414446.39,4414446.39,"4.414.446,39",quota,assegnazione,impegnato,2029,"Allegato 1 / [TABELLA pag.4 n.1], riga 5","Comune di Brescia | C81B21013200005 | 7400/PG 1 | 4.414.446,39 | ...",Decreto del Ministro delle infrastrutture e della mobilità sostenibili n. 464 del 22 novembre 2021,alta,,
2022 DDG 128 del 02-05-22.pdf,deepseek/deepseek-v4-pro-0813,off,,,Ministero delle infrastrutture e della mobilità sostenibili,,impegno,C81B21013200005,True,definitivo,,1,singolo,7400,1,2030,4414446.39,4414446.39,"4.414.446,39",quota,assegnazione,impegnato,2030,"Allegato 1 / [TABELLA pag.4 n.1], riga 5","Comune di Brescia | C81B21013200005 | 7400/PG 1 | ... | 4.414.446,39 | ...",Decreto del Ministro delle infrastrutture e della mobilità sostenibili n. 464 del 22 novembre 2021,alta,,
2022 DDG 128 del 02-05-22.pdf,deepseek/deepseek-v4-pro-0813,off,,,Ministero delle infrastrutture e della mobilità sostenibili,,impegno,C81B21013200005,True,definitivo,,1,singolo,7400,1,2031,4414446.39,4414446.39,"4.414.446,39",quota,assegnazione,impegnato,2031,"Allegato 1 / [TABELLA pag.4 n.1], riga 5","Comune di Brescia | C81B21013200005 | 7400/PG 1 | ... | 4.414.446,39 | ...",Decreto del Ministro delle infrastrutture e della mobilità sostenibili n. 464 del 22 novembre 2021,alta,,
2022 DDG 128 del 02-05-22.pdf,deepseek/deepseek-v4-pro-0813,off,,,Ministero delle infrastrutture e della mobilità sostenibili,,impegno,C81B21013200005,True,definitivo,,1,singolo,7400,1,2032,4414446.39,4414446.39,"4.414.446,39",quota,assegnazione,impegnato,2032,"Allegato 1 / [TABELLA pag.4 n.1], riga 5","Comune di Brescia | C81B21013200005 | 7400/PG 1 | ... | 4.414.446,39 | ...",Decreto del Ministro delle infrastrutture e della mobilità sostenibili n. 464 del 22 novembre 2021,alta,,
2022 DDG 128 del 02-05-22.pdf,deepseek/deepseek-v4-pro-0813,off,,,Ministero delle infrastrutture e della mobilità sostenibili,,impegno,C81B21013200005,True,definitivo,,1,singolo,7400,1,2033,4414446.39,4414446.39,"4.414.446,39",quota,assegnazione,impegnato,2033,"Allegato 1 / [TABELLA pag.4 n.1], riga 5","Comune di Brescia | C81B21013200005 | 7400/PG 1 | ... | 4.414.446,39 | ...",Decreto del Ministro delle infrastrutture e della mobilità sostenibili n. 464 del 22 novembre 2021,alta,,
2022 DDG 128 del 02-05-22.pdf,deepseek/deepseek-v4-pro-0813,off,,,Ministero delle infrastrutture e della mobilità sostenibili,,impegno,C81B21013200005,True,definitivo,,1,singolo,7400,1,2034,4414446.38,4414446.38,"4.414.446,38",quota,assegnazione,impegnato,2034,"Allegato 1 / [TABELLA pag.4 n.1], riga 5","Comune di Brescia | C81B21013200005 | 7400/PG 1 | ... | 4.414.446,38",Decreto del Ministro delle infrastrutture e della mobilità sostenibili n. 464 del 22 novembre 2021,alta,,
2022 DI Mims Mef 97 20.04.2022.pdf,deepseek/deepseek-v4-pro-0813,off,,,Ministero delle Infrastrutture e della Mobilità Sostenibili,Ministero dell'Economia e delle Finanze,assegnazione,B39J22001360001,True,definitivo,,1,singolo,7400,8,,398000000.0,398000000.0,"398.000.000,00",totale,assegnazione,assegnato,FINANZIAMENTO AMMESSO,"art. 1, comma 1, lettera a); Allegato 1 / [TABELLA pag.10 n.1], riga 1","SKYMETRO VAL BISAGNO GENOVA | COMUNE DI GENOVA | B39J22001360001 | PFTE | 31.03.2023 | 30.06.2025 | 31.12.2027 | 398.000.000,00 | --- | 398.000.000,00",,alta,,
2022 DI Mims Mef 97 20.04.2022.pdf,deepseek/deepseek-v4-pro-0813,off,,,Ministero delle Infrastrutture e della Mobilità Sostenibili,Ministero dell'Economia e delle Finanze,assegnazione,B31F20000030005,True,definitivo,,1,singolo,7400,8,,20860000.0,20860000.0,"20.860.000,00",totale,assegnazione,assegnato,FINANZIAMENTO AMMESSO,"art. 1, comma 1, lettera a); Allegato 1 / [TABELLA pag.10 n.1], riga 2","PROLUNGAMENTO METROPOLITANA DI GENOVA DA BRIN A CANEPARI. OPERE DI ADEGUAMENTO IDRAULICO DEL TRATTO TOMBINATO DI VALLE DEL RIO MALTEMPO, AFFLUENTE DEL TORRENTE POLCEVERA | COMUNE DI GENOVA | B31F20000030005 | PFTE | 31.03.2023 | 31.12.2023 | 30.09.2024 | 20.860.000,00 | --- | 20.860.000,00",,alta,,
2022 DI Mims Mef 97 20.04.2022.pdf,deepseek/deepseek-v4-pro-0813,off,,,Ministero delle Infrastrutture e della Mobilità Sostenibili,Ministero dell'Economia e delle Finanze,assegnazione,B44D20000040001,True,definitivo,,1,singolo,7400,8,,180000000.0,180000000.0,"180.000.000,00",totale,assegnazione,assegnato,FINANZIAMENTO AMMESSO,"art. 1, comma 1, lettera a); Allegato 1 / [TABELLA pag.10 n.1], riga 3","LINEA METROPOLITANA M1 PROLUNGAMENTO QUARTIERE BAGGIO – OLMI - VALSESIA | COMUNE DI MILANO | B44D20000040001 | PROGETTO DEFINITIVO | 31.12.2022 | 31.12.2025 | 31.12.2027 | 398.000.000,00 | 218.000.000,00 | 180.000.000,00",,alta,,"Il costo totale dell'intervento è 398.000.000,00; il cofinanziamento disponibile è 218.000.000,00; il finanziamento ammesso è 180.000.000,00."
2022 DI Mims Mef 97 20.04.2022.pdf,deepseek/deepseek-v4-pro-0813,off,,,Ministero delle Infrastrutture e della Mobilità Sostenibili,Ministero dell'Economia e delle Finanze,assegnazione,B91J21000040001,True,definitivo,,1,singolo,7400,8,,420000000.0,420000000.0,"420.000.000,00",totale,assegnazione,assegnato,FINANZIAMENTO AMMESSO,"art. 1, comma 1, lettera a); Allegato 1 / [TABELLA pag.10 n.1], riga 4","PROLUNGAMENTO LINEA METROPOLITANA M4 DA AEROPORTO LINATE A SEGRATE | COMUNE DI MILANO | B91J21000040001 | PFTE | 31.12.2025 | 31.12.2028 | 31.12.2030 | 420.000.000,00 | --- | 420.000.000,00",,alta,,
2022 DI Mims Mef 97 20.04.2022.pdf,deepseek/deepseek-v4-pro-0813,off,,,Ministero delle Infrastrutture e della Mobilità Sostenibili,Ministero dell'Economia e delle Finanze,assegnazione,B41J21000050006,True,definitivo,,1,singolo,7400,8,,4500000.0,4500000.0,"4.500.000,00",totale,assegnazione,assegnato,FINANZIAMENTO AMMESSO,"art. 1, comma 1, lettera a); Allegato 1 / [TABELLA pag.10 n.1], riga 5","NUOVA LINEA METROPOLITANA M6 RAMO SUD (PFTE) | COMUNE DI MILANO | B41J21000050006 | --- | 31.03.2023 | 30.06.2024 | 31.12.2025 | 4.500.000,00 | --- | 4.500.000,00",,alta,,
2022 DI Mims Mef 97 20.04.2022.pdf,deepseek/deepseek-v4-pro-0813,off,,,Ministero delle Infrastrutture e della Mobilità Sostenibili,Ministero dell'Economia e delle Finanze,assegnazione,B41C21000010001,True,definitivo,,1,singolo,7400,8,,5500000.0,5500000.0,"5.500.000,00",totale,assegnazione,assegnato,FINANZIAMENTO AMMESSO,"art. 1, comma 1, lettera a); Allegato 1 / [TABELLA pag.10 n.1], riga 6","PROLUNGAMENTO M3 SAN DONATO M. – ASTA PAULLESE (PFTE) | COMUNE DI MILANO | B41C21000010001 | PFTE – 1° FASE | 31.03.2023 | 30.06.2024 | 31.12.2025 | 5.500.000,00 | --- | 5.500.000,00",,alta,,
2022 DI Mims Mef 97 20.04.2022.pdf,deepseek/deepseek-v4-pro-0813,off,,,Ministero delle Infrastrutture e della Mobilità Sostenibili,Ministero dell'Economia e delle Finanze,assegnazione,F41B22000740009,True,definitivo,F41B22000740009,1,singolo,7400,8,,631373163.0,631373163.0,"631.373.163,00",totale,assegnazione,assegnato,FINANZIAMENTO AMMESSO,"art. 1, comma 1, lettera a); Allegato 1 / [TABELLA pag.10 n.1], riga 7","NUOVO COLLEGAMENTO IN SEDE PROPRIA TRA LA STAZIONE AV DI AFRAGOLA E LA RETE METROPOLITANA DI NAPOLI. LOTTO 1°_STRALCIO I | COMUNE DI NAPOLI / EAV Srl | F41B22000740009 (CUP MASTER) | PFTE | 31.03.2023 | 30.06.2025 | 31.12.2027 | 631.373.163,00 | --- | 631.373.163,00",,alta,,"Il CUP indicato è un CUP Master; il beneficiario dell'importo è il CUP dell'intervento, che coincide con il Master in questo caso."
2022 DI Mims Mef 97 20.04.2022.pdf,deepseek/deepseek-v4-pro-0813,off,,,Ministero delle Infrastrutture e della Mobilità Sostenibili,Ministero dell'Economia e delle Finanze,assegnazione,F41B22000830009,True,definitivo,,1,singolo,7400,8,,163500824.0,163500824.0,"163.500.824,00",totale,assegnazione,assegnato,FINANZIAMENTO AMMESSO,"art. 1, comma 1, lettera a); Allegato 1 / [TABELLA pag.10 n.1], riga 8","NUOVO COLLEGAMENTO IN SEDE PROPRIA TRA LA STAZIONE AV DI AFRAGOLA E LA RETE METROPOLITANA DI NAPOLI. LOTTO 1°_STRALCIO II | COMUNE DI NAPOLI / EAV Srl | F41B22000830009 | PFTE | 31.03.2026 | 31.12.2026 | 31.12.2027 | 163.500.824,00 | --- | 163.500.824,00",,alta,,
2022 DI Mims Mef 97 20.04.2022.pdf,deepseek/deepseek-v4-pro-0813,off,,,Ministero delle Infrastrutture e della Mobilità Sostenibili,Ministero dell'Economia e delle Finanze,assegnazione,E51I04000010007,True,definitivo,,1,singolo,7400,8,,610000000.0,610000000.0,"610.000.000,00",totale,assegnazione,assegnato,FINANZIAMENTO AMMESSO,"art. 1, comma 1, lettera a); Allegato 1 / [TABELLA pag.10 n.1], riga 9","LINEA C DELLA METROPOLITANA DI ROMA - SUB-TRATTA FUNZIONALE DA STAZIONE VENEZIA A STAZIONE FORI IMPERIALI | ROMA CAPITALE / ROMA METROPOLITANE Srl | E51I04000010007 | PROGETTO DEFINITIVO | 31.12.2022 | 31.12.2027 | 31.12.2032 | 755.000.000,00 | 145.000.000,00 | 610.000.000,00",,alta,,"Il costo totale dell'intervento è 755.000.000,00; il cofinanziamento disponibile è 145.000.000,00; il finanziamento ammesso è 610.000.000,00."
2022 DI Mims Mef 97 20.04.2022.pdf,deepseek/deepseek-v4-pro-0813,off,,,Ministero delle Infrastrutture e della Mobilità Sostenibili,Ministero dell'Economia e delle Finanze,assegnazione,E51I04000010007,True,definitivo,,1,singolo,7400,8,,990000000.0,990000000.0,"990.000.000,00",totale,assegnazione,assegnato,FINANZIAMENTO AMMESSO,"art. 1, comma 1, lettera a); Allegato 1 / [TABELLA pag.10 n.1], riga 10","LINEA C DELLA METROPOLITANA DI ROMA - TRATTA T2 - LOTTO COSTRUTTIVO PRELIMINARE | ROMA CAPITALE / ROMA METROPOLITANE Srl | E51I04000010007 | PROGETTO PRELIMINARE | 30.06.2023 | 30.09.2024 | 31.12.2026 | 990.000.000,00 | --- | 990.000.000,00",,alta,,Lo stesso CUP E51I04000010007 compare per due interventi distinti (sub-tratta funzionale e tratta T2). Si producono due record separati come da regola R4.
2022 DI Mims Mef 97 20.04.2022.pdf,deepseek/deepseek-v4-pro-0813,off,,,Ministero delle Infrastrutture e della Mobilità Sostenibili,Ministero dell'Economia e delle Finanze,assegnazione,C71F20000020005,True,definitivo,,1,singolo,7400,8,,1000000000.0,1000000000.0,"1.000.000.000,00",totale,assegnazione,assegnato,FINANZIAMENTO AMMESSO,"art. 1, comma 1, lettera a); Allegato 1 / [TABELLA pag.10 n.1], riga 11","METROPOLITANA AUTOMATICA DI TORINO – LINEA 2 – TRATTA “POLITECNICO – REBAUDENGO” | COMUNE DI TORINO | C71F20000020005 | PROGETTO DEFINITIVO | 31.12.2023 | 30.06.2028 | 31.12.2031 | 1.800.000.000,00 | 800.000.000,00 | 1.000.000.000,00",,alta,,"Il costo totale dell'intervento è 1.800.000.000,00; il cofinanziamento disponibile è 800.000.000,00; il finanziamento ammesso è 1.000.000.000,00."
2022 DI Mims Mef 97 20.04.2022.pdf,deepseek/deepseek-v4-pro-0813,off,,,Ministero delle Infrastrutture e della Mobilità Sostenibili,Ministero dell'Economia e delle Finanze,assegnazione,J81B21014060001,True,definitivo,,1,singolo,7400,1,,173183831.97,173183831.97,"173.183.831,97",totale,assegnazione,assegnato,FINANZIAMENTO AMMESSO,"art. 1, comma 1, lettera b); Allegato 2 / [TABELLA pag.12 n.1], riga 1","LINEA TRANVIARIA TERMINI - VATICANO - AURELIO | ROMA CAPITALE | J81B21014060001 | TRANVIA | 293.183.831,97 | 120.000.000,00 | 173.183.831,97",,alta,,"Il costo totale dell'intervento è 293.183.831,97; il cofinanziamento disponibile è 120.000.000,00; il finanziamento ammesso è 173.183.831,97."
2022 DI Mims Mef 97 20.04.2022.pdf,deepseek/deepseek-v4-pro-0813,off,,,Ministero delle Infrastrutture e della Mobilità Sostenibili,Ministero dell'Economia e delle Finanze,assegnazione,J84E21005150001,True,definitivo,,1,singolo,7400,1,,11284217.84,11284217.84,"11.284.217,84",totale,assegnazione,assegnato,FINANZIAMENTO AMMESSO,"art. 1, comma 1, lettera b); Allegato 2 / [TABELLA pag.12 n.1], riga 2","DEPOSITO DI CENTOCELLE EST | ROMA CAPITALE | J84E21005150001 | TRANVIA | 11.284.217,84 | --- | 11.284.217,84",,alta,,
2022 DI Mims Mef 97 20.04.2022.pdf,deepseek/deepseek-v4-pro-0813,off,,,Ministero delle Infrastrutture e della Mobilità Sostenibili,Ministero dell'Economia e delle Finanze,assegnazione,E31J19000030001,True,definitivo,,1,singolo,7400,1,,26500000.0,26500000.0,"26.500.000,00",totale,assegnazione,assegnato,FINANZIAMENTO AMMESSO,"art. 1, comma 1, lettera b); Allegato 2 / [TABELLA pag.12 n.1], riga 3","SISTEMA DI TRASPORTO RAPIDO DI MASSA PER IL COLLEGAMENTO TRA LA STAZIONE FERROVIARIA DI PIACENZA ED IL NUOVO POLO OSPEDALIERO | COMUNE DI PIACENZA | E31J19000030001 | BUSVIA | 26.500.000,00 | --- | 26.500.000,00",,alta,,
2022 DI Mims Mef 97 20.04.2022.pdf,deepseek/deepseek-v4-pro-0813,off,,,Ministero delle Infrastrutture e della Mobilità Sostenibili,Ministero dell'Economia e delle Finanze,assegnazione,F44I19000530001,True,definitivo,,1,singolo,7400,1,,122200000.0,122200000.0,"122.200.000,00",totale,assegnazione,assegnato,FINANZIAMENTO AMMESSO,"art. 1, comma 1, lettera b); Allegato 2 / [TABELLA pag.12 n.1], riga 4","AMPLIAMENTO DEL DEPOSITO GALLARATESE DEI TRENI DELLA LINEA METROPOLITANA 1 | COMUNE DI MILANO | F44I19000530001 | METRO | 122.200.000,00 | --- | 122.200.000,00",,alta,,
2022 DI Mims Mef 97 20.04.2022.pdf,deepseek/deepseek-v4-pro-0813,off,,,Ministero delle Infrastrutture e della Mobilità Sostenibili,Ministero dell'Economia e delle Finanze,assegnazione,C11J22000000001,True,definitivo,,1,singolo,,,,221721410.41,221721410.41,"221.721.410,41",totale,altro,ammissibile,FINANZIAMENTO AMMESSO,"art. 2, comma 1; Allegato 3 / [TABELLA pag.13 n.1], riga 1","PROLUNGAMENTO LINEA TRANVIARIA 12 ALL'ALLIANZ STADIUM E RECUPERO TRINCEA FERROVIA TORINO-CERES | COMUNE DI TORINO | C11J22000000001 | TRANVIA | 221.721.410,41 | --- | 221.721.410,41",,alta,,Intervento ammissibile a finanziamento ma non rientrante nel piano di riparto; sarà finanziato con risorse future.
2022 DI Mims Mef 97 20.04.2022.pdf,deepseek/deepseek-v4-pro-0813,off,,,Ministero delle Infrastrutture e della Mobilità Sostenibili,Ministero dell'Economia e delle Finanze,assegnazione,F47C19000370001,True,definitivo,,4,aggregato,,,,20900000.02,5225000.005,"20.900.000,02",totale,altro,ammissibile,FINANZIAMENTO AMMESSO,"art. 2, comma 1; Allegato 3 / [TABELLA pag.13 n.1], riga 2","METROPOLITANA LINEA M3: INTERVENTI DI ADEGUAMENTO ANTINCENDIO AI SENSI DEL DM 21.10.2015 | COMUNE DI MILANO | F47C19000370001 F47D17000140005 F47C19000380001 F47C19000390001 | METRO | 25.000.000,02 | 4.100.000,00 | 20.900.000,02",,alta,,Importo unico per quattro CUP; l'atto non ripartisce l'importo tra i CUP.
2022 DI Mims Mef 97 20.04.2022.pdf,deepseek/deepseek-v4-pro-0813,off,,,Ministero delle Infrastrutture e della Mobilità Sostenibili,Ministero dell'Economia e delle Finanze,assegnazione,F47D17000140005,True,definitivo,,4,aggregato,,,,20900000.02,5225000.005,"20.900.000,02",totale,altro,ammissibile,FINANZIAMENTO AMMESSO,"art. 2, comma 1; Allegato 3 / [TABELLA pag.13 n.1], riga 2","METROPOLITANA LINEA M3: INTERVENTI DI ADEGUAMENTO ANTINCENDIO AI SENSI DEL DM 21.10.2015 | COMUNE DI MILANO | F47C19000370001 F47D17000140005 F47C19000380001 F47C19000390001 | METRO | 25.000.000,02 | 4.100.000,00 | 20.900.000,02",,alta,,Importo unico per quattro CUP; l'atto non ripartisce l'importo tra i CUP.
2022 DI Mims Mef 97 20.04.2022.pdf,deepseek/deepseek-v4-pro-0813,off,,,Ministero delle Infrastrutture e della Mobilità Sostenibili,Ministero dell'Economia e delle Finanze,assegnazione,F47C19000380001,True,definitivo,,4,aggregato,,,,20900000.02,5225000.005,"20.900.000,02",totale,altro,ammissibile,FINANZIAMENTO AMMESSO,"art. 2, comma 1; Allegato 3 / [TABELLA pag.13 n.1], riga 2","METROPOLITANA LINEA M3: INTERVENTI DI ADEGUAMENTO ANTINCENDIO AI SENSI DEL DM 21.10.2015 | COMUNE DI MILANO | F47C19000370001 F47D17000140005 F47C19000380001 F47C19000390001 | METRO | 25.000.000,02 | 4.100.000,00 | 20.900.000,02",,alta,,Importo unico per quattro CUP; l'atto non ripartisce l'importo tra i CUP.
2022 DI Mims Mef 97 20.04.2022.pdf,deepseek/deepseek-v4-pro-0813,off,,,Ministero delle Infrastrutture e della Mobilità Sostenibili,Ministero dell'Economia e delle Finanze,assegnazione,F47C19000390001,True,definitivo,,4,aggregato,,,,20900000.02,5225000.005,"20.900.000,02",totale,altro,ammissibile,FINANZIAMENTO AMMESSO,"art. 2, comma 1; Allegato 3 / [TABELLA pag.13 n.1], riga 2","METROPOLITANA LINEA M3: INTERVENTI DI ADEGUAMENTO ANTINCENDIO AI SENSI DEL DM 21.10.2015 | COMUNE DI MILANO | F47C19000370001 F47D17000140005 F47C19000380001 F47C19000390001 | METRO | 25.000.000,02 | 4.100.000,00 | 20.900.000,02",,alta,,Importo unico per quattro CUP; l'atto non ripartisce l'importo tra i CUP.
2022 DI Mims Mef 97 20.04.2022.pdf,deepseek/deepseek-v4-pro-0813,off,,,Ministero delle Infrastrutture e della Mobilità Sostenibili,Ministero dell'Economia e delle Finanze,assegnazione,F47C19000350001,True,definitivo,,2,aggregato,,,,45000000.07,22500000.035,"45.000.000,07",totale,altro,ammissibile,FINANZIAMENTO AMMESSO,"art. 2, comma 1; Allegato 3 / [TABELLA pag.13 n.1], riga 3","METROPOLITANA LINEE M1 + M2 - INTERVENTI DI ADEGUAMENTO ANTINCENDIO AI SENSI DEL DM 21.10.2015 FASE 2 | COMUNE DI MILANO | F47C19000350001 F47C19000360001 | METRO | 45.000.000,07 | --- | 45.000.000,07",,alta,,Importo unico per due CUP; l'atto non ripartisce l'importo tra i CUP.
2022 DI Mims Mef 97 20.04.2022.pdf,deepseek/deepseek-v4-pro-0813,off,,,Ministero delle Infrastrutture e della Mobilità Sostenibili,Ministero dell'Economia e delle Finanze,assegnazione,F47C19000360001,True,definitivo,,2,aggregato,,,,45000000.07,22500000.035,"45.000.000,07",totale,altro,ammissibile,FINANZIAMENTO AMMESSO,"art. 2, comma 1; Allegato 3 / [TABELLA pag.13 n.1], riga 3","METROPOLITANA LINEE M1 + M2 - INTERVENTI DI ADEGUAMENTO ANTINCENDIO AI SENSI DEL DM 21.10.2015 FASE 2 | COMUNE DI MILANO | F47C19000350001 F47C19000360001 | METRO | 45.000.000,07 | --- | 45.000.000,07",,alta,,Importo unico per due CUP; l'atto non ripartisce l'importo tra i CUP.
2022 DI Mims Mef 97 20.04.2022.pdf,deepseek/deepseek-v4-pro-0813,off,,,Ministero delle Infrastrutture e della Mobilità Sostenibili,Ministero dell'Economia e delle Finanze,assegnazione,B34J18000220001,True,definitivo,,2,aggregato,,,,74516124.63,37258062.315,"74.516.124,63",totale,altro,ammissibile,FINANZIAMENTO AMMESSO,"art. 2, comma 1; Allegato 3 / [TABELLA pag.13 n.1], riga 4","LINEA METROPOLITANA: PROLUNGAMENTO A RIVAROLO E COMPLETAMENTO DELLA STAZIONE DI MARTINEZ / TERRALBA | COMUNE DI GENOVA | B34J18000220001 B34J18000230001 | METRO | 74.516.124,63 | --- | 74.516.124,63",,alta,,Importo unico per due CUP; l'atto non ripartisce l'importo tra i CUP.
2022 DI Mims Mef 97 20.04.2022.pdf,deepseek/deepseek-v4-pro-0813,off,,,Ministero delle Infrastrutture e della Mobilità Sostenibili,Ministero dell'Economia e delle Finanze,assegnazione,B34J18000230001,True,definitivo,,2,aggregato,,,,74516124.63,37258062.315,"74.516.124,63",totale,altro,ammissibile,FINANZIAMENTO AMMESSO,"art. 2, comma 1; Allegato 3 / [TABELLA pag.13 n.1], riga 4","LINEA METROPOLITANA: PROLUNGAMENTO A RIVAROLO E COMPLETAMENTO DELLA STAZIONE DI MARTINEZ / TERRALBA | COMUNE DI GENOVA | B34J18000220001 B34J18000230001 | METRO | 74.516.124,63 | --- | 74.516.124,63",,alta,,Importo unico per due CUP; l'atto non ripartisce l'importo tra i CUP.
2023 DM MIT 342-2023.pdf,deepseek/deepseek-v4-pro-0813,off,,,Ministero delle Infrastrutture e dei Trasporti,,rettifica,,False,,,0,singolo,7150,4,2033,217585.0,217585.0,217.585,quota,rimodulazione,rimodulato,,"art. 1, comma 1; Allegato 3 / [TABELLA pag.11 n.1], riga 2033, colonna VENETO","assegna, per l’annualità 2033, alla Regione Veneto risorse pari a 217.585 euro, in luogo dei precedenti 117.585 euro","decreto del Ministro delle infrastrutture e della mobilità sostenibili del 23 settembre 2021, n. 364",alta,,"Valore originario 117.585 euro nel decreto n. 364/2021, Allegato 3."
2023 DM MIT 342-2023.pdf,deepseek/deepseek-v4-pro-0813,off,,,Ministero delle Infrastrutture e dei Trasporti,,rettifica,,False,,,0,singolo,7150,4,2033,690994.0,690994.0,690.994,quota,rimodulazione,rimodulato,,"art. 1, comma 1; Allegato 3 / [TABELLA pag.11 n.1], riga 2033, colonna EMILIA ROMAGNA","alla Regione Emilia Romagna risorse pari a 690.994 euro, in luogo dei precedenti 790.994 euro","decreto del Ministro delle infrastrutture e della mobilità sostenibili del 23 settembre 2021, n. 364",alta,,"Valore originario 790.994 euro nel decreto n. 364/2021, Allegato 3."
2023 DM MIT 342-2023.pdf,deepseek/deepseek-v4-pro-0813,off,,,Ministero delle Infrastrutture e dei Trasporti,,rettifica,,False,,,0,singolo,7150,4,2032,125266.0,125266.0,125.266,quota,rimodulazione,rimodulato,,"art. 1, comma 1; Allegato 3 / [TABELLA pag.11 n.1], riga 2032, colonna VENETO","per l’annualità 2032, assegna alla Regione Veneto risorse pari a 125.266 euro, in luogo dei precedenti 125.268 euro","decreto del Ministro delle infrastrutture e della mobilità sostenibili del 23 settembre 2021, n. 364",alta,,"Valore originario 125.268 euro nel decreto n. 364/2021, Allegato 3."
2023 DM MIT 342-2023.pdf,deepseek/deepseek-v4-pro-0813,off,,,Ministero delle Infrastrutture e dei Trasporti,,rettifica,,False,,,0,singolo,7150,4,2032,842682.0,842682.0,842.682,quota,rimodulazione,rimodulato,,"art. 1, comma 1; Allegato 3 / [TABELLA pag.11 n.1], riga 2032, colonna EMILIA ROMAGNA","alla Regione Emilia Romagna risorse pari a 842.682 euro, in luogo dei precedenti 842.680 euro","decreto del Ministro delle infrastrutture e della mobilità sostenibili del 23 settembre 2021, n. 364",alta,,"Valore originario 842.680 euro nel decreto n. 364/2021, Allegato 3."
2023 DM MIT 342-2023.pdf,deepseek/deepseek-v4-pro-0813,off,,,Ministero delle Infrastrutture e dei Trasporti,,rettifica,H49J21005480003,True,definitivo,,1,singolo,7150,3,,47725.0,47725.0,"47.725,00",totale,assegnazione,assegnato,IMPORTO AMMASSO A FINANZIAMENTO CENTRO - NORD - POTENZIAMENTO,"Allegato 1 / [TABELLA pag.4 n.1], riga 5","INTERSCAMBIO SANT'OLCESE TULLO | STAZIONE DI SANT'OLCESE TULLO REALIZZAZIONE DI PARCHEGGIO INTERSCAMBIO PER AUTO E BICICLETTE SISTEMAZIONE AREA | 47.725,00 | 0,00 | 47.725,00 | | H49J21005480003",,alta,,
2023 DM MIT 342-2023.pdf,deepseek/deepseek-v4-pro-0813,off,,,Ministero delle Infrastrutture e dei Trasporti,,rettifica,C75B23000000001,True,definitivo,,1,singolo,7150,3,,10543255.0,10543255.0,"10.543.255,00",totale,assegnazione,assegnato,IMPORTO AMMASSO A FINANZIAMENTO CENTRO - NORD - POTENZIAMENTO,"Allegato 1 / [TABELLA pag.4 n.1], riga 10","RINNOVO, POTENZIAMENTO E MESSA IN SICUREZZA DELLE TRATTE PIÙ AMMALORATE DELLA LINEA DI CONTATTO DELLA FERROVIA ROMA – VITERBO NELLA TRATTA CATALANO – VITERBO | 10.543.255,00 | 0,00 | 10.543.255,00 | | C75B23000000001",,alta,,
2023 DM MIT 342-2023.pdf,deepseek/deepseek-v4-pro-0813,off,,,Ministero delle Infrastrutture e dei Trasporti,,rettifica,C71G22000090001,True,definitivo,,1,singolo,7150,3,,7000000.0,7000000.0,"7.000.000,00",totale,assegnazione,assegnato,IMPORTO AMMASSO A FINANZIAMENTO CENTRO - NORD - POTENZIAMENTO,"Allegato 1 / [TABELLA pag.4 n.1], riga 11","POTENZIAMENTO DEL SISTEMA DI ALIMENTAZIONE ELETTRICA DELLA LINEA ROMA-VITERBO (SSE E DOTE) | 7.000.000,00 | 0,00 | 7.000.000,00 | | C71G22000090001",,alta,,
2023 DM MIT 342-2023.pdf,deepseek/deepseek-v4-pro-0813,off,,,Ministero delle Infrastrutture e dei Trasporti,,rettifica,E51B21002250001,True,definitivo,,1,singolo,7150,3,,20000000.0,20000000.0,"20.000.000,00",totale,assegnazione,assegnato,IMPORTO AMMASSO A FINANZIAMENTO CENTRO - NORD - POTENZIAMENTO,"Allegato 1 / [TABELLA pag.4 n.1], riga 12","INTERVENTI SULLA RETE PER STABILIZZAZIONE ORARIO: RADDOPPIO SELETTIVO VARESE - LAVENO E SISTEMAZIONI INCROCI (GEMONIO E CITTIGLIO) | 20.000.000,00 | 0,00 | 20.000.000,00 | | E51B21002250001",,alta,,
2023 DM MIT 342-2023.pdf,deepseek/deepseek-v4-pro-0813,off,,,Ministero delle Infrastrutture e dei Trasporti,,rettifica,B41E04000210001,True,definitivo,,1,singolo,7150,3,,50000000.0,50000000.0,"50.000.000,00",totale,assegnazione,assegnato,IMPORTO AMMASSO A FINANZIAMENTO SUD POTENZIAMENTO,"Allegato 1 / [TABELLA pag.5 n.1], riga 1","LINEA 1 DELLA METROPOLITANA DI NAPOLI – TRATTA CDN –CAPODICHINO. OPERE COMPLEMENTARI PER L’IMPERMEABILIZZAZIONE DELLA ADIACENTE GALLERIA CIRCUMVESUVIANA COMPLETAMENTO | 50.000.000,00 | 50.000.000,00 | 100.000.000,00 | | B41E04000210001",,alta,,
2023 DM MIT 342-2023.pdf,deepseek/deepseek-v4-pro-0813,off,,,Ministero delle Infrastrutture e dei Trasporti,,rettifica,F61B21003640009,True,definitivo,,1,singolo,7150,3,,30000000.0,30000000.0,"30.000.000,00",totale,assegnazione,assegnato,IMPORTO AMMASSO A FINANZIAMENTO SUD POTENZIAMENTO,"Allegato 1 / [TABELLA pag.5 n.1], riga 2","NUOVO TELECOMANDO LINEE FLEGREE CON FORNITURA IN OPERA DI TRE SOTTOSTAZIONI ELETTRICHE ED ADEGUAMENTO TE GALLERIE | 30.000.000,00 | 0,00 | 30.000.000,00 | | F61B21003640009",,alta,,
2023 DM MIT 342-2023.pdf,deepseek/deepseek-v4-pro-0813,off,,,Ministero delle Infrastrutture e dei Trasporti,,rettifica,G31G22000250001,True,definitivo,,1,singolo,7150,3,,2800000.0,2800000.0,"2.800.000,00",totale,assegnazione,assegnato,IMPORTO AMMASSO A FINANZIAMENTO SUD POTENZIAMENTO,"Allegato 1 / [TABELLA pag.5 n.1], riga 3","RIFACIMENTO PENSILINA BARI CENTRALE | 2.800.000,00 | 0,00 | 2.800.000,00 | | G31G22000250001",,alta,,
2023 DM MIT 342-2023.pdf,deepseek/deepseek-v4-pro-0813,off,,,Ministero delle Infrastrutture e dei Trasporti,,rettifica,D69D15002090001,True,definitivo,,2,aggregato,7150,3,,50000000.0,25000000.0,"50.000.000,00",totale,assegnazione,assegnato,IMPORTO AMMASSO A FINANZIAMENTO SUD POTENZIAMENTO,"Allegato 1 / [TABELLA pag.5 n.1], riga 4","COMPLETAMENTO ELETTRIFICAZIONE DORSALE SALENTO (TRATTA MAGLIE- OTRANTO E ZOLLINO- GAGLIANO) | 50.000.000,00 | 130.000.000,00 | 180.000.000,00 | | Lotto 4 - D69D15002090001 Lotto 3 - D49D15001920001",,alta,,Importo unico per due lotti/CUP; l'atto non ripartisce.
2023 DM MIT 342-2023.pdf,deepseek/deepseek-v4-pro-0813,off,,,Ministero delle Infrastrutture e dei Trasporti,,rettifica,D49D15001920001,True,definitivo,,2,aggregato,7150,3,,50000000.0,25000000.0,"50.000.000,00",totale,assegnazione,assegnato,IMPORTO AMMASSO A FINANZIAMENTO SUD POTENZIAMENTO,"Allegato 1 / [TABELLA pag.5 n.1], riga 4","COMPLETAMENTO ELETTRIFICAZIONE DORSALE SALENTO (TRATTA MAGLIE- OTRANTO E ZOLLINO- GAGLIANO) | 50.000.000,00 | 130.000.000,00 | 180.000.000,00 | | Lotto 4 - D69D15002090001 Lotto 3 - D49D15001920001",,alta,,Importo unico per due lotti/CUP; l'atto non ripartisce.
2023 DM MIT 342-2023.pdf,deepseek/deepseek-v4-pro-0813,off,,,Ministero delle Infrastrutture e dei Trasporti,,rettifica,G71B18000620005,True,definitivo,,1,singolo,7150,3,,2500000.0,2500000.0,"2.500.000,00",totale,assegnazione,assegnato,IMPORTO AMMASSO A FINANZIAMENTO SUD POTENZIAMENTO,"Allegato 1 / [TABELLA pag.5 n.1], riga 5","REALIZZAZIONE PARCHEGGIO DI INTERSCAMBIO NELLA STAZIONE DI ALTAMURA | 2.500.000,00 | 0,00 | 2.500.000,00 | | G71B18000620005",,alta,,
2023 DM MIT 342-2023.pdf,deepseek/deepseek-v4-pro-0813,off,,,Ministero delle Infrastrutture e dei Trasporti,,rettifica,F81B21005610001,True,definitivo,,1,singolo,7150,3,,18000000.0,18000000.0,"18.000.000,00",totale,assegnazione,assegnato,IMPORTO AMMASSO A FINANZIAMENTO SUD POTENZIAMENTO,"Allegato 1 / [TABELLA pag.6 n.1], riga 1","VARIANTE DI TRACCCIATO, REALIZZAZIONE PUNTI DI INCROCIO E RADDOPPIO TRATTA MONSERRATO SETTIMO/SAN PIETRO | 26.400.000,00 | 0,00 | 26.400.000,00 | | F81B21005610001",,alta,,"L'importo assegnato è 18.000.000,00 (colonna IMPORTO AMMASSO A FINANZIAMENTO SUD POTENZIAMENTO), mentre il totale intervento è 26.400.000,00."
2023 DM MIT 342-2023.pdf,deepseek/deepseek-v4-pro-0813,off,,,Ministero delle Infrastrutture e dei Trasporti,,rettifica,I61B21003020001,True,definitivo,,1,singolo,7150,3,,9900000.0,9900000.0,"9.900.000,00",totale,assegnazione,assegnato,IMPORTO AMMASSO A FINANZIAMENTO SUD POTENZIAMENTO,"Allegato 1 / [TABELLA pag.6 n.1], riga 2","LAVORI DI REALIZZAZIONE DELLA NUOVA STAZIONE FERROVIARIA DI CATANZARO CITTÀ | 9.900.000,00 | 0,00 | 9.900.000,00 | | I61B21003020001",,alta,,
2023 DM MIT 342-2023.pdf,deepseek/deepseek-v4-pro-0813,off,,,Ministero delle Infrastrutture e dei Trasporti,,rettifica,I67H21003160001,True,definitivo,,1,singolo,7150,3,,2900000.0,2900000.0,"2.900.000,00",totale,assegnazione,assegnato,IMPORTO AMMASSO A FINANZIAMENTO SUD POTENZIAMENTO,"Allegato 1 / [TABELLA pag.6 n.1], riga 3","LAVORI DI MIGLIORAMENTO DELLA FRUIBILITÀ DELLA LINEA FERROVIARIA SULLA TRATTA CATANZARO CITTÀ - CATANZARO - CATANZARO LIDO -GERMANETO | 2.900.000,00 | 0,00 | 2.900.000,00 | | I67H21003160001",,alta,,
2023 DM MIT 342-2023.pdf,deepseek/deepseek-v4-pro-0813,off,,,Ministero delle Infrastrutture e dei Trasporti,,rettifica,B89J21020930005,True,definitivo,,1,singolo,7150,3,,1200000.0,1200000.0,"1.200.000,00",totale,assegnazione,assegnato,IMPORTO AMMASSO A FINANZIAMENTO SUD POTENZIAMENTO,"Allegato 1 / [TABELLA pag.6 n.1], riga 4","CREAZIONE POSTO INTERMEDIO LOCALITÀ GUASTACCONCIA NELLA TRATTA FOSSACESIA- SALETTI | 1.200.000,00 | 0,00 | 1.200.000,00 | | B89J21020930005",,alta,,
2023 DM MIT 342-2023.pdf,deepseek/deepseek-v4-pro-0813,off,,,Ministero delle Infrastrutture e dei Trasporti,,rettifica,I57H21005640001,True,definitivo,,1,singolo,7150,4,,1512215.0,1512215.0,"1.512.215,00",totale,assegnazione,assegnato,SICUREZZA (€),"Allegato 2 / [TABELLA pag.7 n.1], riga 1","INTERVENTI STRUTTURALI DI RISANAMENTO PONTE IN C.A. AL KM. 14+355 | 1.512.215,00 | 0,00 | 1.512.215,00 | | I57H21005640001",,alta,,
2023 DM MIT 342-2023.pdf,deepseek/deepseek-v4-pro-0813,off,,,Ministero delle Infrastrutture e dei Trasporti,,rettifica,B19F22013250002,True,definitivo,,1,singolo,7150,4,,2400000.0,2400000.0,"2.400.000,00",totale,assegnazione,assegnato,SICUREZZA (€),"Allegato 2 / [TABELLA pag.7 n.1], riga 2","ELIMINAZIONE DI DUE PASSAGGI A LIVELLO DI TIPO AUTOMATICO UBICATI NELLA STAZIONE DI GIOVI DELLA FERROVIA AREZZO - SINALUNGA | 2.400.000,00 | 0,00 | 2.400.000,00 | | B19F22013250002",,alta,,
2023 DM MIT 342-2023.pdf,deepseek/deepseek-v4-pro-0813,off,,,Ministero delle Infrastrutture e dei Trasporti,,rettifica,C89F23000050001,True,definitivo,,1,singolo,7150,4,,600000.0,600000.0,"600.000,00",totale,assegnazione,assegnato,SICUREZZA (€),"Allegato 2 / [TABELLA pag.7 n.1], riga 3","SOPPRESSIONE DI QUATTRO PASSAGGI A LIVELLO PRIVATI (PLP 39 – PLP 40 – PLP 41 – PLP 42) SULLA TRATTA DELLA LINEA FERROVIARIA PARMA – SUZZARA IN COMUNE DI BRESCELLO (RE) | 600.000,00 | 0,00 | 600.000,00 | | C89F23000050001",,alta,,
2023 DM MIT 342-2023.pdf,deepseek/deepseek-v4-pro-0813,off,,,Ministero delle Infrastrutture e dei Trasporti,,rettifica,C99F23000050001,True,definitivo,,1,singolo,7150,4,,5400000.0,5400000.0,"5.400.000,00",totale,assegnazione,assegnato,SICUREZZA (€),"Allegato 2 / [TABELLA pag.8 n.1], riga 1","LINEA BOLOGNA- PORTOMAGGIORE , SOPPRESSIONE PL IN LOC. CA’ DELL'ORBO A SEGUITO RIALZO LINEA | 5.400.000,00 | 1.600.000,00 | 7.000.000,00 | | C99F23000050001",,alta,,
2023 DM MIT 342-2023.pdf,deepseek/deepseek-v4-pro-0813,off,,,Ministero delle Infrastrutture e dei Trasporti,,rettifica,C56G21008730001,True,definitivo,,1,singolo,7150,4,,3400000.0,3400000.0,"3.400.000,00",totale,assegnazione,assegnato,SICUREZZA (€),"Allegato 2 / [TABELLA pag.8 n.1], riga 2","UPGRADE CON IMPIANTI MULTI‐ ACC | 3.400.000,00 | 0,00 | 3.400.000,00 | | C56G21008730001",,alta,,
2023 DM MIT 342-2023.pdf,deepseek/deepseek-v4-pro-0813,off,,,Ministero delle Infrastrutture e dei Trasporti,,rettifica,F41B21005790009,True,definitivo,,1,singolo,7150,4,,30000000.0,30000000.0,30.000.000,totale,assegnazione,assegnato,SICUREZZA (€),"Allegato 2 / [TABELLA pag.9 n.1], riga 1","SOPPRESSIONE PP.LL. RETE FERROVIARIA EAV | 30.000.000 | € 0,00 | 30.000.000 | | F41B21005790009",,alta,,
2023 DM MIT 342-2023.pdf,deepseek/deepseek-v4-pro-0813,off,,,Ministero delle Infrastrutture e dei Trasporti,,rettifica,G31G22000260001,True,definitivo,,1,singolo,7150,4,,7200000.0,7200000.0,7.200.000,totale,assegnazione,assegnato,SICUREZZA (€),"Allegato 2 / [TABELLA pag.9 n.1], riga 2",RADDOPPIO TRA BARI SANT’ANDREA E MODUGNO | 7.200.000 | 0 | 7.200.000 | | G31G22000260001,,alta,,
2023 DM MIT 342-2023.pdf,deepseek/deepseek-v4-pro-0813,off,,,Ministero delle Infrastrutture e dei Trasporti,,rettifica,G11B18000550005,True,definitivo,,1,singolo,7150,4,,3500000.0,3500000.0,3.500.000,totale,assegnazione,assegnato,SICUREZZA (€),"Allegato 2 / [TABELLA pag.10 n.1], riga 1","Interventi sui piazzali di Matera Serra Rifusa e di Matera Villa Longo tra le progressive km 71+425 e km 72+046 della linea Bari ‐ Matera ‐ Lotto “RIPRISTINO DELLA FUNZIONALITÀ DELL'OFFICINA FERROVIARIA A SERRA RIFUSA” | 3.500.000,00 | 0 | 3.500.000 | | G11B18000550005",,alta,,
2023 DM MIT 342-2023.pdf,deepseek/deepseek-v4-pro-0813,off,,,Ministero delle Infrastrutture e dei Trasporti,,rettifica,B81B21003770005,True,definitivo,,1,singolo,7150,4,,1750000.0,1750000.0,1.750.000,totale,assegnazione,assegnato,SICUREZZA (€),"Allegato 2 / [TABELLA pag.10 n.1], riga 2","TESATURA DEI CONDUTTORI IN RAME DELL’IMPIANTO TE DELLA TRATTA FOSSACESIA ‐ ARCHI E REALIZZAZIONE DELLA PALIFICATA DI SOSTEGNO SUL PONTE FIUME SANGRO | 1.750.000,00 € | 0 | 1.750.000 | | B81B21003770005",,alta,,
2025 DD MIT 141-2025.pdf,deepseek/deepseek-v4-pro-0813,off,141,2025-04-18,Ministero delle infrastrutture e dei trasporti,,attuazione,E51I04000010007,True,definitivo,,1,singolo,,,,3945000000.0,3945000000.0,"€ 3.945.000.000,00",totale,assegnazione,assegnato,,art. 2,"Il contributo oggetto della Convenzione di cui all’art. 1 è pari a complessivi € 3.945.000.000,00",,alta,,Importo complessivo del contributo oggetto della Convenzione approvata con l'art. 1.
2025 DD MIT 141-2025.pdf,deepseek/deepseek-v4-pro-0813,off,141,2025-04-18,Ministero delle infrastrutture e dei trasporti,,attuazione,E51I04000010007,True,definitivo,,1,singolo,7426,1,,145000000.0,145000000.0,"€ 145.000.000,00",quota,assegnazione,assegnato,,"art. 2, primo punto elenco","per € 145.000.000,00 nelle risorse stanziate dall’articolo 3, comma 1, del decreto-legge 12 settembre 2014, n. 133... ed impegnate con decreto dirigenziale n. 454 del 22 dicembre 2022 sul pertinente capitolo di bilancio n. 7426-piano di gestione 1",Decreto dirigenziale n. 454 del 22 dicembre 2022,alta,,Quota del contributo complessivo coperta da risorse già impegnate con decreto dirigenziale n. 454/2022.
2025 DD MIT 141-2025.pdf,deepseek/deepseek-v4-pro-0813,off,141,2025-04-18,Ministero delle infrastrutture e dei trasporti,,attuazione,E51I04000010007,True,definitivo,,1,singolo,7400,1,,113733987.0,113733987.0,"€ 113.733.987,00",quota,assegnazione,assegnato,,"art. 2, secondo punto elenco","per € 1.600.000.000,00 nelle risorse stanziate dall’articolo 1, comma 393, della legge 30 dicembre 2021, n. 234, ed impegnate con decreto direttoriale n. 419 del 6 dicembre 2022 sul capitolo di bilancio n. 7400 (piano gestionale 1: € 113.733.987,00 dal 2022 al 2035: piano gestionale 8: € 1.486.266.013,00 dal 2022 al 2036)",Decreto direttoriale n. 419 del 6 dicembre 2022,alta,,"Quota del contributo complessivo coperta da risorse già impegnate con decreto direttoriale n. 419/2022, piano gestionale 1."
2025 DD MIT 141-2025.pdf,deepseek/deepseek-v4-pro-0813,off,141,2025-04-18,Ministero delle infrastrutture e dei trasporti,,attuazione,E51I04000010007,True,definitivo,,1,singolo,7400,8,,1486266013.0,1486266013.0,"€ 1.486.266.013,00",quota,assegnazione,assegnato,,"art. 2, secondo punto elenco","per € 1.600.000.000,00 nelle risorse stanziate dall’articolo 1, comma 393, della legge 30 dicembre 2021, n. 234, ed impegnate con decreto direttoriale n. 419 del 6 dicembre 2022 sul capitolo di bilancio n. 7400 (piano gestionale 1: € 113.733.987,00 dal 2022 al 2035: piano gestionale 8: € 1.486.266.013,00 dal 2022 al 2036)",Decreto direttoriale n. 419 del 6 dicembre 2022,alta,,"Quota del contributo complessivo coperta da risorse già impegnate con decreto direttoriale n. 419/2022, piano gestionale 8."
2025 DD MIT 141-2025.pdf,deepseek/deepseek-v4-pro-0813,off,141,2025-04-18,Ministero delle infrastrutture e dei trasporti,,attuazione,E51I04000010007,True,definitivo,,1,singolo,7419,2,,2200000000.0,2200000000.0,"€ 2.200.000.000,00",quota,assegnazione,assegnato,,"art. 2, terzo punto elenco","per € 2.200.000.000,00 nelle risorse stanziate dall’articolo 1, comma 478, dalla legge 29 dicembre 2022, n.197, sul capitolo n. 7419-piano gestionale 2-per gli esercizi finanziari dal 2023 al 2032.","Legge 29 dicembre 2022, n. 197, art. 1, comma 478",alta,,"Quota del contributo complessivo coperta da risorse stanziate dalla legge n. 197/2022, art. 1, comma 478."
2025 DD MIT 141-2025.pdf,deepseek/deepseek-v4-pro-0813,off,141,2025-04-18,Ministero delle infrastrutture e dei trasporti,,attuazione,E51I04000010007,True,definitivo,,1,singolo,7419,2,,2125000000.0,2125000000.0,"€ 2.125.000.000,00",totale,impegno,impegnato,,art. 3,"È autorizzato l’impegno delle risorse di cui al citato articolo 1, comma 478, della legge 29 dicembre 2022, n. 197, sul capitolo 7419, piano gestionale 2 dello stato di previsione del Ministero delle Infrastrutture e dei Trasporti, per la somma complessiva di € 2.125.000.000,00","Legge 29 dicembre 2022, n. 197, art. 1, comma 478",alta,,"Impegno complessivo autorizzato sul capitolo 7419, piano gestionale 2."
2025 DD MIT 141-2025.pdf,deepseek/deepseek-v4-pro-0813,off,141,2025-04-18,Ministero delle infrastrutture e dei trasporti,,attuazione,E51I04000010007,True,definitivo,,1,singolo,7419,2,2024,50000000.0,50000000.0,"€ 50.000.000,00",quota,impegno,impegnato,,"art. 3; [TABELLA pag.5 n.1], riga 1","2024 | € 50.000.000,00","Legge 29 dicembre 2022, n. 197, art. 1, comma 478",alta,,"Quota annuale dell'impegno autorizzato, in conto residui esercizio di provenienza 2024."
2025 DD MIT 141-2025.pdf,deepseek/deepseek-v4-pro-0813,off,141,2025-04-18,Ministero delle infrastrutture e dei trasporti,,attuazione,E51I04000010007,True,definitivo,,1,singolo,7419,2,2025,25000000.0,25000000.0,"€ 25.000.000,00",quota,impegno,impegnato,,"art. 3; [TABELLA pag.5 n.1], riga 2","2025 | € 25.000.000,00","Legge 29 dicembre 2022, n. 197, art. 1, comma 478",alta,,Quota annuale dell'impegno autorizzato.
2025 DD MIT 141-2025.pdf,deepseek/deepseek-v4-pro-0813,off,141,2025-04-18,Ministero delle infrastrutture e dei trasporti,,attuazione,E51I04000010007,True,definitivo,,1,singolo,7419,2,2026,50000000.0,50000000.0,"€ 50.000.000,00",quota,impegno,impegnato,,"art. 3; [TABELLA pag.5 n.1], riga 3","2026 | € 50.000.000,00","Legge 29 dicembre 2022, n. 197, art. 1, comma 478",alta,,Quota annuale dell'impegno autorizzato.
2025 DD MIT 141-2025.pdf,deepseek/deepseek-v4-pro-0813,off,141,2025-04-18,Ministero delle infrastrutture e dei trasporti,,attuazione,E51I04000010007,True,definitivo,,1,singolo,7419,2,2027,350000000.0,350000000.0,"€ 350.000.000,00",quota,impegno,impegnato,,"art. 3; [TABELLA pag.5 n.1], riga 4","2027 | € 350.000.000,00","Legge 29 dicembre 2022, n. 197, art. 1, comma 478",alta,,Quota annuale dell'impegno autorizzato.
2025 DD MIT 141-2025.pdf,deepseek/deepseek-v4-pro-0813,off,141,2025-04-18,Ministero delle infrastrutture e dei trasporti,,attuazione,E51I04000010007,True,definitivo,,1,singolo,7419,2,2028,200000000.0,200000000.0,"€ 200.000.000,00",quota,impegno,impegnato,,"art. 3; [TABELLA pag.5 n.1], riga 5","2028 | € 200.000.000,00","Legge 29 dicembre 2022, n. 197, art. 1, comma 478",alta,,Quota annuale dell'impegno autorizzato.
2025 DD MIT 141-2025.pdf,deepseek/deepseek-v4-pro-0813,off,141,2025-04-18,Ministero delle infrastrutture e dei trasporti,,attuazione,E51I04000010007,True,definitivo,,1,singolo,7419,2,2029,150000000.0,150000000.0,"€ 150.000.000,00",quota,impegno,impegnato,,"art. 3; [TABELLA pag.5 n.1], riga 6","2029 | € 150.000.000,00","Legge 29 dicembre 2022, n. 197, art. 1, comma 478",alta,,Quota annuale dell'impegno autorizzato.
2025 DD MIT 141-2025.pdf,deepseek/deepseek-v4-pro-0813,off,141,2025-04-18,Ministero delle infrastrutture e dei trasporti,,attuazione,E51I04000010007,True,definitivo,,1,singolo,7419,2,2030,450000000.0,450000000.0,"€ 450.000.000,00",quota,impegno,impegnato,,"art. 3; [TABELLA pag.5 n.1], riga 7","2030 | € 450.000.000,00","Legge 29 dicembre 2022, n. 197, art. 1, comma 478",alta,,Quota annuale dell'impegno autorizzato.
2025 DD MIT 141-2025.pdf,deepseek/deepseek-v4-pro-0813,off,141,2025-04-18,Ministero delle infrastrutture e dei trasporti,,attuazione,E51I04000010007,True,definitivo,,1,singolo,7419,2,2031,450000000.0,450000000.0,"€ 450.000.000,00",quota,impegno,impegnato,,"art. 3; [TABELLA pag.5 n.1], riga 8","2031 | € 450.000.000,00","Legge 29 dicembre 2022, n. 197, art. 1, comma 478",alta,,Quota annuale dell'impegno autorizzato.
2025 DD MIT 141-2025.pdf,deepseek/deepseek-v4-pro-0813,off,141,2025-04-18,Ministero delle infrastrutture e dei trasporti,,attuazione,E51I04000010007,True,definitivo,,1,singolo,7419,2,2032,400000000.0,400000000.0,"€ 400.000.000,00",quota,impegno,impegnato,,"art. 3; [TABELLA pag.5 n.1], riga 9","2032 | € 400.000.000,00","Legge 29 dicembre 2022, n. 197, art. 1, comma 478",alta,,Quota annuale dell'impegno autorizzato.
2025 DD MIT 141-2025.pdf,deepseek/deepseek-v4-pro-0813,off,141,2025-04-18,Ministero delle infrastrutture e dei trasporti,,attuazione,E51I04000010007,True,definitivo,,1,singolo,7416,1,,75000000.0,75000000.0,"€ 75.000.000,00",totale,impegno,impegnato,,art. 4,"È autorizzato l’impegno delle risorse di cui al citato art.1, comma 478, della legge 29 dicembre 2022, n.197, sul capitolo 7416 piano gestonale 1 dello stato di previsione del Ministero delle Infrastrutture e dei Trasporti, per la somma complessiva di € 75.000.000,00","Legge 29 dicembre 2022, n. 197, art. 1, comma 478",alta,,"Impegno complessivo autorizzato sul capitolo 7416, piano gestionale 1."
2025 DD MIT 141-2025.pdf,deepseek/deepseek-v4-pro-0813,off,141,2025-04-18,Ministero delle infrastrutture e dei trasporti,,attuazione,E51I04000010007,True,definitivo,,1,singolo,7416,1,2027,50000000.0,50000000.0,"€ 50.000.000,00",quota,impegno,impegnato,,art. 4,"di cui 50.000.000,00 per l’esercizio finanziario 2027","Legge 29 dicembre 2022, n. 197, art. 1, comma 478",alta,,Quota annuale dell'impegno autorizzato.
2025 DD MIT 141-2025.pdf,deepseek/deepseek-v4-pro-0813,off,141,2025-04-18,Ministero delle infrastrutture e dei trasporti,,attuazione,E51I04000010007,True,definitivo,,1,singolo,7416,1,2028,25000000.0,25000000.0,"€ 25.000.000,00",quota,impegno,impegnato,,art. 4,"e € 25.000.000,00 per l’esercizio finanziario 2028","Legge 29 dicembre 2022, n. 197, art. 1, comma 478",alta,,Quota annuale dell'impegno autorizzato.
2022 DD MIT 454-2022.pdf,google/gemma-4-26b-a4b-it,off,,,Ministero delle infrastrutture e dei trasporti,,attuazione,E51I04000010007,True,definitivo,,1,singolo,7426,1,,14000000.0,14000000.0,"€ 14.000.000,00",totale,impegno,impegnato,,art. 1,"è autorizzato, per il corrente esercizio finanziario, a favore di Roma Capitale per l’intervento ""Tratta Colosseo - Piazza Venezia della Linea C della metropolitana di Roma” CUP E51I04000010007, l’impegno di € 14.000.000,00",DM MIT e MEF n. 498 del 14 novembre 2014,alta,,"impegno in conto residui di lettera F, esercizio di provenienza 2021"
2022 DD MIT 454-2022.pdf,google/gemma-4-26b-a4b-it,off,,,Ministero delle infrastrutture e dei trasporti,,attuazione,E51I04000010007,True,definitivo,,1,singolo,7426,1,,131000000.0,131000000.0,"€ 131.000.000,00",totale,impegno,impegnato,,art. 2,"per l’importo complessivo di € 131.000.000,00 a favore di Roma Capitale, per l’intervento ""Tratta Colosseo - Piazza Venezia della Linea C della metropolitana di Roma” CUP E51I04000010007",DM MIT e MEF n. 498 del 14 novembre 2014,alta,,
2022 DD MIT 454-2022.pdf,google/gemma-4-26b-a4b-it,off,,,Ministero delle infrastrutture e dei trasporti,,attuazione,E51I04000010007,True,definitivo,,1,singolo,7426,1,2022,35000000.0,35000000.0,"35.000.000,00 €",quota,impegno,impegnato,Importo,"art. 2; [TABELLA pag.3 n.1], riga 1","2022 | 35.000.000,00 €",DM MIT e MEF n. 498 del 14 novembre 2014,alta,,
2022 DD MIT 454-2022.pdf,google/gemma-4-26b-a4b-it,off,,,Ministero delle infrastrutture e dei trasporti,,attuazione,E51I04000010007,True,definitivo,,1,singolo,7426,1,2023,40000000.0,40000000.0,"40.000.000,00 €",quota,impegno,impegnato,Importo,"art. 2; [TABELLA pag.3 n.1], riga 2","2023 | 40.000.000,00 €",DM MIT e MEF n. 498 del 14 novembre 2014,alta,,
2022 DD MIT 454-2022.pdf,google/gemma-4-26b-a4b-it,off,,,Ministero delle infrastrutture e dei trasporti,,attuazione,E51I04000010007,True,definitivo,,1,singolo,7426,1,2024,33500000.0,33500000.0,"33.500.000,00 €",quota,impegno,impegnato,Importo,"art. 2; [TABELLA pag.3 n.1], riga 3","2024 | 33.500.000,00 €",DM MIT e MEF n. 498 del 14 novembre 2014,alta,,
2022 DD MIT 454-2022.pdf,google/gemma-4-26b-a4b-it,off,,,Ministero delle infrastrutture e dei trasporti,,attuazione,E51I04000010007,True,definitivo,,1,singolo,7426,1,2025,22500000.0,22500000.0,"22.500.000,00 €",quota,impegno,impegnato,Importo,"art. 2; [TABELLA pag.3 n.1], riga 4","2025 | 22.500.000,00 €",DM MIT e MEF n. 498 del 14 novembre 2014,alta,,
2022 DDG 128 del 02-05-22.pdf,google/gemma-4-26b-a4b-it,off,,,Ministero delle infrastrutture e della mobilità sostenibili,,impegno,H94I19000130004,True,definitivo,,1,singolo,7400,7,2020,153197.9,153197.9,"153.197,90",quota,impegno,assegnato,2020,"Art. 1; [TABELLA pag.4 n.1], riga 2","Comune di Padova | H94I19000130004 | 7400/PG 7 | 153.197,90",,alta,,
2022 DDG 128 del 02-05-22.pdf,google/gemma-4-26b-a4b-it,off,,,Ministero delle infrastrutture e della mobilità sostenibili,,impegno,J80J18000000001,True,definitivo,,1,singolo,7400,7,2020,251454.92,251454.92,"251.454,92",quota,impegno,assegnato,2020,"Art. 1; [TABELLA pag.4 n.1], riga 3","Roma Capitale | J80J18000000001 | 7400/PG 7 | 251.454,92",,alta,,
2022 DDG 128 del 02-05-22.pdf,google/gemma-4-26b-a4b-it,off,,,Ministero delle infrastrutture e della mobilità sostenibili,,impegno,C11B21008720001,True,definitivo,,2,aggregato,7400,7,2020,70161.34,35080.67,"70.161,34",quota,impegno,assegnato,2020,"Art. 1; [TABELLA pag.4 n.1], riga 4","Comune di Torino | C11B21008720001 D81E20000410007 | 7400/PG 7 | 70.161,34",,alta,,importo unico per due CUP
2022 DDG 128 del 02-05-22.pdf,google/gemma-4-26b-a4b-it,off,,,Ministero delle infrastrutture e della mobilità sostenibili,,impegno,D81E20000410007,True,definitivo,,2,aggregato,7400,7,2020,70161.34,35080.67,"70.161,34",quota,impegno,assegnato,2020,"Art. 1; [TABELLA pag.4 n.1], riga 4","Comune di Torino | C11B21008720001 D81E20000410007 | 7400/PG 7 | 70.161,34",,alta,,importo unico per due CUP
2022 DDG 128 del 02-05-22.pdf,google/gemma-4-26b-a4b-it,off,,,Ministero delle infrastrutture e della mobilità sostenibili,,impegno,C81B21013200005,True,definitivo,,1,singolo,7400,7,2020,525185.84,525185.84,"525.185,84",quota,impegno,assegnato,2020,"Art. 1; [TABELLA pag.4 n.1], riga 5","Comune di Brescia | C81B21013200005 | 7400/PG 7 | 525.185,84",,alta,,
2022 DDG 128 del 02-05-22.pdf,google/gemma-4-26b-a4b-it,off,,,Ministero delle infrastrutture e della mobilità sostenibili,,impegno,C81B21013200005,True,definitivo,,1,singolo,7400,1,2029,4414446.39,4414446.39,"4.414.446,39",quota,impegno,assegnato,2029,"Art. 3; [TABELLA pag.4 n.1], riga 6","Comune di Brescia | C81B21013200005 | 7400/PG 1 | 4.414.446,39",,alta,,impegno in conto competenza per l'esercizio 2029
2022 DI Mims Mef 97 20.04.2022.pdf,google/gemma-4-26b-a4b-it,off,,,Ministero delle Infrastrutture e della Mobilità Sostenibili,Ministero dell'Economia e delle Finanze,assegnazione,B39J22001360001,True,definitivo,,1,singolo,7400,8,,398000000.0,398000000.0,"398.000.000,00",quota,assegnazione,assegnato,FINANZIAMENTO AMMESSO,"Allegato 1 / [TABELLA pag.10 n.1], riga 1","SKYMETRO VAL BISAGNO GENOVA | B39J22001360001 | 398.000.000,00",,alta,,
2022 DI Mims Mef 97 20.04.2022.pdf,google/gemma-4-26b-a4b-it,off,,,Ministero delle Infrastrutture e della Mobilità Sostenibili,Ministero dell'Economia e delle Finanze,assegnazione,B31F20000030005,True,definitivo,,1,singolo,7400,8,,20860000.0,20860000.0,"20.860.000,00",quota,assegnazione,assegnato,FINANZIAMENTO AMMESSO,"Allegato 1 / [TABELLA pag.10 n.1], riga 2","PROLUNGAMENTO METROPOLITANA DI GENOVA DA BRIN A CANEPARI | B31F20000030005 | 20.860.000,00",,alta,,
2022 DI Mims Mef 97 20.04.2022.pdf,google/gemma-4-26b-a4b-it,off,,,Ministero delle Infrastrutture e della Mobilità Sostenibili,Ministero dell'Economia e delle Finanze,assegnazione,B44D20000040001,True,definitivo,,1,singolo,7400,8,,180000000.0,180000000.0,"180.000.000,00",quota,assegnazione,assegnato,FINANZIAMENTO AMMESSO,"Allegato 1 / [TABELLA pag.10 n.1], riga 3","LINEA METROPOLITANA M1 PROLUNGAMENTO QUARTIERE BAGGIO – OLMI - VALSESIA | B44D20000040001 | 180.000.000,00",,alta,,
2022 DI Mims Mef 97 20.04.2022.pdf,google/gemma-4-26b-a4b-it,off,,,Ministero delle Infrastrutture e della Mobilità Sostenibili,Ministero dell'Economia e delle Finanze,assegnazione,B91J21000040001,True,definitivo,,1,singolo,7400,8,,420000000.0,420000000.0,"420.000.000,00",quota,assegnazione,assegnato,FINANZIAMENTO AMMESSO,"Allegato 1 / [TABELLA pag.10 n.1], riga 4","PROLUNGAMENTO LINEA METROPOLITANA M4 DA AEROPORTO LINATE A SEGRATE | B91J21000040001 | 420.000.000,00",,alta,,
2022 DI Mims Mef 97 20.04.2022.pdf,google/gemma-4-26b-a4b-it,off,,,Ministero delle Infrastrutture e della Mobilità Sostenibili,Ministero dell'Economia e delle Finanze,assegnazione,B41J21000050006,True,definitivo,,1,singolo,7400,8,,4500000.0,4500000.0,"4.500.000,00",quota,assegnazione,assegnato,FINANZIAMENTO AMMESSO,"Allegato 1 / [TABELLA pag.10 n.1], riga 5","NUOVA LINEA METROPOLITANA M6 RAMO SUD (PFTE) | B41J21000050006 | 4.500.000,00",,alta,,
2022 DI Mims Mef 97 20.04.2022.pdf,google/gemma-4-26b-a4b-it,off,,,Ministero delle Infrastrutture e della Mobilità Sostenibili,Ministero dell'Economia e delle Finanze,assegnazione,B41C21000010001,True,definitivo,,1,singolo,7400,8,,5500000.0,5500000.0,"5.500.000,00",quota,assegnazione,assegnato,FINANZIAMENTO AMMESSO,"Allegato 1 / [TABELLA pag.10 n.1], riga 6","PROLUNGAMENTO M3 SAN DONATO M. – ASTA PAULLESE (PFTE) | B41C21000010001 | 5.500.000,00",,alta,,
2022 DI Mims Mef 97 20.04.2022.pdf,google/gemma-4-26b-a4b-it,off,,,Ministero delle Infrastrutture e della Mobilità Sostenibili,Ministero dell'Economia e delle Finanze,assegnazione,F41B22000740009,True,definitivo,F41B22000740009,1,singolo,7400,8,,631373163.0,631373163.0,"631.373.163,00",quota,assegnazione,assegnato,FINANZIAMENTO AMMESSO,"Allegato 1 / [TABELLA pag.10 n.1], riga 7","NUOVO COLLEGAMENTO IN SEDE PROPRIA TRA LA STAZIONE AV DI AFRAGOLA E LA RETE METROPOLITANA DI NAPOLI. LOTTO 1°_STRALCIO I | F41B22000740009 | 631.373.163,00",,media,"Il testo indica F41B22000740009 come CUP Master per il lotto 1, ma lo tratta come identificativo del lotto.",
2022 DI Mims Mef 97 20.04.2022.pdf,google/gemma-4-26b-a4b-it,off,,,Ministero delle Infrastrutture e della Mobilità Sostenibili,Ministero dell'Economia e delle Finanze,assegnazione,F41B22000830009,True,definitivo,,1,singolo,7400,8,,163500824.0,163500824.0,"163.500.824,00",quota,assegnazione,assegnato,FINANZIAMENTO AMMESSO,"Allegato 1 / [TABELLA pag.10 n.1], riga 8","NUOVO COLLEGAMENTO IN SEDE PROPRIA TRA LA STAZIONE AV DI AFRAGOLA E LA RETE METROPOLITANA DI NAPOLI. LOTTO 1°_STRALCIO II | F41B22000830009 | 163.500.824,00",,alta,,
2022 DI Mims Mef 97 20.04.2022.pdf,google/gemma-4-26b-a4b-it,off,,,Ministero delle Infrastrutture e della Mobilità Sostenibili,Ministero dell'Economia e delle Finanze,assegnazione,E51I04000010007,True,definitivo,,1,singolo,7400,8,,610000000.0,610000000.0,"610.000.000,00",quota,assegnazione,assegnato,FINANZIAMENTO AMMESSO,"Allegato 1 / [TABELLA pag.10 n.1], riga 9","LINEA C DELLA METROPOLITANA DI ROMA - SUB-TRATTA FUNZIONALE DA STAZIONE VENEZIA A STAZIONE FORI IMPERIALI | E51I04000010007 | 610.000.000,00",,alta,,
2022 DI Mims Mef 97 20.04.2022.pdf,google/gemma-4-26b-a4b-it,off,,,Ministero delle Infrastrutture e della Mobilità Sostenibili,Ministero dell'Economia e delle Finanze,assegnazione,E51I04000010007,True,definitivo,,1,singolo,7400,8,,990000000.0,990000000.0,"990.000.000,00",quota,assegnazione,assegnato,FINANZIAMENTO AMMESSO,"Allegato 1 / [TABELLA pag.10 n.1], riga 10","LINEA C DELLA METROPOLITANA DI ROMA - TRATTA T2 - LOTTO COSTRUTTIVO | E51I04000010007 | 990.000.000,00",,alta,,
2022 DI Mims Mef 97 20.04.2022.pdf,google/gemma-4-26b-a4b-it,off,,,Ministero delle Infrastrutture e della Mobilità Sostenibili,Ministero dell'Economia e delle Finanze,assegnazione,C71F20000020005,True,definitivo,,1,singolo,7400,8,,1000000000.0,1000000000.0,"1.000.000.000,00",quota,assegnazione,assegnato,FINANZIAMENTO AMMESSO,"Allegato 1 / [TABELLA pag.10 n.1], riga 11","METROPOLITANA AUTOMATICA DI TORINO – LINEA 2 – TRATTA “POLITECNICO – REBAUDENGO” | C71F20000020005 | 1.000.000.000,00",,alta,,
2022 DI Mims Mef 97 20.04.2022.pdf,google/gemma-4-26b-a4b-it,off,,,Ministero delle Infrastrutture e della Mobilità Sostenibili,Ministero dell'Economia e delle Finanze,assegnazione,J81B21014060001,True,definitivo,,1,singolo,7400,1,,173183831.97,173183831.97,"173.183.831,97",quota,assegnazione,assegnato,FINANZIAMENTO AMMESSO,"Allegato 2 / [TABELLA pag.12 n.1], riga 1","LINEA TRANVIARIA TERMINI - VATICANO - AURELIO | J81B21014060001 | 173.183.831,97",,alta,,
2022 DI Mims Mef 97 20.04.2022.pdf,google/gemma-4-26b-a4b-it,off,,,Ministero delle Infrastrutture e della Mobilità Sostenibili,Ministero dell'Economia e delle Finanze,assegnazione,J84E21005150001,True,definitivo,,1,singolo,7400,1,,11284217.84,11284217.84,"11.284.217,84",quota,assegnazione,assegnato,FINANZIAMENTO AMMESSO,"Allegato 2 / [TABELLA pag.12 n.1], riga 2","DEPOSITO DI CENTOCELLE EST | J84E21005150001 | 11.284.217,84",,alta,,
2022 DI Mims Mef 97 20.04.2022.pdf,google/gemma-4-26b-a4b-it,off,,,Ministero delle Infrastrutture e della Mobilità Sostenibili,Ministero dell'Economia e delle Finanze,assegnazione,E31J19000030001,True,definitivo,,1,singolo,7400,1,,26500000.0,26500000.0,"26.500.000,00",quota,assegnazione,assegnato,FINANZIAMENTO AMMESSO,"Allegato 2 / [TABELLA pag.12 n.1], riga 3","SISTEMA DI TRASPORTO RAPIDO DI MASSA PER IL COLLEGAMENTO TRA LA STAZIONE FERROVIARIA DI PIACENZA | E31J19000030001 | 26.500.000,00",,alta,,
2022 DI Mims Mef 97 20.04.2022.pdf,google/gemma-4-26b-a4b-it,off,,,Ministero delle Infrastrutture e della Mobilità Sostenibili,Ministero dell'Economia e delle Finanze,assegnazione,F44I19000530001,True,definitivo,,1,singolo,7400,1,,122200000.0,122200000.0,"122.200.000,00",quota,assegnazione,assegnato,FINANZIAMENTO AMMESSO,"Allegato 2 / [TABELLA pag.12 n.1], riga 4","AMPLIAMENTO DEL DEPOSITO GALLARATESE | F44I19000530001 | 122.200.000,00",,alta,,
2022 DI Mims Mef 97 20.04.2022.pdf,google/gemma-4-26b-a4b-it,off,,,Ministero delle Infrastrutture e della Mobilità Sostenibili,Ministero dell'Economia e delle Finanze,assegnazione,C11J22000000001,True,definitivo,,1,singolo,7400,1,,221721410.41,221721410.41,"221.721.410,41",quota,assegnazione,ammissibile,FINANZIAMENTO AMMESSO,"Allegato 3 / [TABELLA pag.13 n.1], riga 1","PROLUNGAMENTO LINEA TRANVIARIA 12 | C11J22000000001 | 221.721.410,41",,alta,,Intervento in graduatoria (ammissibile)
2022 DI Mims Mef 97 20.04.2022.pdf,google/gemma-4-26b-a4b-it,off,,,Ministero delle Infrastrutture e della Mobilità Sostenibili,Ministero dell'Economia e delle Finanze,assegnazione,F47C19000370001,True,definitivo,,4,aggregato,7400,1,,20900000.02,5225000.005,"20.900.000,02",quota,assegnazione,ammissibile,FINANZIAMENTO AMMESSO,"Allegato 3 / [TABELLA pag.13 n.1], riga 2","METROPOLITANA LINEA M3: INTERVENTI DI ADEGUAMENTO ANTINCENDIO | F47C19000370001 F47D17000140005 F47C19000380001 F47C19000390001 | 20.900.000,02",,alta,,Importo aggregato per più CUP
2022 DI Mims Mef 97 20.04.2022.pdf,google/gemma-4-26b-a4b-it,off,,,Ministero delle Infrastrutture e della Mobilità Sostenibili,Ministero dell'Economia e delle Finanze,assegnazione,F47D17000140005,True,definitivo,,4,aggregato,7400,1,,20900000.02,5225000.005,"20.900.000,02",quota,assegnazione,ammissibile,FINANZIAMENTO AMMESSO,"Allegato 3 / [TABELLA pag.13 n.1], riga 2","METROPOLITANA LINEA M3: INTERVENTI DI ADEGUAMENTO ANTINCENDIO | F47C19000370001 F47D17000140005 F47C19000380001 F47C19000390001 | 20.900.000,02",,alta,,Importo aggregato per più CUP
2022 DI Mims Mef 97 20.04.2022.pdf,google/gemma-4-26b-a4b-it,off,,,Ministero delle Infrastrutture e della Mobilità Sostenibili,Ministero dell'Economia e delle Finanze,assegnazione,F47C19000380001,True,definitivo,,4,aggregato,7400,1,,20900000.02,5225000.005,"20.900.000,02",quota,assegnazione,ammissibile,FINANZIAMENTO AMMESSO,"Allegato 3 / [TABELLA pag.13 n.1], riga 2","METROPOLITANA LINEA M3: INTERVENTI DI ADEGUAMENTO ANTINCENDIO | F47C19000370001 F47D17000140005 F47C19000380001 F47C19000390001 | 20.900.000,02",,alta,,Importo aggregato per più CUP
2022 DI Mims Mef 97 20.04.2022.pdf,google/gemma-4-26b-a4b-it,off,,,Ministero delle Infrastrutture e della Mobilità Sostenibili,Ministero dell'Economia e delle Finanze,assegnazione,F47C19000390001,True,definitivo,,4,aggregato,7400,1,,20900000.02,5225000.005,"20.900.000,02",quota,assegnazione,ammissibile,FINANZIAMENTO AMMESSO,"Allegato 3 / [TABELLA pag.13 n.1], riga 2","METROPOLITANA LINEA M3: INTERVENTI DI ADEGUAMENTO ANTINCENDIO | F47C19000370001 F47D17000140005 F47C19000380001 F47C19000390001 | 20.900.000,02",,alta,,Importo aggregato per più CUP
2022 DI Mims Mef 97 20.04.2022.pdf,google/gemma-4-26b-a4b-it,off,,,Ministero delle Infrastrutture e della Mobilità Sostenibili,Ministero dell'Economia e delle Finanze,assegnazione,F47C19000350001,True,definitivo,,2,aggregato,7400,1,,45000000.07,22500000.035,"45.000.000,07",quota,assegnazione,ammissibile,FINANZIAMENTO AMMESSO,"Allegato 3 / [TABELLA pag.13 n.1], riga 3","METROPOLITANA LINEE M1 + M2 - INTERVENTI DI ADEGUAMENTO ANTINCENDI | F47C19000350001 O F47C19000360001 | 45.000.000,07",,alta,,Importo aggregato per più CUP
2022 DI Mims Mef 97 20.04.2022.pdf,google/gemma-4-26b-a4b-it,off,,,Ministero delle Infrastrutture e della Mobilità Sostenibili,Ministero dell'Economia e delle Finanze,assegnazione,F47C19000360001,True,definitivo,,2,aggregato,7400,1,,45000000.07,22500000.035,"45.000.000,07",quota,assegnazione,ammissibile,FINANZIAMENTO AMMESSO,"Allegato 3 / [TABELLA pag.13 n.1], riga 3","METROPOLITANA LINEE M1 + M2 - INTERVENTI DI ADEGUAMENTO ANTINCENDI | F47C19000350001 O F47C19000360001 | 45.000.000,07",,alta,,Importo aggregato per più CUP
2022 DI Mims Mef 97 20.04.2022.pdf,google/gemma-4-26b-a4b-it,off,,,Ministero delle Infrastrutture e della Mobilità Sostenibili,Ministero dell'Economia e delle Finanze,assegnazione,B34J18000220001,True,definitivo,,2,aggregato,7400,1,,74516124.63,37258062.315,"74.516.124,63",quota,assegnazione,ammissibile,FINANZIAMENTO AMMESSO,"Allegato 3 / [TABELLA pag.13 n.1], riga 4","LINEA METROPOLITANA: PROLUNGAMENTO A RIVAROLO E COMPLETAMENTO DELLA STAZIONE DI MARTINEZ / TERRALBA | B34J18000220001 B34J18000230001 | 74.516.124,63",,alta,,Importo aggregato per più CUP
2022 DI Mims Mef 97 20.04.2022.pdf,google/gemma-4-26b-a4b-it,off,,,Ministero delle Infrastrutture e della Mobilità Sostenibili,Ministero dell'Economia e delle Finanze,assegnazione,B34J18000230001,True,definitivo,,2,aggregato,7400,1,,74516124.63,37258062.315,"74.516.124,63",quota,assegnazione,ammissibile,FINANZIAMENTO AMMESSO,"Allegato 3 / [TABELLA pag.13 n.1], riga 4","LINEA METROPOLITANA: PROLUNGAMENTO A RIVAROLO E COMPLETAMENTO DELLA STAZIONE DI MARTINEZ / TERRALBA | B34J18000220001 B34J18000230001 | 74.516.124,63",,alta,,Importo aggregato per più CUP
2023 DM MIT 342-2023.pdf,google/gemma-4-26b-a4b-it,off,,,Ministero delle infrastrutture e dei trasporti,,rettifica,,False,,,0,singolo,,,2033,217585.0,217585.0,217.585 euro,quota,assegnazione,assegnato,,"art. 1, comma 1","assegna, per l’annualità 2033, alla Regione Veneto risorse pari a 217.585 euro, in luogo dei precedenti 117.585 euro",,alta,,Rettifica errore materiale; valore originario 117.585 euro
2023 DM MIT 342-2023.pdf,google/gemma-4-26b-a4b-it,off,,,Ministero delle infrastrutture e dei trasporti,,rettifica,,False,,,0,singolo,,,2033,690994.0,690994.0,690.994 euro,quota,assegnazione,assegnato,,"art. 1, comma 1","alla Regione Emilia Romagna risorse pari a 690.994 euro, in luogo dei precedenti 790.994 euro",,alta,,Rettifica errore materiale; valore originario 790.994 euro
2023 DM MIT 342-2023.pdf,google/gemma-4-26b-a4b-it,off,,,Ministero delle infrastrutture e dei trasporti,,rettifica,,False,,,0,singolo,,,2032,125266.0,125266.0,125.266 euro,quota,assegnazione,assegnato,,"art. 1, comma 1","per l’annualità 2032, assegna alla Regione Veneto risorse pari a 125.266 euro, in luogo dei precedenti 125.268 euro",,alta,,Rettifica errore materiale; valore originario 125.268 euro
2023 DM MIT 342-2023.pdf,google/gemma-4-26b-a4b-it,off,,,Ministero delle infrastrutture e dei trasporti,,rettifica,,False,,,0,singolo,,,2032,842682.0,842682.0,842.682 euro,quota,assegnazione,assegnato,,"art. 1, comma 1","alla Regione Emilia Romagna risorse pari a 842.682 euro, in luogo dei precedenti 842.680 euro",,alta,,Rettifica errore materiale; valore originario 842.680 euro
2023 DM MIT 342-2023.pdf,google/gemma-4-26b-a4b-it,off,,,Ministero delle infrastrutture e dei trasporti,,rettifica,H49J21005480003,True,definitivo,,1,singolo,,,,47725.0,47725.0,"47.725,00",totale,assegnazione,assegnato,IMPORTO FINANZIAMENTO TOTALE,"Allegato 1 / [TABELLA pag.4 n.1], riga 5","INTERSCAMBIO SANT'OLCESE TULLO | ... | 47.725,00 | 0,0 | 47.725,00 | | H49J21005480003",,alta,,
2023 DM MIT 342-2023.pdf,google/gemma-4-26b-a4b-it,off,,,Ministero delle infrastrutture e dei trasporti,,rettifica,C75B23000000001,True,definitivo,,1,singolo,,,,10543255.0,10543255.0,"10.543.255,00",totale,assegnazione,assegnato,IMPORTO FINANZIAMENTO TOTALE,"Allegato 1 / [TABELLA pag.4 n.1], riga 9","Roma - Viterbo | ... | 10.543.255,00 | 0,00 | 10.543.255,00 | | C75B23000000001",,alta,,
2023 DM MIT 342-2023.pdf,google/gemma-4-26b-a4b-it,off,,,Ministero delle infrastrutture e dei trasporti,,rettifica,C71G22000090001,True,definitivo,,1,singolo,,,,7000000.0,7000000.0,"7.000.000,00",totale,assegnazione,assegnato,IMPORTO FINANZIAMENTO TOTALE,"Allegato 1 / [TABELLA pag.4 n.1], riga 11","Roma - Viterbo | ... | 7.000.000,00 | 0,00 | 7.000.000,00 | | C71G22000090001",,alta,,
2023 DM MIT 342-2023.pdf,google/gemma-4-26b-a4b-it,off,,,Ministero delle infrastrutture e dei trasporti,,rettifica,E51B21002250001,True,definitivo,,1,singolo,,,,20000000.0,20000000.0,"20.000.000,00",totale,assegnazione,assegnato,IMPORTO FINANZIAMENTO TOTALE,"Allegato 1 / [TABELLA pag.4 n.1], riga 14","Milano -Varese | ... | 20.000.000,00 | 0,00 | 20.000.000,00 | | E51B21002250001",,alta,,
2023 DM MIT 342-2023.pdf,google/gemma-4-26b-a4b-it,off,,,Ministero delle infrastrutture e dei trasporti,,rettifica,B41E04000210001,True,definitivo,,1,singolo,,,,50000000.0,50000000.0,"50.000.000,00",totale,assegnazione,assegnato,IMPORTO FINANZIAMENTO TOTALE,"Allegato 1 / [TABELLA pag.5 n.1], riga 3","Comune di Napoli | ... | 50.000.000,00 | 50.000.000,00 | 100.000.000,00 | | B41E04000210001",,alta,,
2023 DM MIT 342-2023.pdf,google/gemma-4-26b-a4b-it,off,,,Ministero delle infrastrutture e dei trasporti,,rettifica,F61B21003640009,True,definitivo,,1,singolo,,,,30000000.0,30000000.0,"30.000.000,00",totale,assegnazione,assegnato,IMPORTO FINANZIAMENTO TOTALE,"Allegato 1 / [TABELLA pag.5 n.1], riga 6","EAV S.R.L. | ... | 30.000.000,00 | 0,0 | 30.000.000,00 | | F61B21003640009",,alta,,
2023 DM MIT 342-2023.pdf,google/gemma-4-26b-a4b-it,off,,,Ministero delle infrastrutture e dei trasporti,,rettifica,G31G22000250001,True,definitivo,,1,singolo,,,,2800000.0,2800000.0,"2.800.000,00",totale,assegnazione,assegnato,IMPORTO FINANZIAMENTO TOTALE,"Allegato 1 / [TABELLA pag.5 n.1], riga 8","BARI - MATERA | ... | 2.800.000,00 | 0,00 | 2.800.000,00 | | G31G22000250001",,alta,,
2023 DM MIT 342-2023.pdf,google/gemma-4-26b-a4b-it,off,,,Ministero delle infrastrutture e dei trasporti,,rettifica,D69D15002090001,True,definitivo,,2,aggregato,,,,50000000.0,25000000.0,"50.000.000,00",totale,assegnazione,assegnato,IMPORTO FINANZIAMENTO TOTALE,"Allegato 1 / [TABELLA pag.5 n.1], riga 11","Lotto 4 - D69D15002090001 Lotto 3 - D49D15001920001 | ... | 50.000.000,00",,alta,,Importo unico per due lotti/CUP
2023 DM MIT 342-2023.pdf,google/gemma-4-26b-a4b-it,off,,,Ministero delle infrastrutture e dei trasporti,,rettifica,D49D15001920001,True,definitivo,,2,aggregato,,,,50000000.0,25000000.0,"50.000.000,00",totale,assegnazione,assegnato,IMPORTO FINANZIAMENTO TOTALE,"Allegato 1 / [TABELLA pag.5 n.1], riga 11","Lotto 4 - D69D15002090001 Lotto 3 - D49D15001920001 | ... | 50.000.000,00",,alta,,Importo unico per due lotti/CUP
2023 DM MIT 342-2023.pdf,google/gemma-4-26b-a4b-it,off,,,Ministero delle infrastrutture e dei trasporti,,rettifica,G71B18000620005,True,definitivo,,1,singolo,,,,2500000.0,2500000.0,"2.500.000,00",totale,assegnazione,assegnato,IMPORTO FINANZIAMENTO TOTALE,"Allegato 1 / [TABELLA pag.5 n.1], riga 14","BARI - MATERA | ... | 2.500.000,00 | 0,00 | 2.500.000,00 | | G71B18000620005",,alta,,
2023 DM MIT 342-2023.pdf,google/gemma-4-26b-a4b-it,off,,,Ministero delle infrastrutture e dei trasporti,,rettifica,F81B21005610001,True,definitivo,,1,singolo,,,,18000000.0,18000000.0,"18.000.000,00",totale,assegnazione,assegnato,IMPORTO FINANZIAMENTO TOTALE,"Allegato 1 / [TABELLA pag.6 n.1], riga 3","Monserrato - Isili | ... | 26.400.000,00 | 0,00 | 26.400.000,00 | | F81B21005610001 | ... | 18.000.000,00",,media,"L'importo totale è 26.4M, ma la colonna finanziamento indica 18M. Si estrae il valore della colonna finanziamento.",
2023 DM MIT 342-2023.pdf,google/gemma-4-26b-a4b-it,off,,,Ministero delle infrastrutture e dei trasporti,,rettifica,I61B21003020001,True,definitivo,,1,singolo,,,,9900000.0,9900000.0,"9.900.000,00",totale,assegnazione,assegnato,IMPORTO FINANZIAMENTO TOTALE,"Allegato 1 / [TABELLA pag.6 n.1], riga 6","Ferrovie della Calabria S.r.l | ... | 9.900.000,00 | 0,00 | 9.900.000,00 | | I61B21003020001",,alta,,
2023 DM MIT 342-2023.pdf,google/gemma-4-26b-a4b-it,off,,,Ministero delle infrastrutture e dei trasporti,,rettifica,I67H21003160001,True,definitivo,,1,singolo,,,,2900000.0,2900000.0,"2.900.000,00",totale,assegnazione,assegnato,IMPORTO FINANZIAMENTO TOTALE,"Allegato 1 / [TABELLA pag.6 n.1], riga 8","Ferrovie della Calabria S.r.l | ... | 2.900.000,00 | 0,00 | 2.900.000,00 | | I67H21003160001",,alta,,
2023 DM MIT 342-2023.pdf,google/gemma-4-26b-a4b-it,off,,,Ministero delle infrastrutture e dei trasporti,,rettifica,B89J21020930005,True,definitivo,,1,singolo,,,,1200000.0,1200000.0,"1.200.000,00",totale,assegnazione,assegnato,IMPORTO FINANZIAMENTO TOTALE,"Allegato 1 / [TABELLA pag.6 n.1], riga 11","Divisione Ferroviaria di TUA S.p.A. | ... | 1.200.000,00 | 0,00 | 1.200.000,00 | | B89J21020930005",,alta,,
2023 DM MIT 342-2023.pdf,google/gemma-4-26b-a4b-it,off,,,Ministero delle infrastrutture e dei trasporti,,rettifica,I57H21005640001,True,definitivo,,1,singolo,,,,1512215.0,1512215.0,"1.512.215,00",totale,assegnazione,assegnato,IMPORTO FINANZIAMENTO TOTALE,"Allegato 2 / [TABELLA pag.7 n.1], riga 2","ADRIA-MESTRE | ... | 1.512.215,00 | 0,00 | 1.512.215,00 | | I57H21005640001",,alta,,
2023 DM MIT 342-2023.pdf,google/gemma-4-26b-a4b-it,off,,,Ministero delle infrastrutture e dei trasporti,,rettifica,B19F22013250002,True,definitivo,,1,singolo,,,,2400000.0,2400000.0,"2.400.000,00",totale,assegnazione,assegnato,IMPORTO FINANZIAMENTO TOTALE,"Allegato 2 / [TABELLA pag.7 n.1], riga 4","STIA-AREZZO-SINALUNGA | ... | 2.400.000,00 | 0,00 | 2.400.000,00 | | B19F22013250002",,alta,,
2023 DM MIT 342-2023.pdf,google/gemma-4-26b-a4b-it,off,,,Ministero delle infrastrutture e dei trasporti,,rettifica,C89F23000050001,True,definitivo,,1,singolo,,,,600000.0,600000.0,"600.000,00",totale,assegnazione,assegnato,IMPORTO FINANZIAMENTO TOTALE,"Allegato 2 / [TABELLA pag.7 n.1], riga 6","Ferrovie dell'Emilia Romagna | ... | 600.000,00 | 0,00 | 600.000,00 | | C89F23000050001",,alta,,
2023 DM MIT 342-2023.pdf,google/gemma-4-26b-a4b-it,off,,,Ministero delle infrastrutture e dei trasporti,,rettifica,C99F23000050001,True,definitivo,,1,singolo,,,,5400000.0,5400000.0,"5.400.000,00",totale,assegnazione,assegnato,IMPORTO FINANZIAMENTO TOTALE,"Allegato 2 / [TABELLA pag.8 n.1], riga 2","Ferrovie Bologna-Portomaggiore | ... | 5.400.000,00 | 1.600.000,00 | 7.000.000,00 | | C99F23000050001",,alta,,
2023 DM MIT 342-2023.pdf,google/gemma-4-26b-a4b-it,off,,,Ministero delle infrastrutture e dei trasporti,,rettifica,C56G21008730001,True,definitivo,,1,singolo,,,,3400000.0,3400000.0,"3.400.000,00",totale,assegnazione,assegnato,IMPORTO FINANZIAMENTO TOTALE,"Allegato 2 / [TABELLA pag.8 n.1], riga 4","Ferrovie dell'Emilia Romagna | ... | 3.400.000,00 | 0,00 | 3.400.000,00 | | C56G21008730001",,alta,,
2023 DM MIT 342-2023.pdf,google/gemma-4-26b-a4b-it,off,,,Ministero delle infrastrutture e dei trasporti,,rettifica,F41B21005790009,True,definitivo,,1,singolo,,,,30000000.0,30000000.0,"30.000.000,00",totale,assegnazione,assegnato,IMPORTO FINANZIAMENTO TOTALE,"Allegato 1 / [TABELLA pag.9 n.1], riga 2","ENTE AUTONOMO VOLTURNO S.R.L. | ... | 30.000.000,00 | 0,00 | 30.000.000,00 | | F41B21005790009",,alta,,
2023 DM MIT 342-2023.pdf,google/gemma-4-26b-a4b-it,off,,,Ministero delle infrastrutture e dei trasporti,,rettifica,G31G22000260001,True,definitivo,,1,singolo,,,,7200000.0,7200000.0,"7.200.000,00",totale,assegnazione,assegnato,IMPORTO FINANZIAMENTO TOTALE,"Allegato 1 / [TABELLA pag.9 n.1], riga 5","BARI - MATERA | ... | 7.200.000,00 | 0,00 | 7.200.000,00 | | G31G22000260001",,alta,,
2023 DM MIT 342-2023.pdf,google/gemma-4-26b-a4b-it,off,,,Ministero delle infrastrutture e dei trasporti,,rettifica,G11B18000550005,True,definitivo,,1,singolo,,,,3500000.0,3500000.0,"3.500.000,00",totale,assegnazione,assegnato,IMPORTO FINANZIAMENTO TOTALE,"Allegato 1 / [TABELLA pag.10 n.1], riga 2","FERROVIE APPULO LUCANE S.r.l | ... | 3.500.000,00 | 0,00 | 3.500.000,00 | | G11B18000550005",,alta,,
2023 DM MIT 342-2023.pdf,google/gemma-4-26b-a4b-it,off,,,Ministero delle infrastrutture e dei trasporti,,rettifica,B81B21003770005,True,definitivo,,1,singolo,,,,1750000.0,1750000.0,"1.750.000,00",totale,assegnazione,assegnato,IMPORTO FINANZIAMENTO TOTALE,"Allegato 1 / [TABELLA pag.10 n.1], riga 5","Divisione Ferroviaria di TUA S.p.A. | ... | 1.750.000,00 | 0,00 | 1.750.000,00 | | B81B21003770005",,alta,,
2025 DD MIT 141-2025.pdf,google/gemma-4-26b-a4b-it,off,R.0000141,2025-04-18,Ministero delle infrastrutture e dei trasporti,,attuazione,E51I04000010007,True,definitivo,,1,singolo,7426,1,,145000000.0,145000000.0,"€ 145.000.000,00",totale,assegnazione,assegnato,"risorse stanziate dall’articolo 3, comma 1, del decreto-legge 12 settembre 2014, n. 133",art. 2,"per € 145.000.000,00 nelle risorse stanziate dall’articolo 3, comma 1, del decreto-legge 12 settembre 2014, n. 133... impegnate con decreto dirigenziale n. 454 del 22 dicembre 2022 sul pertinente capitolo di bilancio n. 7426-piano di gestione 1",decreto dirigenziale n. 454 del 22 dicembre 2022,alta,,
2025 DD MIT 141-2025.pdf,google/gemma-4-26b-a4b-it,off,R.0000141,2025-04-18,Ministero delle infrastrutture e dei trasporti,,attuazione,E51I04000010007,True,definitivo,,1,singolo,7400,1,,113733987.0,113733987.0,"€ 113.733.987,00",totale,assegnazione,assegnato,"risorse stanziate dall’articolo 1, comma 393, della legge 30 dicembre 2021, n. 234",art. 2,"per € 113.733.987,00 dal 2022 al 2035: piano gestionale 1",decreto direttoriale n. 419 del 6 dicembre 2022,alta,,
2025 DD MIT 141-2025.pdf,google/gemma-4-26b-a4b-it,off,R.0000141,2025-04-18,Ministero delle infrastrutture e dei trasporti,,attuazione,E51I04000010007,True,definitivo,,1,singolo,7400,8,,1486266013.0,1486266013.0,"€ 1.486.266.013,00",totale,assegnazione,assegnato,"risorse stanziate dall’articolo 1, comma 393, della legge 30 dicembre 2021, n. 234",art. 2,"piano gestionale 8:€ 1.486.266.013,00 dal 2022 al 2036",decreto direttoriale n. 419 del 6 dicembre 2022,alta,,
2025 DD MIT 141-2025.pdf,google/gemma-4-26b-a4b-it,off,R.0000141,2025-04-18,Ministero delle infrastrutture e dei trasporti,,attuazione,E51I04000010007,True,definitivo,,1,singolo,7419,2,,2200000000.0,2200000000.0,"€ 2.200.000.000,00",totale,assegnazione,assegnato,"risorse stanziate dall’articolo 1, comma 478, dalla legge 29 dicembre 2022, n.197",art. 2,"per € 2.200.000.000,00 nelle risorse stanziate dall’articolo 1, comma 478, dalla legge 29 dicembre 2022, n.197, sul capitolo n. 7419-piano gestionale 2",,alta,,
2025 DD MIT 141-2025.pdf,google/gemma-4-26b-a4b-it,off,R.0000141,2025-04-18,Ministero delle infrastrutture e dei trasporti,,attuazione,E51I04000010007,True,definitivo,,1,singolo,7419,2,,2125000000.0,2125000000.0,"€ 2.125.000.000,00",totale,impegno,impegnato,,art. 3,"È autorizzato l’impegno delle risorse... sul capitolo 7419, piano gestionale 2... per la somma complessiva di € 2.125.000.000,00",,alta,,L'impegno è una sottocategoria delle risorse di cui all'art. 2
2025 DD MIT 141-2025.pdf,google/gemma-4-26b-a4b-it,off,R.0000141,2025-04-18,Ministero delle infrastrutture e dei trasporti,,attuazione,E51I04000010007,True,definitivo,,1,singolo,7419,2,2024,50000000.0,50000000.0,"€ 50.000.000,00",quota,impegno,impegnato,,"art. 3; [TABELLA pag.5 n.1], riga 1","di cui € 50.000.000,00 in conto residui, esercizio di provenienza 2024",,alta,,in conto residui
2025 DD MIT 141-2025.pdf,google/gemma-4-26b-a4b-it,off,R.0000141,2025-04-18,Ministero delle infrastrutture e dei trasporti,,attuazione,E51I04000010007,True,definitivo,,1,singolo,7419,2,2025,25000000.0,25000000.0,"€ 25.000.000,00",quota,impegno,impegnato,,"art. 3; [TABELLA pag.5 n.1], riga 2","2025 | € 25.000.000,00",,alta,,
2025 DD MIT 141-2025.pdf,google/gemma-4-26b-a4b-it,off,R.0000141,2025-04-18,Ministero delle infrastrutture e dei trasporti,,attuazione,E51I04000010007,True,definitivo,,1,singolo,7419,2,2026,50000000.0,50000000.0,"€ 50.000.000,00",quota,impegno,impegnato,,"art. 3; [TABELLA pag.5 n.1], riga 3","2026 | € 50.000.000,00",,alta,,
2025 DD MIT 141-2025.pdf,google/gemma-4-26b-a4b-it,off,R.0000141,2025-04-18,Ministero delle infrastrutture e dei trasporti,,attuazione,E51I04000010007,True,definitivo,,1,singolo,7419,2,2027,350000000.0,350000000.0,"€ 350.000.000,00",quota,impegno,impegnato,,"art. 3; [TABELLA pag.5 n.1], riga 4","2027 | € 350.000.000,00",,alta,,
2025 DD MIT 141-2025.pdf,google/gemma-4-26b-a4b-it,off,R.0000141,2025-04-18,Ministero delle infrastrutture e dei trasporti,,attuazione,E51I04000010007,True,definitivo,,1,singolo,7419,2,2028,200000000.0,200000000.0,"€ 200.000.000,00",quota,impegno,impegnato,,"art. 3; [TABELLA pag.5 n.1], riga 5","2028 | € 200.000.000,00",,alta,,
2025 DD MIT 141-2025.pdf,google/gemma-4-26b-a4b-it,off,R.0000141,2025-04-18,Ministero delle infrastrutture e dei trasporti,,attuazione,E51I04000010007,True,definitivo,,1,singolo,7419,2,2029,150000000.0,150000000.0,"€ 150.000.000,00",quota,impegno,impegnato,,"art. 3; [TABELLA pag.5 n.1], riga 6","2029 | € 150.000.000,00",,alta,,
2025 DD MIT 141-2025.pdf,google/gemma-4-26b-a4b-it,off,R.0000141,2025-04-18,Ministero delle infrastrutture e dei trasporti,,attuazione,E51I04000010007,True,definitivo,,1,singolo,7419,2,2030,450000000.0,450000000.0,"€ 450.000.000,00",quota,impegno,impegnato,,"art. 3; [TABELLA pag.5 n.1], riga 7","2030 | € 450.000.000,00",,alta,,
2025 DD MIT 141-2025.pdf,google/gemma-4-26b-a4b-it,off,R.0000141,2025-04-18,Ministero delle infrastrutture e dei trasporti,,attuazione,E51I04000010007,True,definitivo,,1,singolo,7419,2,2031,450000000.0,450000000.0,"€ 450.000.000,00",quota,impegno,impegnato,,"art. 3; [TABELLA pag.5 n.1], riga 8","2031 | € 450.000.000,00",,alta,,
2025 DD MIT 141-2025.pdf,google/gemma-4-26b-a4b-it,off,R.0000141,2025-04-18,Ministero delle infrastrutture e dei trasporti,,attuazione,E51I04000010007,True,definitivo,,1,singolo,7419,2,2032,400000000.0,400000000.0,"€ 400.000.000,00",quota,impegno,impegnato,,"art. 3; [TABELLA pag.5 n.1], riga 9","2032 | € 400.000.000,00",,alta,,
2025 DD MIT 141-2025.pdf,google/gemma-4-26b-a4b-it,off,R.0000141,2025-04-18,Ministero delle infrastrutture e dei trasporti,,attuazione,E51I04000010007,True,definitivo,,1,singolo,7416,1,,75000000.0,75000000.0,"€ 75.000.000,00",totale,impegno,impegnato,,art. 4,"È autorizzato l’impegno delle risorse... sul capitolo 7416 piano gestionale 1... per la somma complessiva di € 75.000.000,00",,alta,,
2025 DD MIT 141-2025.pdf,google/gemma-4-26b-a4b-it,off,R.0000141,2025-04-18,Ministero delle infrastrutture e dei trasporti,,attuazione,E51I04000010007,True,definitivo,,1,singolo,7416,1,2027,50000000.0,50000000.0,"50.000.000,00",quota,impegno,impegnato,,art. 4,"di cui 50.000.000,00 per l’esercizio finanziario 2027",,alta,,
2025 DD MIT 141-2025.pdf,google/gemma-4-26b-a4b-it,off,R.0000141,2025-04-18,Ministero delle infrastrutture e dei trasporti,,attuazione,E51I04000010007,True,definitivo,,1,singolo,7416,1,2028,25000000.0,25000000.0,"25.000.000,00",quota,impegno,impegnato,,art. 4,"e € 25.000.000,00 per l’esercizio finanziario 2028",,alta,,
2022 DD MIT 454-2022.pdf,google/gemma-4-31b-it,off,,,Ministero delle infrastrutture e dei trasporti,,impegno,E51I04000010007,True,definitivo,,1,singolo,7426,1,2021,14000000.0,14000000.0,"€ 14.000.000,00",totale,assegnazione,impegnato,,Articolo 1,"a favore di Roma Capitale per l’intervento ""Tratta Colosseo - Piazza Venezia della Linea C della metropolitana di Roma” CUP E51I04000010007, l’impegno di € 14.000.000,00",DM MIT di concerto con MEF n. 498 del 14 novembre 2014,alta,,"Impegno in conto residui di lettera F, esercizio di provenienza 2021"
2022 DD MIT 454-2022.pdf,google/gemma-4-31b-it,off,,,Ministero delle infrastrutture e dei trasporti,,impegno,E51I04000010007,True,definitivo,,1,singolo,7426,1,,131000000.0,131000000.0,"€ 131.000.000,00",totale,assegnazione,impegnato,Importo,"Articolo 2; [TABELLA pag.3 n.1], riga Totale","per l’importo complessivo di € 131.000.000,00 a favore di Roma Capitale, per l’intervento ""Tratta Colosseo - Piazza Venezia della Linea C della metropolitana di Roma” CUP E51I04000010007",DM MIT di concerto con MEF n. 498 del 14 novembre 2014,alta,,
2022 DD MIT 454-2022.pdf,google/gemma-4-31b-it,off,,,Ministero delle infrastrutture e dei trasporti,,impegno,E51I04000010007,True,definitivo,,1,singolo,7426,1,2022,35000000.0,35000000.0,"35.000.000,00 €",quota,assegnazione,impegnato,Importo,"[TABELLA pag.3 n.1], riga 1","2022 | 35.000.000,00 €",DM MIT di concerto con MEF n. 498 del 14 novembre 2014,alta,,
2022 DD MIT 454-2022.pdf,google/gemma-4-31b-it,off,,,Ministero delle infrastrutture e dei trasporti,,impegno,E51I04000010007,True,definitivo,,1,singolo,7426,1,2023,40000000.0,40000000.0,"40.000.000,00 €",quota,assegnazione,impegnato,Importo,"[TABELLA pag.3 n.1], riga 2","2023 | 40.000.000,00 €",DM MIT di concerto con MEF n. 498 del 14 novembre 2014,alta,,
2022 DD MIT 454-2022.pdf,google/gemma-4-31b-it,off,,,Ministero delle infrastrutture e dei trasporti,,impegno,E51I04000010007,True,definitivo,,1,singolo,7426,1,2024,33500000.0,33500000.0,"33.500.000,00 €",quota,assegnazione,impegnato,Importo,"[TABELLA pag.3 n.1], riga 3","2024 | 33.500.000,00 €",DM MIT di concerto con MEF n. 498 del 14 novembre 2014,alta,,
2022 DD MIT 454-2022.pdf,google/gemma-4-31b-it,off,,,Ministero delle infrastrutture e dei trasporti,,impegno,E51I04000010007,True,definitivo,,1,singolo,7426,1,2025,22500000.0,22500000.0,"22.500.000,00 €",quota,assegnazione,impegnato,Importo,"[TABELLA pag.3 n.1], riga 4","2025 | 22.500.000,00 €",DM MIT di concerto con MEF n. 498 del 14 novembre 2014,alta,,
2022 DDG 128 del 02-05-22.pdf,google/gemma-4-31b-it,off,,,Ministero delle infrastrutture e della mobilità sostenibili,,impegno,H94I19000130004,True,definitivo,,1,singolo,7400,7,,97154124.1,97154124.1,"97.154.124,10",totale,assegnazione,impegnato,Totale,"[TABELLA pag.4 n.1], riga 1","Comune di Padova | H94I19000130004 | 7400/PG 7 | ... | 97.154.124,10",Decreto del Ministro delle infrastrutture e della mobilità sostenibili n. 464 del 22 novembre 2021,alta,,
2022 DDG 128 del 02-05-22.pdf,google/gemma-4-31b-it,off,,,Ministero delle infrastrutture e della mobilità sostenibili,,impegno,J80J18000000001,True,definitivo,,1,singolo,7400,7,,159466174.12,159466174.12,"159.466.174,12",totale,assegnazione,impegnato,Totale,"[TABELLA pag.4 n.1], riga 2","Roma Capitale | J80J18000000001 | 7400/PG 7 | ... | 159.466.174,12",Decreto del Ministro delle infrastrutture e della mobilità sostenibili n. 464 del 22 novembre 2021,alta,,
2022 DDG 128 del 02-05-22.pdf,google/gemma-4-31b-it,off,,,Ministero delle infrastrutture e della mobilità sostenibili,,impegno,C11B21008720001,True,definitivo,,2,aggregato,7400,7,,44494493.04,22247246.52,"44.494.493,04",totale,assegnazione,impegnato,Totale,"[TABELLA pag.4 n.1], riga 3","Comune di Torino | C11B21008720001 D81E20000410007 | 7400/PG 7 | ... | 44.494.493,04",Decreto del Ministro delle infrastrutture e della mobilità sostenibili n. 464 del 22 novembre 2021,alta,,Importo aggregato per due CUP
2022 DDG 128 del 02-05-22.pdf,google/gemma-4-31b-it,off,,,Ministero delle infrastrutture e della mobilità sostenibili,,impegno,D81E20000410007,True,definitivo,,2,aggregato,7400,7,,44494493.04,22247246.52,"44.494.493,04",totale,assegnazione,impegnato,Totale,"[TABELLA pag.4 n.1], riga 3","Comune di Torino | C11B21008720001 D81E20000410007 | 7400/PG 7 | ... | 44.494.493,04",Decreto del Ministro delle infrastrutture e della mobilità sostenibili n. 464 del 22 novembre 2021,alta,,Importo aggregato per due CUP
2022 DDG 128 del 02-05-22.pdf,google/gemma-4-31b-it,off,,,Ministero delle infrastrutture e della mobilità sostenibili,,impegno,C81B21013200005,True,definitivo,,1,singolo,7400,7,,333059208.74,333059208.74,"333.059.208,74",totale,assegnazione,impegnato,Totale,"[TABELLA pag.4 n.1], riga 4","Comune di Brescia | C81B21013200005 | 7400/PG 7 | ... | 333.059.208,74",Decreto del Ministro delle infrastrutture e della mobilità sostenibili n. 464 del 22 novembre 2021,alta,,
2022 DDG 128 del 02-05-22.pdf,google/gemma-4-31b-it,off,,,Ministero delle infrastrutture e della mobilità sostenibili,,impegno,C81B21013200005,True,definitivo,,1,singolo,7400,1,,26486678.33,26486678.33,"26.486.678,33",totale,assegnazione,impegnato,Totale,"[TABELLA pag.4 n.1], riga 5","Comune di Brescia | | 7400/PG 1 | ... | 26.486.678,33",Decreto del Ministro delle infrastrutture e della mobilità sostenibili n. 464 del 22 novembre 2021,media,,CUP estratto dalla riga precedente della stessa entità (Comune di Brescia)
2022 DI Mims Mef 97 20.04.2022.pdf,google/gemma-4-31b-it,off,,,Ministero delle Infrastrutture e della Mobilità Sostenibili,Ministero dell'Economia e delle Finanze,assegnazione,B39J22001360001,True,definitivo,,1,singolo,7400,8,,398000000.0,398000000.0,"398.000.000,00",totale,assegnazione,assegnato,FINANZIAMENTO AMMESSO,"art. 1, lett. a); Allegato 1 / [TABELLA pag.10 n.1], riga 1","SKYMETRO VAL BISAGNO GENOVA | B39J22001360001 | 398.000.000,00",,alta,,
2022 DI Mims Mef 97 20.04.2022.pdf,google/gemma-4-31b-it,off,,,Ministero delle Infrastrutture e della Mobilità Sostenibili,Ministero dell'Economia e delle Finanze,assegnazione,B31F20000030005,True,definitivo,,1,singolo,7400,8,,20860000.0,20860000.0,"20.860.000,00",totale,assegnazione,assegnato,FINANZIAMENTO AMMESSO,"art. 1, lett. a); Allegato 1 / [TABELLA pag.10 n.1], riga 2","PROLUNGAMENTO METROPOLITANA DI GENOVA DA BRIN A CANEPARI... | B31F20000030005 | 20.860.000,00",,alta,,
2022 DI Mims Mef 97 20.04.2022.pdf,google/gemma-4-31b-it,off,,,Ministero delle Infrastrutture e della Mobilità Sostenibili,Ministero dell'Economia e delle Finanze,assegnazione,B44D20000040001,True,definitivo,,1,singolo,7400,8,,180000000.0,180000000.0,"180.000.000,00",totale,assegnazione,assegnato,FINANZIAMENTO AMMESSO,"art. 1, lett. a); Allegato 1 / [TABELLA pag.10 n.1], riga 3","LINEA METROPOLITANA M1 PROLUNGAMENTO QUARTIERE BAGGIO... | B44D20000040001 | 180.000.000,00",,alta,,
2022 DI Mims Mef 97 20.04.2022.pdf,google/gemma-4-31b-it,off,,,Ministero delle Infrastrutture e della Mobilità Sostenibili,Ministero dell'Economia e delle Finanze,assegnazione,B91J21000040001,True,definitivo,,1,singolo,7400,8,,420000000.0,420000000.0,"420.000.000,00",totale,assegnazione,assegnato,FINANZIAMENTO AMMESSO,"art. 1, lett. a); Allegato 1 / [TABELLA pag.10 n.1], riga 4","PROLUNGAMENTO LINEA METROPOLITANA M4 DA AEROPORTO LINATE A SEGRATE | B91J21000040001 | 420.000.000,00",,alta,,
2022 DI Mims Mef 97 20.04.2022.pdf,google/gemma-4-31b-it,off,,,Ministero delle Infrastrutture e della Mobilità Sostenibili,Ministero dell'Economia e delle Finanze,assegnazione,B41J21000050006,True,definitivo,,1,singolo,7400,8,,4500000.0,4500000.0,"4.500.000,00",totale,assegnazione,assegnato,FINANZIAMENTO AMMESSO,"art. 1, lett. a); Allegato 1 / [TABELLA pag.10 n.1], riga 5","NUOVA LINEA METROPOLITANA M6 RAMO SUD (PFTE) | B41J21000050006 | 4.500.000,00",,alta,,
2022 DI Mims Mef 97 20.04.2022.pdf,google/gemma-4-31b-it,off,,,Ministero delle Infrastrutture e della Mobilità Sostenibili,Ministero dell'Economia e delle Finanze,assegnazione,B41C21000010001,True,definitivo,,1,singolo,7400,8,,5500000.0,5500000.0,"5.500.000,00",totale,assegnazione,assegnato,FINANZIAMENTO AMMESSO,"art. 1, lett. a); Allegato 1 / [TABELLA pag.10 n.1], riga 6","PROLUNGAMENTO M3 SAN DONATO M. – ASTA PAULLESE (PFTE) | B41C21000010001 | 5.500.000,00",,alta,,
2022 DI Mims Mef 97 20.04.2022.pdf,google/gemma-4-31b-it,off,,,Ministero delle Infrastrutture e della Mobilità Sostenibili,Ministero dell'Economia e delle Finanze,assegnazione,F41B22000830009,True,definitivo,F41B22000740009,1,singolo,7400,8,,163500824.0,163500824.0,"163.500.824,00",totale,assegnazione,assegnato,FINANZIAMENTO AMMESSO,"art. 1, lett. a); Allegato 1 / [TABELLA pag.10 n.1], riga 8","NUOVO COLLEGAMENTO... LOTTO 1°_STRALCIO II | F41B22000830009 | 163.500.824,00",,alta,,
2022 DI Mims Mef 97 20.04.2022.pdf,google/gemma-4-31b-it,off,,,Ministero delle Infrastrutture e della Mobilità Sostenibili,Ministero dell'Economia e delle Finanze,assegnazione,F41B22000740009,True,definitivo,F41B22000740009,1,singolo,7400,8,,631373163.0,631373163.0,"631.373.163,00",totale,assegnazione,assegnato,FINANZIAMENTO AMMESSO,"art. 1, lett. a); Allegato 1 / [TABELLA pag.10 n.1], riga 7","NUOVO COLLEGAMENTO... LOTTO 1°_STRALCIO I | F41B22000740009 (CUP MASTER) | 631.373.163,00",,alta,,
2022 DI Mims Mef 97 20.04.2022.pdf,google/gemma-4-31b-it,off,,,Ministero delle Infrastrutture e della Mobilità Sostenibili,Ministero dell'Economia e delle Finanze,assegnazione,E51I04000010007,True,definitivo,,1,singolo,7400,8,,610000000.0,610000000.0,"610.000.000,00",totale,assegnazione,assegnato,FINANZIAMENTO AMMESSO,"art. 1, lett. a); Allegato 1 / [TABELLA pag.10 n.1], riga 9","LINEA C... SUB-TRATTA FUNZIONALE DA STAZIONE VENEZIA A STAZIONE FORI IMPERIALI | E51I04000010007 | 610.000.000,00",,alta,,
2022 DI Mims Mef 97 20.04.2022.pdf,google/gemma-4-31b-it,off,,,Ministero delle Infrastrutture e della Mobilità Sostenibili,Ministero dell'Economia e delle Finanze,assegnazione,E51I04000010007,True,definitivo,,1,singolo,7400,8,,990000000.0,990000000.0,"990.000.000,00",totale,assegnazione,assegnato,FINANZIAMENTO AMMESSO,"art. 1, lett. a); Allegato 1 / [TABELLA pag.10 n.1], riga 10","LINEA C... TRATTA T2 - LOTTO COSTRUTTIVO | E51I04000010007 | 990.000.000,00",,alta,,
2022 DI Mims Mef 97 20.04.2022.pdf,google/gemma-4-31b-it,off,,,Ministero delle Infrastrutture e della Mobilità Sostenibili,Ministero dell'Economia e delle Finanze,assegnazione,C71F20000020005,True,definitivo,,1,singolo,7400,8,,1000000000.0,1000000000.0,"1.000.000.000,00",totale,assegnazione,assegnato,FINANZIAMENTO AMMESSO,"art. 1, lett. a); Allegato 1 / [TABELLA pag.10 n.1], riga 11","METROPOLITANA AUTOMATICA DI TORINO – LINEA 2... | C71F20000020005 | 1.000.000.000,00",,alta,,
2022 DI Mims Mef 97 20.04.2022.pdf,google/gemma-4-31b-it,off,,,Ministero delle Infrastrutture e della Mobilità Sostenibili,Ministero dell'Economia e delle Finanze,assegnazione,J81B21014060001,True,definitivo,,1,singolo,7400,1,,173183831.97,173183831.97,"173.183.831,97",totale,assegnazione,assegnato,FINANZIAMENTO AMMESSO,"art. 1, lett. b); Allegato 2 / [TABELLA pag.12 n.1], riga 1","LINEA TRANVIARIA TERMINI - VATICANO - AURELIO | J81B21014060001 | 173.183.831,97",,alta,,
2022 DI Mims Mef 97 20.04.2022.pdf,google/gemma-4-31b-it,off,,,Ministero delle Infrastrutture e della Mobilità Sostenibili,Ministero dell'Economia e delle Finanze,assegnazione,J84E21005150001,True,definitivo,,1,singolo,7400,1,,11284217.84,11284217.84,"11.284.217,84",totale,assegnazione,assegnato,FINANZIAMENTO AMMESSO,"art. 1, lett. b); Allegato 2 / [TABELLA pag.12 n.1], riga 2","DEPOSITO DI CENTOCELLE EST | J84E21005150001 | 11.284.217,84",,alta,,
2022 DI Mims Mef 97 20.04.2022.pdf,google/gemma-4-31b-it,off,,,Ministero delle Infrastrutture e della Mobilità Sostenibili,Ministero dell'Economia e delle Finanze,assegnazione,E31J19000030001,True,definitivo,,1,singolo,7400,1,,26500000.0,26500000.0,"26.500.000,00",totale,assegnazione,assegnato,FINANZIAMENTO AMMESSO,"art. 1, lett. b); Allegato 2 / [TABELLA pag.12 n.1], riga 3","SISTEMA DI TRASPORTO RAPIDO DI MASSA... PIACENZA | E31J19000030001 | 26.500.000,00",,alta,,
2022 DI Mims Mef 97 20.04.2022.pdf,google/gemma-4-31b-it,off,,,Ministero delle Infrastrutture e della Mobilità Sostenibili,Ministero dell'Economia e delle Finanze,assegnazione,F44I19000530001,True,definitivo,,1,singolo,7400,1,,122200000.0,122200000.0,"122.200.000,00",totale,assegnazione,assegnato,FINANZIAMENTO AMMESSO,"art. 1, lett. b); Allegato 2 / [TABELLA pag.12 n.1], riga 4","AMPLIAMENTO DEL DEPOSITO GALLARATESE... | F44I19000530001 | 122.200.000,00",,alta,,
2022 DI Mims Mef 97 20.04.2022.pdf,google/gemma-4-31b-it,off,,,Ministero delle Infrastrutture e della Mobilità Sostenibili,Ministero dell'Economia e delle Finanze,assegnazione,C11J22000000001,True,definitivo,,1,singolo,,,,221721410.41,221721410.41,"221.721.410,41",totale,assegnazione,ammesso,FINANZIAMENTO AMMESSO,"art. 2; Allegato 3 / [TABELLA pag.13 n.1], riga 1","PROLUNGAMENTO LINEA TRANVIARIA 12... | C11J22000000001 | 221.721.410,41",,alta,,Intervento inserito in graduatoria degli ammissibili non ancora finanziati
2022 DI Mims Mef 97 20.04.2022.pdf,google/gemma-4-31b-it,off,,,Ministero delle Infrastrutture e della Mobilità Sostenibili,Ministero dell'Economia e delle Finanze,assegnazione,F47C19000370001,True,definitivo,,4,aggregato,,,,20900000.02,5225000.005,"20.900.000,02",totale,assegnazione,ammesso,FINANZIAMENTO AMMESSO,"art. 2; Allegato 3 / [TABELLA pag.13 n.1], riga 2","METROPOLITANA LINEA M3... | F47C19000370001 F47D17000140005 F47C19000380001 F47C19000390001 | 20.900.000,02",,alta,,Intervento inserito in graduatoria degli ammissibili non ancora finanziati
2022 DI Mims Mef 97 20.04.2022.pdf,google/gemma-4-31b-it,off,,,Ministero delle Infrastrutture e della Mobilità Sostenibili,Ministero dell'Economia e delle Finanze,assegnazione,F47D17000140005,True,definitivo,,4,aggregato,,,,20900000.02,5225000.005,"20.900.000,02",totale,assegnazione,ammesso,FINANZIAMENTO AMMESSO,"art. 2; Allegato 3 / [TABELLA pag.13 n.1], riga 2","METROPOLITANA LINEA M3... | F47C19000370001 F47D17000140005 F47C19000380001 F47C19000390001 | 20.900.000,02",,alta,,Intervento inserito in graduatoria degli ammissibili non ancora finanziati
2022 DI Mims Mef 97 20.04.2022.pdf,google/gemma-4-31b-it,off,,,Ministero delle Infrastrutture e della Mobilità Sostenibili,Ministero dell'Economia e delle Finanze,assegnazione,F47C19000380001,True,definitivo,,4,aggregato,,,,20900000.02,5225000.005,"20.900.000,02",totale,assegnazione,ammesso,FINANZIAMENTO AMMESSO,"art. 2; Allegato 3 / [TABELLA pag.13 n.1], riga 2","METROPOLITANA LINEA M3... | F47C19000370001 F47D17000140005 F47C19000380001 F47C19000390001 | 20.900.000,02",,alta,,Intervento inserito in graduatoria degli ammissibili non ancora finanziati
2022 DI Mims Mef 97 20.04.2022.pdf,google/gemma-4-31b-it,off,,,Ministero delle Infrastrutture e della Mobilità Sostenibili,Ministero dell'Economia e delle Finanze,assegnazione,F47C19000390001,True,definitivo,,4,aggregato,,,,20900000.02,5225000.005,"20.900.000,02",totale,assegnazione,ammesso,FINANZIAMENTO AMMESSO,"art. 2; Allegato 3 / [TABELLA pag.13 n.1], riga 2","METROPOLITANA LINEA M3... | F47C19000370001 F47D17000140005 F47C19000380001 F47C19000390001 | 20.900.000,02",,alta,,Intervento inserito in graduatoria degli ammissibili non ancora finanziati
2022 DI Mims Mef 97 20.04.2022.pdf,google/gemma-4-31b-it,off,,,Ministero delle Infrastrutture e della Mobilità Sostenibili,Ministero dell'Economia e delle Finanze,assegnazione,F47C19000350001,True,definitivo,,2,aggregato,,,,45000000.07,22500000.035,"45.000.000,07",totale,assegnazione,ammesso,FINANZIAMENTO AMMESSO,"art. 2; Allegato 3 / [TABELLA pag.13 n.1], riga 3","METROPOLITANA LINEE M1 + M2... | F47C19000350001 O F47C19000360001 | 45.000.000,07",,alta,,Intervento inserito in graduatoria degli ammissibili non ancora finanziati
2022 DI Mims Mef 97 20.04.2022.pdf,google/gemma-4-31b-it,off,,,Ministero delle Infrastrutture e della Mobilità Sostenibili,Ministero dell'Economia e delle Finanze,assegnazione,F47C19000360001,True,definitivo,,2,aggregato,,,,45000000.07,22500000.035,"45.000.000,07",totale,assegnazione,ammesso,FINANZIAMENTO AMMESSO,"art. 2; Allegato 3 / [TABELLA pag.13 n.1], riga 3","METROPOLITANA LINEE M1 + M2... | F47C19000350001 O F47C19000360001 | 45.000.000,07",,alta,,Intervento inserito in graduatoria degli ammissibili non ancora finanziati
2022 DI Mims Mef 97 20.04.2022.pdf,google/gemma-4-31b-it,off,,,Ministero delle Infrastrutture e della Mobilità Sostenibili,Ministero dell'Economia e delle Finanze,assegnazione,B34J18000220001,True,definitivo,,2,aggregato,,,,74516124.63,37258062.315,"74.516.124,63",totale,assegnazione,ammesso,FINANZIAMENTO AMMESSO,"art. 2; Allegato 3 / [TABELLA pag.13 n.1], riga 4","LINEA METROPOLITANA: PROLUNGAMENTO A RIVAROLO... | B34J18000220001 B34J18000230001 | 74.516.124,63",,alta,,Intervento inserito in graduatoria degli ammissibili non ancora finanziati
2022 DI Mims Mef 97 20.04.2022.pdf,google/gemma-4-31b-it,off,,,Ministero delle Infrastrutture e della Mobilità Sostenibili,Ministero dell'Economia e delle Finanze,assegnazione,B34J18000230001,True,definitivo,,2,aggregato,,,,74516124.63,37258062.315,"74.516.124,63",totale,assegnazione,ammesso,FINANZIAMENTO AMMESSO,"art. 2; Allegato 3 / [TABELLA pag.13 n.1], riga 4","LINEA METROPOLITANA: PROLUNGAMENTO A RIVAROLO... | B34J18000220001 B34J18000230001 | 74.516.124,63",,alta,,Intervento inserito in graduatoria degli ammissibili non ancora finanziati
2023 DM MIT 342-2023.pdf,google/gemma-4-31b-it,off,,,Ministero delle infrastrutture e dei trasporti,,rettifica,,False,,,0,singolo,,,2033,217585.0,217585.0,217.585 euro,quota,assegnazione,assegnato,,"art. 1, comma 1","assegna, per l’annualità 2033, alla Regione Veneto risorse pari a 217.585 euro, in luogo dei precedenti 117.585 euro","decreto del Ministro delle infrastrutture e della mobilità sostenibili del 23 settembre 2021, n. 364",alta,,Rettifica di errore materiale; valore precedente 117.585 euro
2023 DM MIT 342-2023.pdf,google/gemma-4-31b-it,off,,,Ministero delle infrastrutture e dei trasporti,,rettifica,,False,,,0,singolo,,,2033,690994.0,690994.0,690.994 euro,quota,assegnazione,assegnato,,"art. 1, comma 1","alla Regione Emilia Romagna risorse pari a 690.994 euro, in luogo dei precedenti 790.994 euro","decreto del Ministro delle infrastrutture e della mobilità sostenibili del 23 settembre 2021, n. 364",alta,,Rettifica di errore materiale; valore precedente 790.994 euro
2023 DM MIT 342-2023.pdf,google/gemma-4-31b-it,off,,,Ministero delle infrastrutture e dei trasporti,,rettifica,,False,,,0,singolo,,,2032,125266.0,125266.0,125.266 euro,quota,assegnazione,assegnato,,"art. 1, comma 1","per l’annualità 2032, assegna alla Regione Veneto risorse pari a 125.266 euro, in luogo dei precedenti 125.268 euro","decreto del Ministro delle infrastrutture e della mobilità sostenibili del 23 settembre 2021, n. 364",alta,,Rettifica di errore materiale; valore precedente 125.268 euro
2023 DM MIT 342-2023.pdf,google/gemma-4-31b-it,off,,,Ministero delle infrastrutture e dei trasporti,,rettifica,,False,,,0,singolo,,,2032,842682.0,842682.0,842.682 euro,quota,assegnazione,assegnato,,"art. 1, comma 1","alla Regione Emilia Romagna risorse pari a 842.682 euro, in luogo dei precedenti 842.680 euro","decreto del Ministro delle infrastrutture e della mobilità sostenibili del 23 settembre 2021, n. 364",alta,,Rettifica di errore materiale; valore precedente 842.680 euro
2023 DM MIT 342-2023.pdf,google/gemma-4-31b-it,off,,,Ministero delle infrastrutture e dei trasporti,,rettifica,H49J21005480003,True,definitivo,,1,singolo,,,,47725.0,47725.0,"47.725,00",totale,assegnazione,assegnato,IMPORTO TOTALE,"Allegato 1 / [TABELLA pag.4 n.1], riga 5","INTERSCAMBIO SANT'OLCESE TULLO | 47.725,00 | 0,00 | 47.725,00 | H49J21005480003",,alta,,
2023 DM MIT 342-2023.pdf,google/gemma-4-31b-it,off,,,Ministero delle infrastrutture e dei trasporti,,rettifica,C75B23000000001,True,definitivo,,1,singolo,,,,10543255.0,10543255.0,"10.543.255,00",totale,assegnazione,assegnato,IMPORTO TOTALE,"Allegato 1 / [TABELLA pag.4 n.1], riga 11","RINNOVO, POTENZIAMENTO E MESSA IN SICUREZZA... | 10.543.255,00 | 0,00 | 10.543.255,00 | C75B23000000001",,alta,,
2023 DM MIT 342-2023.pdf,google/gemma-4-31b-it,off,,,Ministero delle infrastrutture e dei trasporti,,rettifica,C71G22000090001,True,definitivo,,1,singolo,,,,7000000.0,7000000.0,"7.000.000,00",totale,assegnazione,assegnato,IMPORTO TOTALE,"Allegato 1 / [TABELLA pag.4 n.1], riga 13","POTENZIAMENTO DEL SISTEMA DI ALIMENTAZIONE ELETTRICA... | 7.000.000,00 | 0,00 | 7.000.000,00 | C71G22000090001",,alta,,
2023 DM MIT 342-2023.pdf,google/gemma-4-31b-it,off,,,Ministero delle infrastrutture e dei trasporti,,rettifica,E51B21002250001,True,definitivo,,1,singolo,,,,20000000.0,20000000.0,"20.000.000,00",totale,assegnazione,assegnato,IMPORTO TOTALE,"Allegato 1 / [TABELLA pag.4 n.1], riga 15","INTERVENTI SULLA RETE PER STABILIZZAZIONE ORARIO... | 20.000.000,00 | 0,00 | 20.000.000,00 | E51B21002250001",,alta,,
2023 DM MIT 342-2023.pdf,google/gemma-4-31b-it,off,,,Ministero delle infrastrutture e dei trasporti,,rettifica,B41E04000210001,True,definitivo,,1,singolo,,,,50000000.0,50000000.0,"50.000.000,00",totale,assegnazione,assegnato,IMPORTO AMMASSO A FINANZIAMENTO SUD,"Allegato 1 / [TABELLA pag.5 n.1], riga 1","LINEA 1 DELLA METROPOLITANA DI NAPOLI... | 50.000.000,00 | 50.000.000,00 | 100.000.000,00 | B41E04000210001",,alta,,
2023 DM MIT 342-2023.pdf,google/gemma-4-31b-it,off,,,Ministero delle infrastrutture e dei trasporti,,rettifica,F61B21003640009,True,definitivo,,1,singolo,,,,30000000.0,30000000.0,"30.000.000,00",totale,assegnazione,assegnato,IMPORTO AMMASSO A FINANZIAMENTO SUD,"Allegato 1 / [TABELLA pag.5 n.1], riga 2","NUOVO TELECOMANDO LINEE FLEGREE... | 30.000.000,00 | 0,00 | 30.000.000,00 | F61B21003640009",,alta,,
2023 DM MIT 342-2023.pdf,google/gemma-4-31b-it,off,,,Ministero delle infrastrutture e dei trasporti,,rettifica,D69D15002090001,True,definitivo,,2,aggregato,,,,50000000.0,25000000.0,"50.000.000,00",totale,assegnazione,assegnato,IMPORTO AMMASSO A FINANZIAMENTO SUD,"Allegato 1 / [TABELLA pag.5 n.1], riga 3","COMPLETAMENTO ELETTRIFICAZIONE DORSALE SALENTO... | 50.000.000,00 | 130.000.000,00 | 180.000.000,00 | Lotto 4 - D69D15002090001 Lotto 3 - D49D15001920001",,alta,,Importo aggregato per Lotto 3 e Lotto 4
2023 DM MIT 342-2023.pdf,google/gemma-4-31b-it,off,,,Ministero delle infrastrutture e dei trasporti,,rettifica,D49D15001920001,True,definitivo,,2,aggregato,,,,50000000.0,25000000.0,"50.000.000,00",totale,assegnazione,assegnato,IMPORTO AMMASSO A FINANZIAMENTO SUD,"Allegato 1 / [TABELLA pag.5 n.1], riga 3","COMPLETAMENTO ELETTRIFICAZIONE DORSALE SALENTO... | 50.000.000,00 | 130.000.000,00 | 180.000.000,00 | Lotto 4 - D69D15002090001 Lotto 3 - D49D15001920001",,alta,,Importo aggregato per Lotto 3 e Lotto 4
2023 DM MIT 342-2023.pdf,google/gemma-4-31b-it,off,,,Ministero delle infrastrutture e dei trasporti,,rettifica,G31G22000250001,True,definitivo,,1,singolo,,,,2800000.0,2800000.0,"2.800.000,00",totale,assegnazione,assegnato,IMPORTO AMMASSO A FINANZIAMENTO SUD,"Allegato 1 / [TABELLA pag.5 n.1], riga 4","RIFACIMENTO PENSILINA BARI CENTRALE | 2.800.000,00 | 0,00 | 2.800.000,00 | G31G22000250001",,alta,,
2023 DM MIT 342-2023.pdf,google/gemma-4-31b-it,off,,,Ministero delle infrastrutture e dei trasporti,,rettifica,G71B18000620005,True,definitivo,,1,singolo,,,,2500000.0,2500000.0,"2.500.000,00",totale,assegnazione,assegnato,IMPORTO AMMASSO A FINANZIAMENTO SUD,"Allegato 1 / [TABELLA pag.5 n.1], riga 5","REALIZZAZIONE PARCHEGGIO DI INTERSCAMBIO NELLA STAZIONE DI ALTAMURA | 2.500.000,00 | 0,00 | 2.500.000,00 | G71B18000620005",,alta,,
2023 DM MIT 342-2023.pdf,google/gemma-4-31b-it,off,,,Ministero delle infrastrutture e dei trasporti,,rettifica,F81B21005610001,True,definitivo,,1,singolo,,,,18000000.0,18000000.0,"18.000.000,00",totale,assegnazione,assegnato,IMPORTO AMMASSO A FINANZIAMENTO SUD,"Allegato 1 / [TABELLA pag.6 n.1], riga 1","VARIANTE DI TRACCCIATO, REALIZZAZIONE PUNTI DI INCROCIO... | 26.400.000,00 | 0,00 | 26.400.000,00 | F81B21005610001",,alta,,"L'importo assegnato è 18.000.000,00 a fronte di un totale intervento di 26.400.000,00"
2023 DM MIT 342-2023.pdf,google/gemma-4-31b-it,off,,,Ministero delle infrastrutture e dei trasporti,,rettifica,I61B21003020001,True,definitivo,,1,singolo,,,,9900000.0,9900000.0,"9.900.000,00",totale,assegnazione,assegnato,IMPORTO AMMASSO A FINANZIAMENTO SUD,"Allegato 1 / [TABELLA pag.6 n.1], riga 2","LAVORI DI REALIZZAZIONE DELLA NUOVA STAZIONE FERROVIARIA DI CATANZARO CITTÀ | 9.900.000,00 | 0,00 | 9.900.000,00 | I61B21003020001",,alta,,
2023 DM MIT 342-2023.pdf,google/gemma-4-31b-it,off,,,Ministero delle infrastrutture e dei trasporti,,rettifica,I67H21003160001,True,definitivo,,1,singolo,,,,2900000.0,2900000.0,"2.900.000,00",totale,assegnazione,assegnato,IMPORTO AMMASSO A FINANZIAMENTO SUD,"Allegato 1 / [TABELLA pag.6 n.1], riga 3","LAVORI DI MIGLIORAMENTO DELLA FRUIBILITÀ DELLA LINEA FERROVIARIA... | 2.900.000,00 | 0,00 | 2.900.000,00 | I67H21003160001",,alta,,
2023 DM MIT 342-2023.pdf,google/gemma-4-31b-it,off,,,Ministero delle infrastrutture e dei trasporti,,rettifica,B89J21020930005,True,definitivo,,1,singolo,,,,1200000.0,1200000.0,"1.200.000,00",totale,assegnazione,assegnato,IMPORTO AMMASSO A FINANZIAMENTO SUD,"Allegato 1 / [TABELLA pag.6 n.1], riga 4","CREAZIONE POSTO INTERMEDIO LOCALITÀ GUASTACCONCIA... | 1.200.000,00 | 0,00 | 1.200.000,00 | B89J21020930005",,alta,,
2023 DM MIT 342-2023.pdf,google/gemma-4-31b-it,off,,,Ministero delle infrastrutture e dei trasporti,,rettifica,I57H21005640001,True,definitivo,,1,singolo,,,,1512215.0,1512215.0,"1.512.215,00",totale,assegnazione,assegnato,SICUREZZA INTERVENTO,"Allegato 2 / [TABELLA pag.7 n.1], riga 1","INTERVENTI STRUTTURALI DI RISANAMENTO PONTE IN C.A. AL KM. 14+355 | 1.512.215,00 | 0,00 | 1.512.215,00 | I57H21005640001",,alta,,
2023 DM MIT 342-2023.pdf,google/gemma-4-31b-it,off,,,Ministero delle infrastrutture e dei trasporti,,rettifica,B19F22013250002,True,definitivo,,1,singolo,,,,2400000.0,2400000.0,"2.400.000,00",totale,assegnazione,assegnato,SICUREZZA INTERVENTO,"Allegato 2 / [TABELLA pag.7 n.1], riga 2","ELIMINAZIONE DI DUE PASSAGGI A LIVELLO... | 2.400.000,00 | 0,00 | 2.400.000,00 | B19F22013250002",,alta,,
2023 DM MIT 342-2023.pdf,google/gemma-4-31b-it,off,,,Ministero delle infrastrutture e dei trasporti,,rettifica,C89F23000050001,True,definitivo,,1,singolo,,,,600000.0,600000.0,"600.000,00",totale,assegnazione,assegnato,SICUREZZA INTERVENTO,"Allegato 2 / [TABELLA pag.7 n.1], riga 3","SOPPRESSIONE DI QUATTRO PASSAGGI A LIVELLO PRIVATI... | 600.000,00 | 0,00 | 600.000,00 | C89F23000050001",,alta,,
2023 DM MIT 342-2023.pdf,google/gemma-4-31b-it,off,,,Ministero delle infrastrutture e dei trasporti,,rettifica,C99F23000050001,True,definitivo,,1,singolo,,,,5400000.0,5400000.0,"5.400.000,00",totale,assegnazione,assegnato,SICUREZZA INTERVENTO,"Allegato 2 / [TABELLA pag.8 n.1], riga 1","LINEA BOLOGNA- PORTOMAGGIORE , SOPPRESSIONE PL... | 5.400.000,00 | 1.600.000,00 | 7.000.000,00 | C99F23000050001",,alta,,
2023 DM MIT 342-2023.pdf,google/gemma-4-31b-it,off,,,Ministero delle infrastrutture e dei trasporti,,rettifica,C56G21008730001,True,definitivo,,1,singolo,,,,3400000.0,3400000.0,"3.400.000,00",totale,assegnazione,assegnato,SICUREZZA INTERVENTO,"Allegato 2 / [TABELLA pag.8 n.1], riga 2","UPGRADE CON IMPIANTI MULTI‐ ACC | 3.400.000,00 | 0,00 | 3.400.000,00 | C56G21008730001",,alta,,
2023 DM MIT 342-2023.pdf,google/gemma-4-31b-it,off,,,Ministero delle infrastrutture e dei trasporti,,rettifica,F41B21005790009,True,definitivo,,1,singolo,,,,30000000.0,30000000.0,30.000.000,totale,assegnazione,assegnato,SICUREZZA INTERVENTO,"Allegato 2 / [TABELLA pag.9 n.1], riga 1","SOPPRESSIONE PP.LL. RETE FERROVIARIA EAV | 30.000.000 | € 0,00 | 30.000.000 | F41B21005790009",,alta,,
2023 DM MIT 342-2023.pdf,google/gemma-4-31b-it,off,,,Ministero delle infrastrutture e dei trasporti,,rettifica,G31G22000260001,True,definitivo,,1,singolo,,,,7200000.0,7200000.0,7.200.000,totale,assegnazione,assegnato,SICUREZZA INTERVENTO,"Allegato 2 / [TABELLA pag.9 n.1], riga 2",RADDOPPIO TRA BARI SANT’ANDREA E MODUGNO | 7.200.000 | 0 | 7.200.000 | G31G22000260001,,alta,,
2023 DM MIT 342-2023.pdf,google/gemma-4-31b-it,off,,,Ministero delle infrastrutture e dei trasporti,,rettifica,G11B18000550005,True,definitivo,,1,singolo,,,,3500000.0,3500000.0,3.500.000,totale,assegnazione,assegnato,SICUREZZA INTERVENTO,"Allegato 2 / [TABELLA pag.10 n.1], riga 1",Lotto “RIPRISTINO DELLA FUNZIONALITÀ DELL'OFFICINA FERROVIARIA A SERRA RIFUSA” | 3.500.000 | 0 | 3.500.000 | G11B18000550005,,alta,,
2023 DM MIT 342-2023.pdf,google/gemma-4-31b-it,off,,,Ministero delle infrastrutture e dei trasporti,,rettifica,B81B21003770005,True,definitivo,,1,singolo,,,,1750000.0,1750000.0,1.750.000,totale,assegnazione,assegnato,SICUREZZA INTERVENTO,"Allegato 2 / [TABELLA pag.10 n.1], riga 2","TESATURA DEI CONDUTTORI IN RAME... | 1.750.000,00 € | 0 | 1.750.000 | B81B21003770005",,alta,,
2025 DD MIT 141-2025.pdf,google/gemma-4-31b-it,off,R.0000141,2025-04-18,Ministero delle infrastrutture e dei trasporti,,attuazione,E51I04000010007,True,definitivo,,1,singolo,,,,3945000000.0,3945000000.0,"€ 3.945.000.000,00",totale,assegnazione,assegnato,,art. 2,"Il contributo oggetto della Convenzione di cui all’art. 1 è pari a complessivi € 3.945.000.000,00",,alta,,Importo complessivo della Convenzione approvata all'art. 1
2025 DD MIT 141-2025.pdf,google/gemma-4-31b-it,off,R.0000141,2025-04-18,Ministero delle infrastrutture e dei trasporti,,attuazione,E51I04000010007,True,definitivo,,1,singolo,7426,1,,145000000.0,145000000.0,"€ 145.000.000,00",quota,assegnazione,impegnato,,art. 2,"per € 145.000.000,00 ... impegnate con decreto dirigenziale n. 454del 22 dicembre 2022 sul pertinente capitolo di bilancio n. 7426-piano di gestione 1",decreto dirigenziale n. 454 del 22 dicembre 2022,alta,,
2025 DD MIT 141-2025.pdf,google/gemma-4-31b-it,off,R.0000141,2025-04-18,Ministero delle infrastrutture e dei trasporti,,attuazione,E51I04000010007,True,definitivo,,1,singolo,7400,1,,113733987.0,113733987.0,"€ 113.733.987,00",quota,assegnazione,impegnato,,art. 2,"capitolo di bilancio n. 7400 (piano gestionale1: € 113.733.987,00dal 2022 al 2035",decreto direttoriale n. 419 del 6 dicembre 2022,alta,,
2025 DD MIT 141-2025.pdf,google/gemma-4-31b-it,off,R.0000141,2025-04-18,Ministero delle infrastrutture e dei trasporti,,attuazione,E51I04000010007,True,definitivo,,1,singolo,7400,8,,1486266013.0,1486266013.0,"€ 1.486.266.013,00",quota,assegnazione,impegnato,,art. 2,"piano gestionale 8:€ 1.486.266.013,00dal 2022 al 2036",decreto direttoriale n. 419 del 6 dicembre 2022,alta,,
2025 DD MIT 141-2025.pdf,google/gemma-4-31b-it,off,R.0000141,2025-04-18,Ministero delle infrastrutture e dei trasporti,,attuazione,E51I04000010007,True,definitivo,,1,singolo,7419,2,,2200000000.0,2200000000.0,"€ 2.200.000.000,00",totale,assegnazione,assegnato,,art. 2,"per € 2.200.000.000,00nelle risorsestanziate dall’articolo 1, comma 478, dalla legge 29 dicembre 2022, n.197, sul capitolo n. 7419-piano gestionale 2",,alta,,
2025 DD MIT 141-2025.pdf,google/gemma-4-31b-it,off,R.0000141,2025-04-18,Ministero delle infrastrutture e dei trasporti,,attuazione,E51I04000010007,True,definitivo,,1,singolo,7419,2,,2125000000.0,2125000000.0,"€ 2.125.000.000,00",totale,impegno,impegnato,,art. 3,"È autorizzato l’impegnodelle risorse ... sul capitolo 7419, piano gestionale 2 ... per la somma complessiva di € 2.125.000.000,00",,alta,,
2025 DD MIT 141-2025.pdf,google/gemma-4-31b-it,off,R.0000141,2025-04-18,Ministero delle infrastrutture e dei trasporti,,attuazione,E51I04000010007,True,definitivo,,1,singolo,7419,2,2024,50000000.0,50000000.0,"€ 50.000.000,00",quota,impegno,impegnato,,"[TABELLA pag.5 n.1], riga 1","2024 | € 50.000.000,00",,alta,,In conto residui
2025 DD MIT 141-2025.pdf,google/gemma-4-31b-it,off,R.0000141,2025-04-18,Ministero delle infrastrutture e dei trasporti,,attuazione,E51I04000010007,True,definitivo,,1,singolo,7419,2,2025,25000000.0,25000000.0,"€ 25.000.000,00",quota,impegno,impegnato,,"[TABELLA pag.5 n.1], riga 2","2025 | € 25.000.000,00",,alta,,
2025 DD MIT 141-2025.pdf,google/gemma-4-31b-it,off,R.0000141,2025-04-18,Ministero delle infrastrutture e dei trasporti,,attuazione,E51I04000010007,True,definitivo,,1,singolo,7419,2,2026,50000000.0,50000000.0,"€ 50.000.000,00",quota,impegno,impegnato,,"[TABELLA pag.5 n.1], riga 3","2026 | € 50.000.000,00",,alta,,
2025 DD MIT 141-2025.pdf,google/gemma-4-31b-it,off,R.0000141,2025-04-18,Ministero delle infrastrutture e dei trasporti,,attuazione,E51I04000010007,True,definitivo,,1,singolo,7419,2,2027,350000000.0,350000000.0,"€ 350.000.000,00",quota,impegno,impegnato,,"[TABELLA pag.5 n.1], riga 4","2027 | € 350.000.000,00",,alta,,
2025 DD MIT 141-2025.pdf,google/gemma-4-31b-it,off,R.0000141,2025-04-18,Ministero delle infrastrutture e dei trasporti,,attuazione,E51I04000010007,True,definitivo,,1,singolo,7419,2,2028,200000000.0,200000000.0,"€ 200.000.000,00",quota,impegno,impegnato,,"[TABELLA pag.5 n.1], riga 5","2028 | € 200.000.000,00",,alta,,
2025 DD MIT 141-2025.pdf,google/gemma-4-31b-it,off,R.0000141,2025-04-18,Ministero delle infrastrutture e dei trasporti,,attuazione,E51I04000010007,True,definitivo,,1,singolo,7419,2,2029,150000000.0,150000000.0,"€ 150.000.000,00",quota,impegno,impegnato,,"[TABELLA pag.5 n.1], riga 6","2029 | € 150.000.000,00",,alta,,
2025 DD MIT 141-2025.pdf,google/gemma-4-31b-it,off,R.0000141,2025-04-18,Ministero delle infrastrutture e dei trasporti,,attuazione,E51I04000010007,True,definitivo,,1,singolo,7419,2,2030,450000000.0,450000000.0,"€ 450.000.000,00",quota,impegno,impegnato,,"[TABELLA pag.5 n.1], riga 7","2030 | € 450.000.000,00",,alta,,
2025 DD MIT 141-2025.pdf,google/gemma-4-31b-it,off,R.0000141,2025-04-18,Ministero delle infrastrutture e dei trasporti,,attuazione,E51I04000010007,True,definitivo,,1,singolo,7419,2,2031,450000000.0,450000000.0,"€ 450.000.000,00",quota,impegno,impegnato,,"[TABELLA pag.5 n.1], riga 8","2031 | € 450.000.000,00",,alta,,
2025 DD MIT 141-2025.pdf,google/gemma-4-31b-it,off,R.0000141,2025-04-18,Ministero delle infrastrutture e dei trasporti,,attuazione,E51I04000010007,True,definitivo,,1,singolo,7419,2,2032,400000000.0,400000000.0,"€ 400.000.000,00",quota,impegno,impegnato,,"[TABELLA pag.5 n.1], riga 9","2032 | € 400.000.000,00",,alta,,
2025 DD MIT 141-2025.pdf,google/gemma-4-31b-it,off,R.0000141,2025-04-18,Ministero delle infrastrutture e dei trasporti,,attuazione,E51I04000010007,True,definitivo,,1,singolo,7416,1,,75000000.0,75000000.0,"€ 75.000.000,00",totale,impegno,impegnato,,art. 4,"È autorizzato l’impegno ... sul capitolo 7416 piano gestonale 1 ... per la somma complessiva di € 75.000.000,00",,alta,,
2025 DD MIT 141-2025.pdf,google/gemma-4-31b-it,off,R.0000141,2025-04-18,Ministero delle infrastrutture e dei trasporti,,attuazione,E51I04000010007,True,definitivo,,1,singolo,7416,1,2027,50000000.0,50000000.0,"50.000.000,00",quota,impegno,impegnato,,art. 4,"di cui 50.000.000,00 per l’esercizio finanziario 2027",,alta,,
2025 DD MIT 141-2025.pdf,google/gemma-4-31b-it,off,R.0000141,2025-04-18,Ministero delle infrastrutture e dei trasporti,,attuazione,E51I04000010007,True,definitivo,,1,singolo,7416,1,2028,25000000.0,25000000.0,"€ 25.000.000,00",quota,impegno,impegnato,,art. 4,"e € 25.000.000,00 per l’esercizio finanziario 2028",,alta,,
2022 DD MIT 454-2022.pdf,minimax/minimax-m3,off,,,Ministero delle infrastrutture e dei trasporti,,impegno,E51I04000010007,True,definitivo,,1,singolo,7426,1,2021,14000000.0,14000000.0,"€ 14.000.000,00",quota,assegnazione,impegnato,,art. 1,"l’impegno di € 14.000.000,00 in conto residui di lettera F, esercizio di provenienza 2021",DM MIT-MEF n. 498 del 14 novembre 2014,alta,,"CUP indicato anche nelle premesse (VISTA la tabella allegata al DM 498/2014); impegno in conto residui di lettera F, esercizio di provenienza 2021."
2022 DD MIT 454-2022.pdf,minimax/minimax-m3,off,,,Ministero delle infrastrutture e dei trasporti,,impegno,E51I04000010007,True,definitivo,,1,singolo,7426,1,,131000000.0,131000000.0,"€ 131.000.000,00",totale,assegnazione,impegnato,Totale,"art. 2; [TABELLA pag.3 n.1], riga Totale","l’impegno ... per l’importo complessivo di € 131.000.000,00 a favore di Roma Capitale",DM MIT-MEF n. 498 del 14 novembre 2014,alta,,Importo complessivo pluriennale; l'atto stesso ne dichiara la ripartizione per annualità.
2022 DD MIT 454-2022.pdf,minimax/minimax-m3,off,,,Ministero delle infrastrutture e dei trasporti,,impegno,E51I04000010007,True,definitivo,,1,singolo,7426,1,2022,35000000.0,35000000.0,"35.000.000,00 €",quota,assegnazione,impegnato,Anno / Importo,"art. 2; [TABELLA pag.3 n.1], riga 1 (2022)","2022 | 35.000.000,00 €",DM MIT-MEF n. 498 del 14 novembre 2014,alta,,
2022 DD MIT 454-2022.pdf,minimax/minimax-m3,off,,,Ministero delle infrastrutture e dei trasporti,,impegno,E51I04000010007,True,definitivo,,1,singolo,7426,1,2023,40000000.0,40000000.0,"40.000.000,00 €",quota,assegnazione,impegnato,Anno / Importo,"art. 2; [TABELLA pag.3 n.1], riga 2 (2023)","2023 | 40.000.000,00 €",DM MIT-MEF n. 498 del 14 novembre 2014,alta,,
2022 DD MIT 454-2022.pdf,minimax/minimax-m3,off,,,Ministero delle infrastrutture e dei trasporti,,impegno,E51I04000010007,True,definitivo,,1,singolo,7426,1,2024,33500000.0,33500000.0,"33.500.000,00 €",quota,assegnazione,impegnato,Anno / Importo,"art. 2; [TABELLA pag.3 n.1], riga 3 (2024)","2024 | 33.500.000,00 €",DM MIT-MEF n. 498 del 14 novembre 2014,alta,,
2022 DD MIT 454-2022.pdf,minimax/minimax-m3,off,,,Ministero delle infrastrutture e dei trasporti,,impegno,E51I04000010007,True,definitivo,,1,singolo,7426,1,2025,22500000.0,22500000.0,"22.500.000,00 €",quota,assegnazione,impegnato,Anno / Importo,"art. 2; [TABELLA pag.3 n.1], riga 4 (2025)","2025 | 22.500.000,00 €",DM MIT-MEF n. 498 del 14 novembre 2014,alta,,
2022 DDG 128 del 02-05-22.pdf,minimax/minimax-m3,off,,,Ministero delle infrastrutture e della mobilità sostenibili,,impegno,H94I19000130004,True,definitivo,,1,singolo,7400,7,2020,153197.9,153197.9,"153.197,90",quota,assegnazione,impegnato,2020,"artt. 1-2; Allegato / [TABELLA pag.4 n.1], riga 1 (Comune di Padova)","Comune di Padova | H94I19000130004 | 7400/PG 7 | 153.197,90 | ... | 97.154.124,10",DM n. 464 del 22/11/2021,alta,,impegno su cap. 7400/PG 7 (artt. 1 e 2)
2022 DDG 128 del 02-05-22.pdf,minimax/minimax-m3,off,,,Ministero delle infrastrutture e della mobilità sostenibili,,impegno,H94I19000130004,True,definitivo,,1,singolo,7400,7,2021,306395.8,306395.8,"306.395,80",quota,assegnazione,impegnato,2021,"artt. 1-2; Allegato / [TABELLA pag.4 n.1], riga 1 (Comune di Padova)","Comune di Padova | H94I19000130004 | 7400/PG 7 | ... | 306.395,80 | ...",DM n. 464 del 22/11/2021,alta,,
2022 DDG 128 del 02-05-22.pdf,minimax/minimax-m3,off,,,Ministero delle infrastrutture e della mobilità sostenibili,,impegno,H94I19000130004,True,definitivo,,1,singolo,7400,7,2022,612791.59,612791.59,"612.791,59",quota,assegnazione,impegnato,2022,"art. 2; Allegato / [TABELLA pag.4 n.1], riga 1","Comune di Padova | ... | 612.791,59 | ...",DM n. 464 del 22/11/2021,alta,,
2022 DDG 128 del 02-05-22.pdf,minimax/minimax-m3,off,,,Ministero delle infrastrutture e della mobilità sostenibili,,impegno,H94I19000130004,True,definitivo,,1,singolo,7400,7,2023,1302182.14,1302182.14,"1.302.182,14",quota,assegnazione,impegnato,2023,"art. 2; Allegato / [TABELLA pag.4 n.1], riga 1","Comune di Padova | ... | 1.302.182,14 | ...",DM n. 464 del 22/11/2021,alta,,
2022 DDG 128 del 02-05-22.pdf,minimax/minimax-m3,off,,,Ministero delle infrastrutture e della mobilità sostenibili,,impegno,H94I19000130004,True,definitivo,,1,singolo,7400,7,2024,1685176.88,1685176.88,"1.685.176,88",quota,assegnazione,impegnato,2024,"art. 2; Allegato / [TABELLA pag.4 n.1], riga 1","Comune di Padova | ... | 1.685.176,88 | ...",DM n. 464 del 22/11/2021,alta,,
2022 DDG 128 del 02-05-22.pdf,minimax/minimax-m3,off,,,Ministero delle infrastrutture e della mobilità sostenibili,,impegno,H94I19000130004,True,definitivo,,1,singolo,7400,7,2025,6970504.38,6970504.38,"6.970.504,38",quota,assegnazione,impegnato,2025,"art. 2; Allegato / [TABELLA pag.4 n.1], riga 1","Comune di Padova | ... | 6.970.504,38 | ...",DM n. 464 del 22/11/2021,alta,,
2022 DDG 128 del 02-05-22.pdf,minimax/minimax-m3,off,,,Ministero delle infrastrutture e della mobilità sostenibili,,impegno,H94I19000130004,True,definitivo,,1,singolo,7400,7,2026,8732280.22,8732280.22,"8.732.280,22",quota,assegnazione,impegnato,2026,"art. 2; Allegato / [TABELLA pag.4 n.1], riga 1","Comune di Padova | ... | 8.732.280,22 | ...",DM n. 464 del 22/11/2021,alta,,
2022 DDG 128 del 02-05-22.pdf,minimax/minimax-m3,off,,,Ministero delle infrastrutture e della mobilità sostenibili,,impegno,H94I19000130004,True,definitivo,,1,singolo,7400,7,2027,10597311.43,10597311.43,"10.597.311,43",quota,assegnazione,impegnato,2027,"art. 2; Allegato / [TABELLA pag.4 n.1], riga 1","Comune di Padova | ... | 10.597.311,43 | ...",DM n. 464 del 22/11/2021,alta,,
2022 DDG 128 del 02-05-22.pdf,minimax/minimax-m3,off,,,Ministero delle infrastrutture e della mobilità sostenibili,,impegno,H94I19000130004,True,definitivo,,1,singolo,7400,7,2028,11030248.69,11030248.69,"11.030.248,69",quota,assegnazione,impegnato,2028,"art. 2; Allegato / [TABELLA pag.4 n.1], riga 1","Comune di Padova | ... | 11.030.248,69 | ...",DM n. 464 del 22/11/2021,alta,,
2022 DDG 128 del 02-05-22.pdf,minimax/minimax-m3,off,,,Ministero delle infrastrutture e della mobilità sostenibili,,impegno,H94I19000130004,True,definitivo,,1,singolo,7400,7,2029,12255831.88,12255831.88,"12.255.831,88",quota,assegnazione,impegnato,2029,"art. 2; Allegato / [TABELLA pag.4 n.1], riga 1","Comune di Padova | ... | 12.255.831,88 | ...",DM n. 464 del 22/11/2021,alta,,
2022 DDG 128 del 02-05-22.pdf,minimax/minimax-m3,off,,,Ministero delle infrastrutture e della mobilità sostenibili,,impegno,H94I19000130004,True,definitivo,,1,singolo,7400,7,2030,12255831.88,12255831.88,"12.255.831,88",quota,assegnazione,impegnato,2030,"art. 2; Allegato / [TABELLA pag.4 n.1], riga 1","Comune di Padova | ... | 12.255.831,88 | ...",DM n. 464 del 22/11/2021,alta,,
2022 DDG 128 del 02-05-22.pdf,minimax/minimax-m3,off,,,Ministero delle infrastrutture e della mobilità sostenibili,,impegno,H94I19000130004,True,definitivo,,1,singolo,7400,7,2031,7659894.93,7659894.93,"7.659.894,93",quota,assegnazione,impegnato,2031,"art. 2; Allegato / [TABELLA pag.4 n.1], riga 1","Comune di Padova | ... | 7.659.894,93 | ...",DM n. 464 del 22/11/2021,alta,,
2022 DDG 128 del 02-05-22.pdf,minimax/minimax-m3,off,,,Ministero delle infrastrutture e della mobilità sostenibili,,impegno,H94I19000130004,True,definitivo,,1,singolo,7400,7,2032,7506697.03,7506697.03,"7.506.697,03",quota,assegnazione,impegnato,2032,"art. 2; Allegato / [TABELLA pag.4 n.1], riga 1","Comune di Padova | ... | 7.506.697,03 | ...",DM n. 464 del 22/11/2021,alta,,
2022 DDG 128 del 02-05-22.pdf,minimax/minimax-m3,off,,,Ministero delle infrastrutture e della mobilità sostenibili,,impegno,H94I19000130004,True,definitivo,,1,singolo,7400,7,2033,7659894.93,7659894.93,"7.659.894,93",quota,assegnazione,impegnato,2033,"art. 2; Allegato / [TABELLA pag.4 n.1], riga 1","Comune di Padova | ... | 7.659.894,93 | ...",DM n. 464 del 22/11/2021,alta,,
2022 DDG 128 del 02-05-22.pdf,minimax/minimax-m3,off,,,Ministero delle infrastrutture e della mobilità sostenibili,,impegno,H94I19000130004,True,definitivo,,1,singolo,7400,7,2034,8425884.42,8425884.42,"8.425.884,42",quota,assegnazione,impegnato,2034,"art. 2; Allegato / [TABELLA pag.4 n.1], riga 1","Comune di Padova | ... | 8.425.884,42 | ...",DM n. 464 del 22/11/2021,alta,,
2022 DDG 128 del 02-05-22.pdf,minimax/minimax-m3,off,,,Ministero delle infrastrutture e della mobilità sostenibili,,impegno,H94I19000130004,True,definitivo,,1,singolo,7400,7,,97154124.1,97154124.1,"97.154.124,10",totale,assegnazione,impegnato,Totale,"artt. 1-2; Allegato / [TABELLA pag.4 n.1], riga 1 (Totale)","Comune di Padova | H94I19000130004 | 7400/PG 7 | ... | Totale 97.154.124,10",DM n. 464 del 22/11/2021,alta,,totale di riga per Comune di Padova (7400/PG 7)
2022 DDG 128 del 02-05-22.pdf,minimax/minimax-m3,off,,,Ministero delle infrastrutture e della mobilità sostenibili,,impegno,J80J18000000001,True,definitivo,,1,singolo,7400,7,2020,251454.92,251454.92,"251.454,92",quota,assegnazione,impegnato,2020,"artt. 1-2; Allegato / [TABELLA pag.4 n.1], riga 2 (Roma Capitale)","Roma Capitale | J80J18000000001 | 7400/PG 7 | 251.454,92 | ...",DM n. 464 del 22/11/2021,alta,,
2022 DDG 128 del 02-05-22.pdf,minimax/minimax-m3,off,,,Ministero delle infrastrutture e della mobilità sostenibili,,impegno,J80J18000000001,True,definitivo,,1,singolo,7400,7,2021,502909.85,502909.85,"502.909,85",quota,assegnazione,impegnato,2021,"artt. 1-2; Allegato / [TABELLA pag.4 n.1], riga 2","Roma Capitale | ... | 502.909,85 | ...",DM n. 464 del 22/11/2021,alta,,
2022 DDG 128 del 02-05-22.pdf,minimax/minimax-m3,off,,,Ministero delle infrastrutture e della mobilità sostenibili,,impegno,J80J18000000001,True,definitivo,,1,singolo,7400,7,2022,1005819.69,1005819.69,"1.005.819,69",quota,assegnazione,impegnato,2022,"art. 2; Allegato / [TABELLA pag.4 n.1], riga 2","Roma Capitale | ... | 1.005.819,69 | ...",DM n. 464 del 22/11/2021,alta,,
2022 DDG 128 del 02-05-22.pdf,minimax/minimax-m3,off,,,Ministero delle infrastrutture e della mobilità sostenibili,,impegno,J80J18000000001,True,definitivo,,1,singolo,7400,7,2023,2137366.84,2137366.84,"2.137.366,84",quota,assegnazione,impegnato,2023,"art. 2; Allegato / [TABELLA pag.4 n.1], riga 2","Roma Capitale | ... | 2.137.366,84 | ...",DM n. 464 del 22/11/2021,alta,,
2022 DDG 128 del 02-05-22.pdf,minimax/minimax-m3,off,,,Ministero delle infrastrutture e della mobilità sostenibili,,impegno,J80J18000000001,True,definitivo,,1,singolo,7400,7,2024,2766004.15,2766004.15,"2.766.004,15",quota,assegnazione,impegnato,2024,"art. 2; Allegato / [TABELLA pag.4 n.1], riga 2","Roma Capitale | ... | 2.766.004,15 | ...",DM n. 464 del 22/11/2021,alta,,
2022 DDG 128 del 02-05-22.pdf,minimax/minimax-m3,off,,,Ministero delle infrastrutture e della mobilità sostenibili,,impegno,J80J18000000001,True,definitivo,,1,singolo,7400,7,2025,11441198.98,11441198.98,"11.441.198,98",quota,assegnazione,impegnato,2025,"art. 2; Allegato / [TABELLA pag.4 n.1], riga 2","Roma Capitale | ... | 11.441.198,98 | ...",DM n. 464 del 22/11/2021,alta,,
2022 DDG 128 del 02-05-22.pdf,minimax/minimax-m3,off,,,Ministero delle infrastrutture e della mobilità sostenibili,,impegno,J80J18000000001,True,definitivo,,1,singolo,7400,7,2026,14332930.59,14332930.59,"14.332.930,59",quota,assegnazione,impegnato,2026,"art. 2; Allegato / [TABELLA pag.4 n.1], riga 2","Roma Capitale | ... | 14.332.930,59 | ...",DM n. 464 del 22/11/2021,alta,,
2022 DDG 128 del 02-05-22.pdf,minimax/minimax-m3,off,,,Ministero delle infrastrutture e della mobilità sostenibili,,impegno,J80J18000000001,True,definitivo,,1,singolo,7400,7,2027,17394142.82,17394142.82,"17.394.142,82",quota,assegnazione,impegnato,2027,"art. 2; Allegato / [TABELLA pag.4 n.1], riga 2","Roma Capitale | ... | 17.394.142,82 | ...",DM n. 464 del 22/11/2021,alta,,
2022 DDG 128 del 02-05-22.pdf,minimax/minimax-m3,off,,,Ministero delle infrastrutture e della mobilità sostenibili,,impegno,J80J18000000001,True,definitivo,,1,singolo,7400,7,2028,18104754.43,18104754.43,"18.104.754,43",quota,assegnazione,impegnato,2028,"art. 2; Allegato / [TABELLA pag.4 n.1], riga 2","Roma Capitale | ... | 18.104.754,43 | ...",DM n. 464 del 22/11/2021,alta,,
2022 DDG 128 del 02-05-22.pdf,minimax/minimax-m3,off,,,Ministero delle infrastrutture e della mobilità sostenibili,,impegno,J80J18000000001,True,definitivo,,1,singolo,7400,7,2029,20116393.81,20116393.81,"20.116.393,81",quota,assegnazione,impegnato,2029,"art. 2; Allegato / [TABELLA pag.4 n.1], riga 2","Roma Capitale | ... | 20.116.393,81 | ...",DM n. 464 del 22/11/2021,alta,,
2022 DDG 128 del 02-05-22.pdf,minimax/minimax-m3,off,,,Ministero delle infrastrutture e della mobilità sostenibili,,impegno,J80J18000000001,True,definitivo,,1,singolo,7400,7,2030,20116393.81,20116393.81,"20.116.393,81",quota,assegnazione,impegnato,2030,"art. 2; Allegato / [TABELLA pag.4 n.1], riga 2","Roma Capitale | ... | 20.116.393,81 | ...",DM n. 464 del 22/11/2021,alta,,
2022 DDG 128 del 02-05-22.pdf,minimax/minimax-m3,off,,,Ministero delle infrastrutture e della mobilità sostenibili,,impegno,J80J18000000001,True,definitivo,,1,singolo,7400,7,2031,12572746.13,12572746.13,"12.572.746,13",quota,assegnazione,impegnato,2031,"art. 2; Allegato / [TABELLA pag.4 n.1], riga 2","Roma Capitale | ... | 12.572.746,13 | ...",DM n. 464 del 22/11/2021,alta,,
2022 DDG 128 del 02-05-22.pdf,minimax/minimax-m3,off,,,Ministero delle infrastrutture e della mobilità sostenibili,,impegno,J80J18000000001,True,definitivo,,1,singolo,7400,7,2032,12321291.21,12321291.21,"12.321.291,21",quota,assegnazione,impegnato,2032,"art. 2; Allegato / [TABELLA pag.4 n.1], riga 2","Roma Capitale | ... | 12.321.291,21 | ...",DM n. 464 del 22/11/2021,alta,,
2022 DDG 128 del 02-05-22.pdf,minimax/minimax-m3,off,,,Ministero delle infrastrutture e della mobilità sostenibili,,impegno,J80J18000000001,True,definitivo,,1,singolo,7400,7,2033,12572746.13,12572746.13,"12.572.746,13",quota,assegnazione,impegnato,2033,"art. 2; Allegato / [TABELLA pag.4 n.1], riga 2","Roma Capitale | ... | 12.572.746,13 | ...",DM n. 464 del 22/11/2021,alta,,
2022 DDG 128 del 02-05-22.pdf,minimax/minimax-m3,off,,,Ministero delle infrastrutture e della mobilità sostenibili,,impegno,J80J18000000001,True,definitivo,,1,singolo,7400,7,2034,13830020.76,13830020.76,"13.830.020,76",quota,assegnazione,impegnato,2034,"art. 2; Allegato / [TABELLA pag.4 n.1], riga 2","Roma Capitale | ... | 13.830.020,76 | ...",DM n. 464 del 22/11/2021,alta,,
2022 DDG 128 del 02-05-22.pdf,minimax/minimax-m3,off,,,Ministero delle infrastrutture e della mobilità sostenibili,,impegno,J80J18000000001,True,definitivo,,1,singolo,7400,7,,159466174.12,159466174.12,"159.466.174,12",totale,assegnazione,impegnato,Totale,"artt. 1-2; Allegato / [TABELLA pag.4 n.1], riga 2 (Totale)","Roma Capitale | J80J18000000001 | 7400/PG 7 | ... | Totale 159.466.174,12",DM n. 464 del 22/11/2021,alta,,totale di riga per Roma Capitale (7400/PG 7)
2022 DDG 128 del 02-05-22.pdf,minimax/minimax-m3,off,,,Ministero delle infrastrutture e della mobilità sostenibili,,impegno,C11B21008720001,True,definitivo,,2,aggregato,7400,7,2020,70161.34,35080.67,"70.161,34",quota,assegnazione,impegnato,2020,"artt. 1-2; Allegato / [TABELLA pag.4 n.1], riga 3 (Comune di Torino)","Comune di Torino | C11B21008720001 D81E20000410007 | 7400/PG 7 | 70.161,34 | ...",DM n. 464 del 22/11/2021,alta,,importo unico per due CUP del Comune di Torino; l'atto non ripartisce per singolo CUP
2022 DDG 128 del 02-05-22.pdf,minimax/minimax-m3,off,,,Ministero delle infrastrutture e della mobilità sostenibili,,impegno,D81E20000410007,True,definitivo,,2,aggregato,7400,7,2020,70161.34,35080.67,"70.161,34",quota,assegnazione,impegnato,2020,"artt. 1-2; Allegato / [TABELLA pag.4 n.1], riga 3 (Comune di Torino)","Comune di Torino | C11B21008720001 D81E20000410007 | 7400/PG 7 | 70.161,34 | ...",DM n. 464 del 22/11/2021,alta,,importo unico per due CUP del Comune di Torino; l'atto non ripartisce per singolo CUP
2022 DDG 128 del 02-05-22.pdf,minimax/minimax-m3,off,,,Ministero delle infrastrutture e della mobilità sostenibili,,impegno,C11B21008720001,True,definitivo,,2,aggregato,7400,7,2021,140322.66,70161.33,"140.322,66",quota,assegnazione,impegnato,2021,"artt. 1-2; Allegato / [TABELLA pag.4 n.1], riga 3","Comune di Torino | ... | 140.322,66 | ...",DM n. 464 del 22/11/2021,alta,,importo unico per due CUP del Comune di Torino
2022 DDG 128 del 02-05-22.pdf,minimax/minimax-m3,off,,,Ministero delle infrastrutture e della mobilità sostenibili,,impegno,D81E20000410007,True,definitivo,,2,aggregato,7400,7,2021,140322.66,70161.33,"140.322,66",quota,assegnazione,impegnato,2021,"artt. 1-2; Allegato / [TABELLA pag.4 n.1], riga 3","Comune di Torino | ... | 140.322,66 | ...",DM n. 464 del 22/11/2021,alta,,importo unico per due CUP del Comune di Torino
2022 DDG 128 del 02-05-22.pdf,minimax/minimax-m3,off,,,Ministero delle infrastrutture e della mobilità sostenibili,,impegno,C11B21008720001,True,definitivo,,2,aggregato,7400,7,2022,280645.33,140322.665,"280.645,33",quota,assegnazione,impegnato,2022,"art. 2; Allegato / [TABELLA pag.4 n.1], riga 3","Comune di Torino | ... | 280.645,33 | ...",DM n. 464 del 22/11/2021,alta,,importo unico per due CUP del Comune di Torino
2022 DDG 128 del 02-05-22.pdf,minimax/minimax-m3,off,,,Ministero delle infrastrutture e della mobilità sostenibili,,impegno,D81E20000410007,True,definitivo,,2,aggregato,7400,7,2022,280645.33,140322.665,"280.645,33",quota,assegnazione,impegnato,2022,"art. 2; Allegato / [TABELLA pag.4 n.1], riga 3","Comune di Torino | ... | 280.645,33 | ...",DM n. 464 del 22/11/2021,alta,,importo unico per due CUP del Comune di Torino
2022 DDG 128 del 02-05-22.pdf,minimax/minimax-m3,off,,,Ministero delle infrastrutture e della mobilità sostenibili,,impegno,C11B21008720001,True,definitivo,,2,aggregato,7400,7,2023,596371.33,298185.665,"596.371,33",quota,assegnazione,impegnato,2023,"art. 2; Allegato / [TABELLA pag.4 n.1], riga 3","Comune di Torino | ... | 596.371,33 | ...",DM n. 464 del 22/11/2021,alta,,importo unico per due CUP del Comune di Torino
2022 DDG 128 del 02-05-22.pdf,minimax/minimax-m3,off,,,Ministero delle infrastrutture e della mobilità sostenibili,,impegno,D81E20000410007,True,definitivo,,2,aggregato,7400,7,2023,596371.33,298185.665,"596.371,33",quota,assegnazione,impegnato,2023,"art. 2; Allegato / [TABELLA pag.4 n.1], riga 3","Comune di Torino | ... | 596.371,33 | ...",DM n. 464 del 22/11/2021,alta,,importo unico per due CUP del Comune di Torino
2022 DDG 128 del 02-05-22.pdf,minimax/minimax-m3,off,,,Ministero delle infrastrutture e della mobilità sostenibili,,impegno,C11B21008720001,True,definitivo,,2,aggregato,7400,7,2024,771774.66,385887.33,"771.774,66",quota,assegnazione,impegnato,2024,"art. 2; Allegato / [TABELLA pag.4 n.1], riga 3","Comune di Torino | ... | 771.774,66 | ...",DM n. 464 del 22/11/2021,alta,,importo unico per due CUP del Comune di Torino
2022 DDG 128 del 02-05-22.pdf,minimax/minimax-m3,off,,,Ministero delle infrastrutture e della mobilità sostenibili,,impegno,D81E20000410007,True,definitivo,,2,aggregato,7400,7,2024,771774.66,385887.33,"771.774,66",quota,assegnazione,impegnato,2024,"art. 2; Allegato / [TABELLA pag.4 n.1], riga 3","Comune di Torino | ... | 771.774,66 | ...",DM n. 464 del 22/11/2021,alta,,importo unico per due CUP del Comune di Torino
2022 DDG 128 del 02-05-22.pdf,minimax/minimax-m3,off,,,Ministero delle infrastrutture e della mobilità sostenibili,,impegno,C11B21008720001,True,definitivo,,2,aggregato,7400,7,2025,3192340.64,1596170.32,"3.192.340,64",quota,assegnazione,impegnato,2025,"art. 2; Allegato / [TABELLA pag.4 n.1], riga 3","Comune di Torino | ... | 3.192.340,64 | ...",DM n. 464 del 22/11/2021,alta,,importo unico per due CUP del Comune di Torino
2022 DDG 128 del 02-05-22.pdf,minimax/minimax-m3,off,,,Ministero delle infrastrutture e della mobilità sostenibili,,impegno,D81E20000410007,True,definitivo,,2,aggregato,7400,7,2025,3192340.64,1596170.32,"3.192.340,64",quota,assegnazione,impegnato,2025,"art. 2; Allegato / [TABELLA pag.4 n.1], riga 3","Comune di Torino | ... | 3.192.340,64 | ...",DM n. 464 del 22/11/2021,alta,,importo unico per due CUP del Comune di Torino
2022 DDG 128 del 02-05-22.pdf,minimax/minimax-m3,off,,,Ministero delle infrastrutture e della mobilità sostenibili,,impegno,C11B21008720001,True,definitivo,,2,aggregato,7400,7,2026,3999195.96,1999597.98,"3.999.195,96",quota,assegnazione,impegnato,2026,"art. 2; Allegato / [TABELLA pag.4 n.1], riga 3","Comune di Torino | ... | 3.999.195,96 | ...",DM n. 464 del 22/11/2021,alta,,importo unico per due CUP del Comune di Torino
2022 DDG 128 del 02-05-22.pdf,minimax/minimax-m3,off,,,Ministero delle infrastrutture e della mobilità sostenibili,,impegno,D81E20000410007,True,definitivo,,2,aggregato,7400,7,2026,3999195.96,1999597.98,"3.999.195,96",quota,assegnazione,impegnato,2026,"art. 2; Allegato / [TABELLA pag.4 n.1], riga 3","Comune di Torino | ... | 3.999.195,96 | ...",DM n. 464 del 22/11/2021,alta,,importo unico per due CUP del Comune di Torino
2022 DDG 128 del 02-05-22.pdf,minimax/minimax-m3,off,,,Ministero delle infrastrutture e della mobilità sostenibili,,impegno,C11B21008720001,True,definitivo,,2,aggregato,7400,7,2027,4853340.04,2426670.02,"4.853.340,04",quota,assegnazione,impegnato,2027,"art. 2; Allegato / [TABELLA pag.4 n.1], riga 3","Comune di Torino | ... | 4.853.340,04 | ...",DM n. 464 del 22/11/2021,alta,,importo unico per due CUP del Comune di Torino
2022 DDG 128 del 02-05-22.pdf,minimax/minimax-m3,off,,,Ministero delle infrastrutture e della mobilità sostenibili,,impegno,D81E20000410007,True,definitivo,,2,aggregato,7400,7,2027,4853340.04,2426670.02,"4.853.340,04",quota,assegnazione,impegnato,2027,"art. 2; Allegato / [TABELLA pag.4 n.1], riga 3","Comune di Torino | ... | 4.853.340,04 | ...",DM n. 464 del 22/11/2021,alta,,importo unico per due CUP del Comune di Torino
2022 DDG 128 del 02-05-22.pdf,minimax/minimax-m3,off,,,Ministero delle infrastrutture e della mobilità sostenibili,,impegno,C11B21008720001,True,definitivo,,2,aggregato,7400,7,2028,5051615.96,2525807.98,"5.051.615,96",quota,assegnazione,impegnato,2028,"art. 2; Allegato / [TABELLA pag.4 n.1], riga 3","Comune di Torino | ... | 5.051.615,96 | ...",DM n. 464 del 22/11/2021,alta,,importo unico per due CUP del Comune di Torino
2022 DDG 128 del 02-05-22.pdf,minimax/minimax-m3,off,,,Ministero delle infrastrutture e della mobilità sostenibili,,impegno,D81E20000410007,True,definitivo,,2,aggregato,7400,7,2028,5051615.96,2525807.98,"5.051.615,96",quota,assegnazione,impegnato,2028,"art. 2; Allegato / [TABELLA pag.4 n.1], riga 3","Comune di Torino | ... | 5.051.615,96 | ...",DM n. 464 del 22/11/2021,alta,,importo unico per due CUP del Comune di Torino
2022 DDG 128 del 02-05-22.pdf,minimax/minimax-m3,off,,,Ministero delle infrastrutture e della mobilità sostenibili,,impegno,C11B21008720001,True,definitivo,,2,aggregato,7400,7,2029,5612906.63,2806453.315,"5.612.906,63",quota,assegnazione,impegnato,2029,"art. 2; Allegato / [TABELLA pag.4 n.1], riga 3","Comune di Torino | ... | 5.612.906,63 | ...",DM n. 464 del 22/11/2021,alta,,importo unico per due CUP del Comune di Torino
2022 DDG 128 del 02-05-22.pdf,minimax/minimax-m3,off,,,Ministero delle infrastrutture e della mobilità sostenibili,,impegno,D81E20000410007,True,definitivo,,2,aggregato,7400,7,2029,5612906.63,2806453.315,"5.612.906,63",quota,assegnazione,impegnato,2029,"art. 2; Allegato / [TABELLA pag.4 n.1], riga 3","Comune di Torino | ... | 5.612.906,63 | ...",DM n. 464 del 22/11/2021,alta,,importo unico per due CUP del Comune di Torino
2022 DDG 128 del 02-05-22.pdf,minimax/minimax-m3,off,,,Ministero delle infrastrutture e della mobilità sostenibili,,impegno,C11B21008720001,True,definitivo,,2,aggregato,7400,7,2030,5612906.63,2806453.315,"5.612.906,63",quota,assegnazione,impegnato,2030,"art. 2; Allegato / [TABELLA pag.4 n.1], riga 3","Comune di Torino | ... | 5.612.906,63 | ...",DM n. 464 del 22/11/2021,alta,,importo unico per due CUP del Comune di Torino
2022 DDG 128 del 02-05-22.pdf,minimax/minimax-m3,off,,,Ministero delle infrastrutture e della mobilità sostenibili,,impegno,D81E20000410007,True,definitivo,,2,aggregato,7400,7,2030,5612906.63,2806453.315,"5.612.906,63",quota,assegnazione,impegnato,2030,"art. 2; Allegato / [TABELLA pag.4 n.1], riga 3","Comune di Torino | ... | 5.612.906,63 | ...",DM n. 464 del 22/11/2021,alta,,importo unico per due CUP del Comune di Torino
2022 DDG 128 del 02-05-22.pdf,minimax/minimax-m3,off,,,Ministero delle infrastrutture e della mobilità sostenibili,,impegno,C11B21008720001,True,definitivo,,2,aggregato,7400,7,2031,3508066.64,1754033.32,"3.508.066,64",quota,assegnazione,impegnato,2031,"art. 2; Allegato / [TABELLA pag.4 n.1], riga 3","Comune di Torino | ... | 3.508.066,64 | ...",DM n. 464 del 22/11/2021,alta,,importo unico per due CUP del Comune di Torino
2022 DDG 128 del 02-05-22.pdf,minimax/minimax-m3,off,,,Ministero delle infrastrutture e della mobilità sostenibili,,impegno,D81E20000410007,True,definitivo,,2,aggregato,7400,7,2031,3508066.64,1754033.32,"3.508.066,64",quota,assegnazione,impegnato,2031,"art. 2; Allegato / [TABELLA pag.4 n.1], riga 3","Comune di Torino | ... | 3.508.066,64 | ...",DM n. 464 del 22/11/2021,alta,,importo unico per due CUP del Comune di Torino
2022 DDG 128 del 02-05-22.pdf,minimax/minimax-m3,off,,,Ministero delle infrastrutture e della mobilità sostenibili,,impegno,C11B21008720001,True,definitivo,,2,aggregato,7400,7,2032,3437905.3,1718952.65,"3.437.905,30",quota,assegnazione,impegnato,2032,"art. 2; Allegato / [TABELLA pag.4 n.1], riga 3","Comune di Torino | ... | 3.437.905,30 | ...",DM n. 464 del 22/11/2021,alta,,importo unico per due CUP del Comune di Torino
2022 DDG 128 del 02-05-22.pdf,minimax/minimax-m3,off,,,Ministero delle infrastrutture e della mobilità sostenibili,,impegno,D81E20000410007,True,definitivo,,2,aggregato,7400,7,2032,3437905.3,1718952.65,"3.437.905,30",quota,assegnazione,impegnato,2032,"art. 2; Allegato / [TABELLA pag.4 n.1], riga 3","Comune di Torino | ... | 3.437.905,30 | ...",DM n. 464 del 22/11/2021,alta,,importo unico per due CUP del Comune di Torino
2022 DDG 128 del 02-05-22.pdf,minimax/minimax-m3,off,,,Ministero delle infrastrutture e della mobilità sostenibili,,impegno,C11B21008720001,True,definitivo,,2,aggregato,7400,7,2033,3508066.64,1754033.32,"3.508.066,64",quota,assegnazione,impegnato,2033,"art. 2; Allegato / [TABELLA pag.4 n.1], riga 3","Comune di Torino | ... | 3.508.066,64 | ...",DM n. 464 del 22/11/2021,alta,,importo unico per due CUP del Comune di Torino
2022 DDG 128 del 02-05-22.pdf,minimax/minimax-m3,off,,,Ministero delle infrastrutture e della mobilità sostenibili,,impegno,D81E20000410007,True,definitivo,,2,aggregato,7400,7,2033,3508066.64,1754033.32,"3.508.066,64",quota,assegnazione,impegnato,2033,"art. 2; Allegato / [TABELLA pag.4 n.1], riga 3","Comune di Torino | ... | 3.508.066,64 | ...",DM n. 464 del 22/11/2021,alta,,importo unico per due CUP del Comune di Torino
2022 DDG 128 del 02-05-22.pdf,minimax/minimax-m3,off,,,Ministero delle infrastrutture e della mobilità sostenibili,,impegno,C11B21008720001,True,definitivo,,2,aggregato,7400,7,2034,3858873.28,1929436.64,"3.858.873,28",quota,assegnazione,impegnato,2034,"art. 2; Allegato / [TABELLA pag.4 n.1], riga 3","Comune di Torino | ... | 3.858.873,28 | ...",DM n. 464 del 22/11/2021,alta,,importo unico per due CUP del Comune di Torino
2022 DDG 128 del 02-05-22.pdf,minimax/minimax-m3,off,,,Ministero delle infrastrutture e della mobilità sostenibili,,impegno,D81E20000410007,True,definitivo,,2,aggregato,7400,7,2034,3858873.28,1929436.64,"3.858.873,28",quota,assegnazione,impegnato,2034,"art. 2; Allegato / [TABELLA pag.4 n.1], riga 3","Comune di Torino | ... | 3.858.873,28 | ...",DM n. 464 del 22/11/2021,alta,,importo unico per due CUP del Comune di Torino
2022 DDG 128 del 02-05-22.pdf,minimax/minimax-m3,off,,,Ministero delle infrastrutture e della mobilità sostenibili,,impegno,C11B21008720001,True,definitivo,,2,aggregato,7400,7,,44494493.04,22247246.52,"44.494.493,04",totale,assegnazione,impegnato,Totale,"artt. 1-2; Allegato / [TABELLA pag.4 n.1], riga 3 (Totale)","Comune di Torino | C11B21008720001 D81E20000410007 | 7400/PG 7 | ... | Totale 44.494.493,04",DM n. 464 del 22/11/2021,alta,,totale di riga aggregato per due CUP del Comune di Torino (7400/PG 7); l'atto non ripartisce per singolo CUP
2022 DDG 128 del 02-05-22.pdf,minimax/minimax-m3,off,,,Ministero delle infrastrutture e della mobilità sostenibili,,impegno,D81E20000410007,True,definitivo,,2,aggregato,7400,7,,44494493.04,22247246.52,"44.494.493,04",totale,assegnazione,impegnato,Totale,"artt. 1-2; Allegato / [TABELLA pag.4 n.1], riga 3 (Totale)","Comune di Torino | C11B21008720001 D81E20000410007 | 7400/PG 7 | ... | Totale 44.494.493,04",DM n. 464 del 22/11/2021,alta,,totale di riga aggregato per due CUP del Comune di Torino (7400/PG 7); l'atto non ripartisce per singolo CUP
2022 DDG 128 del 02-05-22.pdf,minimax/minimax-m3,off,,,Ministero delle infrastrutture e della mobilità sostenibili,,impegno,C81B21013200005,True,definitivo,,1,singolo,7400,7,2020,525185.84,525185.84,"525.185,84",quota,assegnazione,impegnato,2020,"artt. 1-2; Allegato / [TABELLA pag.4 n.1], riga 4 (Comune di Brescia)","Comune di Brescia | C81B21013200005 | 7400/PG 7 | 525.185,84 | ...",DM n. 464 del 22/11/2021,alta,,
2022 DDG 128 del 02-05-22.pdf,minimax/minimax-m3,off,,,Ministero delle infrastrutture e della mobilità sostenibili,,impegno,C81B21013200005,True,definitivo,,1,singolo,7400,7,2021,1050371.69,1050371.69,"1.050.371,69",quota,assegnazione,impegnato,2021,"artt. 1-2; Allegato / [TABELLA pag.4 n.1], riga 4","Comune di Brescia | ... | 1.050.371,69 | ...",DM n. 464 del 22/11/2021,alta,,
2022 DDG 128 del 02-05-22.pdf,minimax/minimax-m3,off,,,Ministero delle infrastrutture e della mobilità sostenibili,,impegno,C81B21013200005,True,definitivo,,1,singolo,7400,7,2022,2100743.39,2100743.39,"2.100.743,39",quota,assegnazione,impegnato,2022,"art. 2; Allegato / [TABELLA pag.4 n.1], riga 4","Comune di Brescia | ... | 2.100.743,39 | ...",DM n. 464 del 22/11/2021,alta,,
2022 DDG 128 del 02-05-22.pdf,minimax/minimax-m3,off,,,Ministero delle infrastrutture e della mobilità sostenibili,,impegno,C81B21013200005,True,definitivo,,1,singolo,7400,7,2023,4464079.69,4464079.69,"4.464.079,69",quota,assegnazione,impegnato,2023,"art. 2; Allegato / [TABELLA pag.4 n.1], riga 4","Comune di Brescia | ... | 4.464.079,69 | ...",DM n. 464 del 22/11/2021,alta,,
2022 DDG 128 del 02-05-22.pdf,minimax/minimax-m3,off,,,Ministero delle infrastrutture e della mobilità sostenibili,,impegno,C81B21013200005,True,definitivo,,1,singolo,7400,7,2024,5777044.31,5777044.31,"5.777.044,31",quota,assegnazione,impegnato,2024,"art. 2; Allegato / [TABELLA pag.4 n.1], riga 4","Comune di Brescia | ... | 5.777.044,31 | ...",DM n. 464 del 22/11/2021,alta,,
2022 DDG 128 del 02-05-22.pdf,minimax/minimax-m3,off,,,Ministero delle infrastrutture e della mobilità sostenibili,,impegno,C81B21013200005,True,definitivo,,1,singolo,7400,7,2025,23895956.0,23895956.0,"23.895.956,00",quota,assegnazione,impegnato,2025,"art. 2; Allegato / [TABELLA pag.4 n.1], riga 4","Comune di Brescia | ... | 23.895.956,00 | ...",DM n. 464 del 22/11/2021,alta,,
2022 DDG 128 del 02-05-22.pdf,minimax/minimax-m3,off,,,Ministero delle infrastrutture e della mobilità sostenibili,,impegno,C81B21013200005,True,definitivo,,1,singolo,7400,7,2026,29935593.23,29935593.23,"29.935.593,23",quota,assegnazione,impegnato,2026,"art. 2; Allegato / [TABELLA pag.4 n.1], riga 4","Comune di Brescia | ... | 29.935.593,23 | ...",DM n. 464 del 22/11/2021,alta,,
2022 DDG 128 del 02-05-22.pdf,minimax/minimax-m3,off,,,Ministero delle infrastrutture e della mobilità sostenibili,,impegno,C81B21013200005,True,definitivo,,1,singolo,7400,7,2027,36329205.71,36329205.71,"36.329.205,71",quota,assegnazione,impegnato,2027,"art. 2; Allegato / [TABELLA pag.4 n.1], riga 4","Comune di Brescia | ... | 36.329.205,71 | ...",DM n. 464 del 22/11/2021,alta,,
2022 DDG 128 del 02-05-22.pdf,minimax/minimax-m3,off,,,Ministero delle infrastrutture e della mobilità sostenibili,,impegno,C81B21013200005,True,definitivo,,1,singolo,7400,7,2028,37813380.92,37813380.92,"37.813.380,92",quota,assegnazione,impegnato,2028,"art. 2; Allegato / [TABELLA pag.4 n.1], riga 4","Comune di Brescia | ... | 37.813.380,92 | ...",DM n. 464 del 22/11/2021,alta,,
2022 DDG 128 del 02-05-22.pdf,minimax/minimax-m3,off,,,Ministero delle infrastrutture e della mobilità sostenibili,,impegno,C81B21013200005,True,definitivo,,1,singolo,7400,7,2029,42014867.68,42014867.68,"42.014.867,68",quota,assegnazione,impegnato,2029,"art. 2; Allegato / [TABELLA pag.4 n.1], riga 4","Comune di Brescia | ... | 42.014.867,68 | ...",DM n. 464 del 22/11/2021,alta,,
2022 DDG 128 del 02-05-22.pdf,minimax/minimax-m3,off,,,Ministero delle infrastrutture e della mobilità sostenibili,,impegno,C81B21013200005,True,definitivo,,1,singolo,7400,7,2030,42014867.68,42014867.68,"42.014.867,68",quota,assegnazione,impegnato,2030,"art. 2; Allegato / [TABELLA pag.4 n.1], riga 4","Comune di Brescia | ... | 42.014.867,68 | ...",DM n. 464 del 22/11/2021,alta,,
2022 DDG 128 del 02-05-22.pdf,minimax/minimax-m3,off,,,Ministero delle infrastrutture e della mobilità sostenibili,,impegno,C81B21013200005,True,definitivo,,1,singolo,7400,7,2031,26259292.3,26259292.3,"26.259.292,30",quota,assegnazione,impegnato,2031,"art. 2; Allegato / [TABELLA pag.4 n.1], riga 4","Comune di Brescia | ... | 26.259.292,30 | ...",DM n. 464 del 22/11/2021,alta,,
2022 DDG 128 del 02-05-22.pdf,minimax/minimax-m3,off,,,Ministero delle infrastrutture e della mobilità sostenibili,,impegno,C81B21013200005,True,definitivo,,1,singolo,7400,7,2032,25734106.46,25734106.46,"25.734.106,46",quota,assegnazione,impegnato,2032,"art. 2; Allegato / [TABELLA pag.4 n.1], riga 4","Comune di Brescia | ... | 25.734.106,46 | ...",DM n. 464 del 22/11/2021,alta,,
2022 DDG 128 del 02-05-22.pdf,minimax/minimax-m3,off,,,Ministero delle infrastrutture e della mobilità sostenibili,,impegno,C81B21013200005,True,definitivo,,1,singolo,7400,7,2033,26259292.3,26259292.3,"26.259.292,30",quota,assegnazione,impegnato,2033,"art. 2; Allegato / [TABELLA pag.4 n.1], riga 4","Comune di Brescia | ... | 26.259.292,30 | ...",DM n. 464 del 22/11/2021,alta,,
2022 DDG 128 del 02-05-22.pdf,minimax/minimax-m3,off,,,Ministero delle infrastrutture e della mobilità sostenibili,,impegno,C81B21013200005,True,definitivo,,1,singolo,7400,7,2034,28885221.54,28885221.54,"28.885.221,54",quota,assegnazione,impegnato,2034,"art. 2; Allegato / [TABELLA pag.4 n.1], riga 4","Comune di Brescia | ... | 28.885.221,54 | ...",DM n. 464 del 22/11/2021,alta,,
2022 DDG 128 del 02-05-22.pdf,minimax/minimax-m3,off,,,Ministero delle infrastrutture e della mobilità sostenibili,,impegno,C81B21013200005,True,definitivo,,1,singolo,7400,7,,333059208.74,333059208.74,"333.059.208,74",totale,assegnazione,impegnato,Totale,"artt. 1-2; Allegato / [TABELLA pag.4 n.1], riga 4 (Totale)","Comune di Brescia | C81B21013200005 | 7400/PG 7 | ... | Totale 333.059.208,74",DM n. 464 del 22/11/2021,alta,,totale di riga per Comune di Brescia su 7400/PG 7 (artt. 1 e 2)
2022 DDG 128 del 02-05-22.pdf,minimax/minimax-m3,off,,,Ministero delle infrastrutture e della mobilità sostenibili,,impegno,C81B21013200005,True,definitivo,,1,singolo,7400,1,2029,4414446.39,4414446.39,"4.414.446,39",quota,assegnazione,impegnato,2029,"art. 3; Allegato / [TABELLA pag.4 n.1], riga 4 (PG 1)","Comune di Brescia | ... | 7400/PG 1 | ... | 4.414.446,39 | ...",DM n. 464 del 22/11/2021,alta,,impegno in conto competenza 2029-2034 (art. 3) su cap. 7400/PG 1
2022 DDG 128 del 02-05-22.pdf,minimax/minimax-m3,off,,,Ministero delle infrastrutture e della mobilità sostenibili,,impegno,C81B21013200005,True,definitivo,,1,singolo,7400,1,2030,4414446.39,4414446.39,"4.414.446,39",quota,assegnazione,impegnato,2030,"art. 3; Allegato / [TABELLA pag.4 n.1], riga 4 (PG 1)","Comune di Brescia | ... | 7400/PG 1 | ... | 4.414.446,39 | ...",DM n. 464 del 22/11/2021,alta,,
2022 DDG 128 del 02-05-22.pdf,minimax/minimax-m3,off,,,Ministero delle infrastrutture e della mobilità sostenibili,,impegno,C81B21013200005,True,definitivo,,1,singolo,7400,1,2031,4414446.39,4414446.39,"4.414.446,39",quota,assegnazione,impegnato,2031,"art. 3; Allegato / [TABELLA pag.4 n.1], riga 4 (PG 1)","Comune di Brescia | ... | 7400/PG 1 | ... | 4.414.446,39 | ...",DM n. 464 del 22/11/2021,alta,,
2022 DDG 128 del 02-05-22.pdf,minimax/minimax-m3,off,,,Ministero delle infrastrutture e della mobilità sostenibili,,impegno,C81B21013200005,True,definitivo,,1,singolo,7400,1,2032,4414446.39,4414446.39,"4.414.446,39",quota,assegnazione,impegnato,2032,"art. 3; Allegato / [TABELLA pag.4 n.1], riga 4 (PG 1)","Comune di Brescia | ... | 7400/PG 1 | ... | 4.414.446,39 | ...",DM n. 464 del 22/11/2021,alta,,
2022 DDG 128 del 02-05-22.pdf,minimax/minimax-m3,off,,,Ministero delle infrastrutture e della mobilità sostenibili,,impegno,C81B21013200005,True,definitivo,,1,singolo,7400,1,2033,4414446.39,4414446.39,"4.414.446,39",quota,assegnazione,impegnato,2033,"art. 3; Allegato / [TABELLA pag.4 n.1], riga 4 (PG 1)","Comune di Brescia | ... | 7400/PG 1 | ... | 4.414.446,39 | ...",DM n. 464 del 22/11/2021,alta,,
2022 DDG 128 del 02-05-22.pdf,minimax/minimax-m3,off,,,Ministero delle infrastrutture e della mobilità sostenibili,,impegno,C81B21013200005,True,definitivo,,1,singolo,7400,1,2034,4414446.38,4414446.38,"4.414.446,38",quota,assegnazione,impegnato,2034,"art. 3; Allegato / [TABELLA pag.4 n.1], riga 4 (PG 1)","Comune di Brescia | ... | 7400/PG 1 | ... | 4.414.446,38 | ...",DM n. 464 del 22/11/2021,alta,,
2022 DDG 128 del 02-05-22.pdf,minimax/minimax-m3,off,,,Ministero delle infrastrutture e della mobilità sostenibili,,impegno,C81B21013200005,True,definitivo,,1,singolo,7400,1,,26486678.33,26486678.33,"26.486.678,33",totale,assegnazione,impegnato,Totale,"art. 3; Allegato / [TABELLA pag.4 n.1], riga 4 (PG 1 Totale)","Comune di Brescia | ... | 7400/PG 1 | ... | Totale 26.486.678,33",DM n. 464 del 22/11/2021,alta,,totale di riga per Comune di Brescia su 7400/PG 1 (art. 3)
2022 DI Mims Mef 97 20.04.2022.pdf,minimax/minimax-m3,off,,,Ministero delle Infrastrutture e della Mobilità Sostenibili,Ministero dell'Economia e delle Finanze,assegnazione,B39J22001360001,True,definitivo,,1,singolo,7400,8,,398000000.0,398000000.0,"398.000.000,00",totale,assegnazione,assegnato,FINANZIAMENTO AMMESSO,"art. 1, comma 1, lett. a); Allegato 1 / [TABELLA pag.10 n.1], riga 1 (SkyMetro Val Bisagno Genova)","SKYMETRO VAL BISAGNO GENOVA | B39J22001360001 | 398.000.000,00",,alta,,Cofinanziamento disponibile: --- (non indicato). Quota parte del cap. 7400 pg 8 (L. 234/2021 art. 1 c. 393) o pg 1 (sez. II).
2022 DI Mims Mef 97 20.04.2022.pdf,minimax/minimax-m3,off,,,Ministero delle Infrastrutture e della Mobilità Sostenibili,Ministero dell'Economia e delle Finanze,assegnazione,B31F20000030005,True,definitivo,,1,singolo,7400,8,,20860000.0,20860000.0,"20.860.000,00",totale,assegnazione,assegnato,FINANZIAMENTO AMMESSO,"art. 1, comma 1, lett. a); Allegato 1 / [TABELLA pag.10 n.1], riga 2 (Prolungamento metropolitana Genova Brin-Canepari)","PROLUNGAMENTO METROPOLITANA DI GENOVA DA BRIN A CANEPARI | B31F20000030005 | 20.860.000,00",,alta,,
2022 DI Mims Mef 97 20.04.2022.pdf,minimax/minimax-m3,off,,,Ministero delle Infrastrutture e della Mobilità Sostenibili,Ministero dell'Economia e delle Finanze,assegnazione,B44D20000040001,True,definitivo,,1,singolo,7400,8,,180000000.0,180000000.0,"180.000.000,00",totale,assegnazione,assegnato,FINANZIAMENTO AMMESSO,"art. 1, comma 1, lett. a); Allegato 1 / [TABELLA pag.10 n.1], riga 3 (M1 Baggio-Olmi-Valsesia)","LINEA METROPOLITANA M1 PROLUNGAMENTO QUARTIERE BAGGIO – OLMI - VALSESIA | B44D20000040001 | 180.000.000,00",,alta,,"Costo intervento 398.000.000,00; cofinanziamento disponibile 218.000.000,00; finanziamento ammesso 180.000.000,00."
2022 DI Mims Mef 97 20.04.2022.pdf,minimax/minimax-m3,off,,,Ministero delle Infrastrutture e della Mobilità Sostenibili,Ministero dell'Economia e delle Finanze,assegnazione,B91J21000040001,True,definitivo,,1,singolo,7400,8,,420000000.0,420000000.0,"420.000.000,00",totale,assegnazione,assegnato,FINANZIAMENTO AMMESSO,"art. 1, comma 1, lett. a); Allegato 1 / [TABELLA pag.10 n.1], riga 4 (M4 Linate-Segrate)","PROLUNGAMENTO LINEA METROPOLITANA M4 DA AEROPORTO LINATE A SEGRATE | B91J21000040001 | 420.000.000,00",,alta,,
2022 DI Mims Mef 97 20.04.2022.pdf,minimax/minimax-m3,off,,,Ministero delle Infrastrutture e della Mobilità Sostenibili,Ministero dell'Economia e delle Finanze,assegnazione,B41J21000050006,True,definitivo,,1,singolo,7400,8,,4500000.0,4500000.0,"4.500.000,00",totale,assegnazione,assegnato,FINANZIAMENTO AMMESSO,"art. 1, comma 1, lett. a); Allegato 1 / [TABELLA pag.10 n.1], riga 5 (Nuova M6 Ramo Sud PFTE)","NUOVA LINEA METROPOLITANA M6 RAMO SUD (PFTE) | B41J21000050006 | 4.500.000,00",,alta,,Livello di progettazione '---' (non indicato) nella tabella.
2022 DI Mims Mef 97 20.04.2022.pdf,minimax/minimax-m3,off,,,Ministero delle Infrastrutture e della Mobilità Sostenibili,Ministero dell'Economia e delle Finanze,assegnazione,B41C21000010001,True,definitivo,,1,singolo,7400,8,,5500000.0,5500000.0,"5.500.000,00",totale,assegnazione,assegnato,FINANZIAMENTO AMMESSO,"art. 1, comma 1, lett. a); Allegato 1 / [TABELLA pag.10 n.1], riga 6 (M3 San Donato-Paullese)","PROLUNGAMENTO M3 SAN DONATO M. – ASTA PAULLESE (PFTE) | B41C21000010001 | 5.500.000,00",,alta,,
2022 DI Mims Mef 97 20.04.2022.pdf,minimax/minimax-m3,off,,,Ministero delle Infrastrutture e della Mobilità Sostenibili,Ministero dell'Economia e delle Finanze,assegnazione,F41B22000740009,True,definitivo,F41B22000740009,1,singolo,7400,8,,631373163.0,631373163.0,"631.373.163,00",totale,assegnazione,assegnato,FINANZIAMENTO AMMESSO,"art. 1, comma 1, lett. a); Allegato 1 / [TABELLA pag.10 n.1], riga 7 (Afragola-Metropolitana Napoli, Lotto 1° stralcio I)","NUOVO COLLEGAMENTO IN SEDE PROPRIA TRA LA STAZIONE AV DI AFRAGOLA E LA RETE METROPOLITANA DI NAPOLI. LOTTO 1°_STRALCIO I | F41B22000740009 | 631.373.163,00",,alta,,Nella tabella il CUP è annotato '(CUP MASTER)': il codice F41B22000740009 è quindi CUP Master; non sono indicati CUP di intervento distinti nella cella. Si registra come aggregato Master.
2022 DI Mims Mef 97 20.04.2022.pdf,minimax/minimax-m3,off,,,Ministero delle Infrastrutture e della Mobilità Sostenibili,Ministero dell'Economia e delle Finanze,assegnazione,F41B22000830009,True,definitivo,,1,singolo,7400,8,,163500824.0,163500824.0,"163.500.824,00",totale,assegnazione,assegnato,FINANZIAMENTO AMMESSO,"art. 1, comma 1, lett. a); Allegato 1 / [TABELLA pag.10 n.1], riga 8 (Afragola-Metropolitana Napoli, Lotto 1° stralcio II)","LOTTO 1°_STRALCIO II | F41B22000830009 | 163.500.824,00",,alta,,
2022 DI Mims Mef 97 20.04.2022.pdf,minimax/minimax-m3,off,,,Ministero delle Infrastrutture e della Mobilità Sostenibili,Ministero dell'Economia e delle Finanze,assegnazione,E51I04000010007,True,definitivo,,1,singolo,7400,8,,610000000.0,610000000.0,"610.000.000,00",totale,assegnazione,assegnato,FINANZIAMENTO AMMESSO,"art. 1, comma 1, lett. a); Allegato 1 / [TABELLA pag.10 n.1], riga 9 (Linea C - sub-tratta Venezia-Fori Imperiali)","LINEA C DELLA METROPOLITANA DI ROMA - SUB-TRATTA FUNZIONALE DA STAZIONE VENEZIA A STAZIONE FORI IMPERIALI | E51I04000010007 | 610.000.000,00",,alta,,"Costo intervento 755.000.000,00; cofin. disponibile 145.000.000,00; finanziamento ammesso 610.000.000,00."
2022 DI Mims Mef 97 20.04.2022.pdf,minimax/minimax-m3,off,,,Ministero delle Infrastrutture e della Mobilità Sostenibili,Ministero dell'Economia e delle Finanze,assegnazione,E51I04000010007,True,definitivo,,1,singolo,7400,8,,990000000.0,990000000.0,"990.000.000,00",totale,assegnazione,assegnato,FINANZIAMENTO AMMESSO,"art. 1, comma 1, lett. a); Allegato 1 / [TABELLA pag.10 n.1], riga 10 (Linea C - Tratta T2)","LINEA C DELLA METROPOLITANA DI ROMA - TRATTA T2 - LOTTO COSTRUTTIVO | E51I04000010007 | 990.000.000,00",,alta,,Stesso CUP E51I04000010007 indicato per due diverse sub-tratte (Roma Linea C): si producono due record distinti (R4).
2022 DI Mims Mef 97 20.04.2022.pdf,minimax/minimax-m3,off,,,Ministero delle Infrastrutture e della Mobilità Sostenibili,Ministero dell'Economia e delle Finanze,assegnazione,C71F20000020005,True,definitivo,,1,singolo,7400,8,,1000000000.0,1000000000.0,"1.000.000.000,00",totale,assegnazione,assegnato,FINANZIAMENTO AMMESSO,"art. 1, comma 1, lett. a); Allegato 1 / [TABELLA pag.10 n.1], riga 11 (Metropolitana Torino Linea 2)","METROPOLITANA AUTOMATICA DI TORINO – LINEA 2 – TRATTA POLITECNICO – REBAUDENGO | C71F20000020005 | 1.000.000.000,00",,alta,,"Costo intervento 1.800.000.000,00; cofin. disponibile 800.000.000,00; finanziamento ammesso 1.000.000.000,00."
2022 DI Mims Mef 97 20.04.2022.pdf,minimax/minimax-m3,off,,,Ministero delle Infrastrutture e della Mobilità Sostenibili,Ministero dell'Economia e delle Finanze,assegnazione,J81B21014060001,True,definitivo,,1,singolo,7400,1,,173183831.97,173183831.97,"173.183.831,97",totale,assegnazione,assegnato,FINANZIAMENTO AMMESSO,"art. 1, comma 1, lett. b); Allegato 2 / [TABELLA pag.12 n.1], riga 1 (Linea Tranviaria Termini-Vaticano-Aurelio)","LINEA TRANVIARIA TERMINI - VATICANO - AURELIO | J81B21014060001 | 173.183.831,97","DM 16 novembre 2021, n. 448",alta,,"Costo totale 293.183.831,97; cofin. disponibile 120.000.000,00 (di cui 120.000.000 dal DM 448/2021 PNRR M2C2-4.2, già riconosciuto a Roma Capitale)."
2022 DI Mims Mef 97 20.04.2022.pdf,minimax/minimax-m3,off,,,Ministero delle Infrastrutture e della Mobilità Sostenibili,Ministero dell'Economia e delle Finanze,assegnazione,J84E21005150001,True,definitivo,,1,singolo,7400,1,,11284217.84,11284217.84,"11.284.217,84",totale,assegnazione,assegnato,FINANZIAMENTO AMMESSO,"art. 1, comma 1, lett. b); Allegato 2 / [TABELLA pag.12 n.1], riga 2 (Deposito di Centocelle Est)","DEPOSITO DI CENTOCELLE EST | J84E21005150001 | 11.284.217,84",,alta,,Mantiene la parte 'Deposito di Centocelle Est' come da richiesta Roma Capitale n. 347/2022.
2022 DI Mims Mef 97 20.04.2022.pdf,minimax/minimax-m3,off,,,Ministero delle Infrastrutture e della Mobilità Sostenibili,Ministero dell'Economia e delle Finanze,assegnazione,E31J19000030001,True,definitivo,,1,singolo,7400,1,,26500000.0,26500000.0,"26.500.000,00",totale,assegnazione,assegnato,FINANZIAMENTO AMMESSO,"art. 1, comma 1, lett. b); Allegato 2 / [TABELLA pag.12 n.1], riga 3 (Piacenza Busvia polo ospedaliero)","SISTEMA DI TRASPORTO RAPIDO DI MASSA PER IL COLLEGAMENTO TRA LA STAZIONE FERROVIARIA DI PIACENZA ED IL NUOVO POLO OSPEDALIERO | E31J19000030001 | 26.500.000,00","DM 22 novembre 2021, n. 464",alta,,
2022 DI Mims Mef 97 20.04.2022.pdf,minimax/minimax-m3,off,,,Ministero delle Infrastrutture e della Mobilità Sostenibili,Ministero dell'Economia e delle Finanze,assegnazione,F44I19000530001,True,definitivo,,1,singolo,7400,1,,122200000.0,122200000.0,"122.200.000,00",totale,assegnazione,assegnato,FINANZIAMENTO AMMESSO,"art. 1, comma 1, lett. b); Allegato 2 / [TABELLA pag.12 n.1], riga 4 (Deposito Gallaratese M1 Milano)","AMPLIAMENTO DEL DEPOSITO GALLARATESE DEI TRENI DELLA LINEA METROPOLITANA 1 | F44I19000530001 | 122.200.000,00","DM 22 novembre 2021, n. 464",alta,,
2022 DI Mims Mef 97 20.04.2022.pdf,minimax/minimax-m3,off,,,Ministero delle Infrastrutture e della Mobilità Sostenibili,Ministero dell'Economia e delle Finanze,assegnazione,,False,,,0,singolo,7400,1,,31513709.92,31513709.92,"€ 31.513.709,92",totale,altro,non_allocato,,"art. 1, comma 1, lett. b); premesse (CONSIDERATO post-assegnazione)","a seguito delle suddette assegnazioni, residuano risorse iscritte sul capitolo 7400, piano di gestione 1, pari a € 31.513.709,92",,alta,,"Risorse residue sul cap. 7400 pg 1 dopo l'assegnazione di Allegato 2 (333.168.049,81) e i 723.733.987,00 di pg 8/1 destinati ad Allegato 1: da assegnare con successivo provvedimento."
2022 DI Mims Mef 97 20.04.2022.pdf,minimax/minimax-m3,off,,,Ministero delle Infrastrutture e della Mobilità Sostenibili,Ministero dell'Economia e delle Finanze,assegnazione,C11J22000000001,True,definitivo,,1,singolo,7400,1,,221721410.41,221721410.41,"221.721.410,41",totale,altro,ammissibile,FINANZIAMENTO AMMESSO,"art. 2; Allegato 3 / [TABELLA pag.13 n.1], riga 1 (Torino Tranvia 12)","PROLUNGAMENTO LINEA TRANVIARIA 12 ALL'ALLIANZ STADIUM E RECUPERO TRINCEA FERROVIA TORINO-CERES | C11J22000000001 | 221.721.410,41",AVVISO n.2,alta,,"Intervento ammesso, non assegnato: da finanziare a scorrimento graduatoria (art. 2, comma 2)."
2022 DI Mims Mef 97 20.04.2022.pdf,minimax/minimax-m3,off,,,Ministero delle Infrastrutture e della Mobilità Sostenibili,Ministero dell'Economia e delle Finanze,assegnazione,F47C19000370001,True,definitivo,,4,aggregato,7400,1,,20900000.02,5225000.005,"20.900.000,02",totale,altro,ammissibile,FINANZIAMENTO AMMESSO,"art. 2; Allegato 3 / [TABELLA pag.13 n.1], riga 2 (Milano M3 adeguamento antincendio)","METROPOLITANA LINEA M3: INTERVENTI DI ADEGUAMENTO ANTINCENDIO | F47C19000370001 F47D17000140005 F47C19000380001 F47C19000390001 | 20.900.000,02",AVVISO n.2,alta,,Quattro CUP associati a un unico importo (R6): l'atto non ripartisce tra i CUP.
2022 DI Mims Mef 97 20.04.2022.pdf,minimax/minimax-m3,off,,,Ministero delle Infrastrutture e della Mobilità Sostenibili,Ministero dell'Economia e delle Finanze,assegnazione,F47D17000140005,True,definitivo,,4,aggregato,7400,1,,20900000.02,5225000.005,"20.900.000,02",totale,altro,ammissibile,FINANZIAMENTO AMMESSO,"art. 2; Allegato 3 / [TABELLA pag.13 n.1], riga 2 (Milano M3 adeguamento antincendio)","METROPOLITANA LINEA M3: INTERVENTI DI ADEGUAMENTO ANTINCENDIO | F47C19000370001 F47D17000140005 F47C19000380001 F47C19000390001 | 20.900.000,02",AVVISO n.2,alta,,Quattro CUP associati a un unico importo (R6): l'atto non ripartisce tra i CUP.
2022 DI Mims Mef 97 20.04.2022.pdf,minimax/minimax-m3,off,,,Ministero delle Infrastrutture e della Mobilità Sostenibili,Ministero dell'Economia e delle Finanze,assegnazione,F47C19000380001,True,definitivo,,4,aggregato,7400,1,,20900000.02,5225000.005,"20.900.000,02",totale,altro,ammissibile,FINANZIAMENTO AMMESSO,"art. 2; Allegato 3 / [TABELLA pag.13 n.1], riga 2 (Milano M3 adeguamento antincendio)","METROPOLITANA LINEA M3: INTERVENTI DI ADEGUAMENTO ANTINCENDIO | F47C19000370001 F47D17000140005 F47C19000380001 F47C19000390001 | 20.900.000,02",AVVISO n.2,alta,,Quattro CUP associati a un unico importo (R6): l'atto non ripartisce tra i CUP.
2022 DI Mims Mef 97 20.04.2022.pdf,minimax/minimax-m3,off,,,Ministero delle Infrastrutture e della Mobilità Sostenibili,Ministero dell'Economia e delle Finanze,assegnazione,F47C19000390001,True,definitivo,,4,aggregato,7400,1,,20900000.02,5225000.005,"20.900.000,02",totale,altro,ammissibile,FINANZIAMENTO AMMESSO,"art. 2; Allegato 3 / [TABELLA pag.13 n.1], riga 2 (Milano M3 adeguamento antincendio)","METROPOLITANA LINEA M3: INTERVENTI DI ADEGUAMENTO ANTINCENDIO | F47C19000370001 F47D17000140005 F47C19000380001 F47C19000390001 | 20.900.000,02",AVVISO n.2,alta,,Quattro CUP associati a un unico importo (R6): l'atto non ripartisce tra i CUP.
2022 DI Mims Mef 97 20.04.2022.pdf,minimax/minimax-m3,off,,,Ministero delle Infrastrutture e della Mobilità Sostenibili,Ministero dell'Economia e delle Finanze,assegnazione,F47C19000350001,True,definitivo,,2,aggregato,7400,1,,45000000.07,22500000.035,"45.000.000,07",totale,altro,ammissibile,FINANZIAMENTO AMMESSO,"art. 2; Allegato 3 / [TABELLA pag.13 n.1], riga 3 (Milano M1+M2 adeguamento antincendio Fase 2)","METROPOLITANA LINEE M1 + M2 - FASE 2 | F47C19000350001 O F47C19000360001 | 45.000.000,07",AVVISO n.2,alta,,Due CUP associati a un unico importo (R6): la tabella indica 'O' tra i due CUP. L'atto non ripartisce.
2022 DI Mims Mef 97 20.04.2022.pdf,minimax/minimax-m3,off,,,Ministero delle Infrastrutture e della Mobilità Sostenibili,Ministero dell'Economia e delle Finanze,assegnazione,F47C19000360001,True,definitivo,,2,aggregato,7400,1,,45000000.07,22500000.035,"45.000.000,07",totale,altro,ammissibile,FINANZIAMENTO AMMESSO,"art. 2; Allegato 3 / [TABELLA pag.13 n.1], riga 3 (Milano M1+M2 adeguamento antincendio Fase 2)","METROPOLITANA LINEE M1 + M2 - FASE 2 | F47C19000350001 O F47C19000360001 | 45.000.000,07",AVVISO n.2,alta,,Due CUP associati a un unico importo (R6): la tabella indica 'O' tra i due CUP. L'atto non ripartisce.
2022 DI Mims Mef 97 20.04.2022.pdf,minimax/minimax-m3,off,,,Ministero delle Infrastrutture e della Mobilità Sostenibili,Ministero dell'Economia e delle Finanze,assegnazione,B34J18000220001,True,definitivo,,2,aggregato,7400,1,,74516124.63,37258062.315,"74.516.124,63",totale,altro,ammissibile,FINANZIAMENTO AMMESSO,"art. 2; Allegato 3 / [TABELLA pag.13 n.1], riga 4 (Genova prolungamento Rivarolo)","LINEA METROPOLITANA: PROLUNGAMENTO A RIVAROLO E COMPLETAMENTO DELLA STAZIONE DI MARTINEZ / TERRALBA | B34J18000220001 B34J18000230001 | 74.516.124,63",AVVISO n.2,alta,,Due CUP associati a un unico importo (R6): l'atto non ripartisce.
2022 DI Mims Mef 97 20.04.2022.pdf,minimax/minimax-m3,off,,,Ministero delle Infrastrutture e della Mobilità Sostenibili,Ministero dell'Economia e delle Finanze,assegnazione,B34J18000230001,True,definitivo,,2,aggregato,7400,1,,74516124.63,37258062.315,"74.516.124,63",totale,altro,ammissibile,FINANZIAMENTO AMMESSO,"art. 2; Allegato 3 / [TABELLA pag.13 n.1], riga 4 (Genova prolungamento Rivarolo)","LINEA METROPOLITANA: PROLUNGAMENTO A RIVAROLO E COMPLETAMENTO DELLA STAZIONE DI MARTINEZ / TERRALBA | B34J18000220001 B34J18000230001 | 74.516.124,63",AVVISO n.2,alta,,Due CUP associati a un unico importo (R6): l'atto non ripartisce.
2023 DM MIT 342-2023.pdf,minimax/minimax-m3,off,,,Ministero delle infrastrutture e dei trasporti,,rettifica,,False,,,0,singolo,7150,3,2033,217585.0,217585.0,217.585,quota,assegnazione,rimodulato,POTENZIAMENTO (Cap. 7150 Pg. n.3) – Veneto,"art. 1, c. 1; Allegato 3 / [TABELLA pag.11 n.2], riga 2033",2033 | 217.585 | VENETO (POTENZIAMENTO cap. 7150 pg. 3),"DM 364/2021 – Allegato 3, annualità 2033 Veneto",alta,,Rettifica per errore materiale: valore assegnato dal DM 364/2021 era 117.585; il valore corretto ammesso dall'Allegato 2 è 217.585 (poi rettificato dal presente atto).
2023 DM MIT 342-2023.pdf,minimax/minimax-m3,off,,,Ministero delle infrastrutture e dei trasporti,,rettifica,,False,,,0,singolo,7150,4,2033,690994.0,690994.0,690.994,quota,assegnazione,rimodulato,SICUREZZA (Cap. 7150 Pg. n.4) – Emilia Romagna,"art. 1, c. 1; Allegato 3 / [TABELLA pag.11 n.1], riga 2033",2033 | 690.994 | EMILIA ROMAGNA (SICUREZZA cap. 7150 pg. 4),"DM 364/2021 – Allegato 3, annualità 2033 Emilia Romagna",alta,,Rettifica per errore materiale: il valore precedente era 790.994; l'atto lo ridetermina in 690.994.
2023 DM MIT 342-2023.pdf,minimax/minimax-m3,off,,,Ministero delle infrastrutture e dei trasporti,,rettifica,,False,,,0,singolo,7150,3,2032,23277.0,23277.0,23.277,quota,assegnazione,rimodulato,POTENZIAMENTO (Cap. 7150 Pg. n.3) – Veneto,"art. 1, c. 1; Allegato 3 / [TABELLA pag.11 n.2], riga 2032",2032 | 23.277 | VENETO (POTENZIAMENTO cap. 7150 pg. 3),"DM 364/2021 – Allegato 3, annualità 2032 Veneto",media,"L'art. 1, c. 1 cita per il 2032 la sola correzione Veneto da 125.268 a 125.266 (errore di 2 euro); la tabella mostra per Veneto 23.277 sul pg. 3. Possibile refuso dell'articolo: l'importo indicato (125.266) sembra riferirsi al valore Emilia Romagna sul pg. 4 (cfr. riga 2032 SICUREZZA Emilia Romagna = 125.266) e non al pg. 3.","Art. 1, c. 1 dispone 125.266 al Veneto per il 2032 (da 125.268); l'Allegato 3 riporta invece per Veneto (pg. 3) 23.277 e per Emilia Romagna (pg. 4) 125.266 nello stesso anno. La cifra 125.266 dell'articolo sembra quindi un errore di trascrizione (coincide con il dato Emilia Romagna SICUREZZA)."
2023 DM MIT 342-2023.pdf,minimax/minimax-m3,off,,,Ministero delle infrastrutture e dei trasporti,,rettifica,,False,,,0,singolo,7150,4,2032,842682.0,842682.0,842.682,quota,assegnazione,rimodulato,SICUREZZA (Cap. 7150 Pg. n.4) – Emilia Romagna,"art. 1, c. 1; Allegato 3 / [TABELLA pag.11 n.1], riga 2032",2032 | 842.682 | EMILIA ROMAGNA (SICUREZZA cap. 7150 pg. 4),"DM 364/2021 – Allegato 3, annualità 2032 Emilia Romagna",alta,,Conferma del valore 842.682 (il precedente era 842.680; l'atto lo conferma a 842.682).
2023 DM MIT 342-2023.pdf,minimax/minimax-m3,off,,,Ministero delle infrastrutture e dei trasporti,,rettifica,H49J21005480003,True,definitivo,,1,singolo,,,,47725.0,47725.0,"47.725,00",totale,altro,assegnato,IMPORTO AMMASSO A FINANZIAMENTO CENTRO - NORD – POTENZIAMENTO,"art. 1, c. 3; Allegato 1 / [TABELLA pag.4 n.1], riga 5 (FERROVIA GENOVA CASELLA – Sant'Olcese Tullo)","AMT SPA | INTERSCAMBIO SANT'OLCESE TULLO | ... | 47.725,00 | 0,00 | 47.725,00 | H49J21005480003",,alta,,Allegato 1 aggiorna e sostituisce l'Allegato 1 del DM 364/2021 (REV. 2). L'importo assegnato coincide con il costo totale dell'intervento (non c'è cofinanziamento).
2023 DM MIT 342-2023.pdf,minimax/minimax-m3,off,,,Ministero delle infrastrutture e dei trasporti,,rettifica,C75B23000000001,True,definitivo,,1,singolo,,,,10543255.0,10543255.0,"10.543.255,00",totale,altro,assegnato,IMPORTO AMMASSO A FINANZIAMENTO CENTRO - NORD – POTENZIAMENTO,"art. 1, c. 3; Allegato 1 / [TABELLA pag.4 n.1], riga 6 (Roma-Viterbo – Catalano)","ASTRAL S.p.A | RINNOVO, POTENZIAMENTO E MESSA IN SICUREZZA ... | 10.543.255,00 | 0,00 | 10.543.255,00 | C75B23000000001",,alta,,REV. 2 dell'Allegato 1 del DM 364/2021. Importo = totale intervento (cofinanziamento 0).
2023 DM MIT 342-2023.pdf,minimax/minimax-m3,off,,,Ministero delle infrastrutture e dei trasporti,,rettifica,C71G22000090001,True,definitivo,,1,singolo,,,,7000000.0,7000000.0,"7.000.000,00",totale,altro,assegnato,IMPORTO AMMASSO A FINANZIAMENTO CENTRO - NORD – POTENZIAMENTO,"art. 1, c. 3; Allegato 1 / [TABELLA pag.4 n.1], riga 7 (Roma-Viterbo – SSE e DOTE)","ASTRAL S.p.A | POTENZIAMENTO DEL SISTEMA DI ALIMENTAZIONE ELETTRICA ... | 7.000.000,00 | 0,00 | 7.000.000,00 | C71G22000090001",,alta,,REV. 2 dell'Allegato 1 del DM 364/2021.
2023 DM MIT 342-2023.pdf,minimax/minimax-m3,off,,,Ministero delle infrastrutture e dei trasporti,,rettifica,E51B21002250001,True,definitivo,,1,singolo,,,,20000000.0,20000000.0,"20.000.000,00",totale,altro,assegnato,IMPORTO AMMASSO A FINANZIAMENTO CENTRO - NORD – POTENZIAMENTO,"art. 1, c. 3; Allegato 1 / [TABELLA pag.4 n.1], riga 8 (Milano-Varese-Laveno)","FERROVIENORD | INTERVENTI SULLA RETE PER STABILIZZAZIONE ORARIO: RADDOPPIO SELETTIVO ... | 20.000.000,00 | 0,00 | 20.000.000,00 | E51B21002250001",,alta,,REV. 2 dell'Allegato 1 del DM 364/2021.
2023 DM MIT 342-2023.pdf,minimax/minimax-m3,off,,,Ministero delle infrastrutture e dei trasporti,,rettifica,B41E04000210001,True,definitivo,,1,singolo,,,,50000000.0,50000000.0,"50.000.000,00",totale,altro,assegnato,IMPORTO AMMASSO A FINANZIAMENTO SUD – POTENZIAMENTO,"art. 1, c. 3; Allegato 1 / [TABELLA pag.5 n.1], riga 1 (Circumvesuviana)","EAV | LINEA 1 DELLA METROPOLITANA DI NAPOLI – TRATTA CDN –CAPODICHINO ... | 50.000.000,00 | 50.000.000,00 | 100.000.000,00 | 50.000.000,00 | B41E04000210001",,alta,,"REV. 2 dell'Allegato 1 del DM 364/2021. Cofinanziamento 50 Mln, totale 100 Mln."
2023 DM MIT 342-2023.pdf,minimax/minimax-m3,off,,,Ministero delle infrastrutture e dei trasporti,,rettifica,F61B21003640009,True,definitivo,,1,singolo,,,,30000000.0,30000000.0,"30.000.000,00",totale,altro,assegnato,IMPORTO AMMASSO A FINANZIAMENTO SUD – POTENZIAMENTO,"art. 1, c. 3; Allegato 1 / [TABELLA pag.5 n.1], riga 2 (Linee Flegree)","EAV S.R.L. | NUOVO TELECOMANDO LINEE FLEGREE ... | 30.000.000,00 | 0,00 | 30.000.000,00 | 30.000.000,00 | F61B21003640009",,alta,,REV. 2 dell'Allegato 1 del DM 364/2021.
2023 DM MIT 342-2023.pdf,minimax/minimax-m3,off,,,Ministero delle infrastrutture e dei trasporti,,rettifica,G31G22000250001,True,definitivo,,1,singolo,,,,2800000.0,2800000.0,"2.800.000,00",totale,altro,assegnato,IMPORTO AMMASSO A FINANZIAMENTO SUD – POTENZIAMENTO,"art. 1, c. 3; Allegato 1 / [TABELLA pag.5 n.1], riga 3 (Bari centrale – pensilina)","FERROVIE APPULO LUCANE | RIFACIMENTO PENSILINA BARI CENTRALE | 2.800.000,00 | 0,00 | 2.800.000,00 | 2.800.000,00 | G31G22000250001",,alta,,REV. 2 dell'Allegato 1 del DM 364/2021.
2023 DM MIT 342-2023.pdf,minimax/minimax-m3,off,,,Ministero delle infrastrutture e dei trasporti,,rettifica,D69D15002090001,True,definitivo,,2,aggregato,,,,50000000.0,25000000.0,"50.000.000,00",totale,altro,assegnato,IMPORTO AMMASSO A FINANZIAMENTO SUD – POTENZIAMENTO,"art. 1, c. 3; Allegato 1 / [TABELLA pag.5 n.1], riga 4 (Maglie-Otranto / Zollino-Gagliano)","FERROVIE SUD EST | COMPLETAMENTO ELETTRIFICAZIONE DORSALE SALENTO ... | 50.000.000,00 | 130.000.000,00 | 180.000.000,00 | 50.000.000,00 | Lotto 4 - D69D15002090001 / Lotto 3 - D49D15001920001",,alta,,"Importo unico di 50 Mln ripartito su due lotti/CUP (Lotto 4 Maglie-Otranto e Lotto 3 Zollino-Gagliano). Cofinanziamento 130 Mln, totale 180 Mln."
2023 DM MIT 342-2023.pdf,minimax/minimax-m3,off,,,Ministero delle infrastrutture e dei trasporti,,rettifica,D49D15001920001,True,definitivo,,2,aggregato,,,,50000000.0,25000000.0,"50.000.000,00",totale,altro,assegnato,IMPORTO AMMASSO A FINANZIAMENTO SUD – POTENZIAMENTO,"art. 1, c. 3; Allegato 1 / [TABELLA pag.5 n.1], riga 4 (Maglie-Otranto / Zollino-Gagliano)","FERROVIE SUD EST | COMPLETAMENTO ELETTRIFICAZIONE DORSALE SALENTO ... | 50.000.000,00 | 130.000.000,00 | 180.000.000,00 | 50.000.000,00 | Lotto 4 - D69D15002090001 / Lotto 3 - D49D15001920001",,alta,,"Importo unico di 50 Mln ripartito su due lotti/CUP (Lotto 4 Maglie-Otranto e Lotto 3 Zollino-Gagliano). Cofinanziamento 130 Mln, totale 180 Mln."
2023 DM MIT 342-2023.pdf,minimax/minimax-m3,off,,,Ministero delle infrastrutture e dei trasporti,,rettifica,G71B18000620005,True,definitivo,,1,singolo,,,,2500000.0,2500000.0,"2.500.000,00",totale,altro,assegnato,IMPORTO AMMASSO A FINANZIAMENTO SUD – POTENZIAMENTO,"art. 1, c. 3; Allegato 1 / [TABELLA pag.5 n.1], riga 5 (Stazione Altamura)","FERROVIE APPULO LUCANE | REALIZZAZIONE PARCHEGGIO DI INTERSCAMBIO NELLA STAZIONE DI ALTAMURA | 2.500.000,00 | 0,00 | 2.500.000,00 | 2.500.000,00 | G71B18000620005",,alta,,REV. 2 dell'Allegato 1 del DM 364/2021.
2023 DM MIT 342-2023.pdf,minimax/minimax-m3,off,,,Ministero delle infrastrutture e dei trasporti,,rettifica,F81B21005610001,True,definitivo,,1,singolo,,,,18000000.0,18000000.0,"18.000.000,00",totale,altro,assegnato,IMPORTO AMMASSO A FINANZIAMENTO SUD – POTENZIAMENTO,"art. 1, c. 3; Allegato 1 / [TABELLA pag.6 n.1], riga 1 (Monserrato-Isili)","ARST | VARIANTE DI TRACCIATO, REALIZZAZIONE PUNTI DI INCROCIO E RADDOPPIO TRATTA MONSERRATO SETTIMO/SAN PIETRO | 26.400.000,00 | 0,00 | 26.400.000,00 | 18.000.000,00 | F81B21005610001",,alta,,"REV. 2 dell'Allegato 1 del DM 364/2021. Cofinanziamento 0, totale 26,4 Mln, ammesso 18 Mln."
2023 DM MIT 342-2023.pdf,minimax/minimax-m3,off,,,Ministero delle infrastrutture e dei trasporti,,rettifica,I61B21003020001,True,definitivo,,1,singolo,,,,9900000.0,9900000.0,"9.900.000,00",totale,altro,assegnato,IMPORTO AMMASSO A FINANZIAMENTO SUD – POTENZIAMENTO,"art. 1, c. 3; Allegato 1 / [TABELLA pag.6 n.1], riga 2 (Catanzaro Città)","Ferrovie della Calabria S.r.l. | LAVORI DI REALIZZAZIONE DELLA NUOVA STAZIONE FERROVIARIA DI CATANZARO CITTÀ | 9.900.000,00 | 0,00 | 9.900.000,00 | 9.900.000,00 | I61B21003020001",,alta,,REV. 2 dell'Allegato 1 del DM 364/2021.
2023 DM MIT 342-2023.pdf,minimax/minimax-m3,off,,,Ministero delle infrastrutture e dei trasporti,,rettifica,I67H21003160001,True,definitivo,,1,singolo,,,,2900000.0,2900000.0,"2.900.000,00",totale,altro,assegnato,IMPORTO AMMASSO A FINANZIAMENTO SUD – POTENZIAMENTO,"art. 1, c. 3; Allegato 1 / [TABELLA pag.6 n.1], riga 3 (Catanzaro-Germaneto)","Ferrovie della Calabria S.r.l. | LAVORI DI MIGLIORAMENTO DELLA FRUIBILITÀ DELLA LINEA ... CATANZARO LIDO -GERMANETO | 2.900.000,00 | 0,00 | 2.900.000,00 | 2.900.000,00 | I67H21003160001",,alta,,REV. 2 dell'Allegato 1 del DM 364/2021.
2023 DM MIT 342-2023.pdf,minimax/minimax-m3,off,,,Ministero delle infrastrutture e dei trasporti,,rettifica,B89J21020930005,True,definitivo,,1,singolo,,,,1200000.0,1200000.0,"1.200.000,00",totale,altro,assegnato,IMPORTO AMMASSO A FINANZIAMENTO SUD – POTENZIAMENTO,"art. 1, c. 3; Allegato 1 / [TABELLA pag.6 n.1], riga 4 (Fossacesia-Saletti)","Divisione Ferroviaria di TUA S.p.A. | CREAZIONE POSTO INTERMEDIO LOCALITÀ GUASTACCONCIA NELLA TRATTA FOSSACESIA-SALETTI | 1.200.000,00 | 0,00 | 1.200.000,00 | 1.200.000,00 | B89J21020930005",,alta,,REV. 2 dell'Allegato 1 del DM 364/2021.
2023 DM MIT 342-2023.pdf,minimax/minimax-m3,off,,,Ministero delle infrastrutture e dei trasporti,,rettifica,I57H21005640001,True,definitivo,,1,singolo,,,,1512215.0,1512215.0,"1.512.215,00",totale,altro,assegnato,SICUREZZA INTERVENTO,"art. 1, c. 3; Allegato 2 / [TABELLA pag.7 n.1], riga 1 (Adria-Mestre)","INFRASTRUTTRE VENETE SRL | INTERVENTI STRUTTURALI DI RISANAMENTO PONTE IN C.A. AL KM. 14+355 | 1.512.215,00 | 0,00 | 1.512.215,00 | 1.512.215,00 | I57H21005640001",,alta,,REV. 4 dell'Allegato 2 del DM 364/2021. Rettifica del valore Veneto (Allegato 3) da 1.412.215 a 1.512.215.
2023 DM MIT 342-2023.pdf,minimax/minimax-m3,off,,,Ministero delle infrastrutture e dei trasporti,,rettifica,B19F22013250002,True,definitivo,,1,singolo,,,,2400000.0,2400000.0,"2.400.000,00",totale,altro,assegnato,SICUREZZA INTERVENTO,"art. 1, c. 3; Allegato 2 / [TABELLA pag.7 n.1], riga 2 (Stia-Arezzo-Sinalunga)","LA FERROVIARIA ITALIANA SPA | ELIMINAZIONE DI DUE PASSAGGI A LIVELLO ... STAZIONE DI GIOVI | 2.400.000,00 | 0,00 | 2.400.000,00 | 2.400.000,00 | B19F22013250002",,alta,,REV. 4 dell'Allegato 2 del DM 364/2021.
2023 DM MIT 342-2023.pdf,minimax/minimax-m3,off,,,Ministero delle infrastrutture e dei trasporti,,rettifica,C89F23000050001,True,definitivo,,1,singolo,,,,600000.0,600000.0,"600.000,00",totale,altro,assegnato,SICUREZZA INTERVENTO,"art. 1, c. 3; Allegato 2 / [TABELLA pag.7 n.1], riga 3 (Parma-Suzzara, Brescello)","FERROVIE EMILIA ROMGNA S.R.L. | SOPPRESSIONE DI QUATTRO PASSAGGI A LIVELLO PRIVATI ... | 600.000,00 | 0,00 | 600.000,00 | 600.000,00 | C89F23000050001",,alta,,REV. 4 dell'Allegato 2 del DM 364/2021.
2023 DM MIT 342-2023.pdf,minimax/minimax-m3,off,,,Ministero delle infrastrutture e dei trasporti,,rettifica,C99F23000050001,True,definitivo,,1,singolo,,,,5400000.0,5400000.0,"5.400.000,00",totale,altro,assegnato,SICUREZZA INTERVENTO,"art. 1, c. 3; Allegato 2 / [TABELLA pag.8 n.1], riga 1 (Bologna-Portomaggiore)","FERROVIE EMILIA ROMGNA S.R.L. | LINEA BOLOGNA-PORTOMAGGIORE, SOPPRESSIONE PL IN LOC. CA' DELL'ORBO ... | 5.400.000,00 | 1.600.000,00 | 7.000.000,00 | 5.400.000,00 | C99F23000050001",,alta,,"REV. 4 dell'Allegato 2 del DM 364/2021. Cofinanziamento 1,6 Mln, totale 7 Mln, ammesso 5,4 Mln."
2023 DM MIT 342-2023.pdf,minimax/minimax-m3,off,,,Ministero delle infrastrutture e dei trasporti,,rettifica,C56G21008730001,True,definitivo,,1,singolo,,,,3400000.0,3400000.0,"3.400.000,00",totale,altro,assegnato,SICUREZZA INTERVENTO,"art. 1, c. 3; Allegato 2 / [TABELLA pag.8 n.1], riga 2 (Reggio E.-Guastalla)","FERROVIE EMILIA ROMGNA S.R.L. | UPGRADE CON IMPIANTI MULTI-ACC | 3.400.000,00 | 0,00 | 3.400.000,00 | 3.400.000,00 | C56G21008730001",,alta,,REV. 4 dell'Allegato 2 del DM 364/2021.
2023 DM MIT 342-2023.pdf,minimax/minimax-m3,off,,,Ministero delle infrastrutture e dei trasporti,,rettifica,F41B21005790009,True,definitivo,,1,singolo,,,,30000000.0,30000000.0,30.000.000,totale,altro,assegnato,SICUREZZA INTERVENTO,"art. 1, c. 3; Allegato 2 / [TABELLA pag.9 n.1], riga 1 (EAV – Linea Suburbana)",EAV S.R.L. | SOPPRESSIONE PP.LL. RETE FERROVIARIA EAV | 30.000.000 | 0 | 30.000.000 | 30.000.000 | F41B21005790009,,alta,,REV. 4 dell'Allegato 2 del DM 364/2021.
2023 DM MIT 342-2023.pdf,minimax/minimax-m3,off,,,Ministero delle infrastrutture e dei trasporti,,rettifica,G31G22000260001,True,definitivo,,1,singolo,,,,7200000.0,7200000.0,7.200.000,totale,altro,assegnato,SICUREZZA INTERVENTO,"art. 1, c. 3; Allegato 2 / [TABELLA pag.9 n.1], riga 2 (Bari Sant'Andrea – Modugno)",FERROVIE APPULO LUCANE S.r.l | RADDOPPIO TRA BARI SANT'ANDREA E MODUGNO | 7.200.000 | 0 | 7.200.000 | 7.200.000 | G31G22000260001,,alta,,REV. 4 dell'Allegato 2 del DM 364/2021.
2023 DM MIT 342-2023.pdf,minimax/minimax-m3,off,,,Ministero delle infrastrutture e dei trasporti,,rettifica,G11B18000550005,True,definitivo,,1,singolo,,,,3500000.0,3500000.0,"3.500.000,00",totale,altro,assegnato,SICUREZZA INTERVENTO,"art. 1, c. 3; Allegato 2 / [TABELLA pag.10 n.1], riga 1 (Serra Rifusa)","FERROVIE APPULO LUCANE S.r.l | Interventi sui piazzali di Matera Serra Rifusa ... RIPRISTINO DELLA FUNZIONALITÀ DELL'OFFICINA FERROVIARIA A SERRA RIFUSA | 3.500.000,00 | 0 | 3.500.000 | 3.500.000 | G11B18000550005",,alta,,REV. 4 dell'Allegato 2 del DM 364/2021.
2023 DM MIT 342-2023.pdf,minimax/minimax-m3,off,,,Ministero delle infrastrutture e dei trasporti,,rettifica,B81B21003770005,True,definitivo,,1,singolo,,,,1750000.0,1750000.0,"1.750.000,00",totale,altro,assegnato,SICUREZZA INTERVENTO,"art. 1, c. 3; Allegato 2 / [TABELLA pag.10 n.1], riga 2 (Fossacesia-Archi)","Divisione Ferroviaria di TUA S.p.A. | TESATURA DEI CONDUTTORI IN RAME DELL'IMPIANTO TE DELLA TRATTA FOSSACESIA-ARCHI E REALIZZAZIONE DELLA PALIFICATA DI SOSTEGNO SUL PONTE FIUME SANGRO | 1.750.000,00 | 0 | 1.750.000 | 1.750.000 | B81B21003770005",,alta,,REV. 4 dell'Allegato 2 del DM 364/2021.
2025 DD MIT 141-2025.pdf,minimax/minimax-m3,off,141,2025-04-18,Ministero delle Infrastrutture e dei Trasporti,,impegno,E51I04000010007,True,definitivo,,1,singolo,7419,2,2024,50000000.0,50000000.0,"€ 50.000.000,00",quota,impegno,impegnato,,"art. 3; [TABELLA pag.5 n.1], riga 1","2024 € 50.000.000,00 (conto residui, esercizio di provenienza 2024)","art. 1, comma 478, legge 29 dicembre 2022, n. 197",alta,,"Quota in conto residui, esercizio di provenienza 2024"
2025 DD MIT 141-2025.pdf,minimax/minimax-m3,off,141,2025-04-18,Ministero delle Infrastrutture e dei Trasporti,,impegno,E51I04000010007,True,definitivo,,1,singolo,7419,2,2025,25000000.0,25000000.0,"€ 25.000.000,00",quota,impegno,impegnato,,"art. 3; [TABELLA pag.5 n.1], riga 2","2025 € 25.000.000,00","art. 1, comma 478, legge 29 dicembre 2022, n. 197",alta,,
2025 DD MIT 141-2025.pdf,minimax/minimax-m3,off,141,2025-04-18,Ministero delle Infrastrutture e dei Trasporti,,impegno,E51I04000010007,True,definitivo,,1,singolo,7419,2,2026,50000000.0,50000000.0,"€ 50.000.000,00",quota,impegno,impegnato,,"art. 3; [TABELLA pag.5 n.1], riga 3","2026 € 50.000.000,00","art. 1, comma 478, legge 29 dicembre 2022, n. 197",alta,,
2025 DD MIT 141-2025.pdf,minimax/minimax-m3,off,141,2025-04-18,Ministero delle Infrastrutture e dei Trasporti,,impegno,E51I04000010007,True,definitivo,,1,singolo,7419,2,2027,350000000.0,350000000.0,"€ 350.000.000,00",quota,impegno,impegnato,,"art. 3; [TABELLA pag.5 n.1], riga 4","2027 € 350.000.000,00","art. 1, comma 478, legge 29 dicembre 2022, n. 197",alta,,
2025 DD MIT 141-2025.pdf,minimax/minimax-m3,off,141,2025-04-18,Ministero delle Infrastrutture e dei Trasporti,,impegno,E51I04000010007,True,definitivo,,1,singolo,7419,2,2028,200000000.0,200000000.0,"€ 200.000.000,00",quota,impegno,impegnato,,"art. 3; [TABELLA pag.5 n.1], riga 5","2028 € 200.000.000,00","art. 1, comma 478, legge 29 dicembre 2022, n. 197",alta,,
2025 DD MIT 141-2025.pdf,minimax/minimax-m3,off,141,2025-04-18,Ministero delle Infrastrutture e dei Trasporti,,impegno,E51I04000010007,True,definitivo,,1,singolo,7419,2,2029,150000000.0,150000000.0,"€ 150.000.000,00",quota,impegno,impegnato,,"art. 3; [TABELLA pag.5 n.1], riga 6","2029 € 150.000.000,00","art. 1, comma 478, legge 29 dicembre 2022, n. 197",alta,,
2025 DD MIT 141-2025.pdf,minimax/minimax-m3,off,141,2025-04-18,Ministero delle Infrastrutture e dei Trasporti,,impegno,E51I04000010007,True,definitivo,,1,singolo,7419,2,2030,450000000.0,450000000.0,"€ 450.000.000,00",quota,impegno,impegnato,,"art. 3; [TABELLA pag.5 n.1], riga 7","2030 € 450.000.000,00","art. 1, comma 478, legge 29 dicembre 2022, n. 197",alta,,
2025 DD MIT 141-2025.pdf,minimax/minimax-m3,off,141,2025-04-18,Ministero delle Infrastrutture e dei Trasporti,,impegno,E51I04000010007,True,definitivo,,1,singolo,7419,2,2031,450000000.0,450000000.0,"€ 450.000.000,00",quota,impegno,impegnato,,"art. 3; [TABELLA pag.5 n.1], riga 8","2031 € 450.000.000,00","art. 1, comma 478, legge 29 dicembre 2022, n. 197",alta,,
2025 DD MIT 141-2025.pdf,minimax/minimax-m3,off,141,2025-04-18,Ministero delle Infrastrutture e dei Trasporti,,impegno,E51I04000010007,True,definitivo,,1,singolo,7419,2,2032,400000000.0,400000000.0,"€ 400.000.000,00",quota,impegno,impegnato,,"art. 3; [TABELLA pag.5 n.1], riga 9","2032 € 400.000.000,00","art. 1, comma 478, legge 29 dicembre 2022, n. 197",alta,,
2025 DD MIT 141-2025.pdf,minimax/minimax-m3,off,141,2025-04-18,Ministero delle Infrastrutture e dei Trasporti,,impegno,E51I04000010007,True,definitivo,,1,singolo,7419,2,,2125000000.0,2125000000.0,"€ 2.125.000.000,00",totale,impegno,impegnato,,"art. 3; [TABELLA pag.5 n.1], riga 10 (TOTALE)","TOTALE € 2.125.000.000,00","art. 1, comma 478, legge 29 dicembre 2022, n. 197",alta,,Totale art. 3: 50 mln in conto residui 2024 + 2.075.000.000 dal 2025 al 2032
2025 DD MIT 141-2025.pdf,minimax/minimax-m3,off,141,2025-04-18,Ministero delle Infrastrutture e dei Trasporti,,impegno,E51I04000010007,True,definitivo,,1,singolo,7416,1,2027,50000000.0,50000000.0,"€ 50.000.000,00",quota,impegno,impegnato,,art. 4,"È autorizzato l'impegno ... sul capitolo 7416 piano gestionale 1 ... € 50.000.000,00 per l'esercizio finanziario 2027","art. 1, comma 478, legge 29 dicembre 2022, n. 197",alta,,
2025 DD MIT 141-2025.pdf,minimax/minimax-m3,off,141,2025-04-18,Ministero delle Infrastrutture e dei Trasporti,,impegno,E51I04000010007,True,definitivo,,1,singolo,7416,1,2028,25000000.0,25000000.0,"€ 25.000.000,00",quota,impegno,impegnato,,art. 4,"€ 25.000.000,00 per l'esercizio finanziario 2028","art. 1, comma 478, legge 29 dicembre 2022, n. 197",alta,,
2025 DD MIT 141-2025.pdf,minimax/minimax-m3,off,141,2025-04-18,Ministero delle Infrastrutture e dei Trasporti,,impegno,E51I04000010007,True,definitivo,,1,singolo,7416,1,,75000000.0,75000000.0,"€ 75.000.000,00",totale,impegno,impegnato,,art. 4,"la somma complessiva di € 75.000.000,00","art. 1, comma 478, legge 29 dicembre 2022, n. 197",alta,,Totale art. 4 ripartito in 50 mln (2027) + 25 mln (2028)
2022 DD MIT 454-2022.pdf,moonshotai/kimi-k2.6,off,,,Ministero delle infrastrutture e dei trasporti,Ministero dell'economia e delle finanze,impegno,E51I04000010007,True,definitivo,,1,singolo,7426,1,2021,14000000.0,14000000.0,"€ 14.000.000,00",quota,assegnazione,impegnato,,art. 1,"è autorizzato... l'impegno di € 14.000.000,00 in conto residui di lettera F, esercizio di provenienza 2021","DM MIT-MEF 14 novembre 2014, n. 498",alta,,"impegno in conto residui di lettera F, esercizio di provenienza 2021; importo originariamente previsto per il 2016, poi reiscritto"
2022 DD MIT 454-2022.pdf,moonshotai/kimi-k2.6,off,,,Ministero delle infrastrutture e dei trasporti,Ministero dell'economia e delle finanze,impegno,E51I04000010007,True,definitivo,,1,singolo,7426,1,,131000000.0,131000000.0,"€ 131.000.000,00",totale,assegnazione,impegnato,,art. 2,"è autorizzato l'impegno... per l'importo complessivo di € 131.000.000,00","DM MIT-MEF 14 novembre 2014, n. 498",alta,,"importo complessivo delle risorse originariamente previste per 2017 e 2018, reiscritte dal 2021 al 2025; vedi quote annuali in tabella allegata"
2022 DD MIT 454-2022.pdf,moonshotai/kimi-k2.6,off,,,Ministero delle infrastrutture e dei trasporti,Ministero dell'economia e delle finanze,impegno,E51I04000010007,True,definitivo,,1,singolo,7426,1,2022,35000000.0,35000000.0,"35.000.000,00 €",quota,assegnazione,impegnato,Importo,"art. 2; [TABELLA pag.3 n.1], riga 1","2022 | 35.000.000,00 €","DM MIT-MEF 14 novembre 2014, n. 498",alta,,
2022 DD MIT 454-2022.pdf,moonshotai/kimi-k2.6,off,,,Ministero delle infrastrutture e dei trasporti,Ministero dell'economia e delle finanze,impegno,E51I04000010007,True,definitivo,,1,singolo,7426,1,2023,40000000.0,40000000.0,"40.000.000,00 €",quota,assegnazione,impegnato,Importo,"art. 2; [TABELLA pag.3 n.1], riga 2","2023 | 40.000.000,00 €","DM MIT-MEF 14 novembre 2014, n. 498",alta,,
2022 DD MIT 454-2022.pdf,moonshotai/kimi-k2.6,off,,,Ministero delle infrastrutture e dei trasporti,Ministero dell'economia e delle finanze,impegno,E51I04000010007,True,definitivo,,1,singolo,7426,1,2024,33500000.0,33500000.0,"33.500.000,00 €",quota,assegnazione,impegnato,Importo,"art. 2; [TABELLA pag.3 n.1], riga 3","2024 | 33.500.000,00 €","DM MIT-MEF 14 novembre 2014, n. 498",alta,,
2022 DD MIT 454-2022.pdf,moonshotai/kimi-k2.6,off,,,Ministero delle infrastrutture e dei trasporti,Ministero dell'economia e delle finanze,impegno,E51I04000010007,True,definitivo,,1,singolo,7426,1,2025,22500000.0,22500000.0,"22.500.000,00 €",quota,assegnazione,impegnato,Importo,"art. 2; [TABELLA pag.3 n.1], riga 4","2025 | 22.500.000,00 €","DM MIT-MEF 14 novembre 2014, n. 498",alta,,
2022 DDG 128 del 02-05-22.pdf,moonshotai/kimi-k2.6,off,,,Ministero delle infrastrutture e della mobilità sostenibili,,impegno,H94I19000130004,True,definitivo,,1,singolo,7400,7,2020,153197.9,153197.9,"153.197,90",quota,assegnazione,impegnato,2020,"art. 1; Allegato / [TABELLA pag.4 n.1], riga 2","Comune di Padova | H94I19000130004 | 7400/PG 7 | 153.197,90 | ...",DM MIT n. 464 del 22 novembre 2021,alta,,"Impegno in conto residui di stanziamento, esercizio 2020"
2022 DDG 128 del 02-05-22.pdf,moonshotai/kimi-k2.6,off,,,Ministero delle infrastrutture e della mobilità sostenibili,,impegno,H94I19000130004,True,definitivo,,1,singolo,7400,7,2021,306395.8,306395.8,"306.395,80",quota,assegnazione,impegnato,2021,"art. 1; Allegato / [TABELLA pag.4 n.1], riga 2","Comune di Padova | H94I19000130004 | 7400/PG 7 | ... | 306.395,80 | ...",DM MIT n. 464 del 22 novembre 2021,alta,,"Impegno in conto residui di stanziamento, esercizio 2021"
2022 DDG 128 del 02-05-22.pdf,moonshotai/kimi-k2.6,off,,,Ministero delle infrastrutture e della mobilità sostenibili,,impegno,H94I19000130004,True,definitivo,,1,singolo,7400,7,2022,612791.59,612791.59,"612.791,59",quota,assegnazione,impegnato,2022,"art. 2; Allegato / [TABELLA pag.4 n.1], riga 2","Comune di Padova | H94I19000130004 | 7400/PG 7 | ... | 612.791,59 | ...",DM MIT n. 464 del 22 novembre 2021,alta,,"Impegno in conto competenza, annualità 2022-2034"
2022 DDG 128 del 02-05-22.pdf,moonshotai/kimi-k2.6,off,,,Ministero delle infrastrutture e della mobilità sostenibili,,impegno,H94I19000130004,True,definitivo,,1,singolo,7400,7,2023,1302182.14,1302182.14,"1.302.182,14",quota,assegnazione,impegnato,2023,"art. 2; Allegato / [TABELLA pag.4 n.1], riga 2","Comune di Padova | H94I19000130004 | 7400/PG 7 | ... | 1.302.182,14 | ...",DM MIT n. 464 del 22 novembre 2021,alta,,
2022 DDG 128 del 02-05-22.pdf,moonshotai/kimi-k2.6,off,,,Ministero delle infrastrutture e della mobilità sostenibili,,impegno,H94I19000130004,True,definitivo,,1,singolo,7400,7,2024,1685176.88,1685176.88,"1.685.176,88",quota,assegnazione,impegnato,2024,"art. 2; Allegato / [TABELLA pag.4 n.1], riga 2","Comune di Padova | H94I19000130004 | 7400/PG 7 | ... | 1.685.176,88 | ...",DM MIT n. 464 del 22 novembre 2021,alta,,
2022 DDG 128 del 02-05-22.pdf,moonshotai/kimi-k2.6,off,,,Ministero delle infrastrutture e della mobilità sostenibili,,impegno,H94I19000130004,True,definitivo,,1,singolo,7400,7,2025,6970504.38,6970504.38,"6.970.504,38",quota,assegnazione,impegnato,2025,"art. 2; Allegato / [TABELLA pag.4 n.1], riga 2","Comune di Padova | H94I19000130004 | 7400/PG 7 | ... | 6.970.504,38 | ...",DM MIT n. 464 del 22 novembre 2021,alta,,
2022 DDG 128 del 02-05-22.pdf,moonshotai/kimi-k2.6,off,,,Ministero delle infrastrutture e della mobilità sostenibili,,impegno,H94I19000130004,True,definitivo,,1,singolo,7400,7,2026,8732280.22,8732280.22,"8.732.280,22",quota,assegnazione,impegnato,2026,"art. 2; Allegato / [TABELLA pag.4 n.1], riga 2","Comune di Padova | H94I19000130004 | 7400/PG 7 | ... | 8.732.280,22 | ...",DM MIT n. 464 del 22 novembre 2021,alta,,
2022 DDG 128 del 02-05-22.pdf,moonshotai/kimi-k2.6,off,,,Ministero delle infrastrutture e della mobilità sostenibili,,impegno,H94I19000130004,True,definitivo,,1,singolo,7400,7,2027,10597311.43,10597311.43,"10.597.311,43",quota,assegnazione,impegnato,2027,"art. 2; Allegato / [TABELLA pag.4 n.1], riga 2","Comune di Padova | H94I19000130004 | 7400/PG 7 | ... | 10.597.311,43 | ...",DM MIT n. 464 del 22 novembre 2021,alta,,
2022 DDG 128 del 02-05-22.pdf,moonshotai/kimi-k2.6,off,,,Ministero delle infrastrutture e della mobilità sostenibili,,impegno,H94I19000130004,True,definitivo,,1,singolo,7400,7,2028,11030248.69,11030248.69,"11.030.248,69",quota,assegnazione,impegnato,2028,"art. 2; Allegato / [TABELLA pag.4 n.1], riga 2","Comune di Padova | H94I19000130004 | 7400/PG 7 | ... | 11.030.248,69 | ...",DM MIT n. 464 del 22 novembre 2021,alta,,
2022 DDG 128 del 02-05-22.pdf,moonshotai/kimi-k2.6,off,,,Ministero delle infrastrutture e della mobilità sostenibili,,impegno,H94I19000130004,True,definitivo,,1,singolo,7400,7,2029,12255831.88,12255831.88,"12.255.831,88",quota,assegnazione,impegnato,2029,"art. 2; Allegato / [TABELLA pag.4 n.1], riga 2","Comune di Padova | H94I19000130004 | 7400/PG 7 | ... | 12.255.831,88 | ...",DM MIT n. 464 del 22 novembre 2021,alta,,
2022 DDG 128 del 02-05-22.pdf,moonshotai/kimi-k2.6,off,,,Ministero delle infrastrutture e della mobilità sostenibili,,impegno,H94I19000130004,True,definitivo,,1,singolo,7400,7,2030,12255831.88,12255831.88,"12.255.831,88",quota,assegnazione,impegnato,2030,"art. 2; Allegato / [TABELLA pag.4 n.1], riga 2","Comune di Padova | H94I19000130004 | 7400/PG 7 | ... | 12.255.831,88 | ...",DM MIT n. 464 del 22 novembre 2021,alta,,
2022 DDG 128 del 02-05-22.pdf,moonshotai/kimi-k2.6,off,,,Ministero delle infrastrutture e della mobilità sostenibili,,impegno,H94I19000130004,True,definitivo,,1,singolo,7400,7,2031,7659894.93,7659894.93,"7.659.894,93",quota,assegnazione,impegnato,2031,"art. 2; Allegato / [TABELLA pag.4 n.1], riga 2","Comune di Padova | H94I19000130004 | 7400/PG 7 | ... | 7.659.894,93 | ...",DM MIT n. 464 del 22 novembre 2021,alta,,
2022 DDG 128 del 02-05-22.pdf,moonshotai/kimi-k2.6,off,,,Ministero delle infrastrutture e della mobilità sostenibili,,impegno,H94I19000130004,True,definitivo,,1,singolo,7400,7,2032,7506697.03,7506697.03,"7.506.697,03",quota,assegnazione,impegnato,2032,"art. 2; Allegato / [TABELLA pag.4 n.1], riga 2","Comune di Padova | H94I19000130004 | 7400/PG 7 | ... | 7.506.697,03 | ...",DM MIT n. 464 del 22 novembre 2021,alta,,
2022 DDG 128 del 02-05-22.pdf,moonshotai/kimi-k2.6,off,,,Ministero delle infrastrutture e della mobilità sostenibili,,impegno,H94I19000130004,True,definitivo,,1,singolo,7400,7,2033,7659894.93,7659894.93,"7.659.894,93",quota,assegnazione,impegnato,2033,"art. 2; Allegato / [TABELLA pag.4 n.1], riga 2","Comune di Padova | H94I19000130004 | 7400/PG 7 | ... | 7.659.894,93 | ...",DM MIT n. 464 del 22 novembre 2021,alta,,
2022 DDG 128 del 02-05-22.pdf,moonshotai/kimi-k2.6,off,,,Ministero delle infrastrutture e della mobilità sostenibili,,impegno,H94I19000130004,True,definitivo,,1,singolo,7400,7,2034,8425884.42,8425884.42,"8.425.884,42",quota,assegnazione,impegnato,2034,"art. 2; Allegato / [TABELLA pag.4 n.1], riga 2","Comune di Padova | H94I19000130004 | 7400/PG 7 | ... | 8.425.884,42 | 97.154.124,10",DM MIT n. 464 del 22 novembre 2021,alta,,
2022 DDG 128 del 02-05-22.pdf,moonshotai/kimi-k2.6,off,,,Ministero delle infrastrutture e della mobilità sostenibili,,impegno,H94I19000130004,True,definitivo,,1,singolo,7400,7,,97154124.1,97154124.1,"97.154.124,10",totale,assegnazione,impegnato,Totale,"art. 2; Allegato / [TABELLA pag.4 n.1], riga 2","Comune di Padova | H94I19000130004 | 7400/PG 7 | ... | 97.154.124,10",DM MIT n. 464 del 22 novembre 2021,alta,,Totale complessivo per il CUP
2022 DDG 128 del 02-05-22.pdf,moonshotai/kimi-k2.6,off,,,Ministero delle infrastrutture e della mobilità sostenibili,,impegno,J80J18000000001,True,definitivo,,1,singolo,7400,7,2020,251454.92,251454.92,"251.454,92",quota,assegnazione,impegnato,2020,"art. 1; Allegato / [TABELLA pag.4 n.1], riga 3","Roma Capitale | J80J18000000001 | 7400/PG 7 | 251.454,92 | ...",DM MIT n. 464 del 22 novembre 2021,alta,,"Impegno in conto residui di stanziamento, esercizio 2020"
2022 DDG 128 del 02-05-22.pdf,moonshotai/kimi-k2.6,off,,,Ministero delle infrastrutture e della mobilità sostenibili,,impegno,J80J18000000001,True,definitivo,,1,singolo,7400,7,2021,502909.85,502909.85,"502.909,85",quota,assegnazione,impegnato,2021,"art. 1; Allegato / [TABELLA pag.4 n.1], riga 3","Roma Capitale | J80J18000000001 | 7400/PG 7 | ... | 502.909,85 | ...",DM MIT n. 464 del 22 novembre 2021,alta,,"Impegno in conto residui di stanziamento, esercizio 2021"
2022 DDG 128 del 02-05-22.pdf,moonshotai/kimi-k2.6,off,,,Ministero delle infrastrutture e della mobilità sostenibili,,impegno,J80J18000000001,True,definitivo,,1,singolo,7400,7,2022,1005819.69,1005819.69,"1.005.819,69",quota,assegnazione,impegnato,2022,"art. 2; Allegato / [TABELLA pag.4 n.1], riga 3","Roma Capitale | J80J18000000001 | 7400/PG 7 | ... | 1.005.819,69 | ...",DM MIT n. 464 del 22 novembre 2021,alta,,"Impegno in conto competenza, annualità 2022-2034"
2022 DDG 128 del 02-05-22.pdf,moonshotai/kimi-k2.6,off,,,Ministero delle infrastrutture e della mobilità sostenibili,,impegno,J80J18000000001,True,definitivo,,1,singolo,7400,7,2023,2137366.84,2137366.84,"2.137.366,84",quota,assegnazione,impegnato,2023,"art. 2; Allegato / [TABELLA pag.4 n.1], riga 3","Roma Capitale | J80J18000000001 | 7400/PG 7 | ... | 2.137.366,84 | ...",DM MIT n. 464 del 22 novembre 2021,alta,,
2022 DDG 128 del 02-05-22.pdf,moonshotai/kimi-k2.6,off,,,Ministero delle infrastrutture e della mobilità sostenibili,,impegno,J80J18000000001,True,definitivo,,1,singolo,7400,7,2024,2766004.15,2766004.15,"2.766.004,15",quota,assegnazione,impegnato,2024,"art. 2; Allegato / [TABELLA pag.4 n.1], riga 3","Roma Capitale | J80J18000000001 | 7400/PG 7 | ... | 2.766.004,15 | ...",DM MIT n. 464 del 22 novembre 2021,alta,,
2022 DDG 128 del 02-05-22.pdf,moonshotai/kimi-k2.6,off,,,Ministero delle infrastrutture e della mobilità sostenibili,,impegno,J80J18000000001,True,definitivo,,1,singolo,7400,7,2025,11441198.98,11441198.98,"11.441.198,98",quota,assegnazione,impegnato,2025,"art. 2; Allegato / [TABELLA pag.4 n.1], riga 3","Roma Capitale | J80J18000000001 | 7400/PG 7 | ... | 11.441.198,98 | ...",DM MIT n. 464 del 22 novembre 2021,alta,,
2022 DDG 128 del 02-05-22.pdf,moonshotai/kimi-k2.6,off,,,Ministero delle infrastrutture e della mobilità sostenibili,,impegno,J80J18000000001,True,definitivo,,1,singolo,7400,7,2026,14332930.59,14332930.59,"14.332.930,59",quota,assegnazione,impegnato,2026,"art. 2; Allegato / [TABELLA pag.4 n.1], riga 3","Roma Capitale | J80J18000000001 | 7400/PG 7 | ... | 14.332.930,59 | ...",DM MIT n. 464 del 22 novembre 2021,alta,,
2022 DDG 128 del 02-05-22.pdf,moonshotai/kimi-k2.6,off,,,Ministero delle infrastrutture e della mobilità sostenibili,,impegno,J80J18000000001,True,definitivo,,1,singolo,7400,7,2027,17394142.82,17394142.82,"17.394.142,82",quota,assegnazione,impegnato,2027,"art. 2; Allegato / [TABELLA pag.4 n.1], riga 3","Roma Capitale | J80J18000000001 | 7400/PG 7 | ... | 17.394.142,82 | ...",DM MIT n. 464 del 22 novembre 2021,alta,,
2022 DDG 128 del 02-05-22.pdf,moonshotai/kimi-k2.6,off,,,Ministero delle infrastrutture e della mobilità sostenibili,,impegno,J80J18000000001,True,definitivo,,1,singolo,7400,7,2028,18104754.43,18104754.43,"18.104.754,43",quota,assegnazione,impegnato,2028,"art. 2; Allegato / [TABELLA pag.4 n.1], riga 3","Roma Capitale | J80J18000000001 | 7400/PG 7 | ... | 18.104.754,43 | ...",DM MIT n. 464 del 22 novembre 2021,alta,,
2022 DDG 128 del 02-05-22.pdf,moonshotai/kimi-k2.6,off,,,Ministero delle infrastrutture e della mobilità sostenibili,,impegno,J80J18000000001,True,definitivo,,1,singolo,7400,7,2029,20116393.81,20116393.81,"20.116.393,81",quota,assegnazione,impegnato,2029,"art. 2; Allegato / [TABELLA pag.4 n.1], riga 3","Roma Capitale | J80J18000000001 | 7400/PG 7 | ... | 20.116.393,81 | ...",DM MIT n. 464 del 22 novembre 2021,alta,,
2022 DDG 128 del 02-05-22.pdf,moonshotai/kimi-k2.6,off,,,Ministero delle infrastrutture e della mobilità sostenibili,,impegno,J80J18000000001,True,definitivo,,1,singolo,7400,7,2030,20116393.81,20116393.81,"20.116.393,81",quota,assegnazione,impegnato,2030,"art. 2; Allegato / [TABELLA pag.4 n.1], riga 3","Roma Capitale | J80J18000000001 | 7400/PG 7 | ... | 20.116.393,81 | ...",DM MIT n. 464 del 22 novembre 2021,alta,,
2022 DDG 128 del 02-05-22.pdf,moonshotai/kimi-k2.6,off,,,Ministero delle infrastrutture e della mobilità sostenibili,,impegno,J80J18000000001,True,definitivo,,1,singolo,7400,7,2031,12572746.13,12572746.13,"12.572.746,13",quota,assegnazione,impegnato,2031,"art. 2; Allegato / [TABELLA pag.4 n.1], riga 3","Roma Capitale | J80J18000000001 | 7400/PG 7 | ... | 12.572.746,13 | ...",DM MIT n. 464 del 22 novembre 2021,alta,,
2022 DDG 128 del 02-05-22.pdf,moonshotai/kimi-k2.6,off,,,Ministero delle infrastrutture e della mobilità sostenibili,,impegno,J80J18000000001,True,definitivo,,1,singolo,7400,7,2032,12321291.21,12321291.21,"12.321.291,21",quota,assegnazione,impegnato,2032,"art. 2; Allegato / [TABELLA pag.4 n.1], riga 3","Roma Capitale | J80J18000000001 | 7400/PG 7 | ... | 12.321.291,21 | ...",DM MIT n. 464 del 22 novembre 2021,alta,,
2022 DDG 128 del 02-05-22.pdf,moonshotai/kimi-k2.6,off,,,Ministero delle infrastrutture e della mobilità sostenibili,,impegno,J80J18000000001,True,definitivo,,1,singolo,7400,7,2033,12572746.13,12572746.13,"12.572.746,13",quota,assegnazione,impegnato,2033,"art. 2; Allegato / [TABELLA pag.4 n.1], riga 3","Roma Capitale | J80J18000000001 | 7400/PG 7 | ... | 12.572.746,13 | ...",DM MIT n. 464 del 22 novembre 2021,alta,,
2022 DDG 128 del 02-05-22.pdf,moonshotai/kimi-k2.6,off,,,Ministero delle infrastrutture e della mobilità sostenibili,,impegno,J80J18000000001,True,definitivo,,1,singolo,7400,7,2034,13830020.76,13830020.76,"13.830.020,76",quota,assegnazione,impegnato,2034,"art. 2; Allegato / [TABELLA pag.4 n.1], riga 3","Roma Capitale | J80J18000000001 | 7400/PG 7 | ... | 13.830.020,76 | 159.466.174,12",DM MIT n. 464 del 22 novembre 2021,alta,,
2022 DDG 128 del 02-05-22.pdf,moonshotai/kimi-k2.6,off,,,Ministero delle infrastrutture e della mobilità sostenibili,,impegno,J80J18000000001,True,definitivo,,1,singolo,7400,7,,159466174.12,159466174.12,"159.466.174,12",totale,assegnazione,impegnato,Totale,"art. 2; Allegato / [TABELLA pag.4 n.1], riga 3","Roma Capitale | J80J18000000001 | 7400/PG 7 | ... | 159.466.174,12",DM MIT n. 464 del 22 novembre 2021,alta,,Totale complessivo per il CUP
2022 DDG 128 del 02-05-22.pdf,moonshotai/kimi-k2.6,off,,,Ministero delle infrastrutture e della mobilità sostenibili,,impegno,C11B21008720001,True,definitivo,,2,aggregato,7400,7,2020,70161.34,35080.67,"70.161,34",quota,assegnazione,impegnato,2020,"art. 1; Allegato / [TABELLA pag.4 n.1], riga 4","Comune di Torino | C11B21008720001 D81E20000410007 | 7400/PG 7 | 70.161,34 | ...",DM MIT n. 464 del 22 novembre 2021,alta,,"Impegno in conto residui di stanziamento, esercizio 2020; importo aggregato per due CUP, l'atto non ripartisce"
2022 DDG 128 del 02-05-22.pdf,moonshotai/kimi-k2.6,off,,,Ministero delle infrastrutture e della mobilità sostenibili,,impegno,D81E20000410007,True,definitivo,,2,aggregato,7400,7,2020,70161.34,35080.67,"70.161,34",quota,assegnazione,impegnato,2020,"art. 1; Allegato / [TABELLA pag.4 n.1], riga 4","Comune di Torino | C11B21008720001 D81E20000410007 | 7400/PG 7 | 70.161,34 | ...",DM MIT n. 464 del 22 novembre 2021,alta,,"Impegno in conto residui di stanziamento, esercizio 2020; importo aggregato per due CUP, l'atto non ripartisce"
2022 DDG 128 del 02-05-22.pdf,moonshotai/kimi-k2.6,off,,,Ministero delle infrastrutture e della mobilità sostenibili,,impegno,C11B21008720001,True,definitivo,,2,aggregato,7400,7,2021,140322.66,70161.33,"140.322,66",quota,assegnazione,impegnato,2021,"art. 1; Allegato / [TABELLA pag.4 n.1], riga 4","Comune di Torino | C11B21008720001 D81E20000410007 | 7400/PG 7 | ... | 140.322,66 | ...",DM MIT n. 464 del 22 novembre 2021,alta,,"Impegno in conto residui di stanziamento, esercizio 2021; importo aggregato per due CUP, l'atto non ripartisce"
2022 DDG 128 del 02-05-22.pdf,moonshotai/kimi-k2.6,off,,,Ministero delle infrastrutture e della mobilità sostenibili,,impegno,D81E20000410007,True,definitivo,,2,aggregato,7400,7,2021,140322.66,70161.33,"140.322,66",quota,assegnazione,impegnato,2021,"art. 1; Allegato / [TABELLA pag.4 n.1], riga 4","Comune di Torino | C11B21008720001 D81E20000410007 | 7400/PG 7 | ... | 140.322,66 | ...",DM MIT n. 464 del 22 novembre 2021,alta,,"Impegno in conto residui di stanziamento, esercizio 2021; importo aggregato per due CUP, l'atto non ripartisce"
2022 DDG 128 del 02-05-22.pdf,moonshotai/kimi-k2.6,off,,,Ministero delle infrastrutture e della mobilità sostenibili,,impegno,C11B21008720001,True,definitivo,,2,aggregato,7400,7,2022,280645.33,140322.665,"280.645,33",quota,assegnazione,impegnato,2022,"art. 2; Allegato / [TABELLA pag.4 n.1], riga 4","Comune di Torino | C11B21008720001 D81E20000410007 | 7400/PG 7 | ... | 280.645,33 | ...",DM MIT n. 464 del 22 novembre 2021,alta,,"Impegno in conto competenza, annualità 2022-2034; importo aggregato per due CUP, l'atto non ripartisce"
2022 DDG 128 del 02-05-22.pdf,moonshotai/kimi-k2.6,off,,,Ministero delle infrastrutture e della mobilità sostenibili,,impegno,D81E20000410007,True,definitivo,,2,aggregato,7400,7,2022,280645.33,140322.665,"280.645,33",quota,assegnazione,impegnato,2022,"art. 2; Allegato / [TABELLA pag.4 n.1], riga 4","Comune di Torino | C11B21008720001 D81E20000410007 | 7400/PG 7 | ... | 280.645,33 | ...",DM MIT n. 464 del 22 novembre 2021,alta,,"Impegno in conto competenza, annualità 2022-2034; importo aggregato per due CUP, l'atto non ripartisce"
2022 DDG 128 del 02-05-22.pdf,moonshotai/kimi-k2.6,off,,,Ministero delle infrastrutture e della mobilità sostenibili,,impegno,C11B21008720001,True,definitivo,,2,aggregato,7400,7,2023,596371.33,298185.665,"596.371,33",quota,assegnazione,impegnato,2023,"art. 2; Allegato / [TABELLA pag.4 n.1], riga 4","Comune di Torino | C11B21008720001 D81E20000410007 | 7400/PG 7 | ... | 596.371,33 | ...",DM MIT n. 464 del 22 novembre 2021,alta,,"Importo aggregato per due CUP, l'atto non ripartisce"
2022 DDG 128 del 02-05-22.pdf,moonshotai/kimi-k2.6,off,,,Ministero delle infrastrutture e della mobilità sostenibili,,impegno,D81E20000410007,True,definitivo,,2,aggregato,7400,7,2023,596371.33,298185.665,"596.371,33",quota,assegnazione,impegnato,2023,"art. 2; Allegato / [TABELLA pag.4 n.1], riga 4","Comune di Torino | C11B21008720001 D81E20000410007 | 7400/PG 7 | ... | 596.371,33 | ...",DM MIT n. 464 del 22 novembre 2021,alta,,"Importo aggregato per due CUP, l'atto non ripartisce"
2022 DDG 128 del 02-05-22.pdf,moonshotai/kimi-k2.6,off,,,Ministero delle infrastrutture e della mobilità sostenibili,,impegno,C11B21008720001,True,definitivo,,2,aggregato,7400,7,2024,771774.66,385887.33,"771.774,66",quota,assegnazione,impegnato,2024,"art. 2; Allegato / [TABELLA pag.4 n.1], riga 4","Comune di Torino | C11B21008720001 D81E20000410007 | 7400/PG 7 | ... | 771.774,66 | ...",DM MIT n. 464 del 22 novembre 2021,alta,,"Importo aggregato per due CUP, l'atto non ripartisce"
2022 DDG 128 del 02-05-22.pdf,moonshotai/kimi-k2.6,off,,,Ministero delle infrastrutture e della mobilità sostenibili,,impegno,D81E20000410007,True,definitivo,,2,aggregato,7400,7,2024,771774.66,385887.33,"771.774,66",quota,assegnazione,impegnato,2024,"art. 2; Allegato / [TABELLA pag.4 n.1], riga 4","Comune di Torino | C11B21008720001 D81E20000410007 | 7400/PG 7 | ... | 771.774,66 | ...",DM MIT n. 464 del 22 novembre 2021,alta,,"Importo aggregato per due CUP, l'atto non ripartisce"
2022 DDG 128 del 02-05-22.pdf,moonshotai/kimi-k2.6,off,,,Ministero delle infrastrutture e della mobilità sostenibili,,impegno,C11B21008720001,True,definitivo,,2,aggregato,7400,7,2025,3192340.64,1596170.32,"3.192.340,64",quota,assegnazione,impegnato,2025,"art. 2; Allegato / [TABELLA pag.4 n.1], riga 4","Comune di Torino | C11B21008720001 D81E20000410007 | 7400/PG 7 | ... | 3.192.340,64 | ...",DM MIT n. 464 del 22 novembre 2021,alta,,"Importo aggregato per due CUP, l'atto non ripartisce"
2022 DDG 128 del 02-05-22.pdf,moonshotai/kimi-k2.6,off,,,Ministero delle infrastrutture e della mobilità sostenibili,,impegno,D81E20000410007,True,definitivo,,2,aggregato,7400,7,2025,3192340.64,1596170.32,"3.192.340,64",quota,assegnazione,impegnato,2025,"art. 2; Allegato / [TABELLA pag.4 n.1], riga 4","Comune di Torino | C11B21008720001 D81E20000410007 | 7400/PG 7 | ... | 3.192.340,64 | ...",DM MIT n. 464 del 22 novembre 2021,alta,,"Importo aggregato per due CUP, l'atto non ripartisce"
2022 DDG 128 del 02-05-22.pdf,moonshotai/kimi-k2.6,off,,,Ministero delle infrastrutture e della mobilità sostenibili,,impegno,C11B21008720001,True,definitivo,,2,aggregato,7400,7,2026,3999195.96,1999597.98,"3.999.195,96",quota,assegnazione,impegnato,2026,"art. 2; Allegato / [TABELLA pag.4 n.1], riga 4","Comune di Torino | C11B21008720001 D81E20000410007 | 7400/PG 7 | ... | 3.999.195,96 | ...",DM MIT n. 464 del 22 novembre 2021,alta,,"Importo aggregato per due CUP, l'atto non ripartisce"
2022 DDG 128 del 02-05-22.pdf,moonshotai/kimi-k2.6,off,,,Ministero delle infrastrutture e della mobilità sostenibili,,impegno,D81E20000410007,True,definitivo,,2,aggregato,7400,7,2026,3999195.96,1999597.98,"3.999.195,96",quota,assegnazione,impegnato,2026,"art. 2; Allegato / [TABELLA pag.4 n.1], riga 4","Comune di Torino | C11B21008720001 D81E20000410007 | 7400/PG 7 | ... | 3.999.195,96 | ...",DM MIT n. 464 del 22 novembre 2021,alta,,"Importo aggregato per due CUP, l'atto non ripartisce"
2022 DDG 128 del 02-05-22.pdf,moonshotai/kimi-k2.6,off,,,Ministero delle infrastrutture e della mobilità sostenibili,,impegno,C11B21008720001,True,definitivo,,2,aggregato,7400,7,2027,4853340.04,2426670.02,"4.853.340,04",quota,assegnazione,impegnato,2027,"art. 2; Allegato / [TABELLA pag.4 n.1], riga 4","Comune di Torino | C11B21008720001 D81E20000410007 | 7400/PG 7 | ... | 4.853.340,04 | ...",DM MIT n. 464 del 22 novembre 2021,alta,,"Importo aggregato per due CUP, l'atto non ripartisce"
2022 DDG 128 del 02-05-22.pdf,moonshotai/kimi-k2.6,off,,,Ministero delle infrastrutture e della mobilità sostenibili,,impegno,D81E20000410007,True,definitivo,,2,aggregato,7400,7,2027,4853340.04,2426670.02,"4.853.340,04",quota,assegnazione,impegnato,2027,"art. 2; Allegato / [TABELLA pag.4 n.1], riga 4","Comune di Torino | C11B21008720001 D81E20000410007 | 7400/PG 7 | ... | 4.853.340,04 | ...",DM MIT n. 464 del 22 novembre 2021,alta,,"Importo aggregato per due CUP, l'atto non ripartisce"
2022 DDG 128 del 02-05-22.pdf,moonshotai/kimi-k2.6,off,,,Ministero delle infrastrutture e della mobilità sostenibili,,impegno,C11B21008720001,True,definitivo,,2,aggregato,7400,7,2028,5051615.96,2525807.98,"5.051.615,96",quota,assegnazione,impegnato,2028,"art. 2; Allegato / [TABELLA pag.4 n.1], riga 4","Comune di Torino | C11B21008720001 D81E20000410007 | 7400/PG 7 | ... | 5.051.615,96 | ...",DM MIT n. 464 del 22 novembre 2021,alta,,"Importo aggregato per due CUP, l'atto non ripartisce"
2022 DDG 128 del 02-05-22.pdf,moonshotai/kimi-k2.6,off,,,Ministero delle infrastrutture e della mobilità sostenibili,,impegno,D81E20000410007,True,definitivo,,2,aggregato,7400,7,2028,5051615.96,2525807.98,"5.051.615,96",quota,assegnazione,impegnato,2028,"art. 2; Allegato / [TABELLA pag.4 n.1], riga 4","Comune di Torino | C11B21008720001 D81E20000410007 | 7400/PG 7 | ... | 5.051.615,96 | ...",DM MIT n. 464 del 22 novembre 2021,alta,,"Importo aggregato per due CUP, l'atto non ripartisce"
2022 DDG 128 del 02-05-22.pdf,moonshotai/kimi-k2.6,off,,,Ministero delle infrastrutture e della mobilità sostenibili,,impegno,C11B21008720001,True,definitivo,,2,aggregato,7400,7,2029,5612906.63,2806453.315,"5.612.906,63",quota,assegnazione,impegnato,2029,"art. 2; Allegato / [TABELLA pag.4 n.1], riga 4","Comune di Torino | C11B21008720001 D81E20000410007 | 7400/PG 7 | ... | 5.612.906,63 | ...",DM MIT n. 464 del 22 novembre 2021,alta,,"Importo aggregato per due CUP, l'atto non ripartisce"
2022 DDG 128 del 02-05-22.pdf,moonshotai/kimi-k2.6,off,,,Ministero delle infrastrutture e della mobilità sostenibili,,impegno,D81E20000410007,True,definitivo,,2,aggregato,7400,7,2029,5612906.63,2806453.315,"5.612.906,63",quota,assegnazione,impegnato,2029,"art. 2; Allegato / [TABELLA pag.4 n.1], riga 4","Comune di Torino | C11B21008720001 D81E20000410007 | 7400/PG 7 | ... | 5.612.906,63 | ...",DM MIT n. 464 del 22 novembre 2021,alta,,"Importo aggregato per due CUP, l'atto non ripartisce"
2022 DDG 128 del 02-05-22.pdf,moonshotai/kimi-k2.6,off,,,Ministero delle infrastrutture e della mobilità sostenibili,,impegno,C11B21008720001,True,definitivo,,2,aggregato,7400,7,2030,5612906.63,2806453.315,"5.612.906,63",quota,assegnazione,impegnato,2030,"art. 2; Allegato / [TABELLA pag.4 n.1], riga 4","Comune di Torino | C11B21008720001 D81E20000410007 | 7400/PG 7 | ... | 5.612.906,63 | ...",DM MIT n. 464 del 22 novembre 2021,alta,,"Importo aggregato per due CUP, l'atto non ripartisce"
2022 DDG 128 del 02-05-22.pdf,moonshotai/kimi-k2.6,off,,,Ministero delle infrastrutture e della mobilità sostenibili,,impegno,D81E20000410007,True,definitivo,,2,aggregato,7400,7,2030,5612906.63,2806453.315,"5.612.906,63",quota,assegnazione,impegnato,2030,"art. 2; Allegato / [TABELLA pag.4 n.1], riga 4","Comune di Torino | C11B21008720001 D81E20000410007 | 7400/PG 7 | ... | 5.612.906,63 | ...",DM MIT n. 464 del 22 novembre 2021,alta,,"Importo aggregato per due CUP, l'atto non ripartisce"
2022 DDG 128 del 02-05-22.pdf,moonshotai/kimi-k2.6,off,,,Ministero delle infrastrutture e della mobilità sostenibili,,impegno,C11B21008720001,True,definitivo,,2,aggregato,7400,7,2031,3508066.64,1754033.32,"3.508.066,64",quota,assegnazione,impegnato,2031,"art. 2; Allegato / [TABELLA pag.4 n.1], riga 4","Comune di Torino | C11B21008720001 D81E20000410007 | 7400/PG 7 | ... | 3.508.066,64 | ...",DM MIT n. 464 del 22 novembre 2021,alta,,"Importo aggregato per due CUP, l'atto non ripartisce"
2022 DDG 128 del 02-05-22.pdf,moonshotai/kimi-k2.6,off,,,Ministero delle infrastrutture e della mobilità sostenibili,,impegno,D81E20000410007,True,definitivo,,2,aggregato,7400,7,2031,3508066.64,1754033.32,"3.508.066,64",quota,assegnazione,impegnato,2031,"art. 2; Allegato / [TABELLA pag.4 n.1], riga 4","Comune di Torino | C11B21008720001 D81E20000410007 | 7400/PG 7 | ... | 3.508.066,64 | ...",DM MIT n. 464 del 22 novembre 2021,alta,,"Importo aggregato per due CUP, l'atto non ripartisce"
2022 DDG 128 del 02-05-22.pdf,moonshotai/kimi-k2.6,off,,,Ministero delle infrastrutture e della mobilità sostenibili,,impegno,C11B21008720001,True,definitivo,,2,aggregato,7400,7,2032,3437905.3,1718952.65,"3.437.905,30",quota,assegnazione,impegnato,2032,"art. 2; Allegato / [TABELLA pag.4 n.1], riga 4","Comune di Torino | C11B21008720001 D81E20000410007 | 7400/PG 7 | ... | 3.437.905,30 | ...",DM MIT n. 464 del 22 novembre 2021,alta,,"Importo aggregato per due CUP, l'atto non ripartisce"
2022 DDG 128 del 02-05-22.pdf,moonshotai/kimi-k2.6,off,,,Ministero delle infrastrutture e della mobilità sostenibili,,impegno,D81E20000410007,True,definitivo,,2,aggregato,7400,7,2032,3437905.3,1718952.65,"3.437.905,30",quota,assegnazione,impegnato,2032,"art. 2; Allegato / [TABELLA pag.4 n.1], riga 4","Comune di Torino | C11B21008720001 D81E20000410007 | 7400/PG 7 | ... | 3.437.905,30 | ...",DM MIT n. 464 del 22 novembre 2021,alta,,"Importo aggregato per due CUP, l'atto non ripartisce"
2022 DDG 128 del 02-05-22.pdf,moonshotai/kimi-k2.6,off,,,Ministero delle infrastrutture e della mobilità sostenibili,,impegno,C11B21008720001,True,definitivo,,2,aggregato,7400,7,2033,3508066.64,1754033.32,"3.508.066,64",quota,assegnazione,impegnato,2033,"art. 2; Allegato / [TABELLA pag.4 n.1], riga 4","Comune di Torino | C11B21008720001 D81E20000410007 | 7400/PG 7 | ... | 3.508.066,64 | ...",DM MIT n. 464 del 22 novembre 2021,alta,,"Importo aggregato per due CUP, l'atto non ripartisce"
2022 DDG 128 del 02-05-22.pdf,moonshotai/kimi-k2.6,off,,,Ministero delle infrastrutture e della mobilità sostenibili,,impegno,D81E20000410007,True,definitivo,,2,aggregato,7400,7,2033,3508066.64,1754033.32,"3.508.066,64",quota,assegnazione,impegnato,2033,"art. 2; Allegato / [TABELLA pag.4 n.1], riga 4","Comune di Torino | C11B21008720001 D81E20000410007 | 7400/PG 7 | ... | 3.508.066,64 | ...",DM MIT n. 464 del 22 novembre 2021,alta,,"Importo aggregato per due CUP, l'atto non ripartisce"
2022 DDG 128 del 02-05-22.pdf,moonshotai/kimi-k2.6,off,,,Ministero delle infrastrutture e della mobilità sostenibili,,impegno,C11B21008720001,True,definitivo,,2,aggregato,7400,7,2034,3858873.28,1929436.64,"3.858.873,28",quota,assegnazione,impegnato,2034,"art. 2; Allegato / [TABELLA pag.4 n.1], riga 4","Comune di Torino | C11B21008720001 D81E20000410007 | 7400/PG 7 | ... | 3.858.873,28 | 44.494.493,04",DM MIT n. 464 del 22 novembre 2021,alta,,"Importo aggregato per due CUP, l'atto non ripartisce"
2022 DDG 128 del 02-05-22.pdf,moonshotai/kimi-k2.6,off,,,Ministero delle infrastrutture e della mobilità sostenibili,,impegno,D81E20000410007,True,definitivo,,2,aggregato,7400,7,2034,3858873.28,1929436.64,"3.858.873,28",quota,assegnazione,impegnato,2034,"art. 2; Allegato / [TABELLA pag.4 n.1], riga 4","Comune di Torino | C11B21008720001 D81E20000410007 | 7400/PG 7 | ... | 3.858.873,28 | 44.494.493,04",DM MIT n. 464 del 22 novembre 2021,alta,,"Importo aggregato per due CUP, l'atto non ripartisce"
2022 DDG 128 del 02-05-22.pdf,moonshotai/kimi-k2.6,off,,,Ministero delle infrastrutture e della mobilità sostenibili,,impegno,C11B21008720001,True,definitivo,,2,aggregato,7400,7,,44494493.04,22247246.52,"44.494.493,04",totale,assegnazione,impegnato,Totale,"art. 2; Allegato / [TABELLA pag.4 n.1], riga 4","Comune di Torino | C11B21008720001 D81E20000410007 | 7400/PG 7 | ... | 44.494.493,04",DM MIT n. 464 del 22 novembre 2021,alta,,Totale complessivo per due CUP; l'atto non ripartisce l'importo tra i CUP
2022 DDG 128 del 02-05-22.pdf,moonshotai/kimi-k2.6,off,,,Ministero delle infrastrutture e della mobilità sostenibili,,impegno,D81E20000410007,True,definitivo,,2,aggregato,7400,7,,44494493.04,22247246.52,"44.494.493,04",totale,assegnazione,impegnato,Totale,"art. 2; Allegato / [TABELLA pag.4 n.1], riga 4","Comune di Torino | C11B21008720001 D81E20000410007 | 7400/PG 7 | ... | 44.494.493,04",DM MIT n. 464 del 22 novembre 2021,alta,,Totale complessivo per due CUP; l'atto non ripartisce l'importo tra i CUP
2022 DDG 128 del 02-05-22.pdf,moonshotai/kimi-k2.6,off,,,Ministero delle infrastrutture e della mobilità sostenibili,,impegno,C81B21013200005,True,definitivo,,1,singolo,7400,7,2020,525185.84,525185.84,"525.185,84",quota,assegnazione,impegnato,2020,"art. 1; Allegato / [TABELLA pag.4 n.1], riga 5","Comune di Brescia | C81B21013200005 | 7400/PG 7 | 525.185,84 | ...",DM MIT n. 464 del 22 novembre 2021,alta,,"Impegno in conto residui di stanziamento, esercizio 2020"
2022 DDG 128 del 02-05-22.pdf,moonshotai/kimi-k2.6,off,,,Ministero delle infrastrutture e della mobilità sostenibili,,impegno,C81B21013200005,True,definitivo,,1,singolo,7400,7,2021,1050371.69,1050371.69,"1.050.371,69",quota,assegnazione,impegnato,2021,"art. 1; Allegato / [TABELLA pag.4 n.1], riga 5","Comune di Brescia | C81B21013200005 | 7400/PG 7 | ... | 1.050.371,69 | ...",DM MIT n. 464 del 22 novembre 2021,alta,,"Impegno in conto residui di stanziamento, esercizio 2021"
2022 DDG 128 del 02-05-22.pdf,moonshotai/kimi-k2.6,off,,,Ministero delle infrastrutture e della mobilità sostenibili,,impegno,C81B21013200005,True,definitivo,,1,singolo,7400,7,2022,2100743.39,2100743.39,"2.100.743,39",quota,assegnazione,impegnato,2022,"art. 2; Allegato / [TABELLA pag.4 n.1], riga 5","Comune di Brescia | C81B21013200005 | 7400/PG 7 | ... | 2.100.743,39 | ...",DM MIT n. 464 del 22 novembre 2021,alta,,"Impegno in conto competenza, annualità 2022-2034"
2022 DDG 128 del 02-05-22.pdf,moonshotai/kimi-k2.6,off,,,Ministero delle infrastrutture e della mobilità sostenibili,,impegno,C81B21013200005,True,definitivo,,1,singolo,7400,7,2023,4464079.69,4464079.69,"4.464.079,69",quota,assegnazione,impegnato,2023,"art. 2; Allegato / [TABELLA pag.4 n.1], riga 5","Comune di Brescia | C81B21013200005 | 7400/PG 7 | ... | 4.464.079,69 | ...",DM MIT n. 464 del 22 novembre 2021,alta,,
2022 DDG 128 del 02-05-22.pdf,moonshotai/kimi-k2.6,off,,,Ministero delle infrastrutture e della mobilità sostenibili,,impegno,C81B21013200005,True,definitivo,,1,singolo,7400,7,2024,5777044.31,5777044.31,"5.777.044,31",quota,assegnazione,impegnato,2024,"art. 2; Allegato / [TABELLA pag.4 n.1], riga 5","Comune di Brescia | C81B21013200005 | 7400/PG 7 | ... | 5.777.044,31 | ...",DM MIT n. 464 del 22 novembre 2021,alta,,
2022 DDG 128 del 02-05-22.pdf,moonshotai/kimi-k2.6,off,,,Ministero delle infrastrutture e della mobilità sostenibili,,impegno,C81B21013200005,True,definitivo,,1,singolo,7400,7,2025,23895956.0,23895956.0,"23.895.956,00",quota,assegnazione,impegnato,2025,"art. 2; Allegato / [TABELLA pag.4 n.1], riga 5","Comune di Brescia | C81B21013200005 | 7400/PG 7 | ... | 23.895.956,00 | ...",DM MIT n. 464 del 22 novembre 2021,alta,,
2022 DDG 128 del 02-05-22.pdf,moonshotai/kimi-k2.6,off,,,Ministero delle infrastrutture e della mobilità sostenibili,,impegno,C81B21013200005,True,definitivo,,1,singolo,7400,7,2026,29935593.23,29935593.23,"29.935.593,23",quota,assegnazione,impegnato,2026,"art. 2; Allegato / [TABELLA pag.4 n.1], riga 5","Comune di Brescia | C81B21013200005 | 7400/PG 7 | ... | 29.935.593,23 | ...",DM MIT n. 464 del 22 novembre 2021,alta,,
2022 DDG 128 del 02-05-22.pdf,moonshotai/kimi-k2.6,off,,,Ministero delle infrastrutture e della mobilità sostenibili,,impegno,C81B21013200005,True,definitivo,,1,singolo,7400,7,2027,36329205.71,36329205.71,"36.329.205,71",quota,assegnazione,impegnato,2027,"art. 2; Allegato / [TABELLA pag.4 n.1], riga 5","Comune di Brescia | C81B21013200005 | 7400/PG 7 | ... | 36.329.205,71 | ...",DM MIT n. 464 del 22 novembre 2021,alta,,
2022 DDG 128 del 02-05-22.pdf,moonshotai/kimi-k2.6,off,,,Ministero delle infrastrutture e della mobilità sostenibili,,impegno,C81B21013200005,True,definitivo,,1,singolo,7400,7,2028,37813380.92,37813380.92,"37.813.380,92",quota,assegnazione,impegnato,2028,"art. 2; Allegato / [TABELLA pag.4 n.1], riga 5","Comune di Brescia | C81B21013200005 | 7400/PG 7 | ... | 37.813.380,92 | ...",DM MIT n. 464 del 22 novembre 2021,alta,,
2022 DDG 128 del 02-05-22.pdf,moonshotai/kimi-k2.6,off,,,Ministero delle infrastrutture e della mobilità sostenibili,,impegno,C81B21013200005,True,definitivo,,1,singolo,7400,7,2029,42014867.68,42014867.68,"42.014.867,68",quota,assegnazione,impegnato,2029,"art. 2; Allegato / [TABELLA pag.4 n.1], riga 5","Comune di Brescia | C81B21013200005 | 7400/PG 7 | ... | 42.014.867,68 | ...",DM MIT n. 464 del 22 novembre 2021,alta,,
2022 DDG 128 del 02-05-22.pdf,moonshotai/kimi-k2.6,off,,,Ministero delle infrastrutture e della mobilità sostenibili,,impegno,C81B21013200005,True,definitivo,,1,singolo,7400,7,2030,42014867.68,42014867.68,"42.014.867,68",quota,assegnazione,impegnato,2030,"art. 2; Allegato / [TABELLA pag.4 n.1], riga 5","Comune di Brescia | C81B21013200005 | 7400/PG 7 | ... | 42.014.867,68 | ...",DM MIT n. 464 del 22 novembre 2021,alta,,
2022 DDG 128 del 02-05-22.pdf,moonshotai/kimi-k2.6,off,,,Ministero delle infrastrutture e della mobilità sostenibili,,impegno,C81B21013200005,True,definitivo,,1,singolo,7400,7,2031,26259292.3,26259292.3,"26.259.292,30",quota,assegnazione,impegnato,2031,"art. 2; Allegato / [TABELLA pag.4 n.1], riga 5","Comune di Brescia | C81B21013200005 | 7400/PG 7 | ... | 26.259.292,30 | ...",DM MIT n. 464 del 22 novembre 2021,alta,,
2022 DDG 128 del 02-05-22.pdf,moonshotai/kimi-k2.6,off,,,Ministero delle infrastrutture e della mobilità sostenibili,,impegno,C81B21013200005,True,definitivo,,1,singolo,7400,7,2032,25734106.46,25734106.46,"25.734.106,46",quota,assegnazione,impegnato,2032,"art. 2; Allegato / [TABELLA pag.4 n.1], riga 5","Comune di Brescia | C81B21013200005 | 7400/PG 7 | ... | 25.734.106,46 | ...",DM MIT n. 464 del 22 novembre 2021,alta,,
2022 DDG 128 del 02-05-22.pdf,moonshotai/kimi-k2.6,off,,,Ministero delle infrastrutture e della mobilità sostenibili,,impegno,C81B21013200005,True,definitivo,,1,singolo,7400,7,2033,26259292.3,26259292.3,"26.259.292,30",quota,assegnazione,impegnato,2033,"art. 2; Allegato / [TABELLA pag.4 n.1], riga 5","Comune di Brescia | C81B21013200005 | 7400/PG 7 | ... | 26.259.292,30 | ...",DM MIT n. 464 del 22 novembre 2021,alta,,
2022 DDG 128 del 02-05-22.pdf,moonshotai/kimi-k2.6,off,,,Ministero delle infrastrutture e della mobilità sostenibili,,impegno,C81B21013200005,True,definitivo,,1,singolo,7400,7,2034,28885221.54,28885221.54,"28.885.221,54",quota,assegnazione,impegnato,2034,"art. 2; Allegato / [TABELLA pag.4 n.1], riga 5","Comune di Brescia | C81B21013200005 | 7400/PG 7 | ... | 28.885.221,54 | 333.059.208,74",DM MIT n. 464 del 22 novembre 2021,alta,,
2022 DDG 128 del 02-05-22.pdf,moonshotai/kimi-k2.6,off,,,Ministero delle infrastrutture e della mobilità sostenibili,,impegno,C81B21013200005,True,definitivo,,1,singolo,7400,7,,333059208.74,333059208.74,"333.059.208,74",totale,assegnazione,impegnato,Totale,"art. 2; Allegato / [TABELLA pag.4 n.1], riga 5","Comune di Brescia | C81B21013200005 | 7400/PG 7 | ... | 333.059.208,74",DM MIT n. 464 del 22 novembre 2021,alta,,Totale complessivo per il CUP su PG 7
2022 DDG 128 del 02-05-22.pdf,moonshotai/kimi-k2.6,off,,,Ministero delle infrastrutture e della mobilità sostenibili,,impegno,C81B21013200005,True,definitivo,,1,singolo,7400,1,2029,4414446.39,4414446.39,"4.414.446,39",quota,assegnazione,impegnato,2029,"art. 3; Allegato / [TABELLA pag.4 n.1], riga 6","Comune di Brescia | C81B21013200005 | 7400/PG 1 | ... | 4.414.446,39 | ...",DM MIT n. 464 del 22 novembre 2021,alta,,"Impegno in conto competenza da art. 3, piano gestionale 1, annualità 2029-2034"
2022 DDG 128 del 02-05-22.pdf,moonshotai/kimi-k2.6,off,,,Ministero delle infrastrutture e della mobilità sostenibili,,impegno,C81B21013200005,True,definitivo,,1,singolo,7400,1,2030,4414446.39,4414446.39,"4.414.446,39",quota,assegnazione,impegnato,2030,"art. 3; Allegato / [TABELLA pag.4 n.1], riga 6","Comune di Brescia | C81B21013200005 | 7400/PG 1 | ... | 4.414.446,39 | ...",DM MIT n. 464 del 22 novembre 2021,alta,,
2022 DDG 128 del 02-05-22.pdf,moonshotai/kimi-k2.6,off,,,Ministero delle infrastrutture e della mobilità sostenibili,,impegno,C81B21013200005,True,definitivo,,1,singolo,7400,1,2031,4414446.39,4414446.39,"4.414.446,39",quota,assegnazione,impegnato,2031,"art. 3; Allegato / [TABELLA pag.4 n.1], riga 6","Comune di Brescia | C81B21013200005 | 7400/PG 1 | ... | 4.414.446,39 | ...",DM MIT n. 464 del 22 novembre 2021,alta,,
2022 DDG 128 del 02-05-22.pdf,moonshotai/kimi-k2.6,off,,,Ministero delle infrastrutture e della mobilità sostenibili,,impegno,C81B21013200005,True,definitivo,,1,singolo,7400,1,2032,4414446.39,4414446.39,"4.414.446,39",quota,assegnazione,impegnato,2032,"art. 3; Allegato / [TABELLA pag.4 n.1], riga 6","Comune di Brescia | C81B21013200005 | 7400/PG 1 | ... | 4.414.446,39 | ...",DM MIT n. 464 del 22 novembre 2021,alta,,
2022 DDG 128 del 02-05-22.pdf,moonshotai/kimi-k2.6,off,,,Ministero delle infrastrutture e della mobilità sostenibili,,impegno,C81B21013200005,True,definitivo,,1,singolo,7400,1,2033,4414446.39,4414446.39,"4.414.446,39",quota,assegnazione,impegnato,2033,"art. 3; Allegato / [TABELLA pag.4 n.1], riga 6","Comune di Brescia | C81B21013200005 | 7400/PG 1 | ... | 4.414.446,39 | ...",DM MIT n. 464 del 22 novembre 2021,alta,,
2022 DDG 128 del 02-05-22.pdf,moonshotai/kimi-k2.6,off,,,Ministero delle infrastrutture e della mobilità sostenibili,,impegno,C81B21013200005,True,definitivo,,1,singolo,7400,1,2034,4414446.38,4414446.38,"4.414.446,38",quota,assegnazione,impegnato,2034,"art. 3; Allegato / [TABELLA pag.4 n.1], riga 6","Comune di Brescia | C81B21013200005 | 7400/PG 1 | ... | 4.414.446,38 | 26.486.678,33",DM MIT n. 464 del 22 novembre 2021,alta,,
2022 DDG 128 del 02-05-22.pdf,moonshotai/kimi-k2.6,off,,,Ministero delle infrastrutture e della mobilità sostenibili,,impegno,C81B21013200005,True,definitivo,,1,singolo,7400,1,,26486678.33,26486678.33,"26.486.678,33",totale,assegnazione,impegnato,Totale,"art. 3; Allegato / [TABELLA pag.4 n.1], riga 6","Comune di Brescia | C81B21013200005 | 7400/PG 1 | ... | 26.486.678,33",DM MIT n. 464 del 22 novembre 2021,alta,,Totale complessivo per il CUP su PG 1
2022 DI Mims Mef 97 20.04.2022.pdf,moonshotai/kimi-k2.6,off,,,Ministero delle Infrastrutture e della Mobilità Sostenibili,Ministero dell'Economia e delle Finanze,assegnazione,B39J22001360001,True,definitivo,,1,singolo,7400,8,,398000000.0,398000000.0,"398.000.000,00",totale,assegnazione,assegnato,FINANZIAMENTO AMMESSO,"art. 1, comma 1, lett. a); Allegato 1 / [TABELLA pag.10 n.1], riga 2","CITTÀ METROPOLITANA DI GENOVA | SKYMETRO VAL BISAGNO GENOVA | COMUNE DI GENOVA | B39J22001360001 | PFTE | 31.03.2023 | 30.06.2025 | 31.12.2027 | 398.000.000,00 | --- | 398.000.000,00",,alta,,
2022 DI Mims Mef 97 20.04.2022.pdf,moonshotai/kimi-k2.6,off,,,Ministero delle Infrastrutture e della Mobilità Sostenibili,Ministero dell'Economia e delle Finanze,assegnazione,B31F20000030005,True,definitivo,,1,singolo,7400,8,,20860000.0,20860000.0,"20.860.000,00",totale,assegnazione,assegnato,FINANZIAMENTO AMMESSO,"art. 1, comma 1, lett. a); Allegato 1 / [TABELLA pag.10 n.1], riga 4","PROLUNGAMENTO METROPOLITANA DI GENOVA DA BRIN A CANEPARI. OPERE DI ADEGUAMENTO IDRAULICO DEL TRATTO TOMBINATO DI VALLE DEL RIO MALTEMPO, AFFLUENTE DEL TORRENTE POLCEVERA | COMUNE DI GENOVA | B31F20000030005 | PFTE | 31.03.2023 | 31.12.2023 | 30.09.2024 | 20.860.000,00 | --- | 20.860.000,00",,alta,,
2022 DI Mims Mef 97 20.04.2022.pdf,moonshotai/kimi-k2.6,off,,,Ministero delle Infrastrutture e della Mobilità Sostenibili,Ministero dell'Economia e delle Finanze,assegnazione,B44D20000040001,True,definitivo,,1,singolo,7400,8,,180000000.0,180000000.0,"180.000.000,00",totale,assegnazione,assegnato,FINANZIAMENTO AMMESSO,"art. 1, comma 1, lett. a); Allegato 1 / [TABELLA pag.10 n.1], riga 6","CITTÀ METROPOLITANA DI MILANO | LINEA METROPOLITANA M1 PROLUNGAMENTO QUARTIERE BAGGIO – OLMI - VALSESIA | COMUNE DI MILANO | B44D20000040001 | PROGETTO DEFINITIVO | 31.12.2022 | 31.12.2025 | 31.12.2027 | 398.000.000,00 | 218.000.000,00 | 180.000.000,00",,alta,,"Costo intervento 398.000.000,00; cofinanziamento disponibile 218.000.000,00; finanziamento ammesso 180.000.000,00"
2022 DI Mims Mef 97 20.04.2022.pdf,moonshotai/kimi-k2.6,off,,,Ministero delle Infrastrutture e della Mobilità Sostenibili,Ministero dell'Economia e delle Finanze,assegnazione,B91J21000040001,True,definitivo,,1,singolo,7400,8,,420000000.0,420000000.0,"420.000.000,00",totale,assegnazione,assegnato,FINANZIAMENTO AMMESSO,"art. 1, comma 1, lett. a); Allegato 1 / [TABELLA pag.10 n.1], riga 8","PROLUNGAMENTO LINEA METROPOLITANA M4 DA AEROPORTO LINATE A SEGRATE | COMUNE DI MILANO | B91J21000040001 | PFTE | 31.12.2025 | 31.12.2028 | 31.12.2030 | 420.000.000,00 | --- | 420.000.000,00",,alta,,
2022 DI Mims Mef 97 20.04.2022.pdf,moonshotai/kimi-k2.6,off,,,Ministero delle Infrastrutture e della Mobilità Sostenibili,Ministero dell'Economia e delle Finanze,assegnazione,B41J21000050006,True,definitivo,,1,singolo,7400,8,,4500000.0,4500000.0,"4.500.000,00",totale,assegnazione,assegnato,FINANZIAMENTO AMMESSO,"art. 1, comma 1, lett. a); Allegato 1 / [TABELLA pag.10 n.1], riga 10","NUOVA LINEA METROPOLITANA M6 RAMO SUD (PFTE) | COMUNE DI MILANO | B41J21000050006 | --- | 31.03.2023 | 30.06.2024 | 31.12.2025 | 4.500.000,00 | --- | 4.500.000,00",,alta,,Livello di progettazione indicato come '---' nella tabella
2022 DI Mims Mef 97 20.04.2022.pdf,moonshotai/kimi-k2.6,off,,,Ministero delle Infrastrutture e della Mobilità Sostenibili,Ministero dell'Economia e delle Finanze,assegnazione,B41C21000010001,True,definitivo,,1,singolo,7400,8,,5500000.0,5500000.0,"5.500.000,00",totale,assegnazione,assegnato,FINANZIAMENTO AMMESSO,"art. 1, comma 1, lett. a); Allegato 1 / [TABELLA pag.10 n.1], riga 12","PROLUNGAMENTO M3 SAN DONATO M. – ASTA PAULLESE (PFTE) | COMUNE DI MILANO | B41C21000010001 | PFTE – 1° FASE | 31.03.2023 | 30.06.2024 | 31.12.2025 | 5.500.000,00 | --- | 5.500.000,00",,alta,,
2022 DI Mims Mef 97 20.04.2022.pdf,moonshotai/kimi-k2.6,off,,,Ministero delle Infrastrutture e della Mobilità Sostenibili,Ministero dell'Economia e delle Finanze,assegnazione,F41B22000740009,True,definitivo,,1,singolo,7400,8,,631373163.0,631373163.0,"631.373.163,00",totale,assegnazione,assegnato,FINANZIAMENTO AMMESSO,"art. 1, comma 1, lett. a); Allegato 1 / [TABELLA pag.10 n.1], riga 14","NUOVO COLLEGAMENTO IN SEDE PROPRIA TRA LA STAZIONE AV DI AFRAGOLA E LA RETE METROPOLITANA DI NAPOLI. LOTTO 1°_STRALCIO I | COMUNE DI NAPOLI / EAV Srl | F41B22000740009 (CUP MASTER) | PFTE | 31.03.2023 | 30.06.2025 | 31.12.2027 | 631.373.163,00 | --- | 631.373.163,00",,alta,,Nella tabella il CUP è indicato come 'F41B22000740009 (CUP MASTER)' ma il Master non è un CUP separato; il CUP dell'intervento è F41B22000740009
2022 DI Mims Mef 97 20.04.2022.pdf,moonshotai/kimi-k2.6,off,,,Ministero delle Infrastrutture e della Mobilità Sostenibili,Ministero dell'Economia e delle Finanze,assegnazione,F41B22000830009,True,definitivo,,1,singolo,7400,8,,163500824.0,163500824.0,"163.500.824,00",totale,assegnazione,assegnato,FINANZIAMENTO AMMESSO,"art. 1, comma 1, lett. a); Allegato 1 / [TABELLA pag.10 n.1], riga 16","NUOVO COLLEGAMENTO IN SEDE PROPRIA TRA LA STAZIONE AV DI AFRAGOLA E LA RETE METROPOLITANA DI NAPOLI. LOTTO 1°_STRALCIO II | COMUNE DI NAPOLI / EAV Srl | F41B22000830009 | PFTE | 31.03.2026 | 31.12.2026 | 31.12.2027 | 163.500.824,00 | --- | 163.500.824,00",,alta,,
2022 DI Mims Mef 97 20.04.2022.pdf,moonshotai/kimi-k2.6,off,,,Ministero delle Infrastrutture e della Mobilità Sostenibili,Ministero dell'Economia e delle Finanze,assegnazione,E51I04000010007,True,definitivo,,1,singolo,7400,8,,610000000.0,610000000.0,"610.000.000,00",totale,assegnazione,assegnato,FINANZIAMENTO AMMESSO,"art. 1, comma 1, lett. a); Allegato 1 / [TABELLA pag.10 n.1], riga 18","LINEA C DELLA METROPOLITANA DI ROMA - SUB-TRATTA FUNZIONALE DA STAZIONE VENEZIA A STAZIONE FORI IMPERIALI | ROMA CAPITALE / ROMA METROPOLITANE Srl | E51I04000010007 | PROGETTO DEFINITIVO | 31.12.2022 | 31.12.2027 | 31.12.2032 | 755.000.000,00 | 145.000.000,00 | 610.000.000,00",,alta,,"Costo intervento 755.000.000,00; cofinanziamento disponibile 145.000.000,00; finanziamento ammesso 610.000.000,00"
2022 DI Mims Mef 97 20.04.2022.pdf,moonshotai/kimi-k2.6,off,,,Ministero delle Infrastrutture e della Mobilità Sostenibili,Ministero dell'Economia e delle Finanze,assegnazione,E51I04000010007,True,definitivo,,1,singolo,7400,8,,990000000.0,990000000.0,"990.000.000,00",totale,assegnazione,assegnato,FINANZIAMENTO AMMESSO,"art. 1, comma 1, lett. a); Allegato 1 / [TABELLA pag.10 n.1], riga 20","LINEA C DELLA METROPOLITANA DI ROMA - TRATTA T2 - LOTTO COSTRUTTIVO | ROMA CAPITALE / ROMA METROPOLITANE Srl | E51I04000010007 | PROGETTO PRELIMINARE | 30.06.2023 | 30.09.2024 | 31.12.2026 | 990.000.000,00 | --- | 990.000.000,00",,alta,,Stesso CUP E51I04000010007 della sub-tratta funzionale ma intervento distinto (tratta T2)
2022 DI Mims Mef 97 20.04.2022.pdf,moonshotai/kimi-k2.6,off,,,Ministero delle Infrastrutture e della Mobilità Sostenibili,Ministero dell'Economia e delle Finanze,assegnazione,C71F20000020005,True,definitivo,,1,singolo,7400,8,,1000000000.0,1000000000.0,"1.000.000.000,00",totale,assegnazione,assegnato,FINANZIAMENTO AMMESSO,"art. 1, comma 1, lett. a); Allegato 1 / [TABELLA pag.10 n.1], riga 22","METROPOLITANA AUTOMATICA DI TORINO – LINEA 2 – TRATTA ""POLITECNICO – REBAUDENGO"" | COMUNE DI TORINO | C71F20000020005 | PROGETTO DEFINITIVO | 31.12.2023 | 30.06.2028 | 31.12.2031 | 1.800.000.000,00 | 800.000.000,00 | 1.000.000.000,00",,alta,,"Costo intervento 1.800.000.000,00; cofinanziamento disponibile 800.000.000,00; finanziamento ammesso 1.000.000.000,00"
2022 DI Mims Mef 97 20.04.2022.pdf,moonshotai/kimi-k2.6,off,,,Ministero delle Infrastrutture e della Mobilità Sostenibili,Ministero dell'Economia e delle Finanze,assegnazione,J81B21014060001,True,definitivo,,1,singolo,7400,1,,173183831.97,173183831.97,"173.183.831,97",totale,assegnazione,assegnato,FINANZIAMENTO AMMESSO,"art. 1, comma 1, lett. b); Allegato 2 / [TABELLA pag.12 n.1], riga 2","ROMA CAPITALE | LINEA TRANVIARIA TERMINI - VATICANO - AURELIO | J81B21014060001 | TRANVIA | 293.183.831,97 | 120.000.000,00 | 173.183.831,97",,alta,,"Costo intervento 293.183.831,97; cofinanziamento disponibile 120.000.000,00; finanziamento ammesso 173.183.831,97"
2022 DI Mims Mef 97 20.04.2022.pdf,moonshotai/kimi-k2.6,off,,,Ministero delle Infrastrutture e della Mobilità Sostenibili,Ministero dell'Economia e delle Finanze,assegnazione,J84E21005150001,True,definitivo,,1,singolo,7400,1,,11284217.84,11284217.84,"11.284.217,84",totale,assegnazione,assegnato,FINANZIAMENTO AMMESSO,"art. 1, comma 1, lett. b); Allegato 2 / [TABELLA pag.12 n.1], riga 4","ROMA CAPITALE | DEPOSITO DI CENTOCELLE EST | J84E21005150001 | TRANVIA | 11.284.217,84 | --- | 11.284.217,84",,alta,,
2022 DI Mims Mef 97 20.04.2022.pdf,moonshotai/kimi-k2.6,off,,,Ministero delle Infrastrutture e della Mobilità Sostenibili,Ministero dell'Economia e delle Finanze,assegnazione,E31J19000030001,True,definitivo,,1,singolo,7400,1,,26500000.0,26500000.0,"26.500.000,00",totale,assegnazione,assegnato,FINANZIAMENTO AMMESSO,"art. 1, comma 1, lett. b); Allegato 2 / [TABELLA pag.12 n.1], riga 6","COMUNE DI PIACENZA | SISTEMA DI TRASPORTO RAPIDO DI MASSA PER IL COLLEGAMENTO TRA LA STAZIONE FERROVIARIA DI PIACENZA ED IL NUOVO POLO OSPEDALIERO | E31J19000030001 | BUSVIA | 26.500.000,00 | --- | 26.500.000,00",,alta,,
2022 DI Mims Mef 97 20.04.2022.pdf,moonshotai/kimi-k2.6,off,,,Ministero delle Infrastrutture e della Mobilità Sostenibili,Ministero dell'Economia e delle Finanze,assegnazione,F44I19000530001,True,definitivo,,1,singolo,7400,1,,122200000.0,122200000.0,"122.200.000,00",totale,assegnazione,assegnato,FINANZIAMENTO AMMESSO,"art. 1, comma 1, lett. b); Allegato 2 / [TABELLA pag.12 n.1], riga 8","COMUNE DI MILANO | AMPLIAMENTO DEL DEPOSITO GALLARATESE DEI TRENI DELLA LINEA METROPOLITANA 1 | F44I19000530001 | METRO | 122.200.000,00 | --- | 122.200.000,00",,alta,,
2022 DI Mims Mef 97 20.04.2022.pdf,moonshotai/kimi-k2.6,off,,,Ministero delle Infrastrutture e della Mobilità Sostenibili,Ministero dell'Economia e delle Finanze,assegnazione,C11J22000000001,True,provvisorio,,1,singolo,,,,221721410.41,221721410.41,"221.721.410,41",totale,assegnazione,ammesso,FINANZIAMENTO AMMESSO,"art. 2; Allegato 3 / [TABELLA pag.13 n.1], riga 2","COMUNE DI TORINO | PROLUNGAMENTO LINEA TRANVIARIA 12 ALL'ALLIANZ STADIUM E RECUPERO TRINCEA FERROVIA TORINO-CERES | C11J22000000001 | TRANVIA | 221.721.410,41 | --- | 221.721.410,41",,alta,,CUP provvisorio; intervento ammesso ma non finanziato dall'atto corrente (graduatoria)
2022 DI Mims Mef 97 20.04.2022.pdf,moonshotai/kimi-k2.6,off,,,Ministero delle Infrastrutture e della Mobilità Sostenibili,Ministero dell'Economia e delle Finanze,assegnazione,F47C19000370001,True,definitivo,,4,aggregato,,,,20900000.02,5225000.005,"20.900.000,02",totale,assegnazione,ammesso,FINANZIAMENTO AMMESSO,"art. 2; Allegato 3 / [TABELLA pag.13 n.1], riga 4","COMUNE DI MILANO | METROPOLITANA LINEA M3: INTERVENTI DI ADEGUAMENTO ANTINCENDIO AI SENSI DEL DM 21.10.2015 | F47C19000370001 F47D17000140005 F47C19000380001 F47C19000390001 | METRO | 25.000.000,02 | 4.100.000,00 | 20.900.000,02",,alta,,"Quattro CUP per un unico importo di finanziamento ammesso; costo totale 25.000.000,02; cofinanziamento disponibile 4.100.000,00; finanziamento ammesso 20.900.000,02. CUP provvisoriamente elencati come aggregato poiché l'atto non ripartisce l'importo tra i singoli CUP"
2022 DI Mims Mef 97 20.04.2022.pdf,moonshotai/kimi-k2.6,off,,,Ministero delle Infrastrutture e della Mobilità Sostenibili,Ministero dell'Economia e delle Finanze,assegnazione,F47D17000140005,True,definitivo,,4,aggregato,,,,20900000.02,5225000.005,"20.900.000,02",totale,assegnazione,ammesso,FINANZIAMENTO AMMESSO,"art. 2; Allegato 3 / [TABELLA pag.13 n.1], riga 4","COMUNE DI MILANO | METROPOLITANA LINEA M3: INTERVENTI DI ADEGUAMENTO ANTINCENDIO AI SENSI DEL DM 21.10.2015 | F47C19000370001 F47D17000140005 F47C19000380001 F47C19000390001 | METRO | 25.000.000,02 | 4.100.000,00 | 20.900.000,02",,alta,,"Quattro CUP per un unico importo di finanziamento ammesso; costo totale 25.000.000,02; cofinanziamento disponibile 4.100.000,00; finanziamento ammesso 20.900.000,02. CUP provvisoriamente elencati come aggregato poiché l'atto non ripartisce l'importo tra i singoli CUP"
2022 DI Mims Mef 97 20.04.2022.pdf,moonshotai/kimi-k2.6,off,,,Ministero delle Infrastrutture e della Mobilità Sostenibili,Ministero dell'Economia e delle Finanze,assegnazione,F47C19000380001,True,definitivo,,4,aggregato,,,,20900000.02,5225000.005,"20.900.000,02",totale,assegnazione,ammesso,FINANZIAMENTO AMMESSO,"art. 2; Allegato 3 / [TABELLA pag.13 n.1], riga 4","COMUNE DI MILANO | METROPOLITANA LINEA M3: INTERVENTI DI ADEGUAMENTO ANTINCENDIO AI SENSI DEL DM 21.10.2015 | F47C19000370001 F47D17000140005 F47C19000380001 F47C19000390001 | METRO | 25.000.000,02 | 4.100.000,00 | 20.900.000,02",,alta,,"Quattro CUP per un unico importo di finanziamento ammesso; costo totale 25.000.000,02; cofinanziamento disponibile 4.100.000,00; finanziamento ammesso 20.900.000,02. CUP provvisoriamente elencati come aggregato poiché l'atto non ripartisce l'importo tra i singoli CUP"
2022 DI Mims Mef 97 20.04.2022.pdf,moonshotai/kimi-k2.6,off,,,Ministero delle Infrastrutture e della Mobilità Sostenibili,Ministero dell'Economia e delle Finanze,assegnazione,F47C19000390001,True,definitivo,,4,aggregato,,,,20900000.02,5225000.005,"20.900.000,02",totale,assegnazione,ammesso,FINANZIAMENTO AMMESSO,"art. 2; Allegato 3 / [TABELLA pag.13 n.1], riga 4","COMUNE DI MILANO | METROPOLITANA LINEA M3: INTERVENTI DI ADEGUAMENTO ANTINCENDIO AI SENSI DEL DM 21.10.2015 | F47C19000370001 F47D17000140005 F47C19000380001 F47C19000390001 | METRO | 25.000.000,02 | 4.100.000,00 | 20.900.000,02",,alta,,"Quattro CUP per un unico importo di finanziamento ammesso; costo totale 25.000.000,02; cofinanziamento disponibile 4.100.000,00; finanziamento ammesso 20.900.000,02. CUP provvisoriamente elencati come aggregato poiché l'atto non ripartisce l'importo tra i singoli CUP"
2022 DI Mims Mef 97 20.04.2022.pdf,moonshotai/kimi-k2.6,off,,,Ministero delle Infrastrutture e della Mobilità Sostenibili,Ministero dell'Economia e delle Finanze,assegnazione,F47C19000350001,True,definitivo,,2,aggregato,,,,45000000.07,22500000.035,"45.000.000,07",totale,assegnazione,ammesso,FINANZIAMENTO AMMESSO,"art. 2; Allegato 3 / [TABELLA pag.13 n.1], riga 6","COMUNE DI MILANO | METROPOLITANA LINEE M1 + M2 - INTERVENTI DI ADEGUAMENTO ANTINCENDI AI SENSI DEL DM 21.10.2015 FASE 2 | F47C19000350001 O F47C19000360001 | METRO | 45.000.000,07 | --- | 45.000.000,07",,alta,,Due CUP per un unico importo di finanziamento ammesso; l'atto non ripartisce l'importo tra i singoli CUP. Nota: nella tabella compare 'F47C19000350001 O F47C19000360001' con 'O' probabilmente per 'o' (oppure)
2022 DI Mims Mef 97 20.04.2022.pdf,moonshotai/kimi-k2.6,off,,,Ministero delle Infrastrutture e della Mobilità Sostenibili,Ministero dell'Economia e delle Finanze,assegnazione,F47C19000360001,True,definitivo,,2,aggregato,,,,45000000.07,22500000.035,"45.000.000,07",totale,assegnazione,ammesso,FINANZIAMENTO AMMESSO,"art. 2; Allegato 3 / [TABELLA pag.13 n.1], riga 6","COMUNE DI MILANO | METROPOLITANA LINEE M1 + M2 - INTERVENTI DI ADEGUAMENTO ANTINCENDI AI SENSI DEL DM 21.10.2015 FASE 2 | F47C19000350001 O F47C19000360001 | METRO | 45.000.000,07 | --- | 45.000.000,07",,alta,,Due CUP per un unico importo di finanziamento ammesso; l'atto non ripartisce l'importo tra i singoli CUP. Nota: nella tabella compare 'F47C19000350001 O F47C19000360001' con 'O' probabilmente per 'o' (oppure)
2022 DI Mims Mef 97 20.04.2022.pdf,moonshotai/kimi-k2.6,off,,,Ministero delle Infrastrutture e della Mobilità Sostenibili,Ministero dell'Economia e delle Finanze,assegnazione,B34J18000220001,True,definitivo,,2,aggregato,,,,74516124.63,37258062.315,"74.516.124,63",totale,assegnazione,ammesso,FINANZIAMENTO AMMESSO,"art. 2; Allegato 3 / [TABELLA pag.13 n.1], riga 8","COMUNE DI GENOVA | LINEA METROPOLITANA: PROLUNGAMENTO A RIVAROLO E COMPLETAMENTO DELLA STAZIONE DI MARTINEZ / TERRALBA | B34J18000220001 B34J18000230001 | METRO | 74.516.124,63 | --- | 74.516.124,63",,alta,,Due CUP per un unico importo di finanziamento ammesso; l'atto non ripartisce l'importo tra i singoli CUP
2022 DI Mims Mef 97 20.04.2022.pdf,moonshotai/kimi-k2.6,off,,,Ministero delle Infrastrutture e della Mobilità Sostenibili,Ministero dell'Economia e delle Finanze,assegnazione,B34J18000230001,True,definitivo,,2,aggregato,,,,74516124.63,37258062.315,"74.516.124,63",totale,assegnazione,ammesso,FINANZIAMENTO AMMESSO,"art. 2; Allegato 3 / [TABELLA pag.13 n.1], riga 8","COMUNE DI GENOVA | LINEA METROPOLITANA: PROLUNGAMENTO A RIVAROLO E COMPLETAMENTO DELLA STAZIONE DI MARTINEZ / TERRALBA | B34J18000220001 B34J18000230001 | METRO | 74.516.124,63 | --- | 74.516.124,63",,alta,,Due CUP per un unico importo di finanziamento ammesso; l'atto non ripartisce l'importo tra i singoli CUP
2023 DM MIT 342-2023.pdf,moonshotai/kimi-k2.6,off,,,Ministero delle infrastrutture e dei trasporti,,rettifica,H49J21005480003,True,definitivo,,1,singolo,7150,3,,256450.0,256450.0,"256.450,00",totale,assegnazione,assegnato,IMPORTO AMMASSO A FINANZIAMENTO POTENZIAMENTO,"Allegato 1 / [TABELLA pag.4 n.1], riga 1-9 (totale)","FERROVIA GENOVA CASELLA | AMT SPA | INTERSCAMBIO CASELLA... totale 256.450,00","decreto del Ministro delle infrastrutture e della mobilità sostenibili del 23 settembre 2021, n. 364",alta,,Totale aggregato di 9 sotto-interventi per parcheggi di interscambio; il CUP H49J21005480003 compare nella riga Sant'Olce se Tull o
2023 DM MIT 342-2023.pdf,moonshotai/kimi-k2.6,off,,,Ministero delle infrastrutture e dei trasporti,,rettifica,C75B23000000001,True,definitivo,,1,singolo,7150,3,,10543255.0,10543255.0,"10.543.255,00",totale,assegnazione,assegnato,IMPORTO AMMASSO A FINANZIAMENTO POTENZIAMENTO,"Allegato 1 / [TABELLA pag.4 n.1], riga 10","Roma - Viterbo | ASTRAL S.p.A | RINNOVO... C75B23000000001 | 10.543.255,00","decreto del Ministro delle infrastrutture e della mobilità sostenibili del 23 settembre 2021, n. 364",alta,,
2023 DM MIT 342-2023.pdf,moonshotai/kimi-k2.6,off,,,Ministero delle infrastrutture e dei trasporti,,rettifica,C71G22000090001,True,definitivo,,1,singolo,7150,3,,7000000.0,7000000.0,"7.000.000,00",totale,assegnazione,assegnato,IMPORTO AMMASSO A FINANZIAMENTO POTENZIAMENTO,"Allegato 1 / [TABELLA pag.4 n.1], riga 11","Roma - Viterbo | ASTRAL S.p.A | POTENZIAMENTO DEL SISTEMA... C71G22000090001 | 7.000.000,00","decreto del Ministro delle infrastrutture e della mobilità sostenibili del 23 settembre 2021, n. 364",alta,,
2023 DM MIT 342-2023.pdf,moonshotai/kimi-k2.6,off,,,Ministero delle infrastrutture e dei trasporti,,rettifica,E51B21002250001,True,definitivo,,1,singolo,7150,3,,20000000.0,20000000.0,"20.000.000,00",totale,assegnazione,assegnato,IMPORTO AMMASSO A FINANZIAMENTO POTENZIAMENTO,"Allegato 1 / [TABELLA pag.4 n.1], riga 12","Milano -Varese - Laveno | FERROVIENORD | INTERVENTI SULLA RETE... E51B21002250001 | 20.000.000,00","decreto del Ministro delle infrastrutture e della mobilità sostenibili del 23 settembre 2021, n. 364",alta,,
2023 DM MIT 342-2023.pdf,moonshotai/kimi-k2.6,off,,,Ministero delle infrastrutture e dei trasporti,,rettifica,B41E04000210001,True,definitivo,,1,singolo,7150,3,,50000000.0,50000000.0,"50.000.000,00",totale,assegnazione,assegnato,IMPORTO AMMASSO A FINANZIAMENTO POTENZIAMENTO,"Allegato 1 / [TABELLA pag.5 n.1], riga 1","Comune di Napoli | LINEA 1 DELLA METROPOLITANA... B41E04000210001 | 50.000.000,00","decreto del Ministro delle infrastrutture e della mobilità sostenibili del 23 settembre 2021, n. 364",alta,,"Importo ammasso a finanziamento potenziamento; importo totale intervento 100.000.000,00 con 50.000.000,00 cofinanziamento"
2023 DM MIT 342-2023.pdf,moonshotai/kimi-k2.6,off,,,Ministero delle infrastrutture e dei trasporti,,rettifica,F61B21003640009,True,definitivo,,1,singolo,7150,3,,30000000.0,30000000.0,"30.000.000,00",totale,assegnazione,assegnato,IMPORTO AMMASSO A FINANZIAMENTO POTENZIAMENTO,"Allegato 1 / [TABELLA pag.5 n.1], riga 2","EAV S.R.L. | NUOVO TELECOMANDO LINEE FLEGREE... F61B21003640009 | 30.000.000,00","decreto del Ministro delle infrastrutture e della mobilità sostenibili del 23 settembre 2021, n. 364",alta,,
2023 DM MIT 342-2023.pdf,moonshotai/kimi-k2.6,off,,,Ministero delle infrastrutture e dei trasporti,,rettifica,G31G22000250001,True,definitivo,,1,singolo,7150,3,,2800000.0,2800000.0,"2.800.000,00",totale,assegnazione,assegnato,IMPORTO AMMASSO A FINANZIAMENTO POTENZIAMENTO,"Allegato 1 / [TABELLA pag.5 n.1], riga 3","BARI - MATERA | FERROVIE APPULO LUCANE | RIFACIMENTO PENSILINA... G31G22000250001 | 2.800.000,00","decreto del Ministro delle infrastrutture e della mobilità sostenibili del 23 settembre 2021, n. 364",alta,,
2023 DM MIT 342-2023.pdf,moonshotai/kimi-k2.6,off,,,Ministero delle infrastrutture e dei trasporti,,rettifica,D69D15002090001,True,definitivo,,2,aggregato,7150,3,,50000000.0,25000000.0,"50.000.000,00",totale,assegnazione,assegnato,IMPORTO AMMASSO A FINANZIAMENTO POTENZIAMENTO,"Allegato 1 / [TABELLA pag.5 n.1], riga 4","MAGLIE-OTRANTO e TRATTA ZOLLINO-GAGLIANO C. | FERROVIE SUD EST | COMPLETAMENTO ELETTRIFICAZIONE... Lotto 4 - D69D15002090001 Lotto 3 - D49D15001920001 | 50.000.000,00","decreto del Ministro delle infrastrutture e della mobilità sostenibili del 23 settembre 2021, n. 364",alta,,Importo unico per due lotti con CUP distinti; l'atto non ripartisce l'importo tra i due CUP
2023 DM MIT 342-2023.pdf,moonshotai/kimi-k2.6,off,,,Ministero delle infrastrutture e dei trasporti,,rettifica,D49D15001920001,True,definitivo,,2,aggregato,7150,3,,50000000.0,25000000.0,"50.000.000,00",totale,assegnazione,assegnato,IMPORTO AMMASSO A FINANZIAMENTO POTENZIAMENTO,"Allegato 1 / [TABELLA pag.5 n.1], riga 4","MAGLIE-OTRANTO e TRATTA ZOLLINO-GAGLIANO C. | FERROVIE SUD EST | COMPLETAMENTO ELETTRIFICAZIONE... Lotto 4 - D69D15002090001 Lotto 3 - D49D15001920001 | 50.000.000,00","decreto del Ministro delle infrastrutture e della mobilità sostenibili del 23 settembre 2021, n. 364",alta,,Importo unico per due lotti con CUP distinti; l'atto non ripartisce l'importo tra i due CUP
2023 DM MIT 342-2023.pdf,moonshotai/kimi-k2.6,off,,,Ministero delle infrastrutture e dei trasporti,,rettifica,G71B18000620005,True,definitivo,,1,singolo,7150,3,,2500000.0,2500000.0,"2.500.000,00",totale,assegnazione,assegnato,IMPORTO AMMASSO A FINANZIAMENTO POTENZIAMENTO,"Allegato 1 / [TABELLA pag.5 n.1], riga 5","STAZIONE ALTAMURA | FERROVIE APPULO LUCANE | REALIZZAZIONE PARCHEGGIO... G71B18000620005 | 2.500.000,00","decreto del Ministro delle infrastrutture e della mobilità sostenibili del 23 settembre 2021, n. 364",alta,,
2023 DM MIT 342-2023.pdf,moonshotai/kimi-k2.6,off,,,Ministero delle infrastrutture e dei trasporti,,rettifica,F81B21005610001,True,definitivo,,1,singolo,7150,3,,18000000.0,18000000.0,"18.000.000,00",totale,assegnazione,assegnato,IMPORTO AMMASSO A FINANZIAMENTO POTENZIAMENTO,"Allegato 1 / [TABELLA pag.6 n.1], riga 1","Monserrato - Isili | ARST | VARIANTE DI TRACCIATO... F81B21005610001 | 18.000.000,00","decreto del Ministro delle infrastrutture e della mobilità sostenibili del 23 settembre 2021, n. 364",alta,,"Importo totale intervento 26.400.000,00; importo ammasso a finanziamento 18.000.000,00"
2023 DM MIT 342-2023.pdf,moonshotai/kimi-k2.6,off,,,Ministero delle infrastrutture e dei trasporti,,rettifica,I61B21003020001,True,definitivo,,1,singolo,7150,3,,9900000.0,9900000.0,"9.900.000,00",totale,assegnazione,assegnato,IMPORTO AMMASSO A FINANZIAMENTO POTENZIAMENTO,"Allegato 1 / [TABELLA pag.6 n.1], riga 2","Soveria M. - Catanzaro - Catanzaro Lido | Ferrovie della Calabria S.r.l. | LAVORI DI REALIZZAZIONE... I61B21003020001 | 9.900.000,00","decreto del Ministro delle infrastrutture e della mobilità sostenibili del 23 settembre 2021, n. 364",alta,,
2023 DM MIT 342-2023.pdf,moonshotai/kimi-k2.6,off,,,Ministero delle infrastrutture e dei trasporti,,rettifica,I67H21003160001,True,definitivo,,1,singolo,7150,3,,2900000.0,2900000.0,"2.900.000,00",totale,assegnazione,assegnato,IMPORTO AMMASSO A FINANZIAMENTO POTENZIAMENTO,"Allegato 1 / [TABELLA pag.6 n.1], riga 3","Soveria M. - Catanzaro - Catanzaro Lido - Germaneto | Ferrovie della Calabria S.r.l. | LAVORI DI MIGLIORAMENTO... I67H21003160001 | 2.900.000,00","decreto del Ministro delle infrastrutture e della mobilità sostenibili del 23 settembre 2021, n. 364",alta,,
2023 DM MIT 342-2023.pdf,moonshotai/kimi-k2.6,off,,,Ministero delle infrastrutture e dei trasporti,,rettifica,B89J21020930005,True,definitivo,,1,singolo,7150,3,,1200000.0,1200000.0,"1.200.000,00",totale,assegnazione,assegnato,IMPORTO AMMASSO A FINANZIAMENTO POTENZIAMENTO,"Allegato 1 / [TABELLA pag.6 n.1], riga 4","Fossacesia-Saletti | Divisione Ferroviaria di TUA S.p.A. | CREAZIONE POSTO INTERMEDIO... B89J21020930005 | 1.200.000,00","decreto del Ministro delle infrastrutture e della mobilità sostenibili del 23 settembre 2021, n. 364",alta,,
2023 DM MIT 342-2023.pdf,moonshotai/kimi-k2.6,off,,,Ministero delle infrastrutture e dei trasporti,,rettifica,I57H21005640001,True,definitivo,,1,singolo,7150,4,,1512215.0,1512215.0,"1.512.215,00",totale,assegnazione,assegnato,SICUREZZA,"Allegato 2 / [TABELLA pag.7 n.1], riga 1","ADRIA‐MESTRE | INFRASTRUTTRE VENETE SRL | INTERVENTI STRUTTURALI... I57H21005640001 | 1.512.215,00","decreto del Ministro delle infrastrutture e della mobilità sostenibili del 23 settembre 2021, n. 364",alta,,"Importo rettificato: da 1.412.215,00 a 1.512.215,00 per errore materiale"
2023 DM MIT 342-2023.pdf,moonshotai/kimi-k2.6,off,,,Ministero delle infrastrutture e dei trasporti,,rettifica,B19F22013250002,True,definitivo,,1,singolo,7150,4,,2400000.0,2400000.0,"2.400.000,00",totale,assegnazione,assegnato,SICUREZZA,"Allegato 2 / [TABELLA pag.7 n.1], riga 2","STIA‐AREZZO‐SINALUNGA | LA FERROVIARIA ITALIANA SPA | ELIMINAZIONE DI DUE PASSAGGI A LIVELLO... B19F22013250002 | 2.400.000,00","decreto del Ministro delle infrastrutture e della mobilità sostenibili del 23 settembre 2021, n. 364",alta,,
2023 DM MIT 342-2023.pdf,moonshotai/kimi-k2.6,off,,,Ministero delle infrastrutture e dei trasporti,,rettifica,C89F23000050001,True,definitivo,,1,singolo,7150,4,,600000.0,600000.0,"600.000,00",totale,assegnazione,assegnato,SICUREZZA,"Allegato 2 / [TABELLA pag.7 n.1], riga 3","Parma-Suzzara - Comune di Brescello (RE) | FERROVIE EMILIA ROMGNA S.R.L. | SOPPRESSIONE DI QUATTRO PASSAGGI A LIVELLO... C89F23000050001 | 600.000,00","decreto del Ministro delle infrastrutture e della mobilità sostenibili del 23 settembre 2021, n. 364",alta,,
2023 DM MIT 342-2023.pdf,moonshotai/kimi-k2.6,off,,,Ministero delle infrastrutture e dei trasporti,,rettifica,C99F23000050001,True,definitivo,,1,singolo,7150,4,,5400000.0,5400000.0,"5.400.000,00",totale,assegnazione,assegnato,SICUREZZA,"Allegato 2 / [TABELLA pag.8 n.1], riga 1","Bologna-Portomaggiore - Comune di Castenaso (BO) | FERROVIE EMILIA ROMGNA S.R.L. | LINEA BOLOGNA-PORTOMAGGIORE... C99F23000050001 | 5.400.000,00","decreto del Ministro delle infrastrutture e della mobilità sostenibili del 23 settembre 2021, n. 364",alta,,
2023 DM MIT 342-2023.pdf,moonshotai/kimi-k2.6,off,,,Ministero delle infrastrutture e dei trasporti,,rettifica,C56G21008730001,True,definitivo,,1,singolo,7150,4,,3400000.0,3400000.0,"3.400.000,00",totale,assegnazione,assegnato,SICUREZZA,"Allegato 2 / [TABELLA pag.8 n.1], riga 2","Reggio E. Guastalla | FERROVIE EMILIA ROMGNA S.R.L. | UPGRADE CON IMPIANTI MULTI-ACC... C56G21008730001 | 3.400.000,00","decreto del Ministro delle infrastrutture e della mobilità sostenibili del 23 settembre 2021, n. 364",alta,,
2023 DM MIT 342-2023.pdf,moonshotai/kimi-k2.6,off,,,Ministero delle infrastrutture e dei trasporti,,rettifica,F41B21005790009,True,definitivo,,1,singolo,7150,4,,30000000.0,30000000.0,30.000.000,totale,assegnazione,assegnato,SICUREZZA,"Allegato 2 / [TABELLA pag.9 n.1], riga 1",LINEA SUBURBANA NAPOLI-PIEDIMONTE MATESE | EAV S.R.L. | SOPPRESSIONE PP.LL. RETE FERROVIARIA EAV | F41B21005790009 | 30.000.000,"decreto del Ministro delle infrastrutture e della mobilità sostenibili del 23 settembre 2021, n. 364",alta,,Formato importo nel testo: '30.000.000 €' e '30.000.000'
2023 DM MIT 342-2023.pdf,moonshotai/kimi-k2.6,off,,,Ministero delle infrastrutture e dei trasporti,,rettifica,G31G22000260001,True,definitivo,,1,singolo,7150,4,,7200000.0,7200000.0,7.200.000,totale,assegnazione,assegnato,SICUREZZA,"Allegato 2 / [TABELLA pag.9 n.1], riga 2",Bari Sant'Andrea - Modugno | FERROVIE APPULO LUCANE S.r.l | RADDOPPIO TRA BARI SANT'ANDREA E MODUGNO | G31G22000260001 | 7.200.000,"decreto del Ministro delle infrastrutture e della mobilità sostenibili del 23 settembre 2021, n. 364",alta,,
2023 DM MIT 342-2023.pdf,moonshotai/kimi-k2.6,off,,,Ministero delle infrastrutture e dei trasporti,,rettifica,G11B18000550005,True,definitivo,,1,singolo,7150,4,,3500000.0,3500000.0,"3.500.000,00",totale,assegnazione,assegnato,SICUREZZA,"Allegato 2 / [TABELLA pag.10 n.1], riga 1","tratta Matera-Altamura della linea Bari-Matera | FERROVIE APPULO LUCANE S.r.l | Interventi sui piazzali... G11B18000550005 | 3.500.000,00","decreto del Ministro delle infrastrutture e della mobilità sostenibili del 23 settembre 2021, n. 364",alta,,
2023 DM MIT 342-2023.pdf,moonshotai/kimi-k2.6,off,,,Ministero delle infrastrutture e dei trasporti,,rettifica,B81B21003770005,True,definitivo,,1,singolo,7150,4,,1750000.0,1750000.0,"1.750.000,00",totale,assegnazione,assegnato,SICUREZZA,"Allegato 2 / [TABELLA pag.10 n.1], riga 2","Fossacesia-Archi | Divisione Ferroviaria di TUA S.p.A. | TESATURA DEI CONDUTTORI IN RAME... B81B21003770005 | 1.750.000,00","decreto del Ministro delle infrastrutture e della mobilità sostenibili del 23 settembre 2021, n. 364",alta,,
2025 DD MIT 141-2025.pdf,moonshotai/kimi-k2.6,off,141,2025-04-18,Ministero delle infrastrutture e dei trasporti,,attuazione,E51I04000010007,True,definitivo,,1,singolo,7419,2,,2125000000.0,2125000000.0,"€ 2.125.000.000,00",totale,impegno,impegnato,,art. 3,"È autorizzato l'impegno delle risorse di cui al citato articolo 1, comma 478, della legge 29 dicembre 2022, n. 197, sul capitolo 7419, piano gestionale 2 dello stato di previsione del Ministero delle Infrastrutture e dei Trasporti, per la somma complessiva di € 2.125.000.000,00, di cui € 50.000.000,00 in conto residui, esercizio di provenienza 2024 e 2.075.000.000,00 per gli esercizi finanziari dal 2025 al 2032",,alta,,"Totale impegnato su capitolo 7419/PG2; comprensivo di € 50.000.000,00 in conto residui esercizio 2024 e € 2.075.000.000,00 per esercizi 2025-2032"
2025 DD MIT 141-2025.pdf,moonshotai/kimi-k2.6,off,141,2025-04-18,Ministero delle infrastrutture e dei trasporti,,attuazione,E51I04000010007,True,definitivo,,1,singolo,7419,2,2024,50000000.0,50000000.0,"€ 50.000.000,00",quota,impegno,impegnato,,"art. 3; [TABELLA pag.5 n.1], riga 1","2024 | € 50.000.000,00",,alta,,"in conto residui, esercizio di provenienza 2024"
2025 DD MIT 141-2025.pdf,moonshotai/kimi-k2.6,off,141,2025-04-18,Ministero delle infrastrutture e dei trasporti,,attuazione,E51I04000010007,True,definitivo,,1,singolo,7419,2,2025,25000000.0,25000000.0,"€ 25.000.000,00",quota,impegno,impegnato,,"art. 3; [TABELLA pag.5 n.1], riga 2","2025 | € 25.000.000,00",,alta,,
2025 DD MIT 141-2025.pdf,moonshotai/kimi-k2.6,off,141,2025-04-18,Ministero delle infrastrutture e dei trasporti,,attuazione,E51I04000010007,True,definitivo,,1,singolo,7419,2,2026,50000000.0,50000000.0,"€ 50.000.000,00",quota,impegno,impegnato,,"art. 3; [TABELLA pag.5 n.1], riga 3","2026 | € 50.000.000,00",,alta,,
2025 DD MIT 141-2025.pdf,moonshotai/kimi-k2.6,off,141,2025-04-18,Ministero delle infrastrutture e dei trasporti,,attuazione,E51I04000010007,True,definitivo,,1,singolo,7419,2,2027,350000000.0,350000000.0,"€ 350.000.000,00",quota,impegno,impegnato,,"art. 3; [TABELLA pag.5 n.1], riga 4","2027 | € 350.000.000,00",,alta,,
2025 DD MIT 141-2025.pdf,moonshotai/kimi-k2.6,off,141,2025-04-18,Ministero delle infrastrutture e dei trasporti,,attuazione,E51I04000010007,True,definitivo,,1,singolo,7419,2,2028,200000000.0,200000000.0,"€ 200.000.000,00",quota,impegno,impegnato,,"art. 3; [TABELLA pag.5 n.1], riga 5","2028 | € 200.000.000,00",,alta,,
2025 DD MIT 141-2025.pdf,moonshotai/kimi-k2.6,off,141,2025-04-18,Ministero delle infrastrutture e dei trasporti,,attuazione,E51I04000010007,True,definitivo,,1,singolo,7419,2,2029,150000000.0,150000000.0,"€ 150.000.000,00",quota,impegno,impegnato,,"art. 3; [TABELLA pag.5 n.1], riga 6","2029 | € 150.000.000,00",,alta,,
2025 DD MIT 141-2025.pdf,moonshotai/kimi-k2.6,off,141,2025-04-18,Ministero delle infrastrutture e dei trasporti,,attuazione,E51I04000010007,True,definitivo,,1,singolo,7419,2,2030,450000000.0,450000000.0,"€ 450.000.000,00",quota,impegno,impegnato,,"art. 3; [TABELLA pag.5 n.1], riga 7","2030 | € 450.000.000,00",,alta,,
2025 DD MIT 141-2025.pdf,moonshotai/kimi-k2.6,off,141,2025-04-18,Ministero delle infrastrutture e dei trasporti,,attuazione,E51I04000010007,True,definitivo,,1,singolo,7419,2,2031,450000000.0,450000000.0,"€ 450.000.000,00",quota,impegno,impegnato,,"art. 3; [TABELLA pag.5 n.1], riga 8","2031 | € 450.000.000,00",,alta,,
2025 DD MIT 141-2025.pdf,moonshotai/kimi-k2.6,off,141,2025-04-18,Ministero delle infrastrutture e dei trasporti,,attuazione,E51I04000010007,True,definitivo,,1,singolo,7419,2,2032,400000000.0,400000000.0,"€ 400.000.000,00",quota,impegno,impegnato,,"art. 3; [TABELLA pag.5 n.1], riga 9","2032 | € 400.000.000,00",,alta,,
2025 DD MIT 141-2025.pdf,moonshotai/kimi-k2.6,off,141,2025-04-18,Ministero delle infrastrutture e dei trasporti,,attuazione,E51I04000010007,True,definitivo,,1,singolo,7416,1,,75000000.0,75000000.0,"€ 75.000.000,00",totale,impegno,impegnato,,art. 4,"È autorizzato l'impegno delle risorse di cui al citato art.1, comma 478, della legge 29 dicembre 2022, n.197, sul capitolo 7416 piano gestonale 1 dello stato di previsione del Ministero delle Infrastrutture e dei Trasporti, per la somma complessiva di € 75.000.000,00, di cui 50.000.000,00 per l'esercizio finanziario 2027 e € 25.000.000,00 per l'esercizio finanziario 2028",,alta,,"Totale impegnato su capitolo 7416/PG1; comprensivo di € 50.000.000,00 per esercizio 2027 e € 25.000.000,00 per esercizio 2028. Nota: nel testo 'gestonale' è evidente refuso per 'gestionale'"
2025 DD MIT 141-2025.pdf,moonshotai/kimi-k2.6,off,141,2025-04-18,Ministero delle infrastrutture e dei trasporti,,attuazione,E51I04000010007,True,definitivo,,1,singolo,7416,1,2027,50000000.0,50000000.0,"€ 50.000.000,00",quota,impegno,impegnato,,art. 4,"di cui 50.000.000,00 per l'esercizio finanziario 2027",,alta,,
2025 DD MIT 141-2025.pdf,moonshotai/kimi-k2.6,off,141,2025-04-18,Ministero delle infrastrutture e dei trasporti,,attuazione,E51I04000010007,True,definitivo,,1,singolo,7416,1,2028,25000000.0,25000000.0,"€ 25.000.000,00",quota,impegno,impegnato,,art. 4,"€ 25.000.000,00 per l'esercizio finanziario 2028",,alta,,
2022 DD MIT 454-2022.pdf,qwen/qwen3.6-35b-a3b,off,,,Ministero delle infrastrutture e dei trasporti,,impegno,E51I04000010007,True,definitivo,,1,singolo,7426,1,2021,14000000.0,14000000.0,"€ 14.000.000,00",quota,assegnazione,impegnato,,art. 1,"è autorizzato... l’impegno di € 14.000.000,00 in conto residui di lettera F, esercizio di provenienza 2021.",,alta,,Importo relativo all'esercizio 2021 (residui reiscritti)
2022 DD MIT 454-2022.pdf,qwen/qwen3.6-35b-a3b,off,,,Ministero delle infrastrutture e dei trasporti,,impegno,E51I04000010007,True,definitivo,,1,singolo,7426,1,,131000000.0,131000000.0,"€ 131.000.000,00",totale,assegnazione,impegnato,,art. 2,"è autorizzato l’impegno... per l’importo complessivo di € 131.000.000,00",,alta,,Importo complessivo ripartito in annualità 2022-2025
2022 DD MIT 454-2022.pdf,qwen/qwen3.6-35b-a3b,off,,,Ministero delle infrastrutture e dei trasporti,,impegno,E51I04000010007,True,definitivo,,1,singolo,7426,1,2022,35000000.0,35000000.0,"35.000.000,00 €",quota,assegnazione,impegnato,,"art. 2; [TABELLA pag.3 n.1], riga 1","2022 | 35.000.000,00 €",,alta,,
2022 DD MIT 454-2022.pdf,qwen/qwen3.6-35b-a3b,off,,,Ministero delle infrastrutture e dei trasporti,,impegno,E51I04000010007,True,definitivo,,1,singolo,7426,1,2023,40000000.0,40000000.0,"40.000.000,00 €",quota,assegnazione,impegnato,,"art. 2; [TABELLA pag.3 n.1], riga 2","2023 | 40.000.000,00 €",,alta,,
2022 DD MIT 454-2022.pdf,qwen/qwen3.6-35b-a3b,off,,,Ministero delle infrastrutture e dei trasporti,,impegno,E51I04000010007,True,definitivo,,1,singolo,7426,1,2024,33500000.0,33500000.0,"33.500.000,00 €",quota,assegnazione,impegnato,,"art. 2; [TABELLA pag.3 n.1], riga 3","2024 | 33.500.000,00 €",,alta,,
2022 DD MIT 454-2022.pdf,qwen/qwen3.6-35b-a3b,off,,,Ministero delle infrastrutture e dei trasporti,,impegno,E51I04000010007,True,definitivo,,1,singolo,7426,1,2025,22500000.0,22500000.0,"22.500.000,00 €",quota,assegnazione,impegnato,,"art. 2; [TABELLA pag.3 n.1], riga 4","2025 | 22.500.000,00 €",,alta,,
2022 DDG 128 del 02-05-22.pdf,qwen/qwen3.6-35b-a3b,off,non specificato nel testo (atto interno Div. 2),,Ministero delle infrastrutture e della mobilità sostenibili,,impegno,,False,,,0,singolo,7400,7,,3000000.0,3000000.0,"3.000.000,00",totale,assegnazione,impegnato,,art. 1,"è autorizzato l’impegno di euro 3.000.000,00 in conto residui di stanziamento... sul capitolo 7400, piano di gestione 7... a favore dei Comuni di Padova, Torino e Brescia e della Città metropolitana di Roma",DM MIMS n. 464 del 22 novembre 2021,alta,,Importo complessivo per residui (esercizio 2020 e 2021). I beneficiari sono indicati nell'allegato.
2022 DDG 128 del 02-05-22.pdf,qwen/qwen3.6-35b-a3b,off,non specificato nel testo (atto interno Div. 2),,Ministero delle infrastrutture e della mobilità sostenibili,,impegno,,False,,,0,singolo,7400,7,,631174000.0,631174000.0,"631.174.000,00",totale,assegnazione,impegnato,,art. 2,"è autorizzato l’impegno in conto competenza per complessivi € 631.174.000,00 per gli esercizi finanziari dal 2022 al 2034... sul capitolo 7400, piano di gestione 7... a favore dei Comuni di Padova, Torino, Brescia e della Città metropolitana di Roma",DM MIMS n. 464 del 22 novembre 2021,alta,,Importo complessivo per competenza (2022-2034). I beneficiari sono indicati nell'allegato.
2022 DDG 128 del 02-05-22.pdf,qwen/qwen3.6-35b-a3b,off,non specificato nel testo (atto interno Div. 2),,Ministero delle infrastrutture e della mobilità sostenibili,,impegno,,False,,,0,singolo,7400,1,,26486678.33,26486678.33,"26.486.678,33",totale,assegnazione,impegnato,,art. 3,"è autorizzato l’impegno in conto competenza per complessivi € 26.486.678,33... sul capitolo 7400, piano di gestione 1... a favore del Comune di Brescia",DM MIMS n. 464 del 22 novembre 2021,alta,,Importo complessivo per competenza (2029-2034) per PG 1.
2022 DDG 128 del 02-05-22.pdf,qwen/qwen3.6-35b-a3b,off,non specificato nel testo (atto interno Div. 2),,Ministero delle infrastrutture e della mobilità sostenibili,,impegno,H94I19000130004,True,definitivo,,1,singolo,7400,7,,97154124.1,97154124.1,"97.154.124,10",totale,assegnazione,impegnato,Totale,"Allegato / [TABELLA pag.4 n.1], riga 1","Comune di Padova | H94I19000130004 | 7400/PG 7 | ... | 97.154.124,10",DM MIMS n. 464 del 22 novembre 2021,alta,,Totale per il beneficiario Comune di Padova. L'atto autorizza l'impegno complessivo (art. 1 e 2) ripartito nell'allegato.
2022 DDG 128 del 02-05-22.pdf,qwen/qwen3.6-35b-a3b,off,non specificato nel testo (atto interno Div. 2),,Ministero delle infrastrutture e della mobilità sostenibili,,impegno,J80J18000000001,True,definitivo,,1,singolo,7400,7,,159466174.12,159466174.12,"159.466.174,12",totale,assegnazione,impegnato,Totale,"Allegato / [TABELLA pag.4 n.1], riga 2","Roma Capitale | J80J18000000001 | 7400/PG 7 | ... | 159.466.174,12",DM MIMS n. 464 del 22 novembre 2021,alta,,Totale per il beneficiario Roma Capitale.
2022 DDG 128 del 02-05-22.pdf,qwen/qwen3.6-35b-a3b,off,non specificato nel testo (atto interno Div. 2),,Ministero delle infrastrutture e della mobilità sostenibili,,impegno,C11B21008720001,True,definitivo,,2,aggregato,7400,7,,44494493.04,22247246.52,"44.494.493,04",totale,assegnazione,impegnato,Totale,"Allegato / [TABELLA pag.4 n.1], riga 3","Comune di Torino | C11B21008720001 D81E20000410007 | 7400/PG 7 | ... | 44.494.493,04",DM MIMS n. 464 del 22 novembre 2021,alta,,Importo aggregato per due CUP associati allo stesso beneficiario e stesso piano gestionale.
2022 DDG 128 del 02-05-22.pdf,qwen/qwen3.6-35b-a3b,off,non specificato nel testo (atto interno Div. 2),,Ministero delle infrastrutture e della mobilità sostenibili,,impegno,D81E20000410007,True,definitivo,,2,aggregato,7400,7,,44494493.04,22247246.52,"44.494.493,04",totale,assegnazione,impegnato,Totale,"Allegato / [TABELLA pag.4 n.1], riga 3","Comune di Torino | C11B21008720001 D81E20000410007 | 7400/PG 7 | ... | 44.494.493,04",DM MIMS n. 464 del 22 novembre 2021,alta,,Importo aggregato per due CUP associati allo stesso beneficiario e stesso piano gestionale.
2022 DDG 128 del 02-05-22.pdf,qwen/qwen3.6-35b-a3b,off,non specificato nel testo (atto interno Div. 2),,Ministero delle infrastrutture e della mobilità sostenibili,,impegno,C81B21013200005,True,definitivo,,1,singolo,7400,7,,333059208.74,333059208.74,"333.059.208,74",totale,assegnazione,impegnato,Totale,"Allegato / [TABELLA pag.4 n.1], riga 4","Comune di Brescia | C81B21013200005 | 7400/PG 7 | ... | 333.059.208,74",DM MIMS n. 464 del 22 novembre 2021,alta,,Totale per il beneficiario Comune di Brescia (PG 7).
2022 DDG 128 del 02-05-22.pdf,qwen/qwen3.6-35b-a3b,off,non specificato nel testo (atto interno Div. 2),,Ministero delle infrastrutture e della mobilità sostenibili,,impegno,C81B21013200005,True,definitivo,,1,singolo,7400,1,,26486678.33,26486678.33,"26.486.678,33",totale,assegnazione,impegnato,Totale,"Allegato / [TABELLA pag.4 n.1], riga 5","Comune di Brescia | C81B21013200005 | 7400/PG 1 | ... | 26.486.678,33",DM MIMS n. 464 del 22 novembre 2021,alta,,Totale per il beneficiario Comune di Brescia (PG 1). Corrisponde all'importo di cui all'art. 3.
2022 DI Mims Mef 97 20.04.2022.pdf,qwen/qwen3.6-35b-a3b,off,464,2022-04-29,Ministero delle Infrastrutture e della Mobilità Sostenibili,Ministero dell'Economia e delle Finanze,assegnazione,B39J22001360001,True,definitivo,,1,singolo,7400,8,,398000000.0,398000000.0,"398.000.000,00",totale,assegnazione,assegnato,Finanziamento disponibile,"art. 1, comma 1, lett. a); Allegato 1 / [TABELLA pag.10 n.1], riga 2","SKYMETRO VAL BISAGNO GENOVA | B39J22001360001 | 398.000.000,00",,alta,,
2022 DI Mims Mef 97 20.04.2022.pdf,qwen/qwen3.6-35b-a3b,off,464,2022-04-29,Ministero delle Infrastrutture e della Mobilità Sostenibili,Ministero dell'Economia e delle Finanze,assegnazione,B31F20000030005,True,definitivo,,1,singolo,7400,8,,20860000.0,20860000.0,"20.860.000,00",totale,assegnazione,assegnato,Finanziamento disponibile,"art. 1, comma 1, lett. a); Allegato 1 / [TABELLA pag.10 n.1], riga 4","PROLUNGAMENTO METROPOLITANA DI GENOVA DA BRIN A CANEPARI... | B31F20000030005 | 20.860.000,00",,alta,,
2022 DI Mims Mef 97 20.04.2022.pdf,qwen/qwen3.6-35b-a3b,off,464,2022-04-29,Ministero delle Infrastrutture e della Mobilità Sostenibili,Ministero dell'Economia e delle Finanze,assegnazione,B44D20000040001,True,definitivo,,1,singolo,7400,8,,180000000.0,180000000.0,"180.000.000,00",totale,assegnazione,assegnato,Finanziamento disponibile,"art. 1, comma 1, lett. a); Allegato 1 / [TABELLA pag.10 n.1], riga 6","LINEA METROPOLITANA M1 PROLUNGAMENTO QUARTIERE BAGGIO... | B44D20000040001 | 180.000.000,00",,alta,,
2022 DI Mims Mef 97 20.04.2022.pdf,qwen/qwen3.6-35b-a3b,off,464,2022-04-29,Ministero delle Infrastrutture e della Mobilità Sostenibili,Ministero dell'Economia e delle Finanze,assegnazione,B91J21000040001,True,definitivo,,1,singolo,7400,8,,420000000.0,420000000.0,"420.000.000,00",totale,assegnazione,assegnato,Finanziamento disponibile,"art. 1, comma 1, lett. a); Allegato 1 / [TABELLA pag.10 n.1], riga 8","PROLUNGAMENTO LINEA METROPOLITANA M4 DA AEROPORTO LINATE A SEGRATE | B91J21000040001 | 420.000.000,00",,alta,,
2022 DI Mims Mef 97 20.04.2022.pdf,qwen/qwen3.6-35b-a3b,off,464,2022-04-29,Ministero delle Infrastrutture e della Mobilità Sostenibili,Ministero dell'Economia e delle Finanze,assegnazione,B41J21000050006,True,definitivo,,1,singolo,7400,8,,4500000.0,4500000.0,"4.500.000,00",totale,assegnazione,assegnato,Finanziamento disponibile,"art. 1, comma 1, lett. a); Allegato 1 / [TABELLA pag.10 n.1], riga 10","NUOVA LINEA METROPOLITANA M6 RAMO SUD (PFTE) | B41J21000050006 | 4.500.000,00",,alta,,
2022 DI Mims Mef 97 20.04.2022.pdf,qwen/qwen3.6-35b-a3b,off,464,2022-04-29,Ministero delle Infrastrutture e della Mobilità Sostenibili,Ministero dell'Economia e delle Finanze,assegnazione,B41C21000010001,True,definitivo,,1,singolo,7400,8,,5500000.0,5500000.0,"5.500.000,00",totale,assegnazione,assegnato,Finanziamento disponibile,"art. 1, comma 1, lett. a); Allegato 1 / [TABELLA pag.10 n.1], riga 12","PROLUNGAMENTO M3 SAN DONATO M. – ASTA PAULLESE (PFTE) | B41C21000010001 | 5.500.000,00",,alta,,
2022 DI Mims Mef 97 20.04.2022.pdf,qwen/qwen3.6-35b-a3b,off,464,2022-04-29,Ministero delle Infrastrutture e della Mobilità Sostenibili,Ministero dell'Economia e delle Finanze,assegnazione,F41B22000740009,True,definitivo,,1,singolo,7400,8,,631373163.0,631373163.0,"631.373.163,00",totale,assegnazione,assegnato,Finanziamento disponibile,"art. 1, comma 1, lett. a); Allegato 1 / [TABELLA pag.10 n.1], riga 14","NUOVO COLLEGAMENTO IN SEDE PROPRIA TRA LA STAZIONE AV DI AFRAGOLA... LOTTO 1°_STRALCIO I | F41B22000740009 (CUP MASTER) | 631.373.163,00",,alta,,
2022 DI Mims Mef 97 20.04.2022.pdf,qwen/qwen3.6-35b-a3b,off,464,2022-04-29,Ministero delle Infrastrutture e della Mobilità Sostenibili,Ministero dell'Economia e delle Finanze,assegnazione,F41B22000830009,True,definitivo,,1,singolo,7400,8,,163500824.0,163500824.0,"163.500.824,00",totale,assegnazione,assegnato,Finanziamento disponibile,"art. 1, comma 1, lett. a); Allegato 1 / [TABELLA pag.10 n.1], riga 16","NUOVO COLLEGAMENTO IN SEDE PROPRIA TRA LA STAZIONE AV DI AFRAGOLA... LOTTO 1°_STRALCIO II | F41B22000830009 | 163.500.824,00",,alta,,
2022 DI Mims Mef 97 20.04.2022.pdf,qwen/qwen3.6-35b-a3b,off,464,2022-04-29,Ministero delle Infrastrutture e della Mobilità Sostenibili,Ministero dell'Economia e delle Finanze,assegnazione,E51I04000010007,True,definitivo,,1,singolo,7400,8,,610000000.0,610000000.0,"610.000.000,00",totale,assegnazione,assegnato,Finanziamento disponibile,"art. 1, comma 1, lett. a); Allegato 1 / [TABELLA pag.10 n.1], riga 18","LINEA C DELLA METROPOLITANA DI ROMA - SUB-TRATTA FUNZIONALE... | E51I04000010007 | 610.000.000,00",,alta,,
2022 DI Mims Mef 97 20.04.2022.pdf,qwen/qwen3.6-35b-a3b,off,464,2022-04-29,Ministero delle Infrastrutture e della Mobilità Sostenibili,Ministero dell'Economia e delle Finanze,assegnazione,E51I04000010007,True,definitivo,,1,singolo,7400,8,,990000000.0,990000000.0,"990.000.000,00",totale,assegnazione,assegnato,Finanziamento disponibile,"art. 1, comma 1, lett. a); Allegato 1 / [TABELLA pag.10 n.1], riga 20","LINEA C DELLA METROPOLITANA DI ROMA - TRATTA T2 - LOTTO COSTRUTTIVO | E51I04000010007 | 990.000.000,00",,alta,,
2022 DI Mims Mef 97 20.04.2022.pdf,qwen/qwen3.6-35b-a3b,off,464,2022-04-29,Ministero delle Infrastrutture e della Mobilità Sostenibili,Ministero dell'Economia e delle Finanze,assegnazione,C71F20000020005,True,definitivo,,1,singolo,7400,8,,1000000000.0,1000000000.0,"1.000.000.000,00",totale,assegnazione,assegnato,Finanziamento disponibile,"art. 1, comma 1, lett. a); Allegato 1 / [TABELLA pag.10 n.1], riga 22","METROPOLITANA AUTOMATICA DI TORINO – LINEA 2 – TRATTA “POLITECNICO – REBAUDENGO” | C71F20000020005 | 1.000.000.000,00",,alta,,
2022 DI Mims Mef 97 20.04.2022.pdf,qwen/qwen3.6-35b-a3b,off,464,2022-04-29,Ministero delle Infrastrutture e della Mobilità Sostenibili,Ministero dell'Economia e delle Finanze,assegnazione,J81B21014060001,True,definitivo,,1,singolo,7400,1,,173183831.97,173183831.97,"173.183.831,97",totale,assegnazione,assegnato,Finanziamento disponibile,"art. 1, comma 1, lett. b); Allegato 2 / [TABELLA pag.12 n.1], riga 2","LINEA TRANVIARIA TERMINI - VATICANO - AURELIO | J81B21014060001 | 173.183.831,97",,alta,,
2022 DI Mims Mef 97 20.04.2022.pdf,qwen/qwen3.6-35b-a3b,off,464,2022-04-29,Ministero delle Infrastrutture e della Mobilità Sostenibili,Ministero dell'Economia e delle Finanze,assegnazione,J84E21005150001,True,definitivo,,1,singolo,7400,1,,11284217.84,11284217.84,"11.284.217,84",totale,assegnazione,assegnato,Finanziamento disponibile,"art. 1, comma 1, lett. b); Allegato 2 / [TABELLA pag.12 n.1], riga 4","DEPOSITO DI CENTOCELLE EST | J84E21005150001 | 11.284.217,84",,alta,,
2022 DI Mims Mef 97 20.04.2022.pdf,qwen/qwen3.6-35b-a3b,off,464,2022-04-29,Ministero delle Infrastrutture e della Mobilità Sostenibili,Ministero dell'Economia e delle Finanze,assegnazione,E31J19000030001,True,definitivo,,1,singolo,7400,1,,26500000.0,26500000.0,"26.500.000,00",totale,assegnazione,assegnato,Finanziamento disponibile,"art. 1, comma 1, lett. b); Allegato 2 / [TABELLA pag.12 n.1], riga 6","SISTEMA DI TRASPORTO RAPIDO DI MASSA PER IL COLLEGAMENTO... PIACENZA | E31J19000030001 | 26.500.000,00",,alta,,
2022 DI Mims Mef 97 20.04.2022.pdf,qwen/qwen3.6-35b-a3b,off,464,2022-04-29,Ministero delle Infrastrutture e della Mobilità Sostenibili,Ministero dell'Economia e delle Finanze,assegnazione,F44I19000530001,True,definitivo,,1,singolo,7400,1,,122200000.0,122200000.0,"122.200.000,00",totale,assegnazione,assegnato,Finanziamento disponibile,"art. 1, comma 1, lett. b); Allegato 2 / [TABELLA pag.12 n.1], riga 8","AMPLIAMENTO DEL DEPOSITO GALLARATESE DEI TRENI DELLA LINEA METROPOLITANA 1 | F44I19000530001 | 122.200.000,00",,alta,,
2023 DM MIT 342-2023.pdf,qwen/qwen3.6-35b-a3b,off,235,2024-01-15,Ministero delle infrastrutture e dei trasporti,,rettifica,H49J21005480003,True,definitivo,,1,singolo,7150,3,,44275.0,44275.0,"44.275,00",totale,assegnazione,assegnato,Finanziamento,"Allegato 1 / [TABELLA pag.4 n.1], riga 1","GENOVA CASELLA | INTERSCAMBIO CASELLA | 44.275,00 | H49J21005480003",,alta,,
2023 DM MIT 342-2023.pdf,qwen/qwen3.6-35b-a3b,off,235,2024-01-15,Ministero delle infrastrutture e dei trasporti,,rettifica,C75B23000000001,True,definitivo,,1,singolo,7150,3,,10543255.0,10543255.0,"10.543.255,00",totale,assegnazione,assegnato,Finanziamento,"Allegato 1 / [TABELLA pag.4 n.1], riga 10","Roma - Viterbo | RINNOVO, POTENZIAMENTO E MESSA IN SICUREZZA... | 10.543.255,00 | C75B23000000001",,alta,,
2023 DM MIT 342-2023.pdf,qwen/qwen3.6-35b-a3b,off,235,2024-01-15,Ministero delle infrastrutture e dei trasporti,,rettifica,C71G22000090001,True,definitivo,,1,singolo,7150,3,,7000000.0,7000000.0,"7.000.000,00",totale,assegnazione,assegnato,Finanziamento,"Allegato 1 / [TABELLA pag.4 n.1], riga 12","Roma - Viterbo | POTENZIAMENTO DEL SISTEMA DI ALIMENTAZIONE... | 7.000.000,00 | C71G22000090001",,alta,,
2023 DM MIT 342-2023.pdf,qwen/qwen3.6-35b-a3b,off,235,2024-01-15,Ministero delle infrastrutture e dei trasporti,,rettifica,E51B21002250001,True,definitivo,,1,singolo,7150,3,,20000000.0,20000000.0,"20.000.000,00",totale,assegnazione,assegnato,Finanziamento,"Allegato 1 / [TABELLA pag.4 n.1], riga 15","FERROVIA REGIONALE | INTERVENTI SULLA RETE PER STABILIZZAZIONE ORARIO... | 20.000.000,00 | E51B21002250001",,alta,,
2023 DM MIT 342-2023.pdf,qwen/qwen3.6-35b-a3b,off,235,2024-01-15,Ministero delle infrastrutture e dei trasporti,,rettifica,B41E04000210001,True,definitivo,,1,singolo,7150,3,,50000000.0,50000000.0,"50.000.000,00",totale,assegnazione,assegnato,Finanziamento,"Allegato 1 / [TABELLA pag.5 n.1], riga 1","LINEA 1 DELLA METROPOLITANA DI NAPOLI... | 50.000.000,00 | B41E04000210001",,alta,,
2023 DM MIT 342-2023.pdf,qwen/qwen3.6-35b-a3b,off,235,2024-01-15,Ministero delle infrastrutture e dei trasporti,,rettifica,F61B21003640009,True,definitivo,,1,singolo,7150,3,,30000000.0,30000000.0,"30.000.000,00",totale,assegnazione,assegnato,Finanziamento,"Allegato 1 / [TABELLA pag.5 n.1], riga 3","NUOVO TELECOMANDO LINEE FLEGREE... | 30.000.000,00 | F61B21003640009",,alta,,
2023 DM MIT 342-2023.pdf,qwen/qwen3.6-35b-a3b,off,235,2024-01-15,Ministero delle infrastrutture e dei trasporti,,rettifica,G31G22000250001,True,definitivo,,1,singolo,7150,3,,2800000.0,2800000.0,"2.800.000,00",totale,assegnazione,assegnato,Finanziamento,"Allegato 1 / [TABELLA pag.5 n.1], riga 4","RIFACIMENTO PENSILINA BARI CENTRALE | 2.800.000,00 | G31G22000250001",,alta,,
2023 DM MIT 342-2023.pdf,qwen/qwen3.6-35b-a3b,off,235,2024-01-15,Ministero delle infrastrutture e dei trasporti,,rettifica,D69D15002090001,True,definitivo,,2,aggregato,7150,3,,50000000.0,25000000.0,"50.000.000,00",totale,assegnazione,assegnato,Finanziamento,"Allegato 1 / [TABELLA pag.5 n.1], riga 5","COMPLETAMENTO ELETTRIFICAZIONE DORSALE SALENTO... | 50.000.000,00 | Lotto 4 - D69D15002090001 Lotto 3 - D49D15001920001",,alta,,Importo aggregato per due CUP (Lotto 4 e Lotto 3)
2023 DM MIT 342-2023.pdf,qwen/qwen3.6-35b-a3b,off,235,2024-01-15,Ministero delle infrastrutture e dei trasporti,,rettifica,D49D15001920001,True,definitivo,,2,aggregato,7150,3,,50000000.0,25000000.0,"50.000.000,00",totale,assegnazione,assegnato,Finanziamento,"Allegato 1 / [TABELLA pag.5 n.1], riga 5","COMPLETAMENTO ELETTRIFICAZIONE DORSALE SALENTO... | 50.000.000,00 | Lotto 4 - D69D15002090001 Lotto 3 - D49D15001920001",,alta,,Importo aggregato per due CUP (Lotto 4 e Lotto 3)
2023 DM MIT 342-2023.pdf,qwen/qwen3.6-35b-a3b,off,235,2024-01-15,Ministero delle infrastrutture e dei trasporti,,rettifica,G71B18000620005,True,definitivo,,1,singolo,7150,3,,2500000.0,2500000.0,"2.500.000,00",totale,assegnazione,assegnato,Finanziamento,"Allegato 1 / [TABELLA pag.5 n.1], riga 6","REALIZZAZIONE PARCHEGGIO DI INTERSCAMBIO NELLA STAZIONE DI ALTAMURA | 2.500.000,00 | G71B18000620005",,alta,,
2023 DM MIT 342-2023.pdf,qwen/qwen3.6-35b-a3b,off,235,2024-01-15,Ministero delle infrastrutture e dei trasporti,,rettifica,F81B21005610001,True,definitivo,,1,singolo,7150,3,,18000000.0,18000000.0,"18.000.000,00",totale,assegnazione,assegnato,Finanziamento,"Allegato 1 / [TABELLA pag.6 n.1], riga 1","VARIANTE DI TRACCCIATO, REALIZZAZIONE PUNTI DI INCROCIO... | 18.000.000,00 | F81B21005610001",,alta,,
2023 DM MIT 342-2023.pdf,qwen/qwen3.6-35b-a3b,off,235,2024-01-15,Ministero delle infrastrutture e dei trasporti,,rettifica,I61B21003020001,True,definitivo,,1,singolo,7150,3,,9900000.0,9900000.0,"9.900.000,00",totale,assegnazione,assegnato,Finanziamento,"Allegato 1 / [TABELLA pag.6 n.1], riga 2","LAVORI DI REALIZZAZIONE DELLA NUOVA STAZIONE FERROVIARIA DI CATANZARO CITTÀ | 9.900.000,00 | I61B21003020001",,alta,,
2023 DM MIT 342-2023.pdf,qwen/qwen3.6-35b-a3b,off,235,2024-01-15,Ministero delle infrastrutture e dei trasporti,,rettifica,I67H21003160001,True,definitivo,,1,singolo,7150,3,,2900000.0,2900000.0,"2.900.000,00",totale,assegnazione,assegnato,Finanziamento,"Allegato 1 / [TABELLA pag.6 n.1], riga 3","LAVORI DI MIGLIORAMENTO DELLA FRUIBILITÀ DELLA LINEA... | 2.900.000,00 | I67H21003160001",,alta,,
2023 DM MIT 342-2023.pdf,qwen/qwen3.6-35b-a3b,off,235,2024-01-15,Ministero delle infrastrutture e dei trasporti,,rettifica,B89J21020930005,True,definitivo,,1,singolo,7150,3,,1200000.0,1200000.0,"1.200.000,00",totale,assegnazione,assegnato,Finanziamento,"Allegato 1 / [TABELLA pag.6 n.1], riga 4","CREAZIONE POSTO INTERMEDIO LOCALITÀ GUASTACCONCIA... | 1.200.000,00 | B89J21020930005",,alta,,
2023 DM MIT 342-2023.pdf,qwen/qwen3.6-35b-a3b,off,235,2024-01-15,Ministero delle infrastrutture e dei trasporti,,rettifica,I57H21005640001,True,definitivo,,1,singolo,7150,4,,1512215.0,1512215.0,"1.512.215,00",totale,assegnazione,assegnato,Finanziamento,"Allegato 2 / [TABELLA pag.7 n.1], riga 1","INTERVENTI STRUTTURALI DI RISANAMENTO PONTE IN C.A. AL KM. 14+355 | 1.512.215,00 | I57H21005640001",,alta,,
2023 DM MIT 342-2023.pdf,qwen/qwen3.6-35b-a3b,off,235,2024-01-15,Ministero delle infrastrutture e dei trasporti,,rettifica,B19F22013250002,True,definitivo,,1,singolo,7150,4,,2400000.0,2400000.0,"2.400.000,00",totale,assegnazione,assegnato,Finanziamento,"Allegato 2 / [TABELLA pag.7 n.1], riga 2","ELIMINAZIONE DI DUE PASSAGGI A LIVELLO DI TIPO AUTOMATICO... | 2.400.000,00 | B19F22013250002",,alta,,
2023 DM MIT 342-2023.pdf,qwen/qwen3.6-35b-a3b,off,235,2024-01-15,Ministero delle infrastrutture e dei trasporti,,rettifica,C89F23000050001,True,definitivo,,1,singolo,7150,4,,600000.0,600000.0,"600.000,00",totale,assegnazione,assegnato,Finanziamento,"Allegato 2 / [TABELLA pag.7 n.1], riga 3","SOPPRESSIONE DI QUATTRO PASSAGGI A LIVELLO PRIVATI... | 600.000,00 | C89F23000050001",,alta,,
2023 DM MIT 342-2023.pdf,qwen/qwen3.6-35b-a3b,off,235,2024-01-15,Ministero delle infrastrutture e dei trasporti,,rettifica,C99F23000050001,True,definitivo,,1,singolo,7150,4,,5400000.0,5400000.0,"5.400.000,00",totale,assegnazione,assegnato,Finanziamento,"Allegato 2 / [TABELLA pag.8 n.1], riga 1","LINEA BOLOGNA- PORTOMAGGIORE , SOPPRESSIONE PL IN LOC. CA’ DELL'ORBO... | 5.400.000,00 | C99F23000050001",,alta,,
2023 DM MIT 342-2023.pdf,qwen/qwen3.6-35b-a3b,off,235,2024-01-15,Ministero delle infrastrutture e dei trasporti,,rettifica,C56G21008730001,True,definitivo,,1,singolo,7150,4,,3400000.0,3400000.0,"3.400.000,00",totale,assegnazione,assegnato,Finanziamento,"Allegato 2 / [TABELLA pag.8 n.1], riga 2","UPGRADE CON IMPIANTI MULTI‐ ACC | 3.400.000,00 | C56G21008730001",,alta,,
2023 DM MIT 342-2023.pdf,qwen/qwen3.6-35b-a3b,off,235,2024-01-15,Ministero delle infrastrutture e dei trasporti,,rettifica,F41B21005790009,True,definitivo,,1,singolo,7150,4,,30000000.0,30000000.0,30.000.000,totale,assegnazione,assegnato,Finanziamento,"Allegato 2 / [TABELLA pag.9 n.1], riga 1",SOPPRESSIONE PP.LL. RETE FERROVIARIA EAV | 30.000.000 | F41B21005790009,,alta,,
2023 DM MIT 342-2023.pdf,qwen/qwen3.6-35b-a3b,off,235,2024-01-15,Ministero delle infrastrutture e dei trasporti,,rettifica,G31G22000260001,True,definitivo,,1,singolo,7150,4,,7200000.0,7200000.0,7.200.000,totale,assegnazione,assegnato,Finanziamento,"Allegato 2 / [TABELLA pag.9 n.1], riga 2",RADDOPPIO TRA BARI SANT’ANDREA E MODUGNO | 7.200.000 | G31G22000260001,,alta,,
2023 DM MIT 342-2023.pdf,qwen/qwen3.6-35b-a3b,off,235,2024-01-15,Ministero delle infrastrutture e dei trasporti,,rettifica,G11B18000550005,True,definitivo,,1,singolo,7150,4,,3500000.0,3500000.0,"3.500.000,00",totale,assegnazione,assegnato,Finanziamento,"Allegato 2 / [TABELLA pag.10 n.1], riga 1","RIPRISTINO DELLA FUNZIONALITÀ DELL'OFFICINA FERROVIARIA A SERRA RIFUSA | 3.500.000,00 | G11B18000550005",,alta,,
2023 DM MIT 342-2023.pdf,qwen/qwen3.6-35b-a3b,off,235,2024-01-15,Ministero delle infrastrutture e dei trasporti,,rettifica,B81B21003770005,True,definitivo,,1,singolo,7150,4,,1750000.0,1750000.0,"1.750.000,00",totale,assegnazione,assegnato,Finanziamento,"Allegato 2 / [TABELLA pag.10 n.1], riga 2","TESATURA DEI CONDUTTORI IN RAME DELL’IMPIANTO TE... | 1.750.000,00 | B81B21003770005",,alta,,
2023 DM MIT 342-2023.pdf,qwen/qwen3.6-35b-a3b,off,235,2024-01-15,Ministero delle infrastrutture e dei trasporti,,rettifica,,False,,,0,singolo,7150,3,2032,125266.0,125266.0,125.266,quota,assegnazione,assegnato,,"art. 1, comma 1","per l’annualità 2032, assegna alla Regione Veneto risorse pari a 125.266 euro",,alta,,Correzione errore materiale: da 125.268 a 125.266
2023 DM MIT 342-2023.pdf,qwen/qwen3.6-35b-a3b,off,235,2024-01-15,Ministero delle infrastrutture e dei trasporti,,rettifica,,False,,,0,singolo,7150,3,2032,842682.0,842682.0,842.682,quota,assegnazione,assegnato,,"art. 1, comma 1","e alla Regione Emilia Romagna risorse pari a 842.682 euro, in luogo dei precedenti 842.680 euro",,alta,,Correzione errore materiale: da 842.680 a 842.682
2023 DM MIT 342-2023.pdf,qwen/qwen3.6-35b-a3b,off,235,2024-01-15,Ministero delle infrastrutture e dei trasporti,,rettifica,,False,,,0,singolo,7150,3,2033,217585.0,217585.0,217.585,quota,assegnazione,assegnato,,"art. 1, comma 1","per l’annualità 2033, alla Regione Veneto risorse pari a 217.585 euro, in luogo dei precedenti 117.585 euro",,alta,,Correzione errore materiale: da 117.585 a 217.585
2023 DM MIT 342-2023.pdf,qwen/qwen3.6-35b-a3b,off,235,2024-01-15,Ministero delle infrastrutture e dei trasporti,,rettifica,,False,,,0,singolo,7150,3,2033,690994.0,690994.0,690.994,quota,assegnazione,assegnato,,"art. 1, comma 1","e alla Regione Emilia Romagna risorse pari a 690.994 euro, in luogo dei precedenti 790.994 euro",,alta,,Correzione errore materiale: da 790.994 a 690.994
2025 DD MIT 141-2025.pdf,qwen/qwen3.6-35b-a3b,off,141,2025-04-18,Ministero delle infrastrutture e dei trasporti,,attuazione,E51I04000010007,True,definitivo,,1,singolo,7426,1,,145000000.0,145000000.0,"€ 145.000.000,00",totale,assegnazione,impegnato,,art. 2; premesse (VISTO d. dirigenziale n. 454 del 22 dicembre 2022),"per € 145.000.000,00 nelle risorse stanziate dall’articolo 3, comma 1, del decreto-legge 12 settembre 2014, n. 133... ed impegnate con decreto dirigenziale n. 454del 22 dicembre 2022 sul pertinente capitolo di bilancio n. 7426-piano di gestione 1",decreto dirigenziale n. 454 del 22 dicembre 2022,alta,,"Importo già impegnato con decreto precedente, confermato dalla convenzione."
2025 DD MIT 141-2025.pdf,qwen/qwen3.6-35b-a3b,off,141,2025-04-18,Ministero delle infrastrutture e dei trasporti,,attuazione,E51I04000010007,True,definitivo,,1,singolo,7400,1,,113733987.0,113733987.0,"€ 113.733.987,00",quota,assegnazione,impegnato,,art. 2; premesse (VISTO d. direttoriale n. 419 del 6 dicembre 2022),"sul capitolo di bilancio n. 7400 (piano gestionale1: € 113.733.987,00dal 2022 al 2035",decreto direttoriale n. 419 del 6 dicembre 2022,alta,,"Importo già impegnato con decreto precedente, confermato dalla convenzione."
2025 DD MIT 141-2025.pdf,qwen/qwen3.6-35b-a3b,off,141,2025-04-18,Ministero delle infrastrutture e dei trasporti,,attuazione,E51I04000010007,True,definitivo,,1,singolo,7400,8,,1486266013.0,1486266013.0,"€ 1.486.266.013,00",quota,assegnazione,impegnato,,art. 2; premesse (VISTO d. direttoriale n. 419 del 6 dicembre 2022),"piano gestionale 8:€ 1.486.266.013,00dal 2022 al 2036)",decreto direttoriale n. 419 del 6 dicembre 2022,alta,,"Importo già impegnato con decreto precedente, confermato dalla convenzione."
2025 DD MIT 141-2025.pdf,qwen/qwen3.6-35b-a3b,off,141,2025-04-18,Ministero delle infrastrutture e dei trasporti,,attuazione,E51I04000010007,True,definitivo,,1,singolo,7419,2,,2125000000.0,2125000000.0,"€ 2.125.000.000,00",totale,assegnazione,impegnato,,art. 3,"È autorizzato l’impegnodelle risorse... per la somma complessiva di € 2.125.000.000,00",,alta,,
2025 DD MIT 141-2025.pdf,qwen/qwen3.6-35b-a3b,off,141,2025-04-18,Ministero delle infrastrutture e dei trasporti,,attuazione,E51I04000010007,True,definitivo,,1,singolo,7419,2,2024,50000000.0,50000000.0,"€ 50.000.000,00",quota,assegnazione,impegnato,,"art. 3; [TABELLA pag.5 n.1], riga 1","2024 € 50.000.000,00",,alta,,
2025 DD MIT 141-2025.pdf,qwen/qwen3.6-35b-a3b,off,141,2025-04-18,Ministero delle infrastrutture e dei trasporti,,attuazione,E51I04000010007,True,definitivo,,1,singolo,7419,2,2025,25000000.0,25000000.0,"€ 25.000.000,00",quota,assegnazione,impegnato,,"art. 3; [TABELLA pag.5 n.1], riga 2","2025 € 25.000.000,00",,alta,,
2025 DD MIT 141-2025.pdf,qwen/qwen3.6-35b-a3b,off,141,2025-04-18,Ministero delle infrastrutture e dei trasporti,,attuazione,E51I04000010007,True,definitivo,,1,singolo,7419,2,2026,50000000.0,50000000.0,"€ 50.000.000,00",quota,assegnazione,impegnato,,"art. 3; [TABELLA pag.5 n.1], riga 3","2026 € 50.000.000,00",,alta,,
2025 DD MIT 141-2025.pdf,qwen/qwen3.6-35b-a3b,off,141,2025-04-18,Ministero delle infrastrutture e dei trasporti,,attuazione,E51I04000010007,True,definitivo,,1,singolo,7419,2,2027,350000000.0,350000000.0,"€ 350.000.000,00",quota,assegnazione,impegnato,,"art. 3; [TABELLA pag.5 n.1], riga 4","2027 € 350.000.000,00",,alta,,
2025 DD MIT 141-2025.pdf,qwen/qwen3.6-35b-a3b,off,141,2025-04-18,Ministero delle infrastrutture e dei trasporti,,attuazione,E51I04000010007,True,definitivo,,1,singolo,7419,2,2028,200000000.0,200000000.0,"€ 200.000.000,00",quota,assegnazione,impegnato,,"art. 3; [TABELLA pag.5 n.1], riga 5","2028 € 200.000.000,00",,alta,,
2025 DD MIT 141-2025.pdf,qwen/qwen3.6-35b-a3b,off,141,2025-04-18,Ministero delle infrastrutture e dei trasporti,,attuazione,E51I04000010007,True,definitivo,,1,singolo,7419,2,2029,150000000.0,150000000.0,"€ 150.000.000,00",quota,assegnazione,impegnato,,"art. 3; [TABELLA pag.5 n.1], riga 6","2029 € 150.000.000,00",,alta,,
2025 DD MIT 141-2025.pdf,qwen/qwen3.6-35b-a3b,off,141,2025-04-18,Ministero delle infrastrutture e dei trasporti,,attuazione,E51I04000010007,True,definitivo,,1,singolo,7419,2,2030,450000000.0,450000000.0,"€ 450.000.000,00",quota,assegnazione,impegnato,,"art. 3; [TABELLA pag.5 n.1], riga 7","2030 € 450.000.000,00",,alta,,
2025 DD MIT 141-2025.pdf,qwen/qwen3.6-35b-a3b,off,141,2025-04-18,Ministero delle infrastrutture e dei trasporti,,attuazione,E51I04000010007,True,definitivo,,1,singolo,7419,2,2031,450000000.0,450000000.0,"€ 450.000.000,00",quota,assegnazione,impegnato,,"art. 3; [TABELLA pag.5 n.1], riga 8","2031 € 450.000.000,00",,alta,,
2025 DD MIT 141-2025.pdf,qwen/qwen3.6-35b-a3b,off,141,2025-04-18,Ministero delle infrastrutture e dei trasporti,,attuazione,E51I04000010007,True,definitivo,,1,singolo,7419,2,2032,400000000.0,400000000.0,"€ 400.000.000,00",quota,assegnazione,impegnato,,"art. 3; [TABELLA pag.5 n.1], riga 9","2032 € 400.000.000,00",,alta,,
2025 DD MIT 141-2025.pdf,qwen/qwen3.6-35b-a3b,off,141,2025-04-18,Ministero delle infrastrutture e dei trasporti,,attuazione,E51I04000010007,True,definitivo,,1,singolo,7416,1,,75000000.0,75000000.0,"€ 75.000.000,00",totale,assegnazione,impegnato,,art. 4,"È autorizzato l’impegno delle risorse... per la somma complessiva di € 75.000.000,00",,alta,,
2025 DD MIT 141-2025.pdf,qwen/qwen3.6-35b-a3b,off,141,2025-04-18,Ministero delle infrastrutture e dei trasporti,,attuazione,E51I04000010007,True,definitivo,,1,singolo,7416,1,2027,50000000.0,50000000.0,"€ 50.000.000,00",quota,assegnazione,impegnato,,art. 4,"di cui 50.000.000,00 per l’esercizio finanziario 2027",,alta,,
2025 DD MIT 141-2025.pdf,qwen/qwen3.6-35b-a3b,off,141,2025-04-18,Ministero delle infrastrutture e dei trasporti,,attuazione,E51I04000010007,True,definitivo,,1,singolo,7416,1,2028,25000000.0,25000000.0,"€ 25.000.000,00",quota,assegnazione,impegnato,,art. 4,"e € 25.000.000,00 per l’esercizio finanziario 2028",,alta,,
2022 DD MIT 454-2022.pdf,z-ai/glm-4.7-flash,off,,,Ministero delle Infrastrutture e dei Trasporti,,impegno,E51I04000010007,True,definitivo,,1,singolo,7426,1,2021,14000000.0,14000000.0,"€ 14.000.000,00",totale,assegnazione,impegnato,,art. 1,"l'impegno di € 14.000.000,00 in conto residui di lettera F, esercizio di provenienza 2021",decreto MIMIT-MEF n. 498 del 14 novembre 2014,alta,,"impegno in conto residui, lettera F, esercizio di provenienza 2021"
2022 DD MIT 454-2022.pdf,z-ai/glm-4.7-flash,off,,,Ministero delle Infrastrutture e dei Trasporti,,impegno,E51I04000010007,True,definitivo,,1,singolo,7426,1,,131000000.0,131000000.0,"€ 131.000.000,00",totale,assegnazione,impegnato,,art. 2,"per l'importo complessivo di € 131.000.000,00 a favore di Roma Capitale",decreto MIMIT-MEF n. 498 del 14 novembre 2014,alta,,"importo complessivo pluriennale, ripartito per annualità"
2022 DD MIT 454-2022.pdf,z-ai/glm-4.7-flash,off,,,Ministero delle Infrastrutture e dei Trasporti,,impegno,E51I04000010007,True,definitivo,,1,singolo,7426,1,2022,35000000.0,35000000.0,"35.000.000,00 €",quota,assegnazione,impegnato,Importo,"art. 2; [TABELLA pag.3 n.1], riga 1","2022 | 35.000.000,00 €",decreto MIMIT-MEF n. 498 del 14 novembre 2014,alta,,
2022 DD MIT 454-2022.pdf,z-ai/glm-4.7-flash,off,,,Ministero delle Infrastrutture e dei Trasporti,,impegno,E51I04000010007,True,definitivo,,1,singolo,7426,1,2023,40000000.0,40000000.0,"40.000.000,00 €",quota,assegnazione,impegnato,Importo,"art. 2; [TABELLA pag.3 n.1], riga 2","2023 | 40.000.000,00 €",decreto MIMIT-MEF n. 498 del 14 novembre 2014,alta,,
2022 DD MIT 454-2022.pdf,z-ai/glm-4.7-flash,off,,,Ministero delle Infrastrutture e dei Trasporti,,impegno,E51I04000010007,True,definitivo,,1,singolo,7426,1,2024,33500000.0,33500000.0,"33.500.000,00 €",quota,assegnazione,impegnato,Importo,"art. 2; [TABELLA pag.3 n.1], riga 3","2024 | 33.500.000,00 €",decreto MIMIT-MEF n. 498 del 14 novembre 2014,alta,,
2022 DD MIT 454-2022.pdf,z-ai/glm-4.7-flash,off,,,Ministero delle Infrastrutture e dei Trasporti,,impegno,E51I04000010007,True,definitivo,,1,singolo,7426,1,2025,22500000.0,22500000.0,"22.500.000,00 €",quota,assegnazione,impegnato,Importo,"art. 2; [TABELLA pag.3 n.1], riga 4","2025 | 22.500.000,00 €",decreto MIMIT-MEF n. 498 del 14 novembre 2014,alta,,
2022 DI Mims Mef 97 20.04.2022.pdf,z-ai/glm-4.7-flash,off,,,Ministero delle Infrastrutture e della Mobilità Sostenibili,Ministero dell'Economia e delle Finanze,assegnazione,B39J22001360001,True,definitivo,,1,singolo,7400,8,,398000000.0,398000000.0,"398.000.000,00",totale,assegnazione,assegnato,FINANZIAMENTO AMMESSO,"art. 1, comma 1, lett. a); Allegato 1 / [TABELLA pag.10 n.1], riga 1","SKYMETRO VAL BISAGNO GENOVA | COMUNE DI GENOVA | B39J22001360001 | ... | 398.000.000,00 | --- | 398.000.000,00",,alta,,
2022 DI Mims Mef 97 20.04.2022.pdf,z-ai/glm-4.7-flash,off,,,Ministero delle Infrastrutture e della Mobilità Sostenibili,Ministero dell'Economia e delle Finanze,assegnazione,B31F20000030005,True,definitivo,,1,singolo,7400,8,,20860000.0,20860000.0,"20.860.000,00",totale,assegnazione,assegnato,FINANZIAMENTO AMMESSO,"art. 1, comma 1, lett. a); Allegato 1 / [TABELLA pag.10 n.1], riga 2","PROLUNGAMENTO METROPOLITANA DI GENOVA DA BRIN A CANEPARI ... B31F20000030005 ... 20.860.000,00",,alta,,
2022 DI Mims Mef 97 20.04.2022.pdf,z-ai/glm-4.7-flash,off,,,Ministero delle Infrastrutture e della Mobilità Sostenibili,Ministero dell'Economia e delle Finanze,assegnazione,B44D20000040001,True,definitivo,,1,singolo,7400,8,,180000000.0,180000000.0,"180.000.000,00",totale,assegnazione,assegnato,FINANZIAMENTO AMMESSO,"art. 1, comma 1, lett. a); Allegato 1 / [TABELLA pag.10 n.1], riga 3","LINEA METROPOLITANA M1 PROLUNGAMENTO QUARTIERE BAGGIO – OLMI - VALSESIA | B44D20000040001 | ... | 180.000.000,00",,alta,,"costo intervento 398.000.000,00; cofinanziamento disponibile 218.000.000,00; finanziamento ammesso 180.000.000,00"
2022 DI Mims Mef 97 20.04.2022.pdf,z-ai/glm-4.7-flash,off,,,Ministero delle Infrastrutture e della Mobilità Sostenibili,Ministero dell'Economia e delle Finanze,assegnazione,B91J21000040001,True,definitivo,,1,singolo,7400,8,,420000000.0,420000000.0,"420.000.000,00",totale,assegnazione,assegnato,FINANZIAMENTO AMMESSO,"art. 1, comma 1, lett. a); Allegato 1 / [TABELLA pag.10 n.1], riga 4","PROLUNGAMENTO LINEA METROPOLITANA M4 DA AEROPORTO LINATE A SEGRATE | B91J21000040001 | ... | 420.000.000,00",,alta,,
2022 DI Mims Mef 97 20.04.2022.pdf,z-ai/glm-4.7-flash,off,,,Ministero delle Infrastrutture e della Mobilità Sostenibili,Ministero dell'Economia e delle Finanze,assegnazione,B41J21000050006,True,definitivo,,1,singolo,7400,8,,4500000.0,4500000.0,"4.500.000,00",totale,assegnazione,assegnato,FINANZIAMENTO AMMESSO,"art. 1, comma 1, lett. a); Allegato 1 / [TABELLA pag.10 n.1], riga 5","NUOVA LINEA METROPOLITANA M6 RAMO SUD (PFTE) | B41J21000050006 | ... | 4.500.000,00",,alta,,
2022 DI Mims Mef 97 20.04.2022.pdf,z-ai/glm-4.7-flash,off,,,Ministero delle Infrastrutture e della Mobilità Sostenibili,Ministero dell'Economia e delle Finanze,assegnazione,B41C21000010001,True,definitivo,,1,singolo,7400,8,,5500000.0,5500000.0,"5.500.000,00",totale,assegnazione,assegnato,FINANZIAMENTO AMMESSO,"art. 1, comma 1, lett. a); Allegato 1 / [TABELLA pag.10 n.1], riga 6","PROLUNGAMENTO M3 SAN DONATO M. – ASTA PAULLESE (PFTE) | B41C21000010001 | ... | 5.500.000,00",,alta,,
2022 DI Mims Mef 97 20.04.2022.pdf,z-ai/glm-4.7-flash,off,,,Ministero delle Infrastrutture e della Mobilità Sostenibili,Ministero dell'Economia e delle Finanze,assegnazione,F41B22000740009,True,definitivo,F41B22000740009,1,singolo,7400,8,,631373163.0,631373163.0,"631.373.163,00",totale,assegnazione,assegnato,FINANZIAMENTO AMMESSO,"art. 1, comma 1, lett. a); Allegato 1 / [TABELLA pag.10 n.1], riga 7","NUOVO COLLEGAMENTO ... LOTTO 1°_STRALCIO I | F41B22000740009 (CUP MASTER) | ... | 631.373.163,00",,media,il CUP F41B22000740009 è indicato come CUP MASTER nella tabella; non compare un CUP distinto dell'intervento,il CUP indicato è dichiarato CUP MASTER; l'importo è attribuito a tale codice in assenza di altro CUP
2022 DI Mims Mef 97 20.04.2022.pdf,z-ai/glm-4.7-flash,off,,,Ministero delle Infrastrutture e della Mobilità Sostenibili,Ministero dell'Economia e delle Finanze,assegnazione,F41B22000830009,True,definitivo,,1,singolo,7400,8,,163500824.0,163500824.0,"163.500.824,00",totale,assegnazione,assegnato,FINANZIAMENTO AMMESSO,"art. 1, comma 1, lett. a); Allegato 1 / [TABELLA pag.10 n.1], riga 8","NUOVO COLLEGAMENTO ... LOTTO 1°_STRALCIO II | F41B22000830009 | ... | 163.500.824,00",,alta,,
2022 DI Mims Mef 97 20.04.2022.pdf,z-ai/glm-4.7-flash,off,,,Ministero delle Infrastrutture e della Mobilità Sostenibili,Ministero dell'Economia e delle Finanze,assegnazione,E51I04000010007,True,definitivo,,1,singolo,7400,8,,610000000.0,610000000.0,"610.000.000,00",totale,assegnazione,assegnato,FINANZIAMENTO AMMESSO,"art. 1, comma 1, lett. a); Allegato 1 / [TABELLA pag.10 n.1], riga 9","LINEA C ... SUB-TRATTA FUNZIONALE DA STAZIONE VENEZIA A STAZIONE FORI IMPERIALI | E51I04000010007 | ... | 610.000.000,00",,alta,,"costo intervento 755.000.000,00; cofinanziamento disponibile 145.000.000,00; finanziamento ammesso 610.000.000,00"
2022 DI Mims Mef 97 20.04.2022.pdf,z-ai/glm-4.7-flash,off,,,Ministero delle Infrastrutture e della Mobilità Sostenibili,Ministero dell'Economia e delle Finanze,assegnazione,E51I04000010007,True,definitivo,,1,singolo,7400,8,,990000000.0,990000000.0,"990.000.000,00",totale,assegnazione,assegnato,FINANZIAMENTO AMMESSO,"art. 1, comma 1, lett. a); Allegato 1 / [TABELLA pag.10 n.1], riga 10","LINEA C DELLA METROPOLITANA DI ROMA - TRATTA T2 - LOTTO COSTRUTTIVO | E51I04000010007 | ... | 990.000.000,00",,alta,,stesso CUP della riga precedente (sub-tratta Venezia-Fori Imperiali); due interventi distinti con importi separati
2022 DI Mims Mef 97 20.04.2022.pdf,z-ai/glm-4.7-flash,off,,,Ministero delle Infrastrutture e della Mobilità Sostenibili,Ministero dell'Economia e delle Finanze,assegnazione,C71F20000020005,True,definitivo,,1,singolo,7400,8,,1000000000.0,1000000000.0,"1.000.000.000,00",totale,assegnazione,assegnato,FINANZIAMENTO AMMESSO,"art. 1, comma 1, lett. a); Allegato 1 / [TABELLA pag.10 n.1], riga 11","METROPOLITANA AUTOMATICA DI TORINO – LINEA 2 – TRATTA ""POLITECNICO – REBAUDENGO"" | C71F20000020005 | ... | 1.000.000.000,00",,alta,,"costo intervento 1.800.000.000,00; cofinanziamento disponibile 800.000.000,00; finanziamento ammesso 1.000.000.000,00"
2022 DI Mims Mef 97 20.04.2022.pdf,z-ai/glm-4.7-flash,off,,,Ministero delle Infrastrutture e della Mobilità Sostenibili,Ministero dell'Economia e delle Finanze,assegnazione,J81B21014060001,True,definitivo,,1,singolo,7400,1,,173183831.97,173183831.97,"173.183.831,97",totale,assegnazione,assegnato,FINANZIAMENTO AMMESSO,"art. 1, comma 1, lett. b); Allegato 2 / [TABELLA pag.12 n.1], riga 1","LINEA TRANVIARIA TERMINI - VATICANO - AURELIO | J81B21014060001 | TRANVIA | 293.183.831,97 | 120.000.000,00 | 173.183.831,97",,alta,,"cofinanziamento disponibile 120.000.000,00 già riconosciuto con DM 16 novembre 2021, n. 448 (PNRR M2C2-4.2); finanziamento ammesso 173.183.831,97"
2022 DI Mims Mef 97 20.04.2022.pdf,z-ai/glm-4.7-flash,off,,,Ministero delle Infrastrutture e della Mobilità Sostenibili,Ministero dell'Economia e delle Finanze,assegnazione,J84E21005150001,True,definitivo,,1,singolo,7400,1,,11284217.84,11284217.84,"11.284.217,84",totale,assegnazione,assegnato,FINANZIAMENTO AMMESSO,"art. 1, comma 1, lett. b); Allegato 2 / [TABELLA pag.12 n.1], riga 2","DEPOSITO DI CENTOCELLE EST | J84E21005150001 | TRANVIA | 11.284.217,84 | --- | 11.284.217,84",,alta,,
2022 DI Mims Mef 97 20.04.2022.pdf,z-ai/glm-4.7-flash,off,,,Ministero delle Infrastrutture e della Mobilità Sostenibili,Ministero dell'Economia e delle Finanze,assegnazione,E31J19000030001,True,definitivo,,1,singolo,7400,1,,26500000.0,26500000.0,"26.500.000,00",totale,assegnazione,assegnato,FINANZIAMENTO AMMESSO,"art. 1, comma 1, lett. b); Allegato 2 / [TABELLA pag.12 n.1], riga 3","SISTEMA DI TRASPORTO RAPIDO DI MASSA ... POLO OSPEDALIERO | E31J19000030001 | BUSVIA | ... | 26.500.000,00",,alta,,
2022 DI Mims Mef 97 20.04.2022.pdf,z-ai/glm-4.7-flash,off,,,Ministero delle Infrastrutture e della Mobilità Sostenibili,Ministero dell'Economia e delle Finanze,assegnazione,F44I19000530001,True,definitivo,,1,singolo,7400,1,,122200000.0,122200000.0,"122.200.000,00",totale,assegnazione,assegnato,FINANZIAMENTO AMMESSO,"art. 1, comma 1, lett. b); Allegato 2 / [TABELLA pag.12 n.1], riga 4","AMPLIAMENTO DEL DEPOSITO GALLARATESE DEI TRENI DELLA LINEA METROPOLITANA 1 | F44I19000530001 | METRO | ... | 122.200.000,00",,alta,,
2022 DI Mims Mef 97 20.04.2022.pdf,z-ai/glm-4.7-flash,off,,,Ministero delle Infrastrutture e della Mobilità Sostenibili,Ministero dell'Economia e delle Finanze,assegnazione,C11J22000000001,True,definitivo,,1,singolo,,,,221721410.41,221721410.41,"221.721.410,41",totale,altro,ammissibile,FINANZIAMENTO AMMESSO,"art. 2, comma 1; Allegato 3 / [TABELLA pag.13 n.1], riga 1","PROLUNGAMENTO LINEA TRANVIARIA 12 ALL'ALLIANZ STADIUM ... | C11J22000000001 | TRANVIA | 221.721.410,41 | --- | 221.721.410,41",,alta,,"intervento ammissibile a finanziamento in graduatoria (Allegato 3), non finanziato con il presente decreto; finanziamento ammesso in caso di scorrimento graduatoria"
2022 DI Mims Mef 97 20.04.2022.pdf,z-ai/glm-4.7-flash,off,,,Ministero delle Infrastrutture e della Mobilità Sostenibili,Ministero dell'Economia e delle Finanze,assegnazione,F47C19000370001,True,definitivo,,4,aggregato,,,,20900000.02,5225000.005,"20.900.000,02",totale,altro,ammissibile,FINANZIAMENTO AMMESSO,"art. 2, comma 1; Allegato 3 / [TABELLA pag.13 n.1], riga 2","METROPOLITANA LINEA M3: INTERVENTI DI ADEGUAMENTO ANTINCENDIO ... | F47C19000370001 F47D17000140005 F47C19000380001 F47C19000390001 | ... | 20.900.000,02",,alta,,"importo unico riferito a quattro CUP; l'atto non ripartisce l'importo tra i CUP; cofinanziamento disponibile 4.100.000,00"
2022 DI Mims Mef 97 20.04.2022.pdf,z-ai/glm-4.7-flash,off,,,Ministero delle Infrastrutture e della Mobilità Sostenibili,Ministero dell'Economia e delle Finanze,assegnazione,F47D17000140005,True,definitivo,,4,aggregato,,,,20900000.02,5225000.005,"20.900.000,02",totale,altro,ammissibile,FINANZIAMENTO AMMESSO,"art. 2, comma 1; Allegato 3 / [TABELLA pag.13 n.1], riga 2","METROPOLITANA LINEA M3: INTERVENTI DI ADEGUAMENTO ANTINCENDIO ... | F47C19000370001 F47D17000140005 F47C19000380001 F47C19000390001 | ... | 20.900.000,02",,alta,,"importo unico riferito a quattro CUP; l'atto non ripartisce l'importo tra i CUP; cofinanziamento disponibile 4.100.000,00"
2022 DI Mims Mef 97 20.04.2022.pdf,z-ai/glm-4.7-flash,off,,,Ministero delle Infrastrutture e della Mobilità Sostenibili,Ministero dell'Economia e delle Finanze,assegnazione,F47C19000380001,True,definitivo,,4,aggregato,,,,20900000.02,5225000.005,"20.900.000,02",totale,altro,ammissibile,FINANZIAMENTO AMMESSO,"art. 2, comma 1; Allegato 3 / [TABELLA pag.13 n.1], riga 2","METROPOLITANA LINEA M3: INTERVENTI DI ADEGUAMENTO ANTINCENDIO ... | F47C19000370001 F47D17000140005 F47C19000380001 F47C19000390001 | ... | 20.900.000,02",,alta,,"importo unico riferito a quattro CUP; l'atto non ripartisce l'importo tra i CUP; cofinanziamento disponibile 4.100.000,00"
2022 DI Mims Mef 97 20.04.2022.pdf,z-ai/glm-4.7-flash,off,,,Ministero delle Infrastrutture e della Mobilità Sostenibili,Ministero dell'Economia e delle Finanze,assegnazione,F47C19000390001,True,definitivo,,4,aggregato,,,,20900000.02,5225000.005,"20.900.000,02",totale,altro,ammissibile,FINANZIAMENTO AMMESSO,"art. 2, comma 1; Allegato 3 / [TABELLA pag.13 n.1], riga 2","METROPOLITANA LINEA M3: INTERVENTI DI ADEGUAMENTO ANTINCENDIO ... | F47C19000370001 F47D17000140005 F47C19000380001 F47C19000390001 | ... | 20.900.000,02",,alta,,"importo unico riferito a quattro CUP; l'atto non ripartisce l'importo tra i CUP; cofinanziamento disponibile 4.100.000,00"
2022 DI Mims Mef 97 20.04.2022.pdf,z-ai/glm-4.7-flash,off,,,Ministero delle Infrastrutture e della Mobilità Sostenibili,Ministero dell'Economia e delle Finanze,assegnazione,F47C19000350001,True,definitivo,,2,aggregato,,,,45000000.07,22500000.035,"45.000.000,07",totale,altro,ammissibile,FINANZIAMENTO AMMESSO,"art. 2, comma 1; Allegato 3 / [TABELLA pag.13 n.1], riga 3","METROPOLITANA LINEE M1 + M2 - INTERVENTI DI ADEGUAMENTO ANTINCENDI ... | F47C19000350001 O F47C19000360001 | ... | 45.000.000,07",,media,"la tabella Allegato 3 riporta 'F47C19000350001 O F47C19000360001' (congiuntivo 'O'), mentre la versione spalmata nel testo elenca i due CUP su righe separate; l'importo è unico per l'intervento",importo unico riferito a due CUP; l'atto non ripartisce l'importo tra i CUP
2022 DI Mims Mef 97 20.04.2022.pdf,z-ai/glm-4.7-flash,off,,,Ministero delle Infrastrutture e della Mobilità Sostenibili,Ministero dell'Economia e delle Finanze,assegnazione,F47C19000360001,True,definitivo,,2,aggregato,,,,45000000.07,22500000.035,"45.000.000,07",totale,altro,ammissibile,FINANZIAMENTO AMMESSO,"art. 2, comma 1; Allegato 3 / [TABELLA pag.13 n.1], riga 3","METROPOLITANA LINEE M1 + M2 - INTERVENTI DI ADEGUAMENTO ANTINCENDI ... | F47C19000350001 O F47C19000360001 | ... | 45.000.000,07",,media,"la tabella Allegato 3 riporta 'F47C19000350001 O F47C19000360001' (congiuntivo 'O'), mentre la versione spalmata nel testo elenca i due CUP su righe separate; l'importo è unico per l'intervento",importo unico riferito a due CUP; l'atto non ripartisce l'importo tra i CUP
2022 DI Mims Mef 97 20.04.2022.pdf,z-ai/glm-4.7-flash,off,,,Ministero delle Infrastrutture e della Mobilità Sostenibili,Ministero dell'Economia e delle Finanze,assegnazione,B34J18000220001,True,definitivo,,2,aggregato,,,,74516124.63,37258062.315,"74.516.124,63",totale,altro,ammissibile,FINANZIAMENTO AMMESSO,"art. 2, comma 1; Allegato 3 / [TABELLA pag.13 n.1], riga 4","LINEA METROPOLITANA: PROLUNGAMENTO A RIVAROLO ... | B34J18000220001 B34J18000230001 | METRO | 74.516.124,63 | --- | 74.516.124,63",,alta,,importo unico riferito a due CUP; l'atto non ripartisce l'importo tra i CUP
2022 DI Mims Mef 97 20.04.2022.pdf,z-ai/glm-4.7-flash,off,,,Ministero delle Infrastrutture e della Mobilità Sostenibili,Ministero dell'Economia e delle Finanze,assegnazione,B34J18000230001,True,definitivo,,2,aggregato,,,,74516124.63,37258062.315,"74.516.124,63",totale,altro,ammissibile,FINANZIAMENTO AMMESSO,"art. 2, comma 1; Allegato 3 / [TABELLA pag.13 n.1], riga 4","LINEA METROPOLITANA: PROLUNGAMENTO A RIVAROLO ... | B34J18000220001 B34J18000230001 | METRO | 74.516.124,63 | --- | 74.516.124,63",,alta,,importo unico riferito a due CUP; l'atto non ripartisce l'importo tra i CUP
2023 DM MIT 342-2023.pdf,z-ai/glm-4.7-flash,off,,,Ministero delle Infrastrutture e dei Trasporti,,rettifica,H49J21005480003,True,definitivo,,1,singolo,7150,3,,47725.0,47725.0,"47.725,00",totale,assegnazione,ammesso,IMPORTO AMMASSO A FINANZIAMENTO CENTRO - NORD - POTENZIAMENTO,"Allegato 1 / [TABELLA pag.4 n.1], riga 5","INTERSCAMBIO SANT'OLCESE TULLO | 47.725,00 | 0,00 | 47.725,00 | H49J21005480003",,alta,,"Allegato 1 aggiornato e sostituito dall'atto corrente (art. 1, c. 3); importo ammasso a finanziamento pari all'importo richiesto (cofinanziamento 0,00)"
2023 DM MIT 342-2023.pdf,z-ai/glm-4.7-flash,off,,,Ministero delle Infrastrutture e dei Trasporti,,rettifica,C75B23000000001,True,definitivo,,1,singolo,7150,3,,10543255.0,10543255.0,"10.543.255,00",totale,assegnazione,ammesso,IMPORTO AMMASSO A FINANZIAMENTO CENTRO - NORD - POTENZIAMENTO,"Allegato 1 / [TABELLA pag.4 n.1], riga 10","10.543.255,00 | 0,00 | 10.543.255,00 | 10.543.255,00 | C75B23000000001",,alta,,
2023 DM MIT 342-2023.pdf,z-ai/glm-4.7-flash,off,,,Ministero delle Infrastrutture e dei Trasporti,,rettifica,C71G22000090001,True,definitivo,,1,singolo,7150,3,,7000000.0,7000000.0,"7.000.000,00",totale,assegnazione,ammesso,IMPORTO AMMASSO A FINANZIAMENTO CENTRO - NORD - POTENZIAMENTO,"Allegato 1 / [TABELLA pag.4 n.1], riga 11","7.000.000,00 | 0,00 | 7.000.000,00 | 7.000.000,00 | C71G22000090001",,alta,,
2023 DM MIT 342-2023.pdf,z-ai/glm-4.7-flash,off,,,Ministero delle Infrastrutture e dei Trasporti,,rettifica,E51B21002250001,True,definitivo,,1,singolo,7150,3,,20000000.0,20000000.0,"20.000.000,00",totale,assegnazione,ammesso,IMPORTO AMMASSO A FINANZIAMENTO CENTRO - NORD - POTENZIAMENTO,"Allegato 1 / [TABELLA pag.4 n.1], riga 12","20.000.000,00 | 0,00 | 20.000.000,00 | 20.000.000,00 | E51B21002250001",,alta,,
2023 DM MIT 342-2023.pdf,z-ai/glm-4.7-flash,off,,,Ministero delle Infrastrutture e dei Trasporti,,rettifica,B41E04000210001,True,definitivo,,1,singolo,7150,3,,50000000.0,50000000.0,"50.000.000,00",totale,assegnazione,ammesso,IMPORTO AMMASSO A FINANZIAMENTO SUD POTENZIAMENTO,"Allegato 1 / [TABELLA pag.5 n.1], riga 1","50.000.000,00 | 50.000.000,00 | 100.000.000,00 | 50.000.000,00 | B41E04000210001",,alta,,"importo richiesto 50.000.000,00 con cofinanziamento 50.000.000,00; ammasso a finanziamento 50.000.000,00"
2023 DM MIT 342-2023.pdf,z-ai/glm-4.7-flash,off,,,Ministero delle Infrastrutture e dei Trasporti,,rettifica,F61B21003640009,True,definitivo,,1,singolo,7150,3,,30000000.0,30000000.0,"30.000.000,00",totale,assegnazione,ammesso,IMPORTO AMMASSO A FINANZIAMENTO SUD POTENZIAMENTO,"Allegato 1 / [TABELLA pag.5 n.1], riga 2","30.000.000,00 | 0,00 | 30.000.000,00 | 30.000.000,00 | F61B21003640009",,alta,,
2023 DM MIT 342-2023.pdf,z-ai/glm-4.7-flash,off,,,Ministero delle Infrastrutture e dei Trasporti,,rettifica,G31G22000250001,True,definitivo,,1,singolo,7150,3,,2800000.0,2800000.0,"2.800.000,00",totale,assegnazione,ammesso,IMPORTO AMMASSO A FINANZIAMENTO SUD POTENZIAMENTO,"Allegato 1 / [TABELLA pag.5 n.1], riga 3","2.800.000,00 | 0,00 | 2.800.000,00 | 2.800.000,00 | G31G22000250001",,alta,,
2023 DM MIT 342-2023.pdf,z-ai/glm-4.7-flash,off,,,Ministero delle Infrastrutture e dei Trasporti,,rettifica,D69D15002090001,True,definitivo,,2,aggregato,7150,3,,50000000.0,25000000.0,"50.000.000,00",totale,assegnazione,ammesso,IMPORTO AMMASSO A FINANZIAMENTO SUD POTENZIAMENTO,"Allegato 1 / [TABELLA pag.5 n.1], riga 4","Lotto 4 - D69D15002090001 Lotto 3 - D49D15001920001 | 50.000.000,00 | 130.000.000,00 | 180.000.000,00 | 50.000.000,00",,alta,,importo unico per due lotti/CUP (Lotto 4 Maglie-Otranto e Lotto 3 Zollino-Gagliano); l'atto non ripartisce
2023 DM MIT 342-2023.pdf,z-ai/glm-4.7-flash,off,,,Ministero delle Infrastrutture e dei Trasporti,,rettifica,D49D15001920001,True,definitivo,,2,aggregato,7150,3,,50000000.0,25000000.0,"50.000.000,00",totale,assegnazione,ammesso,IMPORTO AMMASSO A FINANZIAMENTO SUD POTENZIAMENTO,"Allegato 1 / [TABELLA pag.5 n.1], riga 4","Lotto 4 - D69D15002090001 Lotto 3 - D49D15001920001 | 50.000.000,00 | 130.000.000,00 | 180.000.000,00 | 50.000.000,00",,alta,,importo unico per due lotti/CUP (Lotto 4 Maglie-Otranto e Lotto 3 Zollino-Gagliano); l'atto non ripartisce
2023 DM MIT 342-2023.pdf,z-ai/glm-4.7-flash,off,,,Ministero delle Infrastrutture e dei Trasporti,,rettifica,G71B18000620005,True,definitivo,,1,singolo,7150,3,,2500000.0,2500000.0,"2.500.000,00",totale,assegnazione,ammesso,IMPORTO AMMASSO A FINANZIAMENTO SUD POTENZIAMENTO,"Allegato 1 / [TABELLA pag.5 n.1], riga 5","2.500.000,00 | 0,00 | 2.500.000,00 | 2.500.000,00 | G71B18000620005",,alta,,
2023 DM MIT 342-2023.pdf,z-ai/glm-4.7-flash,off,,,Ministero delle Infrastrutture e dei Trasporti,,rettifica,F81B21005610001,True,definitivo,,1,singolo,7150,3,,18000000.0,18000000.0,"18.000.000,00",totale,assegnazione,ammesso,IMPORTO AMMASSO A FINANZIAMENTO SUD POTENZIAMENTO,"Allegato 1 / [TABELLA pag.6 n.1], riga 1","26.400.000,00 | 0,00 | 26.400.000,00 | 18.000.000,00 | F81B21005610001",,alta,,"importo richiesto 26.400.000,00; ammasso a finanziamento 18.000.000,00"
2023 DM MIT 342-2023.pdf,z-ai/glm-4.7-flash,off,,,Ministero delle Infrastrutture e dei Trasporti,,rettifica,I61B21003020001,True,definitivo,,1,singolo,7150,3,,9900000.0,9900000.0,"9.900.000,00",totale,assegnazione,ammesso,IMPORTO AMMASSO A FINANZIAMENTO SUD POTENZIAMENTO,"Allegato 1 / [TABELLA pag.6 n.1], riga 2","9.900.000,00 | 0,00 | 9.900.000,00 | 9.900.000,00 | I61B21003020001",,alta,,
2023 DM MIT 342-2023.pdf,z-ai/glm-4.7-flash,off,,,Ministero delle Infrastrutture e dei Trasporti,,rettifica,I67H21003160001,True,definitivo,,1,singolo,7150,3,,2900000.0,2900000.0,"2.900.000,00",totale,assegnazione,ammesso,IMPORTO AMMASSO A FINANZIAMENTO SUD POTENZIAMENTO,"Allegato 1 / [TABELLA pag.6 n.1], riga 3","2.900.000,00 | 0,00 | 2.900.000,00 | 2.900.000,00 | I67H21003160001",,alta,,
2023 DM MIT 342-2023.pdf,z-ai/glm-4.7-flash,off,,,Ministero delle Infrastrutture e dei Trasporti,,rettifica,B89J21020930005,True,definitivo,,1,singolo,7150,3,,1200000.0,1200000.0,"1.200.000,00",totale,assegnazione,ammesso,IMPORTO AMMASSO A FINANZIAMENTO SUD POTENZIAMENTO,"Allegato 1 / [TABELLA pag.6 n.1], riga 4","1.200.000,00 | 0,00 | 1.200.000,00 | 1.200.000,00 | B89J21020930005",,alta,,
2023 DM MIT 342-2023.pdf,z-ai/glm-4.7-flash,off,,,Ministero delle Infrastrutture e dei Trasporti,,rettifica,I57H21005640001,True,definitivo,,1,singolo,7150,4,,1512215.0,1512215.0,"1.512.215,00",totale,assegnazione,ammesso,TOTALE SICUREZZA INTERVENTO (€),"Allegato 2 / [TABELLA pag.7 n.1], riga 1","1.512.215,00 | 0,00 | 1.512.215,00 | 1.512.215,00 | I57H21005640001",,alta,,"importo corretto rispetto ai 1.412.215 euro erroneamente riportati nell'Allegato 3 del DM 364/2021 (art. 1, c. 1 e premesse)"
2023 DM MIT 342-2023.pdf,z-ai/glm-4.7-flash,off,,,Ministero delle Infrastrutture e dei Trasporti,,rettifica,B19F22013250002,True,definitivo,,1,singolo,7150,4,,2400000.0,2400000.0,"2.400.000,00",totale,assegnazione,ammesso,TOTALE SICUREZZA INTERVENTO (€),"Allegato 2 / [TABELLA pag.7 n.1], riga 2","2.400.000,00 | 0,00 | 2.400.000,00 | 2.400.000,00 | B19F22013250002",,alta,,
2023 DM MIT 342-2023.pdf,z-ai/glm-4.7-flash,off,,,Ministero delle Infrastrutture e dei Trasporti,,rettifica,C89F23000050001,True,definitivo,,1,singolo,7150,4,,600000.0,600000.0,"600.000,00",totale,assegnazione,ammesso,TOTALE SICUREZZA INTERVENTO (€),"Allegato 2 / [TABELLA pag.7 n.1], riga 3","600.000,00 | 0,00 | 600.000,00 | 600.000,00 | C89F23000050001",,alta,,
2023 DM MIT 342-2023.pdf,z-ai/glm-4.7-flash,off,,,Ministero delle Infrastrutture e dei Trasporti,,rettifica,C99F23000050001,True,definitivo,,1,singolo,7150,4,,5400000.0,5400000.0,"5.400.000,00",totale,assegnazione,ammesso,TOTALE SICUREZZA INTERVENTO (€),"Allegato 2 / [TABELLA pag.8 n.1], riga 1","5.400.000,00 | 1.600.000,00 | 7.000.000,00 | 5.400.000,00 | C99F23000050001",,alta,,"importo richiesto 5.400.000,00 con cofinanziamento 1.600.000,00; totale intervento 7.000.000,00"
2023 DM MIT 342-2023.pdf,z-ai/glm-4.7-flash,off,,,Ministero delle Infrastrutture e dei Trasporti,,rettifica,C56G21008730001,True,definitivo,,1,singolo,7150,4,,3400000.0,3400000.0,"3.400.000,00",totale,assegnazione,ammesso,TOTALE SICUREZZA INTERVENTO (€),"Allegato 2 / [TABELLA pag.8 n.1], riga 2","3.400.000,00 | 0,00 | 3.400.000,00 | 3.400.000,00 | C56G21008730001",,alta,,
2023 DM MIT 342-2023.pdf,z-ai/glm-4.7-flash,off,,,Ministero delle Infrastrutture e dei Trasporti,,rettifica,F41B21005790009,True,definitivo,,1,singolo,7150,4,,30000000.0,30000000.0,30.000.000,totale,assegnazione,ammesso,TOTALE SICUREZZA INTERVENTO (€),"Allegato 2 / [TABELLA pag.9 n.1], riga 1","30.000.000 | € 0,00 | 30.000.000 | 30.000.000 | F41B21005790009",,alta,,
2023 DM MIT 342-2023.pdf,z-ai/glm-4.7-flash,off,,,Ministero delle Infrastrutture e dei Trasporti,,rettifica,G31G22000260001,True,definitivo,,1,singolo,7150,4,,7200000.0,7200000.0,7.200.000,totale,assegnazione,ammesso,TOTALE SICUREZZA INTERVENTO (€),"Allegato 2 / [TABELLA pag.9 n.1], riga 2",7.200.000 | 0 | 7.200.000 | 7.200.000 | G31G22000260001,,alta,,
2023 DM MIT 342-2023.pdf,z-ai/glm-4.7-flash,off,,,Ministero delle Infrastrutture e dei Trasporti,,rettifica,G11B18000550005,True,definitivo,,1,singolo,7150,4,,3500000.0,3500000.0,"3.500.000,00",totale,assegnazione,ammesso,TOTALE SICUREZZA INTERVENTO (€),"Allegato 2 / [TABELLA pag.10 n.1], riga 1","3.500.000,00 | 0 | 3.500.000 | 3.500.000 | G11B18000550005",,alta,,
2023 DM MIT 342-2023.pdf,z-ai/glm-4.7-flash,off,,,Ministero delle Infrastrutture e dei Trasporti,,rettifica,B81B21003770005,True,definitivo,,1,singolo,7150,4,,1750000.0,1750000.0,"1.750.000,00",totale,assegnazione,ammesso,TOTALE SICUREZZA INTERVENTO (€),"Allegato 2 / [TABELLA pag.10 n.1], riga 2","1.750.000,00 | 0 | 1.750.000 | 1.750.000 | B81B21003770005",,alta,,
2023 DM MIT 342-2023.pdf,z-ai/glm-4.7-flash,off,,,Ministero delle Infrastrutture e dei Trasporti,,rettifica,,False,,,0,singolo,7150,3,,205099705.0,205099705.0,"205.099.705,00",totale,assegnazione,ammesso,TOTALE Programma di interventi ammessi a contributo per il potenziamento e l'ammodernamento delle ferrovie regionali,"Allegato 1 / [TABELLA pag.6 n.1], riga 5","TOTALE Programma di interventi ammessi a contributo per il potenziamento e l'ammodernamento delle ferrovie regionali (cap. 7150 p.g. 3) 205.099.705,00",,alta,,"totale complessivo del programma potenziamento (cap. 7150 p.g. 3), senza CUP associato"
2023 DM MIT 342-2023.pdf,z-ai/glm-4.7-flash,off,,,Ministero delle Infrastrutture e dei Trasporti,,rettifica,,False,,,0,singolo,7150,4,,55762215.0,55762215.0,55.762.215,totale,assegnazione,ammesso,TOTALE Programma di interventi ammessi a contributo per ulteriori interventi di messa in sicurezza delle ferrovie interconnesse e non interconnesse alla rete nazionale,"Allegato 2 / [TABELLA pag.10 n.1], riga 3",TOTALE Programma di interventi ammessi a contributo per ulteriori interventi di messa in sicurezza delle ferrovie interconnesse e non | 55.762.215,,alta,,"totale complessivo del programma sicurezza (cap. 7150 p.g. 4), senza CUP associato"
2023 DM MIT 342-2023.pdf,z-ai/glm-4.7-flash,off,,,Ministero delle Infrastrutture e dei Trasporti,,rettifica,,False,,,0,singolo,7150,4,2033,217585.0,217585.0,217.585,quota,assegnazione,ammesso,VENETO,"art. 1, c. 1; Allegato 3 / [TABELLA pag.11 n.1], riga 15","assegna, per l'annualità 2033, alla Regione Veneto risorse pari a 217.585 euro, in luogo dei precedenti 117.585 euro","decreto del Ministro delle infrastrutture e della mobilità sostenibili del 23 settembre 2021, n. 364",alta,,rettifica di errore materiale: valore risultante 217.585 euro in luogo dei precedenti 117.585 euro; quota annuale 2033 della regione Veneto sul programma potenziamento (cap. 7150 p.g. 3)
2023 DM MIT 342-2023.pdf,z-ai/glm-4.7-flash,off,,,Ministero delle Infrastrutture e dei Trasporti,,rettifica,,False,,,0,singolo,7150,4,2033,690994.0,690994.0,690.994,quota,assegnazione,ammesso,EMILIA ROMAGNA,"art. 1, c. 1; Allegato 3 / [TABELLA pag.11 n.1], riga 15","alla Regione Emilia Romagna risorse pari a 690.994 euro, in luogo dei precedenti 790.994 euro","decreto del Ministro delle infrastrutture e della mobilità sostenibili del 23 settembre 2021, n. 364",alta,,rettifica di errore materiale: valore risultante 690.994 euro in luogo dei precedenti 790.994 euro; quota annuale 2033 della regione Emilia Romagna sul programma potenziamento (cap. 7150 p.g. 3)
2023 DM MIT 342-2023.pdf,z-ai/glm-4.7-flash,off,,,Ministero delle Infrastrutture e dei Trasporti,,rettifica,,False,,,0,singolo,7150,4,2032,125266.0,125266.0,125.266,quota,assegnazione,ammesso,VENETO,"art. 1, c. 1; Allegato 3 / [TABELLA pag.11 n.1], riga 14","per l'annualità 2032, assegna alla Regione Veneto risorse pari a 125.266 euro, in luogo dei precedenti 125.268 euro","decreto del Ministro delle infrastrutture e della mobilità sostenibili del 23 settembre 2021, n. 364",alta,,rettifica di errore materiale: valore risultante 125.266 euro in luogo dei precedenti 125.268 euro; quota annuale 2032 della regione Veneto sul programma potenziamento (cap. 7150 p.g. 3)
2023 DM MIT 342-2023.pdf,z-ai/glm-4.7-flash,off,,,Ministero delle Infrastrutture e dei Trasporti,,rettifica,,False,,,0,singolo,7150,4,2032,842682.0,842682.0,842.682,quota,assegnazione,ammesso,EMILIA ROMAGNA,"art. 1, c. 1; Allegato 3 / [TABELLA pag.11 n.1], riga 14","alla Regione Emilia Romagna risorse pari a 842.682 euro, in luogo dei precedenti 842.680 euro","decreto del Ministro delle infrastrutture e della mobilità sostenibili del 23 settembre 2021, n. 364",alta,,rettifica di errore materiale: valore risultante 842.682 euro in luogo dei precedenti 842.680 euro; quota annuale 2032 della regione Emilia Romagna sul programma potenziamento (cap. 7150 p.g. 3)
2025 DD MIT 141-2025.pdf,z-ai/glm-4.7-flash,off,,2025-04-18,Ministero delle infrastrutture e dei trasporti,,attuazione,E51I04000010007,True,definitivo,,1,singolo,,,,3945000000.0,3945000000.0,"€ 3.945.000.000,00",totale,assegnazione,assegnato,,art. 2,"Il contributo oggetto della Convenzione di cui all'art. 1 è pari a complessivi € 3.945.000.000,00",,alta,,Contributo complessivo della Convenzione; copertura ripartita su tre fonti (art. 2).
2025 DD MIT 141-2025.pdf,z-ai/glm-4.7-flash,off,,2025-04-18,Ministero delle infrastrutture e dei trasporti,,attuazione,E51I04000010007,True,definitivo,,1,singolo,7426,1,,145000000.0,145000000.0,"€ 145.000.000,00",quota,assegnazione,impegnato,,"art. 2, primo trattino","per € 145.000.000,00 nelle risorse stanziate dall'articolo 3, comma 1, del decreto-legge 12 settembre 2014, n. 133",decreto dirigenziale n. 454 del 22 dicembre 2022,alta,,"Quota coperta da d.l. 133/2014, già impegnata con decreto dirigenziale n. 454/2022 sul cap. 7426 PG1."
2025 DD MIT 141-2025.pdf,z-ai/glm-4.7-flash,off,,2025-04-18,Ministero delle infrastrutture e dei trasporti,,attuazione,E51I04000010007,True,definitivo,,1,singolo,7400,,,1600000000.0,1600000000.0,"€ 1.600.000.000,00",quota,assegnazione,impegnato,,"art. 2, secondo trattino","per € 1.600.000.000,00 nelle risorse stanziate dall'articolo 1, comma 393, della legge 30 dicembre 2021, n. 234",decreto direttoriale n. 419 del 6 dicembre 2022,alta,,"Quota coperta da l. 234/2021, comma 393, già impegnata con decreto direttoriale n. 419/2022 sul cap. 7400 (PG1 + PG8)."
2025 DD MIT 141-2025.pdf,z-ai/glm-4.7-flash,off,,2025-04-18,Ministero delle infrastrutture e dei trasporti,,attuazione,E51I04000010007,True,definitivo,,1,singolo,7400,1,,113733987.0,113733987.0,"€ 113.733.987,00",quota,assegnazione,impegnato,,"art. 2, secondo trattino (ripartizione interna)","piano gestionale1: € 113.733.987,00dal 2022 al 2035",decreto direttoriale n. 419 del 6 dicembre 2022,alta,,"Ripartizione della quota da 1,6 mld: PG1, esercizi 2022-2035."
2025 DD MIT 141-2025.pdf,z-ai/glm-4.7-flash,off,,2025-04-18,Ministero delle infrastrutture e dei trasporti,,attuazione,E51I04000010007,True,definitivo,,1,singolo,7400,8,,1486266013.0,1486266013.0,"€ 1.486.266.013,00",quota,assegnazione,impegnato,,"art. 2, secondo trattino (ripartizione interna)","piano gestionale 8:€ 1.486.266.013,00dal 2022 al 2036",decreto direttoriale n. 419 del 6 dicembre 2022,alta,,"Ripartizione della quota da 1,6 mld: PG8, esercizi 2022-2036."
2025 DD MIT 141-2025.pdf,z-ai/glm-4.7-flash,off,,2025-04-18,Ministero delle infrastrutture e dei trasporti,,attuazione,E51I04000010007,True,definitivo,,1,singolo,7419,2,,2200000000.0,2200000000.0,"€ 2.200.000.000,00",quota,assegnazione,assegnato,,"art. 2, terzo trattino","per € 2.200.000.000,00 nelle risorsestanziate dall'articolo 1, comma 478, dalla legge 29 dicembre 2022, n.197, sul capitolo n. 7419-piano gestionale 2",,alta,,"Quota coperta da l. 197/2022, comma 478, cap. 7419 PG2, esercizi 2023-2032."
2025 DD MIT 141-2025.pdf,z-ai/glm-4.7-flash,off,,2025-04-18,Ministero delle infrastrutture e dei trasporti,,attuazione,E51I04000010007,True,definitivo,,1,singolo,7419,2,,2125000000.0,2125000000.0,"€ 2.125.000.000,00",totale,assegnazione,impegnato,,art. 3,"È autorizzato l'impegnodelle risorse ... per la somma complessiva di € 2.125.000.000,00",,alta,,"Impegno su l. 197/2022 comma 478: € 50.000.000,00 in conto residui (2024) e € 2.075.000.000,00 per esercizi 2025-2032."
2025 DD MIT 141-2025.pdf,z-ai/glm-4.7-flash,off,,2025-04-18,Ministero delle infrastrutture e dei trasporti,,attuazione,E51I04000010007,True,definitivo,,1,singolo,7419,2,2024,50000000.0,50000000.0,"€ 50.000.000,00",quota,assegnazione,impegnato,,"art. 3; [TABELLA pag.5 n.1], riga 1","2024 | € 50.000.000,00",,alta,,"Quota annuale in conto residui, esercizio di provenienza 2024."
2025 DD MIT 141-2025.pdf,z-ai/glm-4.7-flash,off,,2025-04-18,Ministero delle infrastrutture e dei trasporti,,attuazione,E51I04000010007,True,definitivo,,1,singolo,7419,2,2025,25000000.0,25000000.0,"€ 25.000.000,00",quota,assegnazione,impegnato,,"art. 3; [TABELLA pag.5 n.1], riga 2","2025 | € 25.000.000,00",,alta,,
2025 DD MIT 141-2025.pdf,z-ai/glm-4.7-flash,off,,2025-04-18,Ministero delle infrastrutture e dei trasporti,,attuazione,E51I04000010007,True,definitivo,,1,singolo,7419,2,2026,50000000.0,50000000.0,"€ 50.000.000,00",quota,assegnazione,impegnato,,"art. 3; [TABELLA pag.5 n.1], riga 3","2026 | € 50.000.000,00",,alta,,
2025 DD MIT 141-2025.pdf,z-ai/glm-4.7-flash,off,,2025-04-18,Ministero delle infrastrutture e dei trasporti,,attuazione,E51I04000010007,True,definitivo,,1,singolo,7419,2,2027,350000000.0,350000000.0,"€ 350.000.000,00",quota,assegnazione,impegnato,,"art. 3; [TABELLA pag.5 n.1], riga 4","2027 | € 350.000.000,00",,alta,,
2025 DD MIT 141-2025.pdf,z-ai/glm-4.7-flash,off,,2025-04-18,Ministero delle infrastrutture e dei trasporti,,attuazione,E51I04000010007,True,definitivo,,1,singolo,7419,2,2028,200000000.0,200000000.0,"€ 200.000.000,00",quota,assegnazione,impegnato,,"art. 3; [TABELLA pag.5 n.1], riga 5","2028 | € 200.000.000,00",,alta,,
2025 DD MIT 141-2025.pdf,z-ai/glm-4.7-flash,off,,2025-04-18,Ministero delle infrastrutture e dei trasporti,,attuazione,E51I04000010007,True,definitivo,,1,singolo,7419,2,2029,150000000.0,150000000.0,"€ 150.000.000,00",quota,assegnazione,impegnato,,"art. 3; [TABELLA pag.5 n.1], riga 6","2029 | € 150.000.000,00",,alta,,
2025 DD MIT 141-2025.pdf,z-ai/glm-4.7-flash,off,,2025-04-18,Ministero delle infrastrutture e dei trasporti,,attuazione,E51I04000010007,True,definitivo,,1,singolo,7419,2,2030,450000000.0,450000000.0,"€ 450.000.000,00",quota,assegnazione,impegnato,,"art. 3; [TABELLA pag.5 n.1], riga 7","2030 | € 450.000.000,00",,alta,,
2025 DD MIT 141-2025.pdf,z-ai/glm-4.7-flash,off,,2025-04-18,Ministero delle infrastrutture e dei trasporti,,attuazione,E51I04000010007,True,definitivo,,1,singolo,7419,2,2031,450000000.0,450000000.0,"€ 450.000.000,00",quota,assegnazione,impegnato,,"art. 3; [TABELLA pag.5 n.1], riga 8","2031 | € 450.000.000,00",,alta,,
2025 DD MIT 141-2025.pdf,z-ai/glm-4.7-flash,off,,2025-04-18,Ministero delle infrastrutture e dei trasporti,,attuazione,E51I04000010007,True,definitivo,,1,singolo,7419,2,2032,400000000.0,400000000.0,"€ 400.000.000,00",quota,assegnazione,impegnato,,"art. 3; [TABELLA pag.5 n.1], riga 9","2032 | € 400.000.000,00",,alta,,
2025 DD MIT 141-2025.pdf,z-ai/glm-4.7-flash,off,,2025-04-18,Ministero delle infrastrutture e dei trasporti,,attuazione,E51I04000010007,True,definitivo,,1,singolo,7416,1,,75000000.0,75000000.0,"€ 75.000.000,00",totale,assegnazione,impegnato,,art. 4,"sul capitolo 7416 piano gestonale 1 ... per la somma complessiva di € 75.000.000,00",,alta,,"Impegno su l. 197/2022 comma 478: € 50.000.000,00 per il 2027 e € 25.000.000,00 per il 2028."
2025 DD MIT 141-2025.pdf,z-ai/glm-4.7-flash,off,,2025-04-18,Ministero delle infrastrutture e dei trasporti,,attuazione,E51I04000010007,True,definitivo,,1,singolo,7416,1,2027,50000000.0,50000000.0,"50.000.000,00",quota,assegnazione,impegnato,,art. 4,"di cui 50.000.000,00 per l'esercizio finanziario 2027",,alta,,
2025 DD MIT 141-2025.pdf,z-ai/glm-4.7-flash,off,,2025-04-18,Ministero delle infrastrutture e dei trasporti,,attuazione,E51I04000010007,True,definitivo,,1,singolo,7416,1,2028,25000000.0,25000000.0,"€ 25.000.000,00",quota,assegnazione,impegnato,,art. 4,"€ 25.000.000,00 per l'esercizio finanziario 2028",,alta,,
